{
"type": "FeatureCollection",
"name": "LOS_data_oefening1_english",
"crs": { "type": "name", "properties": { "name": "urn:ogc:def:crs:EPSG::28992" } },
"features": [
{ "type": "Feature", "properties": { "sensor": "GASA-01-A1, GASA-01-A2, GASA-01-B en GASA-01-C", "time": "2025-08-20T08:09:00+02:00", "count_line": 20, "location": "IJBoulevard", "count_area": 74.0, "countline_length": 20 }, "geometry": { "type": "Polygon", "coordinates": [ [ [ 121836.295989167396328, 488195.689035499177407 ], [ 121857.685674072490656, 488180.149520824546926 ], [ 121832.273997133961529, 488133.896612440003082 ], [ 121807.776409293946926, 488147.242313278256916 ], [ 121836.478806987099233, 488192.763950383930933 ], [ 121836.295989167396328, 488195.689035499177407 ] ] ] } },
{ "type": "Feature", "properties": { "sensor": "GASA-01-A1, GASA-01-A2, GASA-01-B en GASA-01-C", "time": "2025-08-20T08:10:00+02:00", "count_line": 14, "location": "IJBoulevard", "count_area": 42.0, "countline_length": 20 }, "geometry": { "type": "Polygon", "coordinates": [ [ [ 121836.295989167396328, 488195.689035499177407 ], [ 121857.685674072490656, 488180.149520824546926 ], [ 121832.273997133961529, 488133.896612440003082 ], [ 121807.776409293946926, 488147.242313278256916 ], [ 121836.478806987099233, 488192.763950383930933 ], [ 121836.295989167396328, 488195.689035499177407 ] ] ] } },
{ "type": "Feature", "properties": { "sensor": "GASA-01-A1, GASA-01-A2, GASA-01-B en GASA-01-C", "time": "2025-08-20T08:11:00+02:00", "count_line": 4, "location": "IJBoulevard", "count_area": 15.0, "countline_length": 20 }, "geometry": { "type": "Polygon", "coordinates": [ [ [ 121836.295989167396328, 488195.689035499177407 ], [ 121857.685674072490656, 488180.149520824546926 ], [ 121832.273997133961529, 488133.896612440003082 ], [ 121807.776409293946926, 488147.242313278256916 ], [ 121836.478806987099233, 488192.763950383930933 ], [ 121836.295989167396328, 488195.689035499177407 ] ] ] } },
{ "type": "Feature", "properties": { "sensor": "GASA-01-A1, GASA-01-A2, GASA-01-B en GASA-01-C", "time": "2025-08-20T08:12:00+02:00", "count_line": 16, "location": "IJBoulevard", "count_area": 61.0, "countline_length": 20 }, "geometry": { "type": "Polygon", "coordinates": [ [ [ 121836.295989167396328, 488195.689035499177407 ], [ 121857.685674072490656, 488180.149520824546926 ], [ 121832.273997133961529, 488133.896612440003082 ], [ 121807.776409293946926, 488147.242313278256916 ], [ 121836.478806987099233, 488192.763950383930933 ], [ 121836.295989167396328, 488195.689035499177407 ] ] ] } },
{ "type": "Feature", "properties": { "sensor": "GASA-01-A1, GASA-01-A2, GASA-01-B en GASA-01-C", "time": "2025-08-20T08:13:00+02:00", "count_line": 14, "location": "IJBoulevard", "count_area": 43.0, "countline_length": 20 }, "geometry": { "type": "Polygon", "coordinates": [ [ [ 121836.295989167396328, 488195.689035499177407 ], [ 121857.685674072490656, 488180.149520824546926 ], [ 121832.273997133961529, 488133.896612440003082 ], [ 121807.776409293946926, 488147.242313278256916 ], [ 121836.478806987099233, 488192.763950383930933 ], [ 121836.295989167396328, 488195.689035499177407 ] ] ] } },
{ "type": "Feature", "properties": { "sensor": "GASA-01-A1, GASA-01-A2, GASA-01-B en GASA-01-C", "time": "2025-08-20T08:14:00+02:00", "count_line": 28, "location": "IJBoulevard", "count_area": 102.0, "countline_length": 20 }, "geometry": { "type": "Polygon", "coordinates": [ [ [ 121836.295989167396328, 488195.689035499177407 ], [ 121857.685674072490656, 488180.149520824546926 ], [ 121832.273997133961529, 488133.896612440003082 ], [ 121807.776409293946926, 488147.242313278256916 ], [ 121836.478806987099233, 488192.763950383930933 ], [ 121836.295989167396328, 488195.689035499177407 ] ] ] } },
{ "type": "Feature", "properties": { "sensor": "GASA-01-A1, GASA-01-A2, GASA-01-B en GASA-01-C", "time": "2025-08-20T08:15:00+02:00", "count_line": 24, "location": "IJBoulevard", "count_area": 94.0, "countline_length": 20 }, "geometry": { "type": "Polygon", "coordinates": [ [ [ 121836.295989167396328, 488195.689035499177407 ], [ 121857.685674072490656, 488180.149520824546926 ], [ 121832.273997133961529, 488133.896612440003082 ], [ 121807.776409293946926, 488147.242313278256916 ], [ 121836.478806987099233, 488192.763950383930933 ], [ 121836.295989167396328, 488195.689035499177407 ] ] ] } },
{ "type": "Feature", "properties": { "sensor": "GASA-01-A1, GASA-01-A2, GASA-01-B en GASA-01-C", "time": "2025-08-20T08:16:00+02:00", "count_line": 4, "location": "IJBoulevard", "count_area": 12.0, "countline_length": 20 }, "geometry": { "type": "Polygon", "coordinates": [ [ [ 121836.295989167396328, 488195.689035499177407 ], [ 121857.685674072490656, 488180.149520824546926 ], [ 121832.273997133961529, 488133.896612440003082 ], [ 121807.776409293946926, 488147.242313278256916 ], [ 121836.478806987099233, 488192.763950383930933 ], [ 121836.295989167396328, 488195.689035499177407 ] ] ] } },
{ "type": "Feature", "properties": { "sensor": "GASA-01-A1, GASA-01-A2, GASA-01-B en GASA-01-C", "time": "2025-08-20T08:17:00+02:00", "count_line": 5, "location": "IJBoulevard", "count_area": 19.0, "countline_length": 20 }, "geometry": { "type": "Polygon", "coordinates": [ [ [ 121836.295989167396328, 488195.689035499177407 ], [ 121857.685674072490656, 488180.149520824546926 ], [ 121832.273997133961529, 488133.896612440003082 ], [ 121807.776409293946926, 488147.242313278256916 ], [ 121836.478806987099233, 488192.763950383930933 ], [ 121836.295989167396328, 488195.689035499177407 ] ] ] } },
{ "type": "Feature", "properties": { "sensor": "GASA-01-A1, GASA-01-A2, GASA-01-B en GASA-01-C", "time": "2025-08-20T08:18:00+02:00", "count_line": 10, "location": "IJBoulevard", "count_area": 39.0, "countline_length": 20 }, "geometry": { "type": "Polygon", "coordinates": [ [ [ 121836.295989167396328, 488195.689035499177407 ], [ 121857.685674072490656, 488180.149520824546926 ], [ 121832.273997133961529, 488133.896612440003082 ], [ 121807.776409293946926, 488147.242313278256916 ], [ 121836.478806987099233, 488192.763950383930933 ], [ 121836.295989167396328, 488195.689035499177407 ] ] ] } },
{ "type": "Feature", "properties": { "sensor": "GASA-01-A1, GASA-01-A2, GASA-01-B en GASA-01-C", "time": "2025-08-20T08:19:00+02:00", "count_line": 13, "location": "IJBoulevard", "count_area": 51.0, "countline_length": 20 }, "geometry": { "type": "Polygon", "coordinates": [ [ [ 121836.295989167396328, 488195.689035499177407 ], [ 121857.685674072490656, 488180.149520824546926 ], [ 121832.273997133961529, 488133.896612440003082 ], [ 121807.776409293946926, 488147.242313278256916 ], [ 121836.478806987099233, 488192.763950383930933 ], [ 121836.295989167396328, 488195.689035499177407 ] ] ] } },
{ "type": "Feature", "properties": { "sensor": "GASA-01-A1, GASA-01-A2, GASA-01-B en GASA-01-C", "time": "2025-08-20T08:20:00+02:00", "count_line": 42, "location": "IJBoulevard", "count_area": 160.0, "countline_length": 20 }, "geometry": { "type": "Polygon", "coordinates": [ [ [ 121836.295989167396328, 488195.689035499177407 ], [ 121857.685674072490656, 488180.149520824546926 ], [ 121832.273997133961529, 488133.896612440003082 ], [ 121807.776409293946926, 488147.242313278256916 ], [ 121836.478806987099233, 488192.763950383930933 ], [ 121836.295989167396328, 488195.689035499177407 ] ] ] } },
{ "type": "Feature", "properties": { "sensor": "GASA-01-A1, GASA-01-A2, GASA-01-B en GASA-01-C", "time": "2025-08-20T08:21:00+02:00", "count_line": 25, "location": "IJBoulevard", "count_area": 75.0, "countline_length": 20 }, "geometry": { "type": "Polygon", "coordinates": [ [ [ 121836.295989167396328, 488195.689035499177407 ], [ 121857.685674072490656, 488180.149520824546926 ], [ 121832.273997133961529, 488133.896612440003082 ], [ 121807.776409293946926, 488147.242313278256916 ], [ 121836.478806987099233, 488192.763950383930933 ], [ 121836.295989167396328, 488195.689035499177407 ] ] ] } },
{ "type": "Feature", "properties": { "sensor": "GASA-01-A1, GASA-01-A2, GASA-01-B en GASA-01-C", "time": "2025-08-20T08:22:00+02:00", "count_line": 8, "location": "IJBoulevard", "count_area": 24.0, "countline_length": 20 }, "geometry": { "type": "Polygon", "coordinates": [ [ [ 121836.295989167396328, 488195.689035499177407 ], [ 121857.685674072490656, 488180.149520824546926 ], [ 121832.273997133961529, 488133.896612440003082 ], [ 121807.776409293946926, 488147.242313278256916 ], [ 121836.478806987099233, 488192.763950383930933 ], [ 121836.295989167396328, 488195.689035499177407 ] ] ] } },
{ "type": "Feature", "properties": { "sensor": "GASA-01-A1, GASA-01-A2, GASA-01-B en GASA-01-C", "time": "2025-08-20T08:23:00+02:00", "count_line": 8, "location": "IJBoulevard", "count_area": 30.0, "countline_length": 20 }, "geometry": { "type": "Polygon", "coordinates": [ [ [ 121836.295989167396328, 488195.689035499177407 ], [ 121857.685674072490656, 488180.149520824546926 ], [ 121832.273997133961529, 488133.896612440003082 ], [ 121807.776409293946926, 488147.242313278256916 ], [ 121836.478806987099233, 488192.763950383930933 ], [ 121836.295989167396328, 488195.689035499177407 ] ] ] } },
{ "type": "Feature", "properties": { "sensor": "GASA-01-A1, GASA-01-A2, GASA-01-B en GASA-01-C", "time": "2025-08-20T08:24:00+02:00", "count_line": 27, "location": "IJBoulevard", "count_area": 96.0, "countline_length": 20 }, "geometry": { "type": "Polygon", "coordinates": [ [ [ 121836.295989167396328, 488195.689035499177407 ], [ 121857.685674072490656, 488180.149520824546926 ], [ 121832.273997133961529, 488133.896612440003082 ], [ 121807.776409293946926, 488147.242313278256916 ], [ 121836.478806987099233, 488192.763950383930933 ], [ 121836.295989167396328, 488195.689035499177407 ] ] ] } },
{ "type": "Feature", "properties": { "sensor": "GASA-01-A1, GASA-01-A2, GASA-01-B en GASA-01-C", "time": "2025-08-20T08:25:00+02:00", "count_line": 34, "location": "IJBoulevard", "count_area": 110.0, "countline_length": 20 }, "geometry": { "type": "Polygon", "coordinates": [ [ [ 121836.295989167396328, 488195.689035499177407 ], [ 121857.685674072490656, 488180.149520824546926 ], [ 121832.273997133961529, 488133.896612440003082 ], [ 121807.776409293946926, 488147.242313278256916 ], [ 121836.478806987099233, 488192.763950383930933 ], [ 121836.295989167396328, 488195.689035499177407 ] ] ] } },
{ "type": "Feature", "properties": { "sensor": "GASA-01-A1, GASA-01-A2, GASA-01-B en GASA-01-C", "time": "2025-08-20T08:26:00+02:00", "count_line": 11, "location": "IJBoulevard", "count_area": 43.0, "countline_length": 20 }, "geometry": { "type": "Polygon", "coordinates": [ [ [ 121836.295989167396328, 488195.689035499177407 ], [ 121857.685674072490656, 488180.149520824546926 ], [ 121832.273997133961529, 488133.896612440003082 ], [ 121807.776409293946926, 488147.242313278256916 ], [ 121836.478806987099233, 488192.763950383930933 ], [ 121836.295989167396328, 488195.689035499177407 ] ] ] } },
{ "type": "Feature", "properties": { "sensor": "GASA-01-A1, GASA-01-A2, GASA-01-B en GASA-01-C", "time": "2025-08-20T08:27:00+02:00", "count_line": 25, "location": "IJBoulevard", "count_area": 83.0, "countline_length": 20 }, "geometry": { "type": "Polygon", "coordinates": [ [ [ 121836.295989167396328, 488195.689035499177407 ], [ 121857.685674072490656, 488180.149520824546926 ], [ 121832.273997133961529, 488133.896612440003082 ], [ 121807.776409293946926, 488147.242313278256916 ], [ 121836.478806987099233, 488192.763950383930933 ], [ 121836.295989167396328, 488195.689035499177407 ] ] ] } },
{ "type": "Feature", "properties": { "sensor": "GASA-01-A1, GASA-01-A2, GASA-01-B en GASA-01-C", "time": "2025-08-20T08:28:00+02:00", "count_line": 16, "location": "IJBoulevard", "count_area": 57.0, "countline_length": 20 }, "geometry": { "type": "Polygon", "coordinates": [ [ [ 121836.295989167396328, 488195.689035499177407 ], [ 121857.685674072490656, 488180.149520824546926 ], [ 121832.273997133961529, 488133.896612440003082 ], [ 121807.776409293946926, 488147.242313278256916 ], [ 121836.478806987099233, 488192.763950383930933 ], [ 121836.295989167396328, 488195.689035499177407 ] ] ] } },
{ "type": "Feature", "properties": { "sensor": "GASA-01-A1, GASA-01-A2, GASA-01-B en GASA-01-C", "time": "2025-08-20T08:29:00+02:00", "count_line": 14, "location": "IJBoulevard", "count_area": 51.0, "countline_length": 20 }, "geometry": { "type": "Polygon", "coordinates": [ [ [ 121836.295989167396328, 488195.689035499177407 ], [ 121857.685674072490656, 488180.149520824546926 ], [ 121832.273997133961529, 488133.896612440003082 ], [ 121807.776409293946926, 488147.242313278256916 ], [ 121836.478806987099233, 488192.763950383930933 ], [ 121836.295989167396328, 488195.689035499177407 ] ] ] } },
{ "type": "Feature", "properties": { "sensor": "GASA-01-A1, GASA-01-A2, GASA-01-B en GASA-01-C", "time": "2025-08-20T08:30:00+02:00", "count_line": 20, "location": "IJBoulevard", "count_area": 77.0, "countline_length": 20 }, "geometry": { "type": "Polygon", "coordinates": [ [ [ 121836.295989167396328, 488195.689035499177407 ], [ 121857.685674072490656, 488180.149520824546926 ], [ 121832.273997133961529, 488133.896612440003082 ], [ 121807.776409293946926, 488147.242313278256916 ], [ 121836.478806987099233, 488192.763950383930933 ], [ 121836.295989167396328, 488195.689035499177407 ] ] ] } },
{ "type": "Feature", "properties": { "sensor": "GASA-01-A1, GASA-01-A2, GASA-01-B en GASA-01-C", "time": "2025-08-20T08:31:00+02:00", "count_line": 33, "location": "IJBoulevard", "count_area": 109.0, "countline_length": 20 }, "geometry": { "type": "Polygon", "coordinates": [ [ [ 121836.295989167396328, 488195.689035499177407 ], [ 121857.685674072490656, 488180.149520824546926 ], [ 121832.273997133961529, 488133.896612440003082 ], [ 121807.776409293946926, 488147.242313278256916 ], [ 121836.478806987099233, 488192.763950383930933 ], [ 121836.295989167396328, 488195.689035499177407 ] ] ] } },
{ "type": "Feature", "properties": { "sensor": "GASA-01-A1, GASA-01-A2, GASA-01-B en GASA-01-C", "time": "2025-08-20T08:32:00+02:00", "count_line": 9, "location": "IJBoulevard", "count_area": 27.0, "countline_length": 20 }, "geometry": { "type": "Polygon", "coordinates": [ [ [ 121836.295989167396328, 488195.689035499177407 ], [ 121857.685674072490656, 488180.149520824546926 ], [ 121832.273997133961529, 488133.896612440003082 ], [ 121807.776409293946926, 488147.242313278256916 ], [ 121836.478806987099233, 488192.763950383930933 ], [ 121836.295989167396328, 488195.689035499177407 ] ] ] } },
{ "type": "Feature", "properties": { "sensor": "GASA-01-A1, GASA-01-A2, GASA-01-B en GASA-01-C", "time": "2025-08-20T08:33:00+02:00", "count_line": 9, "location": "IJBoulevard", "count_area": 33.0, "countline_length": 20 }, "geometry": { "type": "Polygon", "coordinates": [ [ [ 121836.295989167396328, 488195.689035499177407 ], [ 121857.685674072490656, 488180.149520824546926 ], [ 121832.273997133961529, 488133.896612440003082 ], [ 121807.776409293946926, 488147.242313278256916 ], [ 121836.478806987099233, 488192.763950383930933 ], [ 121836.295989167396328, 488195.689035499177407 ] ] ] } },
{ "type": "Feature", "properties": { "sensor": "GASA-01-A1, GASA-01-A2, GASA-01-B en GASA-01-C", "time": "2025-08-20T08:34:00+02:00", "count_line": 26, "location": "IJBoulevard", "count_area": 99.0, "countline_length": 20 }, "geometry": { "type": "Polygon", "coordinates": [ [ [ 121836.295989167396328, 488195.689035499177407 ], [ 121857.685674072490656, 488180.149520824546926 ], [ 121832.273997133961529, 488133.896612440003082 ], [ 121807.776409293946926, 488147.242313278256916 ], [ 121836.478806987099233, 488192.763950383930933 ], [ 121836.295989167396328, 488195.689035499177407 ] ] ] } },
{ "type": "Feature", "properties": { "sensor": "GASA-01-A1, GASA-01-A2, GASA-01-B en GASA-01-C", "time": "2025-08-20T08:35:00+02:00", "count_line": 10, "location": "IJBoulevard", "count_area": 36.0, "countline_length": 20 }, "geometry": { "type": "Polygon", "coordinates": [ [ [ 121836.295989167396328, 488195.689035499177407 ], [ 121857.685674072490656, 488180.149520824546926 ], [ 121832.273997133961529, 488133.896612440003082 ], [ 121807.776409293946926, 488147.242313278256916 ], [ 121836.478806987099233, 488192.763950383930933 ], [ 121836.295989167396328, 488195.689035499177407 ] ] ] } },
{ "type": "Feature", "properties": { "sensor": "GASA-01-A1, GASA-01-A2, GASA-01-B en GASA-01-C", "time": "2025-08-20T08:36:00+02:00", "count_line": 29, "location": "IJBoulevard", "count_area": 105.0, "countline_length": 20 }, "geometry": { "type": "Polygon", "coordinates": [ [ [ 121836.295989167396328, 488195.689035499177407 ], [ 121857.685674072490656, 488180.149520824546926 ], [ 121832.273997133961529, 488133.896612440003082 ], [ 121807.776409293946926, 488147.242313278256916 ], [ 121836.478806987099233, 488192.763950383930933 ], [ 121836.295989167396328, 488195.689035499177407 ] ] ] } },
{ "type": "Feature", "properties": { "sensor": "GASA-01-A1, GASA-01-A2, GASA-01-B en GASA-01-C", "time": "2025-08-20T08:37:00+02:00", "count_line": 27, "location": "IJBoulevard", "count_area": 89.0, "countline_length": 20 }, "geometry": { "type": "Polygon", "coordinates": [ [ [ 121836.295989167396328, 488195.689035499177407 ], [ 121857.685674072490656, 488180.149520824546926 ], [ 121832.273997133961529, 488133.896612440003082 ], [ 121807.776409293946926, 488147.242313278256916 ], [ 121836.478806987099233, 488192.763950383930933 ], [ 121836.295989167396328, 488195.689035499177407 ] ] ] } },
{ "type": "Feature", "properties": { "sensor": "GASA-01-A1, GASA-01-A2, GASA-01-B en GASA-01-C", "time": "2025-08-20T08:38:00+02:00", "count_line": 15, "location": "IJBoulevard", "count_area": 52.0, "countline_length": 20 }, "geometry": { "type": "Polygon", "coordinates": [ [ [ 121836.295989167396328, 488195.689035499177407 ], [ 121857.685674072490656, 488180.149520824546926 ], [ 121832.273997133961529, 488133.896612440003082 ], [ 121807.776409293946926, 488147.242313278256916 ], [ 121836.478806987099233, 488192.763950383930933 ], [ 121836.295989167396328, 488195.689035499177407 ] ] ] } },
{ "type": "Feature", "properties": { "sensor": "GASA-01-A1, GASA-01-A2, GASA-01-B en GASA-01-C", "time": "2025-08-20T08:39:00+02:00", "count_line": 12, "location": "IJBoulevard", "count_area": 40.0, "countline_length": 20 }, "geometry": { "type": "Polygon", "coordinates": [ [ [ 121836.295989167396328, 488195.689035499177407 ], [ 121857.685674072490656, 488180.149520824546926 ], [ 121832.273997133961529, 488133.896612440003082 ], [ 121807.776409293946926, 488147.242313278256916 ], [ 121836.478806987099233, 488192.763950383930933 ], [ 121836.295989167396328, 488195.689035499177407 ] ] ] } },
{ "type": "Feature", "properties": { "sensor": "GASA-01-A1, GASA-01-A2, GASA-01-B en GASA-01-C", "time": "2025-08-20T08:40:00+02:00", "count_line": 15, "location": "IJBoulevard", "count_area": 58.0, "countline_length": 20 }, "geometry": { "type": "Polygon", "coordinates": [ [ [ 121836.295989167396328, 488195.689035499177407 ], [ 121857.685674072490656, 488180.149520824546926 ], [ 121832.273997133961529, 488133.896612440003082 ], [ 121807.776409293946926, 488147.242313278256916 ], [ 121836.478806987099233, 488192.763950383930933 ], [ 121836.295989167396328, 488195.689035499177407 ] ] ] } },
{ "type": "Feature", "properties": { "sensor": "GASA-01-A1, GASA-01-A2, GASA-01-B en GASA-01-C", "time": "2025-08-20T08:41:00+02:00", "count_line": 6, "location": "IJBoulevard", "count_area": 21.0, "countline_length": 20 }, "geometry": { "type": "Polygon", "coordinates": [ [ [ 121836.295989167396328, 488195.689035499177407 ], [ 121857.685674072490656, 488180.149520824546926 ], [ 121832.273997133961529, 488133.896612440003082 ], [ 121807.776409293946926, 488147.242313278256916 ], [ 121836.478806987099233, 488192.763950383930933 ], [ 121836.295989167396328, 488195.689035499177407 ] ] ] } },
{ "type": "Feature", "properties": { "sensor": "GASA-01-A1, GASA-01-A2, GASA-01-B en GASA-01-C", "time": "2025-08-20T08:42:00+02:00", "count_line": 11, "location": "IJBoulevard", "count_area": 42.0, "countline_length": 20 }, "geometry": { "type": "Polygon", "coordinates": [ [ [ 121836.295989167396328, 488195.689035499177407 ], [ 121857.685674072490656, 488180.149520824546926 ], [ 121832.273997133961529, 488133.896612440003082 ], [ 121807.776409293946926, 488147.242313278256916 ], [ 121836.478806987099233, 488192.763950383930933 ], [ 121836.295989167396328, 488195.689035499177407 ] ] ] } },
{ "type": "Feature", "properties": { "sensor": "GASA-01-A1, GASA-01-A2, GASA-01-B en GASA-01-C", "time": "2025-08-20T08:44:00+02:00", "count_line": 47, "location": "IJBoulevard", "count_area": 176.0, "countline_length": 20 }, "geometry": { "type": "Polygon", "coordinates": [ [ [ 121836.295989167396328, 488195.689035499177407 ], [ 121857.685674072490656, 488180.149520824546926 ], [ 121832.273997133961529, 488133.896612440003082 ], [ 121807.776409293946926, 488147.242313278256916 ], [ 121836.478806987099233, 488192.763950383930933 ], [ 121836.295989167396328, 488195.689035499177407 ] ] ] } },
{ "type": "Feature", "properties": { "sensor": "GASA-01-A1, GASA-01-A2, GASA-01-B en GASA-01-C", "time": "2025-08-20T08:45:00+02:00", "count_line": 34, "location": "IJBoulevard", "count_area": 134.0, "countline_length": 20 }, "geometry": { "type": "Polygon", "coordinates": [ [ [ 121836.295989167396328, 488195.689035499177407 ], [ 121857.685674072490656, 488180.149520824546926 ], [ 121832.273997133961529, 488133.896612440003082 ], [ 121807.776409293946926, 488147.242313278256916 ], [ 121836.478806987099233, 488192.763950383930933 ], [ 121836.295989167396328, 488195.689035499177407 ] ] ] } },
{ "type": "Feature", "properties": { "sensor": "GASA-01-A1, GASA-01-A2, GASA-01-B en GASA-01-C", "time": "2025-08-20T08:46:00+02:00", "count_line": 36, "location": "IJBoulevard", "count_area": 130.0, "countline_length": 20 }, "geometry": { "type": "Polygon", "coordinates": [ [ [ 121836.295989167396328, 488195.689035499177407 ], [ 121857.685674072490656, 488180.149520824546926 ], [ 121832.273997133961529, 488133.896612440003082 ], [ 121807.776409293946926, 488147.242313278256916 ], [ 121836.478806987099233, 488192.763950383930933 ], [ 121836.295989167396328, 488195.689035499177407 ] ] ] } },
{ "type": "Feature", "properties": { "sensor": "GASA-01-A1, GASA-01-A2, GASA-01-B en GASA-01-C", "time": "2025-08-20T08:47:00+02:00", "count_line": 16, "location": "IJBoulevard", "count_area": 55.0, "countline_length": 20 }, "geometry": { "type": "Polygon", "coordinates": [ [ [ 121836.295989167396328, 488195.689035499177407 ], [ 121857.685674072490656, 488180.149520824546926 ], [ 121832.273997133961529, 488133.896612440003082 ], [ 121807.776409293946926, 488147.242313278256916 ], [ 121836.478806987099233, 488192.763950383930933 ], [ 121836.295989167396328, 488195.689035499177407 ] ] ] } },
{ "type": "Feature", "properties": { "sensor": "GASA-01-A1, GASA-01-A2, GASA-01-B en GASA-01-C", "time": "2025-08-20T08:48:00+02:00", "count_line": 8, "location": "IJBoulevard", "count_area": 28.0, "countline_length": 20 }, "geometry": { "type": "Polygon", "coordinates": [ [ [ 121836.295989167396328, 488195.689035499177407 ], [ 121857.685674072490656, 488180.149520824546926 ], [ 121832.273997133961529, 488133.896612440003082 ], [ 121807.776409293946926, 488147.242313278256916 ], [ 121836.478806987099233, 488192.763950383930933 ], [ 121836.295989167396328, 488195.689035499177407 ] ] ] } },
{ "type": "Feature", "properties": { "sensor": "GASA-01-A1, GASA-01-A2, GASA-01-B en GASA-01-C", "time": "2025-08-20T08:49:00+02:00", "count_line": 7, "location": "IJBoulevard", "count_area": 24.0, "countline_length": 20 }, "geometry": { "type": "Polygon", "coordinates": [ [ [ 121836.295989167396328, 488195.689035499177407 ], [ 121857.685674072490656, 488180.149520824546926 ], [ 121832.273997133961529, 488133.896612440003082 ], [ 121807.776409293946926, 488147.242313278256916 ], [ 121836.478806987099233, 488192.763950383930933 ], [ 121836.295989167396328, 488195.689035499177407 ] ] ] } },
{ "type": "Feature", "properties": { "sensor": "GASA-01-A1, GASA-01-A2, GASA-01-B en GASA-01-C", "time": "2025-08-20T08:50:00+02:00", "count_line": 39, "location": "IJBoulevard", "count_area": 126.0, "countline_length": 20 }, "geometry": { "type": "Polygon", "coordinates": [ [ [ 121836.295989167396328, 488195.689035499177407 ], [ 121857.685674072490656, 488180.149520824546926 ], [ 121832.273997133961529, 488133.896612440003082 ], [ 121807.776409293946926, 488147.242313278256916 ], [ 121836.478806987099233, 488192.763950383930933 ], [ 121836.295989167396328, 488195.689035499177407 ] ] ] } },
{ "type": "Feature", "properties": { "sensor": "GASA-01-A1, GASA-01-A2, GASA-01-B en GASA-01-C", "time": "2025-08-20T08:51:00+02:00", "count_line": 11, "location": "IJBoulevard", "count_area": 41.0, "countline_length": 20 }, "geometry": { "type": "Polygon", "coordinates": [ [ [ 121836.295989167396328, 488195.689035499177407 ], [ 121857.685674072490656, 488180.149520824546926 ], [ 121832.273997133961529, 488133.896612440003082 ], [ 121807.776409293946926, 488147.242313278256916 ], [ 121836.478806987099233, 488192.763950383930933 ], [ 121836.295989167396328, 488195.689035499177407 ] ] ] } },
{ "type": "Feature", "properties": { "sensor": "GASA-01-A1, GASA-01-A2, GASA-01-B en GASA-01-C", "time": "2025-08-20T08:52:00+02:00", "count_line": 10, "location": "IJBoulevard", "count_area": 36.0, "countline_length": 20 }, "geometry": { "type": "Polygon", "coordinates": [ [ [ 121836.295989167396328, 488195.689035499177407 ], [ 121857.685674072490656, 488180.149520824546926 ], [ 121832.273997133961529, 488133.896612440003082 ], [ 121807.776409293946926, 488147.242313278256916 ], [ 121836.478806987099233, 488192.763950383930933 ], [ 121836.295989167396328, 488195.689035499177407 ] ] ] } },
{ "type": "Feature", "properties": { "sensor": "GASA-01-A1, GASA-01-A2, GASA-01-B en GASA-01-C", "time": "2025-08-20T08:54:00+02:00", "count_line": 34, "location": "IJBoulevard", "count_area": 123.0, "countline_length": 20 }, "geometry": { "type": "Polygon", "coordinates": [ [ [ 121836.295989167396328, 488195.689035499177407 ], [ 121857.685674072490656, 488180.149520824546926 ], [ 121832.273997133961529, 488133.896612440003082 ], [ 121807.776409293946926, 488147.242313278256916 ], [ 121836.478806987099233, 488192.763950383930933 ], [ 121836.295989167396328, 488195.689035499177407 ] ] ] } },
{ "type": "Feature", "properties": { "sensor": "GASA-01-A1, GASA-01-A2, GASA-01-B en GASA-01-C", "time": "2025-08-20T08:55:00+02:00", "count_line": 14, "location": "IJBoulevard", "count_area": 50.0, "countline_length": 20 }, "geometry": { "type": "Polygon", "coordinates": [ [ [ 121836.295989167396328, 488195.689035499177407 ], [ 121857.685674072490656, 488180.149520824546926 ], [ 121832.273997133961529, 488133.896612440003082 ], [ 121807.776409293946926, 488147.242313278256916 ], [ 121836.478806987099233, 488192.763950383930933 ], [ 121836.295989167396328, 488195.689035499177407 ] ] ] } },
{ "type": "Feature", "properties": { "sensor": "GASA-01-A1, GASA-01-A2, GASA-01-B en GASA-01-C", "time": "2025-08-20T08:56:00+02:00", "count_line": 15, "location": "IJBoulevard", "count_area": 57.0, "countline_length": 20 }, "geometry": { "type": "Polygon", "coordinates": [ [ [ 121836.295989167396328, 488195.689035499177407 ], [ 121857.685674072490656, 488180.149520824546926 ], [ 121832.273997133961529, 488133.896612440003082 ], [ 121807.776409293946926, 488147.242313278256916 ], [ 121836.478806987099233, 488192.763950383930933 ], [ 121836.295989167396328, 488195.689035499177407 ] ] ] } },
{ "type": "Feature", "properties": { "sensor": "GASA-01-A1, GASA-01-A2, GASA-01-B en GASA-01-C", "time": "2025-08-20T08:57:00+02:00", "count_line": 23, "location": "IJBoulevard", "count_area": 69.0, "countline_length": 20 }, "geometry": { "type": "Polygon", "coordinates": [ [ [ 121836.295989167396328, 488195.689035499177407 ], [ 121857.685674072490656, 488180.149520824546926 ], [ 121832.273997133961529, 488133.896612440003082 ], [ 121807.776409293946926, 488147.242313278256916 ], [ 121836.478806987099233, 488192.763950383930933 ], [ 121836.295989167396328, 488195.689035499177407 ] ] ] } },
{ "type": "Feature", "properties": { "sensor": "GASA-01-A1, GASA-01-A2, GASA-01-B en GASA-01-C", "time": "2025-08-20T08:58:00+02:00", "count_line": 7, "location": "IJBoulevard", "count_area": 21.0, "countline_length": 20 }, "geometry": { "type": "Polygon", "coordinates": [ [ [ 121836.295989167396328, 488195.689035499177407 ], [ 121857.685674072490656, 488180.149520824546926 ], [ 121832.273997133961529, 488133.896612440003082 ], [ 121807.776409293946926, 488147.242313278256916 ], [ 121836.478806987099233, 488192.763950383930933 ], [ 121836.295989167396328, 488195.689035499177407 ] ] ] } },
{ "type": "Feature", "properties": { "sensor": "GASA-01-A1, GASA-01-A2, GASA-01-B en GASA-01-C", "time": "2025-08-20T08:59:00+02:00", "count_line": 21, "location": "IJBoulevard", "count_area": 75.0, "countline_length": 20 }, "geometry": { "type": "Polygon", "coordinates": [ [ [ 121836.295989167396328, 488195.689035499177407 ], [ 121857.685674072490656, 488180.149520824546926 ], [ 121832.273997133961529, 488133.896612440003082 ], [ 121807.776409293946926, 488147.242313278256916 ], [ 121836.478806987099233, 488192.763950383930933 ], [ 121836.295989167396328, 488195.689035499177407 ] ] ] } },
{ "type": "Feature", "properties": { "sensor": "GASA-01-A1, GASA-01-A2, GASA-01-B en GASA-01-C", "time": "2025-08-20T09:00:00+02:00", "count_line": 13, "location": "IJBoulevard", "count_area": 47.0, "countline_length": 20 }, "geometry": { "type": "Polygon", "coordinates": [ [ [ 121836.295989167396328, 488195.689035499177407 ], [ 121857.685674072490656, 488180.149520824546926 ], [ 121832.273997133961529, 488133.896612440003082 ], [ 121807.776409293946926, 488147.242313278256916 ], [ 121836.478806987099233, 488192.763950383930933 ], [ 121836.295989167396328, 488195.689035499177407 ] ] ] } },
{ "type": "Feature", "properties": { "sensor": "GASA-01-A1, GASA-01-A2, GASA-01-B en GASA-01-C", "time": "2025-08-20T09:01:00+02:00", "count_line": 15, "location": "IJBoulevard", "count_area": 48.0, "countline_length": 20 }, "geometry": { "type": "Polygon", "coordinates": [ [ [ 121836.295989167396328, 488195.689035499177407 ], [ 121857.685674072490656, 488180.149520824546926 ], [ 121832.273997133961529, 488133.896612440003082 ], [ 121807.776409293946926, 488147.242313278256916 ], [ 121836.478806987099233, 488192.763950383930933 ], [ 121836.295989167396328, 488195.689035499177407 ] ] ] } },
{ "type": "Feature", "properties": { "sensor": "GASA-01-A1, GASA-01-A2, GASA-01-B en GASA-01-C", "time": "2025-08-20T09:02:00+02:00", "count_line": 18, "location": "IJBoulevard", "count_area": 55.0, "countline_length": 20 }, "geometry": { "type": "Polygon", "coordinates": [ [ [ 121836.295989167396328, 488195.689035499177407 ], [ 121857.685674072490656, 488180.149520824546926 ], [ 121832.273997133961529, 488133.896612440003082 ], [ 121807.776409293946926, 488147.242313278256916 ], [ 121836.478806987099233, 488192.763950383930933 ], [ 121836.295989167396328, 488195.689035499177407 ] ] ] } },
{ "type": "Feature", "properties": { "sensor": "GASA-01-A1, GASA-01-A2, GASA-01-B en GASA-01-C", "time": "2025-08-20T09:04:00+02:00", "count_line": 62, "location": "IJBoulevard", "count_area": 242.0, "countline_length": 20 }, "geometry": { "type": "Polygon", "coordinates": [ [ [ 121836.295989167396328, 488195.689035499177407 ], [ 121857.685674072490656, 488180.149520824546926 ], [ 121832.273997133961529, 488133.896612440003082 ], [ 121807.776409293946926, 488147.242313278256916 ], [ 121836.478806987099233, 488192.763950383930933 ], [ 121836.295989167396328, 488195.689035499177407 ] ] ] } },
{ "type": "Feature", "properties": { "sensor": "GASA-01-A1, GASA-01-A2, GASA-01-B en GASA-01-C", "time": "2025-08-20T09:05:00+02:00", "count_line": 13, "location": "IJBoulevard", "count_area": 43.0, "countline_length": 20 }, "geometry": { "type": "Polygon", "coordinates": [ [ [ 121836.295989167396328, 488195.689035499177407 ], [ 121857.685674072490656, 488180.149520824546926 ], [ 121832.273997133961529, 488133.896612440003082 ], [ 121807.776409293946926, 488147.242313278256916 ], [ 121836.478806987099233, 488192.763950383930933 ], [ 121836.295989167396328, 488195.689035499177407 ] ] ] } },
{ "type": "Feature", "properties": { "sensor": "GASA-01-A1, GASA-01-A2, GASA-01-B en GASA-01-C", "time": "2025-08-20T09:06:00+02:00", "count_line": 11, "location": "IJBoulevard", "count_area": 36.0, "countline_length": 20 }, "geometry": { "type": "Polygon", "coordinates": [ [ [ 121836.295989167396328, 488195.689035499177407 ], [ 121857.685674072490656, 488180.149520824546926 ], [ 121832.273997133961529, 488133.896612440003082 ], [ 121807.776409293946926, 488147.242313278256916 ], [ 121836.478806987099233, 488192.763950383930933 ], [ 121836.295989167396328, 488195.689035499177407 ] ] ] } },
{ "type": "Feature", "properties": { "sensor": "GASA-01-A1, GASA-01-A2, GASA-01-B en GASA-01-C", "time": "2025-08-20T09:07:00+02:00", "count_line": 29, "location": "IJBoulevard", "count_area": 92.0, "countline_length": 20 }, "geometry": { "type": "Polygon", "coordinates": [ [ [ 121836.295989167396328, 488195.689035499177407 ], [ 121857.685674072490656, 488180.149520824546926 ], [ 121832.273997133961529, 488133.896612440003082 ], [ 121807.776409293946926, 488147.242313278256916 ], [ 121836.478806987099233, 488192.763950383930933 ], [ 121836.295989167396328, 488195.689035499177407 ] ] ] } },
{ "type": "Feature", "properties": { "sensor": "GASA-01-A1, GASA-01-A2, GASA-01-B en GASA-01-C", "time": "2025-08-20T09:08:00+02:00", "count_line": 44, "location": "IJBoulevard", "count_area": 175.0, "countline_length": 20 }, "geometry": { "type": "Polygon", "coordinates": [ [ [ 121836.295989167396328, 488195.689035499177407 ], [ 121857.685674072490656, 488180.149520824546926 ], [ 121832.273997133961529, 488133.896612440003082 ], [ 121807.776409293946926, 488147.242313278256916 ], [ 121836.478806987099233, 488192.763950383930933 ], [ 121836.295989167396328, 488195.689035499177407 ] ] ] } },
{ "type": "Feature", "properties": { "sensor": "GASA-01-A1, GASA-01-A2, GASA-01-B en GASA-01-C", "time": "2025-08-20T09:09:00+02:00", "count_line": 16, "location": "IJBoulevard", "count_area": 48.0, "countline_length": 20 }, "geometry": { "type": "Polygon", "coordinates": [ [ [ 121836.295989167396328, 488195.689035499177407 ], [ 121857.685674072490656, 488180.149520824546926 ], [ 121832.273997133961529, 488133.896612440003082 ], [ 121807.776409293946926, 488147.242313278256916 ], [ 121836.478806987099233, 488192.763950383930933 ], [ 121836.295989167396328, 488195.689035499177407 ] ] ] } },
{ "type": "Feature", "properties": { "sensor": "GASA-01-A1, GASA-01-A2, GASA-01-B en GASA-01-C", "time": "2025-08-20T09:10:00+02:00", "count_line": 28, "location": "IJBoulevard", "count_area": 109.0, "countline_length": 20 }, "geometry": { "type": "Polygon", "coordinates": [ [ [ 121836.295989167396328, 488195.689035499177407 ], [ 121857.685674072490656, 488180.149520824546926 ], [ 121832.273997133961529, 488133.896612440003082 ], [ 121807.776409293946926, 488147.242313278256916 ], [ 121836.478806987099233, 488192.763950383930933 ], [ 121836.295989167396328, 488195.689035499177407 ] ] ] } },
{ "type": "Feature", "properties": { "sensor": "GASA-01-A1, GASA-01-A2, GASA-01-B en GASA-01-C", "time": "2025-08-20T09:11:00+02:00", "count_line": 31, "location": "IJBoulevard", "count_area": 122.0, "countline_length": 20 }, "geometry": { "type": "Polygon", "coordinates": [ [ [ 121836.295989167396328, 488195.689035499177407 ], [ 121857.685674072490656, 488180.149520824546926 ], [ 121832.273997133961529, 488133.896612440003082 ], [ 121807.776409293946926, 488147.242313278256916 ], [ 121836.478806987099233, 488192.763950383930933 ], [ 121836.295989167396328, 488195.689035499177407 ] ] ] } },
{ "type": "Feature", "properties": { "sensor": "GASA-01-A1, GASA-01-A2, GASA-01-B en GASA-01-C", "time": "2025-08-20T09:12:00+02:00", "count_line": 12, "location": "IJBoulevard", "count_area": 45.0, "countline_length": 20 }, "geometry": { "type": "Polygon", "coordinates": [ [ [ 121836.295989167396328, 488195.689035499177407 ], [ 121857.685674072490656, 488180.149520824546926 ], [ 121832.273997133961529, 488133.896612440003082 ], [ 121807.776409293946926, 488147.242313278256916 ], [ 121836.478806987099233, 488192.763950383930933 ], [ 121836.295989167396328, 488195.689035499177407 ] ] ] } },
{ "type": "Feature", "properties": { "sensor": "GASA-01-A1, GASA-01-A2, GASA-01-B en GASA-01-C", "time": "2025-08-20T09:14:00+02:00", "count_line": 36, "location": "IJBoulevard", "count_area": 116.0, "countline_length": 20 }, "geometry": { "type": "Polygon", "coordinates": [ [ [ 121836.295989167396328, 488195.689035499177407 ], [ 121857.685674072490656, 488180.149520824546926 ], [ 121832.273997133961529, 488133.896612440003082 ], [ 121807.776409293946926, 488147.242313278256916 ], [ 121836.478806987099233, 488192.763950383930933 ], [ 121836.295989167396328, 488195.689035499177407 ] ] ] } },
{ "type": "Feature", "properties": { "sensor": "GASA-01-A1, GASA-01-A2, GASA-01-B en GASA-01-C", "time": "2025-08-20T09:15:00+02:00", "count_line": 31, "location": "IJBoulevard", "count_area": 102.0, "countline_length": 20 }, "geometry": { "type": "Polygon", "coordinates": [ [ [ 121836.295989167396328, 488195.689035499177407 ], [ 121857.685674072490656, 488180.149520824546926 ], [ 121832.273997133961529, 488133.896612440003082 ], [ 121807.776409293946926, 488147.242313278256916 ], [ 121836.478806987099233, 488192.763950383930933 ], [ 121836.295989167396328, 488195.689035499177407 ] ] ] } },
{ "type": "Feature", "properties": { "sensor": "GASA-01-A1, GASA-01-A2, GASA-01-B en GASA-01-C", "time": "2025-08-20T09:16:00+02:00", "count_line": 18, "location": "IJBoulevard", "count_area": 66.0, "countline_length": 20 }, "geometry": { "type": "Polygon", "coordinates": [ [ [ 121836.295989167396328, 488195.689035499177407 ], [ 121857.685674072490656, 488180.149520824546926 ], [ 121832.273997133961529, 488133.896612440003082 ], [ 121807.776409293946926, 488147.242313278256916 ], [ 121836.478806987099233, 488192.763950383930933 ], [ 121836.295989167396328, 488195.689035499177407 ] ] ] } },
{ "type": "Feature", "properties": { "sensor": "GASA-01-A1, GASA-01-A2, GASA-01-B en GASA-01-C", "time": "2025-08-20T09:17:00+02:00", "count_line": 53, "location": "IJBoulevard", "count_area": 160.0, "countline_length": 20 }, "geometry": { "type": "Polygon", "coordinates": [ [ [ 121836.295989167396328, 488195.689035499177407 ], [ 121857.685674072490656, 488180.149520824546926 ], [ 121832.273997133961529, 488133.896612440003082 ], [ 121807.776409293946926, 488147.242313278256916 ], [ 121836.478806987099233, 488192.763950383930933 ], [ 121836.295989167396328, 488195.689035499177407 ] ] ] } },
{ "type": "Feature", "properties": { "sensor": "GASA-01-A1, GASA-01-A2, GASA-01-B en GASA-01-C", "time": "2025-08-20T09:18:00+02:00", "count_line": 11, "location": "IJBoulevard", "count_area": 42.0, "countline_length": 20 }, "geometry": { "type": "Polygon", "coordinates": [ [ [ 121836.295989167396328, 488195.689035499177407 ], [ 121857.685674072490656, 488180.149520824546926 ], [ 121832.273997133961529, 488133.896612440003082 ], [ 121807.776409293946926, 488147.242313278256916 ], [ 121836.478806987099233, 488192.763950383930933 ], [ 121836.295989167396328, 488195.689035499177407 ] ] ] } },
{ "type": "Feature", "properties": { "sensor": "GASA-01-A1, GASA-01-A2, GASA-01-B en GASA-01-C", "time": "2025-08-20T09:19:00+02:00", "count_line": 23, "location": "IJBoulevard", "count_area": 74.0, "countline_length": 20 }, "geometry": { "type": "Polygon", "coordinates": [ [ [ 121836.295989167396328, 488195.689035499177407 ], [ 121857.685674072490656, 488180.149520824546926 ], [ 121832.273997133961529, 488133.896612440003082 ], [ 121807.776409293946926, 488147.242313278256916 ], [ 121836.478806987099233, 488192.763950383930933 ], [ 121836.295989167396328, 488195.689035499177407 ] ] ] } },
{ "type": "Feature", "properties": { "sensor": "GASA-01-A1, GASA-01-A2, GASA-01-B en GASA-01-C", "time": "2025-08-20T09:20:00+02:00", "count_line": 41, "location": "IJBoulevard", "count_area": 131.0, "countline_length": 20 }, "geometry": { "type": "Polygon", "coordinates": [ [ [ 121836.295989167396328, 488195.689035499177407 ], [ 121857.685674072490656, 488180.149520824546926 ], [ 121832.273997133961529, 488133.896612440003082 ], [ 121807.776409293946926, 488147.242313278256916 ], [ 121836.478806987099233, 488192.763950383930933 ], [ 121836.295989167396328, 488195.689035499177407 ] ] ] } },
{ "type": "Feature", "properties": { "sensor": "GASA-01-A1, GASA-01-A2, GASA-01-B en GASA-01-C", "time": "2025-08-20T09:21:00+02:00", "count_line": 15, "location": "IJBoulevard", "count_area": 54.0, "countline_length": 20 }, "geometry": { "type": "Polygon", "coordinates": [ [ [ 121836.295989167396328, 488195.689035499177407 ], [ 121857.685674072490656, 488180.149520824546926 ], [ 121832.273997133961529, 488133.896612440003082 ], [ 121807.776409293946926, 488147.242313278256916 ], [ 121836.478806987099233, 488192.763950383930933 ], [ 121836.295989167396328, 488195.689035499177407 ] ] ] } },
{ "type": "Feature", "properties": { "sensor": "GASA-01-A1, GASA-01-A2, GASA-01-B en GASA-01-C", "time": "2025-08-20T09:22:00+02:00", "count_line": 22, "location": "IJBoulevard", "count_area": 85.0, "countline_length": 20 }, "geometry": { "type": "Polygon", "coordinates": [ [ [ 121836.295989167396328, 488195.689035499177407 ], [ 121857.685674072490656, 488180.149520824546926 ], [ 121832.273997133961529, 488133.896612440003082 ], [ 121807.776409293946926, 488147.242313278256916 ], [ 121836.478806987099233, 488192.763950383930933 ], [ 121836.295989167396328, 488195.689035499177407 ] ] ] } },
{ "type": "Feature", "properties": { "sensor": "GASA-01-A1, GASA-01-A2, GASA-01-B en GASA-01-C", "time": "2025-08-20T09:23:00+02:00", "count_line": 0, "location": "IJBoulevard", "count_area": 0.0, "countline_length": 20 }, "geometry": { "type": "Polygon", "coordinates": [ [ [ 121836.295989167396328, 488195.689035499177407 ], [ 121857.685674072490656, 488180.149520824546926 ], [ 121832.273997133961529, 488133.896612440003082 ], [ 121807.776409293946926, 488147.242313278256916 ], [ 121836.478806987099233, 488192.763950383930933 ], [ 121836.295989167396328, 488195.689035499177407 ] ] ] } },
{ "type": "Feature", "properties": { "sensor": "GASA-01-A1, GASA-01-A2, GASA-01-B en GASA-01-C", "time": "2025-08-20T09:24:00+02:00", "count_line": 18, "location": "IJBoulevard", "count_area": 70.0, "countline_length": 20 }, "geometry": { "type": "Polygon", "coordinates": [ [ [ 121836.295989167396328, 488195.689035499177407 ], [ 121857.685674072490656, 488180.149520824546926 ], [ 121832.273997133961529, 488133.896612440003082 ], [ 121807.776409293946926, 488147.242313278256916 ], [ 121836.478806987099233, 488192.763950383930933 ], [ 121836.295989167396328, 488195.689035499177407 ] ] ] } },
{ "type": "Feature", "properties": { "sensor": "GASA-01-A1, GASA-01-A2, GASA-01-B en GASA-01-C", "time": "2025-08-20T09:25:00+02:00", "count_line": 21, "location": "IJBoulevard", "count_area": 67.0, "countline_length": 20 }, "geometry": { "type": "Polygon", "coordinates": [ [ [ 121836.295989167396328, 488195.689035499177407 ], [ 121857.685674072490656, 488180.149520824546926 ], [ 121832.273997133961529, 488133.896612440003082 ], [ 121807.776409293946926, 488147.242313278256916 ], [ 121836.478806987099233, 488192.763950383930933 ], [ 121836.295989167396328, 488195.689035499177407 ] ] ] } },
{ "type": "Feature", "properties": { "sensor": "GASA-01-A1, GASA-01-A2, GASA-01-B en GASA-01-C", "time": "2025-08-20T09:26:00+02:00", "count_line": 21, "location": "IJBoulevard", "count_area": 67.0, "countline_length": 20 }, "geometry": { "type": "Polygon", "coordinates": [ [ [ 121836.295989167396328, 488195.689035499177407 ], [ 121857.685674072490656, 488180.149520824546926 ], [ 121832.273997133961529, 488133.896612440003082 ], [ 121807.776409293946926, 488147.242313278256916 ], [ 121836.478806987099233, 488192.763950383930933 ], [ 121836.295989167396328, 488195.689035499177407 ] ] ] } },
{ "type": "Feature", "properties": { "sensor": "GASA-01-A1, GASA-01-A2, GASA-01-B en GASA-01-C", "time": "2025-08-20T09:27:00+02:00", "count_line": 14, "location": "IJBoulevard", "count_area": 44.0, "countline_length": 20 }, "geometry": { "type": "Polygon", "coordinates": [ [ [ 121836.295989167396328, 488195.689035499177407 ], [ 121857.685674072490656, 488180.149520824546926 ], [ 121832.273997133961529, 488133.896612440003082 ], [ 121807.776409293946926, 488147.242313278256916 ], [ 121836.478806987099233, 488192.763950383930933 ], [ 121836.295989167396328, 488195.689035499177407 ] ] ] } },
{ "type": "Feature", "properties": { "sensor": "GASA-01-A1, GASA-01-A2, GASA-01-B en GASA-01-C", "time": "2025-08-20T09:28:00+02:00", "count_line": 19, "location": "IJBoulevard", "count_area": 60.0, "countline_length": 20 }, "geometry": { "type": "Polygon", "coordinates": [ [ [ 121836.295989167396328, 488195.689035499177407 ], [ 121857.685674072490656, 488180.149520824546926 ], [ 121832.273997133961529, 488133.896612440003082 ], [ 121807.776409293946926, 488147.242313278256916 ], [ 121836.478806987099233, 488192.763950383930933 ], [ 121836.295989167396328, 488195.689035499177407 ] ] ] } },
{ "type": "Feature", "properties": { "sensor": "GASA-01-A1, GASA-01-A2, GASA-01-B en GASA-01-C", "time": "2025-08-20T09:29:00+02:00", "count_line": 16, "location": "IJBoulevard", "count_area": 55.0, "countline_length": 20 }, "geometry": { "type": "Polygon", "coordinates": [ [ [ 121836.295989167396328, 488195.689035499177407 ], [ 121857.685674072490656, 488180.149520824546926 ], [ 121832.273997133961529, 488133.896612440003082 ], [ 121807.776409293946926, 488147.242313278256916 ], [ 121836.478806987099233, 488192.763950383930933 ], [ 121836.295989167396328, 488195.689035499177407 ] ] ] } },
{ "type": "Feature", "properties": { "sensor": "GASA-01-A1, GASA-01-A2, GASA-01-B en GASA-01-C", "time": "2025-08-20T09:30:00+02:00", "count_line": 26, "location": "IJBoulevard", "count_area": 81.0, "countline_length": 20 }, "geometry": { "type": "Polygon", "coordinates": [ [ [ 121836.295989167396328, 488195.689035499177407 ], [ 121857.685674072490656, 488180.149520824546926 ], [ 121832.273997133961529, 488133.896612440003082 ], [ 121807.776409293946926, 488147.242313278256916 ], [ 121836.478806987099233, 488192.763950383930933 ], [ 121836.295989167396328, 488195.689035499177407 ] ] ] } },
{ "type": "Feature", "properties": { "sensor": "GASA-01-A1, GASA-01-A2, GASA-01-B en GASA-01-C", "time": "2025-08-20T09:31:00+02:00", "count_line": 24, "location": "IJBoulevard", "count_area": 82.0, "countline_length": 20 }, "geometry": { "type": "Polygon", "coordinates": [ [ [ 121836.295989167396328, 488195.689035499177407 ], [ 121857.685674072490656, 488180.149520824546926 ], [ 121832.273997133961529, 488133.896612440003082 ], [ 121807.776409293946926, 488147.242313278256916 ], [ 121836.478806987099233, 488192.763950383930933 ], [ 121836.295989167396328, 488195.689035499177407 ] ] ] } },
{ "type": "Feature", "properties": { "sensor": "GASA-01-A1, GASA-01-A2, GASA-01-B en GASA-01-C", "time": "2025-08-20T09:32:00+02:00", "count_line": 34, "location": "IJBoulevard", "count_area": 116.0, "countline_length": 20 }, "geometry": { "type": "Polygon", "coordinates": [ [ [ 121836.295989167396328, 488195.689035499177407 ], [ 121857.685674072490656, 488180.149520824546926 ], [ 121832.273997133961529, 488133.896612440003082 ], [ 121807.776409293946926, 488147.242313278256916 ], [ 121836.478806987099233, 488192.763950383930933 ], [ 121836.295989167396328, 488195.689035499177407 ] ] ] } },
{ "type": "Feature", "properties": { "sensor": "GASA-01-A1, GASA-01-A2, GASA-01-B en GASA-01-C", "time": "2025-08-20T09:33:00+02:00", "count_line": 10, "location": "IJBoulevard", "count_area": 36.0, "countline_length": 20 }, "geometry": { "type": "Polygon", "coordinates": [ [ [ 121836.295989167396328, 488195.689035499177407 ], [ 121857.685674072490656, 488180.149520824546926 ], [ 121832.273997133961529, 488133.896612440003082 ], [ 121807.776409293946926, 488147.242313278256916 ], [ 121836.478806987099233, 488192.763950383930933 ], [ 121836.295989167396328, 488195.689035499177407 ] ] ] } },
{ "type": "Feature", "properties": { "sensor": "GASA-01-A1, GASA-01-A2, GASA-01-B en GASA-01-C", "time": "2025-08-20T09:34:00+02:00", "count_line": 24, "location": "IJBoulevard", "count_area": 83.0, "countline_length": 20 }, "geometry": { "type": "Polygon", "coordinates": [ [ [ 121836.295989167396328, 488195.689035499177407 ], [ 121857.685674072490656, 488180.149520824546926 ], [ 121832.273997133961529, 488133.896612440003082 ], [ 121807.776409293946926, 488147.242313278256916 ], [ 121836.478806987099233, 488192.763950383930933 ], [ 121836.295989167396328, 488195.689035499177407 ] ] ] } },
{ "type": "Feature", "properties": { "sensor": "GASA-01-A1, GASA-01-A2, GASA-01-B en GASA-01-C", "time": "2025-08-20T09:35:00+02:00", "count_line": 36, "location": "IJBoulevard", "count_area": 129.0, "countline_length": 20 }, "geometry": { "type": "Polygon", "coordinates": [ [ [ 121836.295989167396328, 488195.689035499177407 ], [ 121857.685674072490656, 488180.149520824546926 ], [ 121832.273997133961529, 488133.896612440003082 ], [ 121807.776409293946926, 488147.242313278256916 ], [ 121836.478806987099233, 488192.763950383930933 ], [ 121836.295989167396328, 488195.689035499177407 ] ] ] } },
{ "type": "Feature", "properties": { "sensor": "GASA-01-A1, GASA-01-A2, GASA-01-B en GASA-01-C", "time": "2025-08-20T09:36:00+02:00", "count_line": 12, "location": "IJBoulevard", "count_area": 37.0, "countline_length": 20 }, "geometry": { "type": "Polygon", "coordinates": [ [ [ 121836.295989167396328, 488195.689035499177407 ], [ 121857.685674072490656, 488180.149520824546926 ], [ 121832.273997133961529, 488133.896612440003082 ], [ 121807.776409293946926, 488147.242313278256916 ], [ 121836.478806987099233, 488192.763950383930933 ], [ 121836.295989167396328, 488195.689035499177407 ] ] ] } },
{ "type": "Feature", "properties": { "sensor": "GASA-01-A1, GASA-01-A2, GASA-01-B en GASA-01-C", "time": "2025-08-20T09:37:00+02:00", "count_line": 8, "location": "IJBoulevard", "count_area": 28.0, "countline_length": 20 }, "geometry": { "type": "Polygon", "coordinates": [ [ [ 121836.295989167396328, 488195.689035499177407 ], [ 121857.685674072490656, 488180.149520824546926 ], [ 121832.273997133961529, 488133.896612440003082 ], [ 121807.776409293946926, 488147.242313278256916 ], [ 121836.478806987099233, 488192.763950383930933 ], [ 121836.295989167396328, 488195.689035499177407 ] ] ] } },
{ "type": "Feature", "properties": { "sensor": "GASA-01-A1, GASA-01-A2, GASA-01-B en GASA-01-C", "time": "2025-08-20T09:38:00+02:00", "count_line": 61, "location": "IJBoulevard", "count_area": 185.0, "countline_length": 20 }, "geometry": { "type": "Polygon", "coordinates": [ [ [ 121836.295989167396328, 488195.689035499177407 ], [ 121857.685674072490656, 488180.149520824546926 ], [ 121832.273997133961529, 488133.896612440003082 ], [ 121807.776409293946926, 488147.242313278256916 ], [ 121836.478806987099233, 488192.763950383930933 ], [ 121836.295989167396328, 488195.689035499177407 ] ] ] } },
{ "type": "Feature", "properties": { "sensor": "GASA-01-A1, GASA-01-A2, GASA-01-B en GASA-01-C", "time": "2025-08-20T09:39:00+02:00", "count_line": 35, "location": "IJBoulevard", "count_area": 124.0, "countline_length": 20 }, "geometry": { "type": "Polygon", "coordinates": [ [ [ 121836.295989167396328, 488195.689035499177407 ], [ 121857.685674072490656, 488180.149520824546926 ], [ 121832.273997133961529, 488133.896612440003082 ], [ 121807.776409293946926, 488147.242313278256916 ], [ 121836.478806987099233, 488192.763950383930933 ], [ 121836.295989167396328, 488195.689035499177407 ] ] ] } },
{ "type": "Feature", "properties": { "sensor": "GASA-01-A1, GASA-01-A2, GASA-01-B en GASA-01-C", "time": "2025-08-20T09:40:00+02:00", "count_line": 19, "location": "IJBoulevard", "count_area": 58.0, "countline_length": 20 }, "geometry": { "type": "Polygon", "coordinates": [ [ [ 121836.295989167396328, 488195.689035499177407 ], [ 121857.685674072490656, 488180.149520824546926 ], [ 121832.273997133961529, 488133.896612440003082 ], [ 121807.776409293946926, 488147.242313278256916 ], [ 121836.478806987099233, 488192.763950383930933 ], [ 121836.295989167396328, 488195.689035499177407 ] ] ] } },
{ "type": "Feature", "properties": { "sensor": "GASA-01-A1, GASA-01-A2, GASA-01-B en GASA-01-C", "time": "2025-08-20T09:41:00+02:00", "count_line": 26, "location": "IJBoulevard", "count_area": 101.0, "countline_length": 20 }, "geometry": { "type": "Polygon", "coordinates": [ [ [ 121836.295989167396328, 488195.689035499177407 ], [ 121857.685674072490656, 488180.149520824546926 ], [ 121832.273997133961529, 488133.896612440003082 ], [ 121807.776409293946926, 488147.242313278256916 ], [ 121836.478806987099233, 488192.763950383930933 ], [ 121836.295989167396328, 488195.689035499177407 ] ] ] } },
{ "type": "Feature", "properties": { "sensor": "GASA-01-A1, GASA-01-A2, GASA-01-B en GASA-01-C", "time": "2025-08-20T09:42:00+02:00", "count_line": 21, "location": "IJBoulevard", "count_area": 74.0, "countline_length": 20 }, "geometry": { "type": "Polygon", "coordinates": [ [ [ 121836.295989167396328, 488195.689035499177407 ], [ 121857.685674072490656, 488180.149520824546926 ], [ 121832.273997133961529, 488133.896612440003082 ], [ 121807.776409293946926, 488147.242313278256916 ], [ 121836.478806987099233, 488192.763950383930933 ], [ 121836.295989167396328, 488195.689035499177407 ] ] ] } },
{ "type": "Feature", "properties": { "sensor": "GASA-01-A1, GASA-01-A2, GASA-01-B en GASA-01-C", "time": "2025-08-20T09:44:00+02:00", "count_line": 66, "location": "IJBoulevard", "count_area": 199.0, "countline_length": 20 }, "geometry": { "type": "Polygon", "coordinates": [ [ [ 121836.295989167396328, 488195.689035499177407 ], [ 121857.685674072490656, 488180.149520824546926 ], [ 121832.273997133961529, 488133.896612440003082 ], [ 121807.776409293946926, 488147.242313278256916 ], [ 121836.478806987099233, 488192.763950383930933 ], [ 121836.295989167396328, 488195.689035499177407 ] ] ] } },
{ "type": "Feature", "properties": { "sensor": "GASA-01-A1, GASA-01-A2, GASA-01-B en GASA-01-C", "time": "2025-08-20T09:45:00+02:00", "count_line": 26, "location": "IJBoulevard", "count_area": 88.0, "countline_length": 20 }, "geometry": { "type": "Polygon", "coordinates": [ [ [ 121836.295989167396328, 488195.689035499177407 ], [ 121857.685674072490656, 488180.149520824546926 ], [ 121832.273997133961529, 488133.896612440003082 ], [ 121807.776409293946926, 488147.242313278256916 ], [ 121836.478806987099233, 488192.763950383930933 ], [ 121836.295989167396328, 488195.689035499177407 ] ] ] } },
{ "type": "Feature", "properties": { "sensor": "GASA-01-A1, GASA-01-A2, GASA-01-B en GASA-01-C", "time": "2025-08-20T09:46:00+02:00", "count_line": 32, "location": "IJBoulevard", "count_area": 127.0, "countline_length": 20 }, "geometry": { "type": "Polygon", "coordinates": [ [ [ 121836.295989167396328, 488195.689035499177407 ], [ 121857.685674072490656, 488180.149520824546926 ], [ 121832.273997133961529, 488133.896612440003082 ], [ 121807.776409293946926, 488147.242313278256916 ], [ 121836.478806987099233, 488192.763950383930933 ], [ 121836.295989167396328, 488195.689035499177407 ] ] ] } },
{ "type": "Feature", "properties": { "sensor": "GASA-01-A1, GASA-01-A2, GASA-01-B en GASA-01-C", "time": "2025-08-20T09:47:00+02:00", "count_line": 31, "location": "IJBoulevard", "count_area": 99.0, "countline_length": 20 }, "geometry": { "type": "Polygon", "coordinates": [ [ [ 121836.295989167396328, 488195.689035499177407 ], [ 121857.685674072490656, 488180.149520824546926 ], [ 121832.273997133961529, 488133.896612440003082 ], [ 121807.776409293946926, 488147.242313278256916 ], [ 121836.478806987099233, 488192.763950383930933 ], [ 121836.295989167396328, 488195.689035499177407 ] ] ] } },
{ "type": "Feature", "properties": { "sensor": "GASA-01-A1, GASA-01-A2, GASA-01-B en GASA-01-C", "time": "2025-08-20T09:48:00+02:00", "count_line": 27, "location": "IJBoulevard", "count_area": 98.0, "countline_length": 20 }, "geometry": { "type": "Polygon", "coordinates": [ [ [ 121836.295989167396328, 488195.689035499177407 ], [ 121857.685674072490656, 488180.149520824546926 ], [ 121832.273997133961529, 488133.896612440003082 ], [ 121807.776409293946926, 488147.242313278256916 ], [ 121836.478806987099233, 488192.763950383930933 ], [ 121836.295989167396328, 488195.689035499177407 ] ] ] } },
{ "type": "Feature", "properties": { "sensor": "GASA-01-A1, GASA-01-A2, GASA-01-B en GASA-01-C", "time": "2025-08-20T09:49:00+02:00", "count_line": 51, "location": "IJBoulevard", "count_area": 194.0, "countline_length": 20 }, "geometry": { "type": "Polygon", "coordinates": [ [ [ 121836.295989167396328, 488195.689035499177407 ], [ 121857.685674072490656, 488180.149520824546926 ], [ 121832.273997133961529, 488133.896612440003082 ], [ 121807.776409293946926, 488147.242313278256916 ], [ 121836.478806987099233, 488192.763950383930933 ], [ 121836.295989167396328, 488195.689035499177407 ] ] ] } },
{ "type": "Feature", "properties": { "sensor": "GASA-01-A1, GASA-01-A2, GASA-01-B en GASA-01-C", "time": "2025-08-20T09:50:00+02:00", "count_line": 23, "location": "IJBoulevard", "count_area": 76.0, "countline_length": 20 }, "geometry": { "type": "Polygon", "coordinates": [ [ [ 121836.295989167396328, 488195.689035499177407 ], [ 121857.685674072490656, 488180.149520824546926 ], [ 121832.273997133961529, 488133.896612440003082 ], [ 121807.776409293946926, 488147.242313278256916 ], [ 121836.478806987099233, 488192.763950383930933 ], [ 121836.295989167396328, 488195.689035499177407 ] ] ] } },
{ "type": "Feature", "properties": { "sensor": "GASA-01-A1, GASA-01-A2, GASA-01-B en GASA-01-C", "time": "2025-08-20T09:51:00+02:00", "count_line": 25, "location": "IJBoulevard", "count_area": 83.0, "countline_length": 20 }, "geometry": { "type": "Polygon", "coordinates": [ [ [ 121836.295989167396328, 488195.689035499177407 ], [ 121857.685674072490656, 488180.149520824546926 ], [ 121832.273997133961529, 488133.896612440003082 ], [ 121807.776409293946926, 488147.242313278256916 ], [ 121836.478806987099233, 488192.763950383930933 ], [ 121836.295989167396328, 488195.689035499177407 ] ] ] } },
{ "type": "Feature", "properties": { "sensor": "GASA-01-A1, GASA-01-A2, GASA-01-B en GASA-01-C", "time": "2025-08-20T09:52:00+02:00", "count_line": 18, "location": "IJBoulevard", "count_area": 71.0, "countline_length": 20 }, "geometry": { "type": "Polygon", "coordinates": [ [ [ 121836.295989167396328, 488195.689035499177407 ], [ 121857.685674072490656, 488180.149520824546926 ], [ 121832.273997133961529, 488133.896612440003082 ], [ 121807.776409293946926, 488147.242313278256916 ], [ 121836.478806987099233, 488192.763950383930933 ], [ 121836.295989167396328, 488195.689035499177407 ] ] ] } },
{ "type": "Feature", "properties": { "sensor": "GASA-01-A1, GASA-01-A2, GASA-01-B en GASA-01-C", "time": "2025-08-20T09:54:00+02:00", "count_line": 42, "location": "IJBoulevard", "count_area": 155.0, "countline_length": 20 }, "geometry": { "type": "Polygon", "coordinates": [ [ [ 121836.295989167396328, 488195.689035499177407 ], [ 121857.685674072490656, 488180.149520824546926 ], [ 121832.273997133961529, 488133.896612440003082 ], [ 121807.776409293946926, 488147.242313278256916 ], [ 121836.478806987099233, 488192.763950383930933 ], [ 121836.295989167396328, 488195.689035499177407 ] ] ] } },
{ "type": "Feature", "properties": { "sensor": "GASA-01-A1, GASA-01-A2, GASA-01-B en GASA-01-C", "time": "2025-08-20T09:55:00+02:00", "count_line": 39, "location": "IJBoulevard", "count_area": 134.0, "countline_length": 20 }, "geometry": { "type": "Polygon", "coordinates": [ [ [ 121836.295989167396328, 488195.689035499177407 ], [ 121857.685674072490656, 488180.149520824546926 ], [ 121832.273997133961529, 488133.896612440003082 ], [ 121807.776409293946926, 488147.242313278256916 ], [ 121836.478806987099233, 488192.763950383930933 ], [ 121836.295989167396328, 488195.689035499177407 ] ] ] } },
{ "type": "Feature", "properties": { "sensor": "GASA-01-A1, GASA-01-A2, GASA-01-B en GASA-01-C", "time": "2025-08-20T09:56:00+02:00", "count_line": 11, "location": "IJBoulevard", "count_area": 38.0, "countline_length": 20 }, "geometry": { "type": "Polygon", "coordinates": [ [ [ 121836.295989167396328, 488195.689035499177407 ], [ 121857.685674072490656, 488180.149520824546926 ], [ 121832.273997133961529, 488133.896612440003082 ], [ 121807.776409293946926, 488147.242313278256916 ], [ 121836.478806987099233, 488192.763950383930933 ], [ 121836.295989167396328, 488195.689035499177407 ] ] ] } },
{ "type": "Feature", "properties": { "sensor": "GASA-01-A1, GASA-01-A2, GASA-01-B en GASA-01-C", "time": "2025-08-20T09:57:00+02:00", "count_line": 37, "location": "IJBoulevard", "count_area": 138.0, "countline_length": 20 }, "geometry": { "type": "Polygon", "coordinates": [ [ [ 121836.295989167396328, 488195.689035499177407 ], [ 121857.685674072490656, 488180.149520824546926 ], [ 121832.273997133961529, 488133.896612440003082 ], [ 121807.776409293946926, 488147.242313278256916 ], [ 121836.478806987099233, 488192.763950383930933 ], [ 121836.295989167396328, 488195.689035499177407 ] ] ] } },
{ "type": "Feature", "properties": { "sensor": "GASA-01-A1, GASA-01-A2, GASA-01-B en GASA-01-C", "time": "2025-08-20T09:58:00+02:00", "count_line": 13, "location": "IJBoulevard", "count_area": 46.0, "countline_length": 20 }, "geometry": { "type": "Polygon", "coordinates": [ [ [ 121836.295989167396328, 488195.689035499177407 ], [ 121857.685674072490656, 488180.149520824546926 ], [ 121832.273997133961529, 488133.896612440003082 ], [ 121807.776409293946926, 488147.242313278256916 ], [ 121836.478806987099233, 488192.763950383930933 ], [ 121836.295989167396328, 488195.689035499177407 ] ] ] } },
{ "type": "Feature", "properties": { "sensor": "GASA-01-A1, GASA-01-A2, GASA-01-B en GASA-01-C", "time": "2025-08-20T09:59:00+02:00", "count_line": 22, "location": "IJBoulevard", "count_area": 71.0, "countline_length": 20 }, "geometry": { "type": "Polygon", "coordinates": [ [ [ 121836.295989167396328, 488195.689035499177407 ], [ 121857.685674072490656, 488180.149520824546926 ], [ 121832.273997133961529, 488133.896612440003082 ], [ 121807.776409293946926, 488147.242313278256916 ], [ 121836.478806987099233, 488192.763950383930933 ], [ 121836.295989167396328, 488195.689035499177407 ] ] ] } },
{ "type": "Feature", "properties": { "sensor": "GASA-01-A1, GASA-01-A2, GASA-01-B en GASA-01-C", "time": "2025-08-20T10:00:00+02:00", "count_line": 22, "location": "IJBoulevard", "count_area": 86.0, "countline_length": 20 }, "geometry": { "type": "Polygon", "coordinates": [ [ [ 121836.295989167396328, 488195.689035499177407 ], [ 121857.685674072490656, 488180.149520824546926 ], [ 121832.273997133961529, 488133.896612440003082 ], [ 121807.776409293946926, 488147.242313278256916 ], [ 121836.478806987099233, 488192.763950383930933 ], [ 121836.295989167396328, 488195.689035499177407 ] ] ] } },
{ "type": "Feature", "properties": { "sensor": "GASA-01-A1, GASA-01-A2, GASA-01-B en GASA-01-C", "time": "2025-08-20T10:01:00+02:00", "count_line": 24, "location": "IJBoulevard", "count_area": 87.0, "countline_length": 20 }, "geometry": { "type": "Polygon", "coordinates": [ [ [ 121836.295989167396328, 488195.689035499177407 ], [ 121857.685674072490656, 488180.149520824546926 ], [ 121832.273997133961529, 488133.896612440003082 ], [ 121807.776409293946926, 488147.242313278256916 ], [ 121836.478806987099233, 488192.763950383930933 ], [ 121836.295989167396328, 488195.689035499177407 ] ] ] } },
{ "type": "Feature", "properties": { "sensor": "GASA-01-A1, GASA-01-A2, GASA-01-B en GASA-01-C", "time": "2025-08-20T10:02:00+02:00", "count_line": 48, "location": "IJBoulevard", "count_area": 181.0, "countline_length": 20 }, "geometry": { "type": "Polygon", "coordinates": [ [ [ 121836.295989167396328, 488195.689035499177407 ], [ 121857.685674072490656, 488180.149520824546926 ], [ 121832.273997133961529, 488133.896612440003082 ], [ 121807.776409293946926, 488147.242313278256916 ], [ 121836.478806987099233, 488192.763950383930933 ], [ 121836.295989167396328, 488195.689035499177407 ] ] ] } },
{ "type": "Feature", "properties": { "sensor": "GASA-01-A1, GASA-01-A2, GASA-01-B en GASA-01-C", "time": "2025-08-20T10:04:00+02:00", "count_line": 118, "location": "IJBoulevard", "count_area": 415.0, "countline_length": 20 }, "geometry": { "type": "Polygon", "coordinates": [ [ [ 121836.295989167396328, 488195.689035499177407 ], [ 121857.685674072490656, 488180.149520824546926 ], [ 121832.273997133961529, 488133.896612440003082 ], [ 121807.776409293946926, 488147.242313278256916 ], [ 121836.478806987099233, 488192.763950383930933 ], [ 121836.295989167396328, 488195.689035499177407 ] ] ] } },
{ "type": "Feature", "properties": { "sensor": "GASA-01-A1, GASA-01-A2, GASA-01-B en GASA-01-C", "time": "2025-08-20T10:05:00+02:00", "count_line": 36, "location": "IJBoulevard", "count_area": 108.0, "countline_length": 20 }, "geometry": { "type": "Polygon", "coordinates": [ [ [ 121836.295989167396328, 488195.689035499177407 ], [ 121857.685674072490656, 488180.149520824546926 ], [ 121832.273997133961529, 488133.896612440003082 ], [ 121807.776409293946926, 488147.242313278256916 ], [ 121836.478806987099233, 488192.763950383930933 ], [ 121836.295989167396328, 488195.689035499177407 ] ] ] } },
{ "type": "Feature", "properties": { "sensor": "GASA-01-A1, GASA-01-A2, GASA-01-B en GASA-01-C", "time": "2025-08-20T10:06:00+02:00", "count_line": 33, "location": "IJBoulevard", "count_area": 102.0, "countline_length": 20 }, "geometry": { "type": "Polygon", "coordinates": [ [ [ 121836.295989167396328, 488195.689035499177407 ], [ 121857.685674072490656, 488180.149520824546926 ], [ 121832.273997133961529, 488133.896612440003082 ], [ 121807.776409293946926, 488147.242313278256916 ], [ 121836.478806987099233, 488192.763950383930933 ], [ 121836.295989167396328, 488195.689035499177407 ] ] ] } },
{ "type": "Feature", "properties": { "sensor": "GASA-01-A1, GASA-01-A2, GASA-01-B en GASA-01-C", "time": "2025-08-20T10:07:00+02:00", "count_line": 47, "location": "IJBoulevard", "count_area": 180.0, "countline_length": 20 }, "geometry": { "type": "Polygon", "coordinates": [ [ [ 121836.295989167396328, 488195.689035499177407 ], [ 121857.685674072490656, 488180.149520824546926 ], [ 121832.273997133961529, 488133.896612440003082 ], [ 121807.776409293946926, 488147.242313278256916 ], [ 121836.478806987099233, 488192.763950383930933 ], [ 121836.295989167396328, 488195.689035499177407 ] ] ] } },
{ "type": "Feature", "properties": { "sensor": "GASA-01-A1, GASA-01-A2, GASA-01-B en GASA-01-C", "time": "2025-08-20T10:08:00+02:00", "count_line": 37, "location": "IJBoulevard", "count_area": 147.0, "countline_length": 20 }, "geometry": { "type": "Polygon", "coordinates": [ [ [ 121836.295989167396328, 488195.689035499177407 ], [ 121857.685674072490656, 488180.149520824546926 ], [ 121832.273997133961529, 488133.896612440003082 ], [ 121807.776409293946926, 488147.242313278256916 ], [ 121836.478806987099233, 488192.763950383930933 ], [ 121836.295989167396328, 488195.689035499177407 ] ] ] } },
{ "type": "Feature", "properties": { "sensor": "GASA-01-A1, GASA-01-A2, GASA-01-B en GASA-01-C", "time": "2025-08-20T10:09:00+02:00", "count_line": 32, "location": "IJBoulevard", "count_area": 121.0, "countline_length": 20 }, "geometry": { "type": "Polygon", "coordinates": [ [ [ 121836.295989167396328, 488195.689035499177407 ], [ 121857.685674072490656, 488180.149520824546926 ], [ 121832.273997133961529, 488133.896612440003082 ], [ 121807.776409293946926, 488147.242313278256916 ], [ 121836.478806987099233, 488192.763950383930933 ], [ 121836.295989167396328, 488195.689035499177407 ] ] ] } },
{ "type": "Feature", "properties": { "sensor": "GASA-01-A1, GASA-01-A2, GASA-01-B en GASA-01-C", "time": "2025-08-20T10:10:00+02:00", "count_line": 53, "location": "IJBoulevard", "count_area": 184.0, "countline_length": 20 }, "geometry": { "type": "Polygon", "coordinates": [ [ [ 121836.295989167396328, 488195.689035499177407 ], [ 121857.685674072490656, 488180.149520824546926 ], [ 121832.273997133961529, 488133.896612440003082 ], [ 121807.776409293946926, 488147.242313278256916 ], [ 121836.478806987099233, 488192.763950383930933 ], [ 121836.295989167396328, 488195.689035499177407 ] ] ] } },
{ "type": "Feature", "properties": { "sensor": "GASA-01-A1, GASA-01-A2, GASA-01-B en GASA-01-C", "time": "2025-08-20T10:11:00+02:00", "count_line": 52, "location": "IJBoulevard", "count_area": 185.0, "countline_length": 20 }, "geometry": { "type": "Polygon", "coordinates": [ [ [ 121836.295989167396328, 488195.689035499177407 ], [ 121857.685674072490656, 488180.149520824546926 ], [ 121832.273997133961529, 488133.896612440003082 ], [ 121807.776409293946926, 488147.242313278256916 ], [ 121836.478806987099233, 488192.763950383930933 ], [ 121836.295989167396328, 488195.689035499177407 ] ] ] } },
{ "type": "Feature", "properties": { "sensor": "GASA-01-A1, GASA-01-A2, GASA-01-B en GASA-01-C", "time": "2025-08-20T10:12:00+02:00", "count_line": 45, "location": "IJBoulevard", "count_area": 168.0, "countline_length": 20 }, "geometry": { "type": "Polygon", "coordinates": [ [ [ 121836.295989167396328, 488195.689035499177407 ], [ 121857.685674072490656, 488180.149520824546926 ], [ 121832.273997133961529, 488133.896612440003082 ], [ 121807.776409293946926, 488147.242313278256916 ], [ 121836.478806987099233, 488192.763950383930933 ], [ 121836.295989167396328, 488195.689035499177407 ] ] ] } },
{ "type": "Feature", "properties": { "sensor": "GASA-01-A1, GASA-01-A2, GASA-01-B en GASA-01-C", "time": "2025-08-20T10:14:00+02:00", "count_line": 70, "location": "IJBoulevard", "count_area": 257.0, "countline_length": 20 }, "geometry": { "type": "Polygon", "coordinates": [ [ [ 121836.295989167396328, 488195.689035499177407 ], [ 121857.685674072490656, 488180.149520824546926 ], [ 121832.273997133961529, 488133.896612440003082 ], [ 121807.776409293946926, 488147.242313278256916 ], [ 121836.478806987099233, 488192.763950383930933 ], [ 121836.295989167396328, 488195.689035499177407 ] ] ] } },
{ "type": "Feature", "properties": { "sensor": "GASA-01-A1, GASA-01-A2, GASA-01-B en GASA-01-C", "time": "2025-08-20T10:15:00+02:00", "count_line": 53, "location": "IJBoulevard", "count_area": 173.0, "countline_length": 20 }, "geometry": { "type": "Polygon", "coordinates": [ [ [ 121836.295989167396328, 488195.689035499177407 ], [ 121857.685674072490656, 488180.149520824546926 ], [ 121832.273997133961529, 488133.896612440003082 ], [ 121807.776409293946926, 488147.242313278256916 ], [ 121836.478806987099233, 488192.763950383930933 ], [ 121836.295989167396328, 488195.689035499177407 ] ] ] } },
{ "type": "Feature", "properties": { "sensor": "GASA-01-A1, GASA-01-A2, GASA-01-B en GASA-01-C", "time": "2025-08-20T10:16:00+02:00", "count_line": 50, "location": "IJBoulevard", "count_area": 188.0, "countline_length": 20 }, "geometry": { "type": "Polygon", "coordinates": [ [ [ 121836.295989167396328, 488195.689035499177407 ], [ 121857.685674072490656, 488180.149520824546926 ], [ 121832.273997133961529, 488133.896612440003082 ], [ 121807.776409293946926, 488147.242313278256916 ], [ 121836.478806987099233, 488192.763950383930933 ], [ 121836.295989167396328, 488195.689035499177407 ] ] ] } },
{ "type": "Feature", "properties": { "sensor": "GASA-01-A1, GASA-01-A2, GASA-01-B en GASA-01-C", "time": "2025-08-20T10:17:00+02:00", "count_line": 45, "location": "IJBoulevard", "count_area": 142.0, "countline_length": 20 }, "geometry": { "type": "Polygon", "coordinates": [ [ [ 121836.295989167396328, 488195.689035499177407 ], [ 121857.685674072490656, 488180.149520824546926 ], [ 121832.273997133961529, 488133.896612440003082 ], [ 121807.776409293946926, 488147.242313278256916 ], [ 121836.478806987099233, 488192.763950383930933 ], [ 121836.295989167396328, 488195.689035499177407 ] ] ] } },
{ "type": "Feature", "properties": { "sensor": "GASA-01-A1, GASA-01-A2, GASA-01-B en GASA-01-C", "time": "2025-08-20T10:18:00+02:00", "count_line": 63, "location": "IJBoulevard", "count_area": 190.0, "countline_length": 20 }, "geometry": { "type": "Polygon", "coordinates": [ [ [ 121836.295989167396328, 488195.689035499177407 ], [ 121857.685674072490656, 488180.149520824546926 ], [ 121832.273997133961529, 488133.896612440003082 ], [ 121807.776409293946926, 488147.242313278256916 ], [ 121836.478806987099233, 488192.763950383930933 ], [ 121836.295989167396328, 488195.689035499177407 ] ] ] } },
{ "type": "Feature", "properties": { "sensor": "GASA-01-A1, GASA-01-A2, GASA-01-B en GASA-01-C", "time": "2025-08-20T10:19:00+02:00", "count_line": 47, "location": "IJBoulevard", "count_area": 162.0, "countline_length": 20 }, "geometry": { "type": "Polygon", "coordinates": [ [ [ 121836.295989167396328, 488195.689035499177407 ], [ 121857.685674072490656, 488180.149520824546926 ], [ 121832.273997133961529, 488133.896612440003082 ], [ 121807.776409293946926, 488147.242313278256916 ], [ 121836.478806987099233, 488192.763950383930933 ], [ 121836.295989167396328, 488195.689035499177407 ] ] ] } },
{ "type": "Feature", "properties": { "sensor": "GASA-01-A1, GASA-01-A2, GASA-01-B en GASA-01-C", "time": "2025-08-20T10:20:00+02:00", "count_line": 34, "location": "IJBoulevard", "count_area": 124.0, "countline_length": 20 }, "geometry": { "type": "Polygon", "coordinates": [ [ [ 121836.295989167396328, 488195.689035499177407 ], [ 121857.685674072490656, 488180.149520824546926 ], [ 121832.273997133961529, 488133.896612440003082 ], [ 121807.776409293946926, 488147.242313278256916 ], [ 121836.478806987099233, 488192.763950383930933 ], [ 121836.295989167396328, 488195.689035499177407 ] ] ] } },
{ "type": "Feature", "properties": { "sensor": "GASA-01-A1, GASA-01-A2, GASA-01-B en GASA-01-C", "time": "2025-08-20T10:21:00+02:00", "count_line": 46, "location": "IJBoulevard", "count_area": 148.0, "countline_length": 20 }, "geometry": { "type": "Polygon", "coordinates": [ [ [ 121836.295989167396328, 488195.689035499177407 ], [ 121857.685674072490656, 488180.149520824546926 ], [ 121832.273997133961529, 488133.896612440003082 ], [ 121807.776409293946926, 488147.242313278256916 ], [ 121836.478806987099233, 488192.763950383930933 ], [ 121836.295989167396328, 488195.689035499177407 ] ] ] } },
{ "type": "Feature", "properties": { "sensor": "GASA-01-A1, GASA-01-A2, GASA-01-B en GASA-01-C", "time": "2025-08-20T10:22:00+02:00", "count_line": 37, "location": "IJBoulevard", "count_area": 146.0, "countline_length": 20 }, "geometry": { "type": "Polygon", "coordinates": [ [ [ 121836.295989167396328, 488195.689035499177407 ], [ 121857.685674072490656, 488180.149520824546926 ], [ 121832.273997133961529, 488133.896612440003082 ], [ 121807.776409293946926, 488147.242313278256916 ], [ 121836.478806987099233, 488192.763950383930933 ], [ 121836.295989167396328, 488195.689035499177407 ] ] ] } },
{ "type": "Feature", "properties": { "sensor": "GASA-01-A1, GASA-01-A2, GASA-01-B en GASA-01-C", "time": "2025-08-20T10:24:00+02:00", "count_line": 68, "location": "IJBoulevard", "count_area": 218.0, "countline_length": 20 }, "geometry": { "type": "Polygon", "coordinates": [ [ [ 121836.295989167396328, 488195.689035499177407 ], [ 121857.685674072490656, 488180.149520824546926 ], [ 121832.273997133961529, 488133.896612440003082 ], [ 121807.776409293946926, 488147.242313278256916 ], [ 121836.478806987099233, 488192.763950383930933 ], [ 121836.295989167396328, 488195.689035499177407 ] ] ] } },
{ "type": "Feature", "properties": { "sensor": "GASA-01-A1, GASA-01-A2, GASA-01-B en GASA-01-C", "time": "2025-08-20T10:25:00+02:00", "count_line": 31, "location": "IJBoulevard", "count_area": 105.0, "countline_length": 20 }, "geometry": { "type": "Polygon", "coordinates": [ [ [ 121836.295989167396328, 488195.689035499177407 ], [ 121857.685674072490656, 488180.149520824546926 ], [ 121832.273997133961529, 488133.896612440003082 ], [ 121807.776409293946926, 488147.242313278256916 ], [ 121836.478806987099233, 488192.763950383930933 ], [ 121836.295989167396328, 488195.689035499177407 ] ] ] } },
{ "type": "Feature", "properties": { "sensor": "GASA-01-A1, GASA-01-A2, GASA-01-B en GASA-01-C", "time": "2025-08-20T10:26:00+02:00", "count_line": 46, "location": "IJBoulevard", "count_area": 180.0, "countline_length": 20 }, "geometry": { "type": "Polygon", "coordinates": [ [ [ 121836.295989167396328, 488195.689035499177407 ], [ 121857.685674072490656, 488180.149520824546926 ], [ 121832.273997133961529, 488133.896612440003082 ], [ 121807.776409293946926, 488147.242313278256916 ], [ 121836.478806987099233, 488192.763950383930933 ], [ 121836.295989167396328, 488195.689035499177407 ] ] ] } },
{ "type": "Feature", "properties": { "sensor": "GASA-01-A1, GASA-01-A2, GASA-01-B en GASA-01-C", "time": "2025-08-20T10:27:00+02:00", "count_line": 57, "location": "IJBoulevard", "count_area": 193.0, "countline_length": 20 }, "geometry": { "type": "Polygon", "coordinates": [ [ [ 121836.295989167396328, 488195.689035499177407 ], [ 121857.685674072490656, 488180.149520824546926 ], [ 121832.273997133961529, 488133.896612440003082 ], [ 121807.776409293946926, 488147.242313278256916 ], [ 121836.478806987099233, 488192.763950383930933 ], [ 121836.295989167396328, 488195.689035499177407 ] ] ] } },
{ "type": "Feature", "properties": { "sensor": "GASA-01-A1, GASA-01-A2, GASA-01-B en GASA-01-C", "time": "2025-08-20T10:28:00+02:00", "count_line": 54, "location": "IJBoulevard", "count_area": 182.0, "countline_length": 20 }, "geometry": { "type": "Polygon", "coordinates": [ [ [ 121836.295989167396328, 488195.689035499177407 ], [ 121857.685674072490656, 488180.149520824546926 ], [ 121832.273997133961529, 488133.896612440003082 ], [ 121807.776409293946926, 488147.242313278256916 ], [ 121836.478806987099233, 488192.763950383930933 ], [ 121836.295989167396328, 488195.689035499177407 ] ] ] } },
{ "type": "Feature", "properties": { "sensor": "GASA-01-A1, GASA-01-A2, GASA-01-B en GASA-01-C", "time": "2025-08-20T10:29:00+02:00", "count_line": 84, "location": "IJBoulevard", "count_area": 334.0, "countline_length": 20 }, "geometry": { "type": "Polygon", "coordinates": [ [ [ 121836.295989167396328, 488195.689035499177407 ], [ 121857.685674072490656, 488180.149520824546926 ], [ 121832.273997133961529, 488133.896612440003082 ], [ 121807.776409293946926, 488147.242313278256916 ], [ 121836.478806987099233, 488192.763950383930933 ], [ 121836.295989167396328, 488195.689035499177407 ] ] ] } },
{ "type": "Feature", "properties": { "sensor": "GASA-01-A1, GASA-01-A2, GASA-01-B en GASA-01-C", "time": "2025-08-20T10:30:00+02:00", "count_line": 64, "location": "IJBoulevard", "count_area": 244.0, "countline_length": 20 }, "geometry": { "type": "Polygon", "coordinates": [ [ [ 121836.295989167396328, 488195.689035499177407 ], [ 121857.685674072490656, 488180.149520824546926 ], [ 121832.273997133961529, 488133.896612440003082 ], [ 121807.776409293946926, 488147.242313278256916 ], [ 121836.478806987099233, 488192.763950383930933 ], [ 121836.295989167396328, 488195.689035499177407 ] ] ] } },
{ "type": "Feature", "properties": { "sensor": "GASA-01-A1, GASA-01-A2, GASA-01-B en GASA-01-C", "time": "2025-08-20T10:31:00+02:00", "count_line": 58, "location": "IJBoulevard", "count_area": 210.0, "countline_length": 20 }, "geometry": { "type": "Polygon", "coordinates": [ [ [ 121836.295989167396328, 488195.689035499177407 ], [ 121857.685674072490656, 488180.149520824546926 ], [ 121832.273997133961529, 488133.896612440003082 ], [ 121807.776409293946926, 488147.242313278256916 ], [ 121836.478806987099233, 488192.763950383930933 ], [ 121836.295989167396328, 488195.689035499177407 ] ] ] } },
{ "type": "Feature", "properties": { "sensor": "GASA-01-A1, GASA-01-A2, GASA-01-B en GASA-01-C", "time": "2025-08-20T10:32:00+02:00", "count_line": 64, "location": "IJBoulevard", "count_area": 199.0, "countline_length": 20 }, "geometry": { "type": "Polygon", "coordinates": [ [ [ 121836.295989167396328, 488195.689035499177407 ], [ 121857.685674072490656, 488180.149520824546926 ], [ 121832.273997133961529, 488133.896612440003082 ], [ 121807.776409293946926, 488147.242313278256916 ], [ 121836.478806987099233, 488192.763950383930933 ], [ 121836.295989167396328, 488195.689035499177407 ] ] ] } },
{ "type": "Feature", "properties": { "sensor": "GASA-01-A1, GASA-01-A2, GASA-01-B en GASA-01-C", "time": "2025-08-20T10:34:00+02:00", "count_line": 87, "location": "IJBoulevard", "count_area": 267.0, "countline_length": 20 }, "geometry": { "type": "Polygon", "coordinates": [ [ [ 121836.295989167396328, 488195.689035499177407 ], [ 121857.685674072490656, 488180.149520824546926 ], [ 121832.273997133961529, 488133.896612440003082 ], [ 121807.776409293946926, 488147.242313278256916 ], [ 121836.478806987099233, 488192.763950383930933 ], [ 121836.295989167396328, 488195.689035499177407 ] ] ] } },
{ "type": "Feature", "properties": { "sensor": "GASA-01-A1, GASA-01-A2, GASA-01-B en GASA-01-C", "time": "2025-08-20T10:35:00+02:00", "count_line": 54, "location": "IJBoulevard", "count_area": 215.0, "countline_length": 20 }, "geometry": { "type": "Polygon", "coordinates": [ [ [ 121836.295989167396328, 488195.689035499177407 ], [ 121857.685674072490656, 488180.149520824546926 ], [ 121832.273997133961529, 488133.896612440003082 ], [ 121807.776409293946926, 488147.242313278256916 ], [ 121836.478806987099233, 488192.763950383930933 ], [ 121836.295989167396328, 488195.689035499177407 ] ] ] } },
{ "type": "Feature", "properties": { "sensor": "GASA-01-A1, GASA-01-A2, GASA-01-B en GASA-01-C", "time": "2025-08-20T10:36:00+02:00", "count_line": 44, "location": "IJBoulevard", "count_area": 168.0, "countline_length": 20 }, "geometry": { "type": "Polygon", "coordinates": [ [ [ 121836.295989167396328, 488195.689035499177407 ], [ 121857.685674072490656, 488180.149520824546926 ], [ 121832.273997133961529, 488133.896612440003082 ], [ 121807.776409293946926, 488147.242313278256916 ], [ 121836.478806987099233, 488192.763950383930933 ], [ 121836.295989167396328, 488195.689035499177407 ] ] ] } },
{ "type": "Feature", "properties": { "sensor": "GASA-01-A1, GASA-01-A2, GASA-01-B en GASA-01-C", "time": "2025-08-20T10:37:00+02:00", "count_line": 59, "location": "IJBoulevard", "count_area": 202.0, "countline_length": 20 }, "geometry": { "type": "Polygon", "coordinates": [ [ [ 121836.295989167396328, 488195.689035499177407 ], [ 121857.685674072490656, 488180.149520824546926 ], [ 121832.273997133961529, 488133.896612440003082 ], [ 121807.776409293946926, 488147.242313278256916 ], [ 121836.478806987099233, 488192.763950383930933 ], [ 121836.295989167396328, 488195.689035499177407 ] ] ] } },
{ "type": "Feature", "properties": { "sensor": "GASA-01-A1, GASA-01-A2, GASA-01-B en GASA-01-C", "time": "2025-08-20T10:38:00+02:00", "count_line": 53, "location": "IJBoulevard", "count_area": 184.0, "countline_length": 20 }, "geometry": { "type": "Polygon", "coordinates": [ [ [ 121836.295989167396328, 488195.689035499177407 ], [ 121857.685674072490656, 488180.149520824546926 ], [ 121832.273997133961529, 488133.896612440003082 ], [ 121807.776409293946926, 488147.242313278256916 ], [ 121836.478806987099233, 488192.763950383930933 ], [ 121836.295989167396328, 488195.689035499177407 ] ] ] } },
{ "type": "Feature", "properties": { "sensor": "GASA-01-A1, GASA-01-A2, GASA-01-B en GASA-01-C", "time": "2025-08-20T10:39:00+02:00", "count_line": 51, "location": "IJBoulevard", "count_area": 197.0, "countline_length": 20 }, "geometry": { "type": "Polygon", "coordinates": [ [ [ 121836.295989167396328, 488195.689035499177407 ], [ 121857.685674072490656, 488180.149520824546926 ], [ 121832.273997133961529, 488133.896612440003082 ], [ 121807.776409293946926, 488147.242313278256916 ], [ 121836.478806987099233, 488192.763950383930933 ], [ 121836.295989167396328, 488195.689035499177407 ] ] ] } },
{ "type": "Feature", "properties": { "sensor": "GASA-01-A1, GASA-01-A2, GASA-01-B en GASA-01-C", "time": "2025-08-20T10:40:00+02:00", "count_line": 65, "location": "IJBoulevard", "count_area": 247.0, "countline_length": 20 }, "geometry": { "type": "Polygon", "coordinates": [ [ [ 121836.295989167396328, 488195.689035499177407 ], [ 121857.685674072490656, 488180.149520824546926 ], [ 121832.273997133961529, 488133.896612440003082 ], [ 121807.776409293946926, 488147.242313278256916 ], [ 121836.478806987099233, 488192.763950383930933 ], [ 121836.295989167396328, 488195.689035499177407 ] ] ] } },
{ "type": "Feature", "properties": { "sensor": "GASA-01-A1, GASA-01-A2, GASA-01-B en GASA-01-C", "time": "2025-08-20T10:41:00+02:00", "count_line": 67, "location": "IJBoulevard", "count_area": 250.0, "countline_length": 20 }, "geometry": { "type": "Polygon", "coordinates": [ [ [ 121836.295989167396328, 488195.689035499177407 ], [ 121857.685674072490656, 488180.149520824546926 ], [ 121832.273997133961529, 488133.896612440003082 ], [ 121807.776409293946926, 488147.242313278256916 ], [ 121836.478806987099233, 488192.763950383930933 ], [ 121836.295989167396328, 488195.689035499177407 ] ] ] } },
{ "type": "Feature", "properties": { "sensor": "GASA-01-A1, GASA-01-A2, GASA-01-B en GASA-01-C", "time": "2025-08-20T10:42:00+02:00", "count_line": 52, "location": "IJBoulevard", "count_area": 173.0, "countline_length": 20 }, "geometry": { "type": "Polygon", "coordinates": [ [ [ 121836.295989167396328, 488195.689035499177407 ], [ 121857.685674072490656, 488180.149520824546926 ], [ 121832.273997133961529, 488133.896612440003082 ], [ 121807.776409293946926, 488147.242313278256916 ], [ 121836.478806987099233, 488192.763950383930933 ], [ 121836.295989167396328, 488195.689035499177407 ] ] ] } },
{ "type": "Feature", "properties": { "sensor": "GASA-01-A1, GASA-01-A2, GASA-01-B en GASA-01-C", "time": "2025-08-20T10:44:00+02:00", "count_line": 168, "location": "IJBoulevard", "count_area": 535.0, "countline_length": 20 }, "geometry": { "type": "Polygon", "coordinates": [ [ [ 121836.295989167396328, 488195.689035499177407 ], [ 121857.685674072490656, 488180.149520824546926 ], [ 121832.273997133961529, 488133.896612440003082 ], [ 121807.776409293946926, 488147.242313278256916 ], [ 121836.478806987099233, 488192.763950383930933 ], [ 121836.295989167396328, 488195.689035499177407 ] ] ] } },
{ "type": "Feature", "properties": { "sensor": "GASA-01-A1, GASA-01-A2, GASA-01-B en GASA-01-C", "time": "2025-08-20T10:45:00+02:00", "count_line": 50, "location": "IJBoulevard", "count_area": 197.0, "countline_length": 20 }, "geometry": { "type": "Polygon", "coordinates": [ [ [ 121836.295989167396328, 488195.689035499177407 ], [ 121857.685674072490656, 488180.149520824546926 ], [ 121832.273997133961529, 488133.896612440003082 ], [ 121807.776409293946926, 488147.242313278256916 ], [ 121836.478806987099233, 488192.763950383930933 ], [ 121836.295989167396328, 488195.689035499177407 ] ] ] } },
{ "type": "Feature", "properties": { "sensor": "GASA-01-A1, GASA-01-A2, GASA-01-B en GASA-01-C", "time": "2025-08-20T10:46:00+02:00", "count_line": 88, "location": "IJBoulevard", "count_area": 347.0, "countline_length": 20 }, "geometry": { "type": "Polygon", "coordinates": [ [ [ 121836.295989167396328, 488195.689035499177407 ], [ 121857.685674072490656, 488180.149520824546926 ], [ 121832.273997133961529, 488133.896612440003082 ], [ 121807.776409293946926, 488147.242313278256916 ], [ 121836.478806987099233, 488192.763950383930933 ], [ 121836.295989167396328, 488195.689035499177407 ] ] ] } },
{ "type": "Feature", "properties": { "sensor": "GASA-01-A1, GASA-01-A2, GASA-01-B en GASA-01-C", "time": "2025-08-20T10:47:00+02:00", "count_line": 43, "location": "IJBoulevard", "count_area": 149.0, "countline_length": 20 }, "geometry": { "type": "Polygon", "coordinates": [ [ [ 121836.295989167396328, 488195.689035499177407 ], [ 121857.685674072490656, 488180.149520824546926 ], [ 121832.273997133961529, 488133.896612440003082 ], [ 121807.776409293946926, 488147.242313278256916 ], [ 121836.478806987099233, 488192.763950383930933 ], [ 121836.295989167396328, 488195.689035499177407 ] ] ] } },
{ "type": "Feature", "properties": { "sensor": "GASA-01-A1, GASA-01-A2, GASA-01-B en GASA-01-C", "time": "2025-08-20T10:48:00+02:00", "count_line": 53, "location": "IJBoulevard", "count_area": 175.0, "countline_length": 20 }, "geometry": { "type": "Polygon", "coordinates": [ [ [ 121836.295989167396328, 488195.689035499177407 ], [ 121857.685674072490656, 488180.149520824546926 ], [ 121832.273997133961529, 488133.896612440003082 ], [ 121807.776409293946926, 488147.242313278256916 ], [ 121836.478806987099233, 488192.763950383930933 ], [ 121836.295989167396328, 488195.689035499177407 ] ] ] } },
{ "type": "Feature", "properties": { "sensor": "GASA-01-A1, GASA-01-A2, GASA-01-B en GASA-01-C", "time": "2025-08-20T10:49:00+02:00", "count_line": 14, "location": "IJBoulevard", "count_area": 45.0, "countline_length": 20 }, "geometry": { "type": "Polygon", "coordinates": [ [ [ 121836.295989167396328, 488195.689035499177407 ], [ 121857.685674072490656, 488180.149520824546926 ], [ 121832.273997133961529, 488133.896612440003082 ], [ 121807.776409293946926, 488147.242313278256916 ], [ 121836.478806987099233, 488192.763950383930933 ], [ 121836.295989167396328, 488195.689035499177407 ] ] ] } },
{ "type": "Feature", "properties": { "sensor": "GASA-01-A1, GASA-01-A2, GASA-01-B en GASA-01-C", "time": "2025-08-20T10:50:00+02:00", "count_line": 84, "location": "IJBoulevard", "count_area": 280.0, "countline_length": 20 }, "geometry": { "type": "Polygon", "coordinates": [ [ [ 121836.295989167396328, 488195.689035499177407 ], [ 121857.685674072490656, 488180.149520824546926 ], [ 121832.273997133961529, 488133.896612440003082 ], [ 121807.776409293946926, 488147.242313278256916 ], [ 121836.478806987099233, 488192.763950383930933 ], [ 121836.295989167396328, 488195.689035499177407 ] ] ] } },
{ "type": "Feature", "properties": { "sensor": "GASA-01-A1, GASA-01-A2, GASA-01-B en GASA-01-C", "time": "2025-08-20T10:51:00+02:00", "count_line": 8, "location": "IJBoulevard", "count_area": 30.0, "countline_length": 20 }, "geometry": { "type": "Polygon", "coordinates": [ [ [ 121836.295989167396328, 488195.689035499177407 ], [ 121857.685674072490656, 488180.149520824546926 ], [ 121832.273997133961529, 488133.896612440003082 ], [ 121807.776409293946926, 488147.242313278256916 ], [ 121836.478806987099233, 488192.763950383930933 ], [ 121836.295989167396328, 488195.689035499177407 ] ] ] } },
{ "type": "Feature", "properties": { "sensor": "GASA-01-A1, GASA-01-A2, GASA-01-B en GASA-01-C", "time": "2025-08-20T10:52:00+02:00", "count_line": 92, "location": "IJBoulevard", "count_area": 304.0, "countline_length": 20 }, "geometry": { "type": "Polygon", "coordinates": [ [ [ 121836.295989167396328, 488195.689035499177407 ], [ 121857.685674072490656, 488180.149520824546926 ], [ 121832.273997133961529, 488133.896612440003082 ], [ 121807.776409293946926, 488147.242313278256916 ], [ 121836.478806987099233, 488192.763950383930933 ], [ 121836.295989167396328, 488195.689035499177407 ] ] ] } },
{ "type": "Feature", "properties": { "sensor": "GASA-01-A1, GASA-01-A2, GASA-01-B en GASA-01-C", "time": "2025-08-20T10:54:00+02:00", "count_line": 136, "location": "IJBoulevard", "count_area": 418.0, "countline_length": 20 }, "geometry": { "type": "Polygon", "coordinates": [ [ [ 121836.295989167396328, 488195.689035499177407 ], [ 121857.685674072490656, 488180.149520824546926 ], [ 121832.273997133961529, 488133.896612440003082 ], [ 121807.776409293946926, 488147.242313278256916 ], [ 121836.478806987099233, 488192.763950383930933 ], [ 121836.295989167396328, 488195.689035499177407 ] ] ] } },
{ "type": "Feature", "properties": { "sensor": "GASA-01-A1, GASA-01-A2, GASA-01-B en GASA-01-C", "time": "2025-08-20T10:55:00+02:00", "count_line": 73, "location": "IJBoulevard", "count_area": 255.0, "countline_length": 20 }, "geometry": { "type": "Polygon", "coordinates": [ [ [ 121836.295989167396328, 488195.689035499177407 ], [ 121857.685674072490656, 488180.149520824546926 ], [ 121832.273997133961529, 488133.896612440003082 ], [ 121807.776409293946926, 488147.242313278256916 ], [ 121836.478806987099233, 488192.763950383930933 ], [ 121836.295989167396328, 488195.689035499177407 ] ] ] } },
{ "type": "Feature", "properties": { "sensor": "GASA-01-A1, GASA-01-A2, GASA-01-B en GASA-01-C", "time": "2025-08-20T10:56:00+02:00", "count_line": 69, "location": "IJBoulevard", "count_area": 211.0, "countline_length": 20 }, "geometry": { "type": "Polygon", "coordinates": [ [ [ 121836.295989167396328, 488195.689035499177407 ], [ 121857.685674072490656, 488180.149520824546926 ], [ 121832.273997133961529, 488133.896612440003082 ], [ 121807.776409293946926, 488147.242313278256916 ], [ 121836.478806987099233, 488192.763950383930933 ], [ 121836.295989167396328, 488195.689035499177407 ] ] ] } },
{ "type": "Feature", "properties": { "sensor": "GASA-01-A1, GASA-01-A2, GASA-01-B en GASA-01-C", "time": "2025-08-20T10:58:00+02:00", "count_line": 152, "location": "IJBoulevard", "count_area": 560.0, "countline_length": 20 }, "geometry": { "type": "Polygon", "coordinates": [ [ [ 121836.295989167396328, 488195.689035499177407 ], [ 121857.685674072490656, 488180.149520824546926 ], [ 121832.273997133961529, 488133.896612440003082 ], [ 121807.776409293946926, 488147.242313278256916 ], [ 121836.478806987099233, 488192.763950383930933 ], [ 121836.295989167396328, 488195.689035499177407 ] ] ] } },
{ "type": "Feature", "properties": { "sensor": "GASA-01-A1, GASA-01-A2, GASA-01-B en GASA-01-C", "time": "2025-08-20T11:00:00+02:00", "count_line": 120, "location": "IJBoulevard", "count_area": 372.0, "countline_length": 20 }, "geometry": { "type": "Polygon", "coordinates": [ [ [ 121836.295989167396328, 488195.689035499177407 ], [ 121857.685674072490656, 488180.149520824546926 ], [ 121832.273997133961529, 488133.896612440003082 ], [ 121807.776409293946926, 488147.242313278256916 ], [ 121836.478806987099233, 488192.763950383930933 ], [ 121836.295989167396328, 488195.689035499177407 ] ] ] } },
{ "type": "Feature", "properties": { "sensor": "GASA-01-A1, GASA-01-A2, GASA-01-B en GASA-01-C", "time": "2025-08-20T11:02:00+02:00", "count_line": 162, "location": "IJBoulevard", "count_area": 641.0, "countline_length": 20 }, "geometry": { "type": "Polygon", "coordinates": [ [ [ 121836.295989167396328, 488195.689035499177407 ], [ 121857.685674072490656, 488180.149520824546926 ], [ 121832.273997133961529, 488133.896612440003082 ], [ 121807.776409293946926, 488147.242313278256916 ], [ 121836.478806987099233, 488192.763950383930933 ], [ 121836.295989167396328, 488195.689035499177407 ] ] ] } },
{ "type": "Feature", "properties": { "sensor": "GASA-01-A1, GASA-01-A2, GASA-01-B en GASA-01-C", "time": "2025-08-20T11:04:00+02:00", "count_line": 206, "location": "IJBoulevard", "count_area": 808.0, "countline_length": 20 }, "geometry": { "type": "Polygon", "coordinates": [ [ [ 121836.295989167396328, 488195.689035499177407 ], [ 121857.685674072490656, 488180.149520824546926 ], [ 121832.273997133961529, 488133.896612440003082 ], [ 121807.776409293946926, 488147.242313278256916 ], [ 121836.478806987099233, 488192.763950383930933 ], [ 121836.295989167396328, 488195.689035499177407 ] ] ] } },
{ "type": "Feature", "properties": { "sensor": "GASA-01-A1, GASA-01-A2, GASA-01-B en GASA-01-C", "time": "2025-08-20T11:05:00+02:00", "count_line": 92, "location": "IJBoulevard", "count_area": 311.0, "countline_length": 20 }, "geometry": { "type": "Polygon", "coordinates": [ [ [ 121836.295989167396328, 488195.689035499177407 ], [ 121857.685674072490656, 488180.149520824546926 ], [ 121832.273997133961529, 488133.896612440003082 ], [ 121807.776409293946926, 488147.242313278256916 ], [ 121836.478806987099233, 488192.763950383930933 ], [ 121836.295989167396328, 488195.689035499177407 ] ] ] } },
{ "type": "Feature", "properties": { "sensor": "GASA-01-A1, GASA-01-A2, GASA-01-B en GASA-01-C", "time": "2025-08-20T11:06:00+02:00", "count_line": 81, "location": "IJBoulevard", "count_area": 297.0, "countline_length": 20 }, "geometry": { "type": "Polygon", "coordinates": [ [ [ 121836.295989167396328, 488195.689035499177407 ], [ 121857.685674072490656, 488180.149520824546926 ], [ 121832.273997133961529, 488133.896612440003082 ], [ 121807.776409293946926, 488147.242313278256916 ], [ 121836.478806987099233, 488192.763950383930933 ], [ 121836.295989167396328, 488195.689035499177407 ] ] ] } },
{ "type": "Feature", "properties": { "sensor": "GASA-01-A1, GASA-01-A2, GASA-01-B en GASA-01-C", "time": "2025-08-20T11:08:00+02:00", "count_line": 150, "location": "IJBoulevard", "count_area": 497.0, "countline_length": 20 }, "geometry": { "type": "Polygon", "coordinates": [ [ [ 121836.295989167396328, 488195.689035499177407 ], [ 121857.685674072490656, 488180.149520824546926 ], [ 121832.273997133961529, 488133.896612440003082 ], [ 121807.776409293946926, 488147.242313278256916 ], [ 121836.478806987099233, 488192.763950383930933 ], [ 121836.295989167396328, 488195.689035499177407 ] ] ] } },
{ "type": "Feature", "properties": { "sensor": "GASA-01-A1, GASA-01-A2, GASA-01-B en GASA-01-C", "time": "2025-08-20T11:10:00+02:00", "count_line": 158, "location": "IJBoulevard", "count_area": 487.0, "countline_length": 20 }, "geometry": { "type": "Polygon", "coordinates": [ [ [ 121836.295989167396328, 488195.689035499177407 ], [ 121857.685674072490656, 488180.149520824546926 ], [ 121832.273997133961529, 488133.896612440003082 ], [ 121807.776409293946926, 488147.242313278256916 ], [ 121836.478806987099233, 488192.763950383930933 ], [ 121836.295989167396328, 488195.689035499177407 ] ] ] } },
{ "type": "Feature", "properties": { "sensor": "GASA-01-A1, GASA-01-A2, GASA-01-B en GASA-01-C", "time": "2025-08-20T11:12:00+02:00", "count_line": 114, "location": "IJBoulevard", "count_area": 344.0, "countline_length": 20 }, "geometry": { "type": "Polygon", "coordinates": [ [ [ 121836.295989167396328, 488195.689035499177407 ], [ 121857.685674072490656, 488180.149520824546926 ], [ 121832.273997133961529, 488133.896612440003082 ], [ 121807.776409293946926, 488147.242313278256916 ], [ 121836.478806987099233, 488192.763950383930933 ], [ 121836.295989167396328, 488195.689035499177407 ] ] ] } },
{ "type": "Feature", "properties": { "sensor": "GASA-01-A1, GASA-01-A2, GASA-01-B en GASA-01-C", "time": "2025-08-20T11:14:00+02:00", "count_line": 162, "location": "IJBoulevard", "count_area": 625.0, "countline_length": 20 }, "geometry": { "type": "Polygon", "coordinates": [ [ [ 121836.295989167396328, 488195.689035499177407 ], [ 121857.685674072490656, 488180.149520824546926 ], [ 121832.273997133961529, 488133.896612440003082 ], [ 121807.776409293946926, 488147.242313278256916 ], [ 121836.478806987099233, 488192.763950383930933 ], [ 121836.295989167396328, 488195.689035499177407 ] ] ] } },
{ "type": "Feature", "properties": { "sensor": "GASA-01-A1, GASA-01-A2, GASA-01-B en GASA-01-C", "time": "2025-08-20T11:15:00+02:00", "count_line": 117, "location": "IJBoulevard", "count_area": 363.0, "countline_length": 20 }, "geometry": { "type": "Polygon", "coordinates": [ [ [ 121836.295989167396328, 488195.689035499177407 ], [ 121857.685674072490656, 488180.149520824546926 ], [ 121832.273997133961529, 488133.896612440003082 ], [ 121807.776409293946926, 488147.242313278256916 ], [ 121836.478806987099233, 488192.763950383930933 ], [ 121836.295989167396328, 488195.689035499177407 ] ] ] } },
{ "type": "Feature", "properties": { "sensor": "GASA-01-A1, GASA-01-A2, GASA-01-B en GASA-01-C", "time": "2025-08-20T11:16:00+02:00", "count_line": 70, "location": "IJBoulevard", "count_area": 217.0, "countline_length": 20 }, "geometry": { "type": "Polygon", "coordinates": [ [ [ 121836.295989167396328, 488195.689035499177407 ], [ 121857.685674072490656, 488180.149520824546926 ], [ 121832.273997133961529, 488133.896612440003082 ], [ 121807.776409293946926, 488147.242313278256916 ], [ 121836.478806987099233, 488192.763950383930933 ], [ 121836.295989167396328, 488195.689035499177407 ] ] ] } },
{ "type": "Feature", "properties": { "sensor": "GASA-01-A1, GASA-01-A2, GASA-01-B en GASA-01-C", "time": "2025-08-20T11:18:00+02:00", "count_line": 174, "location": "IJBoulevard", "count_area": 602.0, "countline_length": 20 }, "geometry": { "type": "Polygon", "coordinates": [ [ [ 121836.295989167396328, 488195.689035499177407 ], [ 121857.685674072490656, 488180.149520824546926 ], [ 121832.273997133961529, 488133.896612440003082 ], [ 121807.776409293946926, 488147.242313278256916 ], [ 121836.478806987099233, 488192.763950383930933 ], [ 121836.295989167396328, 488195.689035499177407 ] ] ] } },
{ "type": "Feature", "properties": { "sensor": "GASA-01-A1, GASA-01-A2, GASA-01-B en GASA-01-C", "time": "2025-08-20T11:19:00+02:00", "count_line": 6, "location": "IJBoulevard", "count_area": 21.0, "countline_length": 20 }, "geometry": { "type": "Polygon", "coordinates": [ [ [ 121836.295989167396328, 488195.689035499177407 ], [ 121857.685674072490656, 488180.149520824546926 ], [ 121832.273997133961529, 488133.896612440003082 ], [ 121807.776409293946926, 488147.242313278256916 ], [ 121836.478806987099233, 488192.763950383930933 ], [ 121836.295989167396328, 488195.689035499177407 ] ] ] } },
{ "type": "Feature", "properties": { "sensor": "GASA-01-A1, GASA-01-A2, GASA-01-B en GASA-01-C", "time": "2025-08-20T11:20:00+02:00", "count_line": 194, "location": "IJBoulevard", "count_area": 713.0, "countline_length": 20 }, "geometry": { "type": "Polygon", "coordinates": [ [ [ 121836.295989167396328, 488195.689035499177407 ], [ 121857.685674072490656, 488180.149520824546926 ], [ 121832.273997133961529, 488133.896612440003082 ], [ 121807.776409293946926, 488147.242313278256916 ], [ 121836.478806987099233, 488192.763950383930933 ], [ 121836.295989167396328, 488195.689035499177407 ] ] ] } },
{ "type": "Feature", "properties": { "sensor": "GASA-01-A1, GASA-01-A2, GASA-01-B en GASA-01-C", "time": "2025-08-20T11:22:00+02:00", "count_line": 224, "location": "IJBoulevard", "count_area": 718.0, "countline_length": 20 }, "geometry": { "type": "Polygon", "coordinates": [ [ [ 121836.295989167396328, 488195.689035499177407 ], [ 121857.685674072490656, 488180.149520824546926 ], [ 121832.273997133961529, 488133.896612440003082 ], [ 121807.776409293946926, 488147.242313278256916 ], [ 121836.478806987099233, 488192.763950383930933 ], [ 121836.295989167396328, 488195.689035499177407 ] ] ] } },
{ "type": "Feature", "properties": { "sensor": "GASA-01-A1, GASA-01-A2, GASA-01-B en GASA-01-C", "time": "2025-08-20T11:24:00+02:00", "count_line": 152, "location": "IJBoulevard", "count_area": 515.0, "countline_length": 20 }, "geometry": { "type": "Polygon", "coordinates": [ [ [ 121836.295989167396328, 488195.689035499177407 ], [ 121857.685674072490656, 488180.149520824546926 ], [ 121832.273997133961529, 488133.896612440003082 ], [ 121807.776409293946926, 488147.242313278256916 ], [ 121836.478806987099233, 488192.763950383930933 ], [ 121836.295989167396328, 488195.689035499177407 ] ] ] } },
{ "type": "Feature", "properties": { "sensor": "GASA-01-A1, GASA-01-A2, GASA-01-B en GASA-01-C", "time": "2025-08-20T11:25:00+02:00", "count_line": 94, "location": "IJBoulevard", "count_area": 344.0, "countline_length": 20 }, "geometry": { "type": "Polygon", "coordinates": [ [ [ 121836.295989167396328, 488195.689035499177407 ], [ 121857.685674072490656, 488180.149520824546926 ], [ 121832.273997133961529, 488133.896612440003082 ], [ 121807.776409293946926, 488147.242313278256916 ], [ 121836.478806987099233, 488192.763950383930933 ], [ 121836.295989167396328, 488195.689035499177407 ] ] ] } },
{ "type": "Feature", "properties": { "sensor": "GASA-01-A1, GASA-01-A2, GASA-01-B en GASA-01-C", "time": "2025-08-20T11:26:00+02:00", "count_line": 106, "location": "IJBoulevard", "count_area": 389.0, "countline_length": 20 }, "geometry": { "type": "Polygon", "coordinates": [ [ [ 121836.295989167396328, 488195.689035499177407 ], [ 121857.685674072490656, 488180.149520824546926 ], [ 121832.273997133961529, 488133.896612440003082 ], [ 121807.776409293946926, 488147.242313278256916 ], [ 121836.478806987099233, 488192.763950383930933 ], [ 121836.295989167396328, 488195.689035499177407 ] ] ] } },
{ "type": "Feature", "properties": { "sensor": "GASA-01-A1, GASA-01-A2, GASA-01-B en GASA-01-C", "time": "2025-08-20T11:28:00+02:00", "count_line": 182, "location": "IJBoulevard", "count_area": 687.0, "countline_length": 20 }, "geometry": { "type": "Polygon", "coordinates": [ [ [ 121836.295989167396328, 488195.689035499177407 ], [ 121857.685674072490656, 488180.149520824546926 ], [ 121832.273997133961529, 488133.896612440003082 ], [ 121807.776409293946926, 488147.242313278256916 ], [ 121836.478806987099233, 488192.763950383930933 ], [ 121836.295989167396328, 488195.689035499177407 ] ] ] } },
{ "type": "Feature", "properties": { "sensor": "GASA-01-A1, GASA-01-A2, GASA-01-B en GASA-01-C", "time": "2025-08-20T11:30:00+02:00", "count_line": 268, "location": "IJBoulevard", "count_area": 901.0, "countline_length": 20 }, "geometry": { "type": "Polygon", "coordinates": [ [ [ 121836.295989167396328, 488195.689035499177407 ], [ 121857.685674072490656, 488180.149520824546926 ], [ 121832.273997133961529, 488133.896612440003082 ], [ 121807.776409293946926, 488147.242313278256916 ], [ 121836.478806987099233, 488192.763950383930933 ], [ 121836.295989167396328, 488195.689035499177407 ] ] ] } },
{ "type": "Feature", "properties": { "sensor": "GASA-01-A1, GASA-01-A2, GASA-01-B en GASA-01-C", "time": "2025-08-20T11:32:00+02:00", "count_line": 164, "location": "IJBoulevard", "count_area": 511.0, "countline_length": 20 }, "geometry": { "type": "Polygon", "coordinates": [ [ [ 121836.295989167396328, 488195.689035499177407 ], [ 121857.685674072490656, 488180.149520824546926 ], [ 121832.273997133961529, 488133.896612440003082 ], [ 121807.776409293946926, 488147.242313278256916 ], [ 121836.478806987099233, 488192.763950383930933 ], [ 121836.295989167396328, 488195.689035499177407 ] ] ] } },
{ "type": "Feature", "properties": { "sensor": "GASA-01-A1, GASA-01-A2, GASA-01-B en GASA-01-C", "time": "2025-08-20T11:34:00+02:00", "count_line": 206, "location": "IJBoulevard", "count_area": 719.0, "countline_length": 20 }, "geometry": { "type": "Polygon", "coordinates": [ [ [ 121836.295989167396328, 488195.689035499177407 ], [ 121857.685674072490656, 488180.149520824546926 ], [ 121832.273997133961529, 488133.896612440003082 ], [ 121807.776409293946926, 488147.242313278256916 ], [ 121836.478806987099233, 488192.763950383930933 ], [ 121836.295989167396328, 488195.689035499177407 ] ] ] } },
{ "type": "Feature", "properties": { "sensor": "GASA-01-A1, GASA-01-A2, GASA-01-B en GASA-01-C", "time": "2025-08-20T11:36:00+02:00", "count_line": 122, "location": "IJBoulevard", "count_area": 431.0, "countline_length": 20 }, "geometry": { "type": "Polygon", "coordinates": [ [ [ 121836.295989167396328, 488195.689035499177407 ], [ 121857.685674072490656, 488180.149520824546926 ], [ 121832.273997133961529, 488133.896612440003082 ], [ 121807.776409293946926, 488147.242313278256916 ], [ 121836.478806987099233, 488192.763950383930933 ], [ 121836.295989167396328, 488195.689035499177407 ] ] ] } },
{ "type": "Feature", "properties": { "sensor": "GASA-01-A1, GASA-01-A2, GASA-01-B en GASA-01-C", "time": "2025-08-20T11:38:00+02:00", "count_line": 124, "location": "IJBoulevard", "count_area": 454.0, "countline_length": 20 }, "geometry": { "type": "Polygon", "coordinates": [ [ [ 121836.295989167396328, 488195.689035499177407 ], [ 121857.685674072490656, 488180.149520824546926 ], [ 121832.273997133961529, 488133.896612440003082 ], [ 121807.776409293946926, 488147.242313278256916 ], [ 121836.478806987099233, 488192.763950383930933 ], [ 121836.295989167396328, 488195.689035499177407 ] ] ] } },
{ "type": "Feature", "properties": { "sensor": "GASA-01-A1, GASA-01-A2, GASA-01-B en GASA-01-C", "time": "2025-08-20T11:40:00+02:00", "count_line": 242, "location": "IJBoulevard", "count_area": 807.0, "countline_length": 20 }, "geometry": { "type": "Polygon", "coordinates": [ [ [ 121836.295989167396328, 488195.689035499177407 ], [ 121857.685674072490656, 488180.149520824546926 ], [ 121832.273997133961529, 488133.896612440003082 ], [ 121807.776409293946926, 488147.242313278256916 ], [ 121836.478806987099233, 488192.763950383930933 ], [ 121836.295989167396328, 488195.689035499177407 ] ] ] } },
{ "type": "Feature", "properties": { "sensor": "GASA-01-A1, GASA-01-A2, GASA-01-B en GASA-01-C", "time": "2025-08-20T11:42:00+02:00", "count_line": 178, "location": "IJBoulevard", "count_area": 579.0, "countline_length": 20 }, "geometry": { "type": "Polygon", "coordinates": [ [ [ 121836.295989167396328, 488195.689035499177407 ], [ 121857.685674072490656, 488180.149520824546926 ], [ 121832.273997133961529, 488133.896612440003082 ], [ 121807.776409293946926, 488147.242313278256916 ], [ 121836.478806987099233, 488192.763950383930933 ], [ 121836.295989167396328, 488195.689035499177407 ] ] ] } },
{ "type": "Feature", "properties": { "sensor": "GASA-01-A1, GASA-01-A2, GASA-01-B en GASA-01-C", "time": "2025-08-20T11:44:00+02:00", "count_line": 160, "location": "IJBoulevard", "count_area": 567.0, "countline_length": 20 }, "geometry": { "type": "Polygon", "coordinates": [ [ [ 121836.295989167396328, 488195.689035499177407 ], [ 121857.685674072490656, 488180.149520824546926 ], [ 121832.273997133961529, 488133.896612440003082 ], [ 121807.776409293946926, 488147.242313278256916 ], [ 121836.478806987099233, 488192.763950383930933 ], [ 121836.295989167396328, 488195.689035499177407 ] ] ] } },
{ "type": "Feature", "properties": { "sensor": "GASA-01-A1, GASA-01-A2, GASA-01-B en GASA-01-C", "time": "2025-08-20T11:46:00+02:00", "count_line": 214, "location": "IJBoulevard", "count_area": 748.0, "countline_length": 20 }, "geometry": { "type": "Polygon", "coordinates": [ [ [ 121836.295989167396328, 488195.689035499177407 ], [ 121857.685674072490656, 488180.149520824546926 ], [ 121832.273997133961529, 488133.896612440003082 ], [ 121807.776409293946926, 488147.242313278256916 ], [ 121836.478806987099233, 488192.763950383930933 ], [ 121836.295989167396328, 488195.689035499177407 ] ] ] } },
{ "type": "Feature", "properties": { "sensor": "GASA-01-A1, GASA-01-A2, GASA-01-B en GASA-01-C", "time": "2025-08-20T11:48:00+02:00", "count_line": 240, "location": "IJBoulevard", "count_area": 738.0, "countline_length": 20 }, "geometry": { "type": "Polygon", "coordinates": [ [ [ 121836.295989167396328, 488195.689035499177407 ], [ 121857.685674072490656, 488180.149520824546926 ], [ 121832.273997133961529, 488133.896612440003082 ], [ 121807.776409293946926, 488147.242313278256916 ], [ 121836.478806987099233, 488192.763950383930933 ], [ 121836.295989167396328, 488195.689035499177407 ] ] ] } },
{ "type": "Feature", "properties": { "sensor": "GASA-01-A1, GASA-01-A2, GASA-01-B en GASA-01-C", "time": "2025-08-20T11:50:00+02:00", "count_line": 304, "location": "IJBoulevard", "count_area": 1062.0, "countline_length": 20 }, "geometry": { "type": "Polygon", "coordinates": [ [ [ 121836.295989167396328, 488195.689035499177407 ], [ 121857.685674072490656, 488180.149520824546926 ], [ 121832.273997133961529, 488133.896612440003082 ], [ 121807.776409293946926, 488147.242313278256916 ], [ 121836.478806987099233, 488192.763950383930933 ], [ 121836.295989167396328, 488195.689035499177407 ] ] ] } },
{ "type": "Feature", "properties": { "sensor": "GASA-01-A1, GASA-01-A2, GASA-01-B en GASA-01-C", "time": "2025-08-20T11:52:00+02:00", "count_line": 140, "location": "IJBoulevard", "count_area": 542.0, "countline_length": 20 }, "geometry": { "type": "Polygon", "coordinates": [ [ [ 121836.295989167396328, 488195.689035499177407 ], [ 121857.685674072490656, 488180.149520824546926 ], [ 121832.273997133961529, 488133.896612440003082 ], [ 121807.776409293946926, 488147.242313278256916 ], [ 121836.478806987099233, 488192.763950383930933 ], [ 121836.295989167396328, 488195.689035499177407 ] ] ] } },
{ "type": "Feature", "properties": { "sensor": "GASA-01-A1, GASA-01-A2, GASA-01-B en GASA-01-C", "time": "2025-08-20T11:54:00+02:00", "count_line": 188, "location": "IJBoulevard", "count_area": 649.0, "countline_length": 20 }, "geometry": { "type": "Polygon", "coordinates": [ [ [ 121836.295989167396328, 488195.689035499177407 ], [ 121857.685674072490656, 488180.149520824546926 ], [ 121832.273997133961529, 488133.896612440003082 ], [ 121807.776409293946926, 488147.242313278256916 ], [ 121836.478806987099233, 488192.763950383930933 ], [ 121836.295989167396328, 488195.689035499177407 ] ] ] } },
{ "type": "Feature", "properties": { "sensor": "GASA-01-A1, GASA-01-A2, GASA-01-B en GASA-01-C", "time": "2025-08-20T11:56:00+02:00", "count_line": 208, "location": "IJBoulevard", "count_area": 661.0, "countline_length": 20 }, "geometry": { "type": "Polygon", "coordinates": [ [ [ 121836.295989167396328, 488195.689035499177407 ], [ 121857.685674072490656, 488180.149520824546926 ], [ 121832.273997133961529, 488133.896612440003082 ], [ 121807.776409293946926, 488147.242313278256916 ], [ 121836.478806987099233, 488192.763950383930933 ], [ 121836.295989167396328, 488195.689035499177407 ] ] ] } },
{ "type": "Feature", "properties": { "sensor": "GASA-01-A1, GASA-01-A2, GASA-01-B en GASA-01-C", "time": "2025-08-20T11:58:00+02:00", "count_line": 178, "location": "IJBoulevard", "count_area": 577.0, "countline_length": 20 }, "geometry": { "type": "Polygon", "coordinates": [ [ [ 121836.295989167396328, 488195.689035499177407 ], [ 121857.685674072490656, 488180.149520824546926 ], [ 121832.273997133961529, 488133.896612440003082 ], [ 121807.776409293946926, 488147.242313278256916 ], [ 121836.478806987099233, 488192.763950383930933 ], [ 121836.295989167396328, 488195.689035499177407 ] ] ] } },
{ "type": "Feature", "properties": { "sensor": "GASA-01-A1, GASA-01-A2, GASA-01-B en GASA-01-C", "time": "2025-08-20T12:00:00+02:00", "count_line": 184, "location": "IJBoulevard", "count_area": 666.0, "countline_length": 20 }, "geometry": { "type": "Polygon", "coordinates": [ [ [ 121836.295989167396328, 488195.689035499177407 ], [ 121857.685674072490656, 488180.149520824546926 ], [ 121832.273997133961529, 488133.896612440003082 ], [ 121807.776409293946926, 488147.242313278256916 ], [ 121836.478806987099233, 488192.763950383930933 ], [ 121836.295989167396328, 488195.689035499177407 ] ] ] } },
{ "type": "Feature", "properties": { "sensor": "GASA-01-A1, GASA-01-A2, GASA-01-B en GASA-01-C", "time": "2025-08-20T12:02:00+02:00", "count_line": 212, "location": "IJBoulevard", "count_area": 798.0, "countline_length": 20 }, "geometry": { "type": "Polygon", "coordinates": [ [ [ 121836.295989167396328, 488195.689035499177407 ], [ 121857.685674072490656, 488180.149520824546926 ], [ 121832.273997133961529, 488133.896612440003082 ], [ 121807.776409293946926, 488147.242313278256916 ], [ 121836.478806987099233, 488192.763950383930933 ], [ 121836.295989167396328, 488195.689035499177407 ] ] ] } },
{ "type": "Feature", "properties": { "sensor": "GASA-01-A1, GASA-01-A2, GASA-01-B en GASA-01-C", "time": "2025-08-20T12:04:00+02:00", "count_line": 198, "location": "IJBoulevard", "count_area": 723.0, "countline_length": 20 }, "geometry": { "type": "Polygon", "coordinates": [ [ [ 121836.295989167396328, 488195.689035499177407 ], [ 121857.685674072490656, 488180.149520824546926 ], [ 121832.273997133961529, 488133.896612440003082 ], [ 121807.776409293946926, 488147.242313278256916 ], [ 121836.478806987099233, 488192.763950383930933 ], [ 121836.295989167396328, 488195.689035499177407 ] ] ] } },
{ "type": "Feature", "properties": { "sensor": "GASA-01-A1, GASA-01-A2, GASA-01-B en GASA-01-C", "time": "2025-08-20T12:06:00+02:00", "count_line": 288, "location": "IJBoulevard", "count_area": 1031.0, "countline_length": 20 }, "geometry": { "type": "Polygon", "coordinates": [ [ [ 121836.295989167396328, 488195.689035499177407 ], [ 121857.685674072490656, 488180.149520824546926 ], [ 121832.273997133961529, 488133.896612440003082 ], [ 121807.776409293946926, 488147.242313278256916 ], [ 121836.478806987099233, 488192.763950383930933 ], [ 121836.295989167396328, 488195.689035499177407 ] ] ] } },
{ "type": "Feature", "properties": { "sensor": "GASA-01-A1, GASA-01-A2, GASA-01-B en GASA-01-C", "time": "2025-08-20T12:08:00+02:00", "count_line": 216, "location": "IJBoulevard", "count_area": 756.0, "countline_length": 20 }, "geometry": { "type": "Polygon", "coordinates": [ [ [ 121836.295989167396328, 488195.689035499177407 ], [ 121857.685674072490656, 488180.149520824546926 ], [ 121832.273997133961529, 488133.896612440003082 ], [ 121807.776409293946926, 488147.242313278256916 ], [ 121836.478806987099233, 488192.763950383930933 ], [ 121836.295989167396328, 488195.689035499177407 ] ] ] } },
{ "type": "Feature", "properties": { "sensor": "GASA-01-A1, GASA-01-A2, GASA-01-B en GASA-01-C", "time": "2025-08-20T12:10:00+02:00", "count_line": 206, "location": "IJBoulevard", "count_area": 802.0, "countline_length": 20 }, "geometry": { "type": "Polygon", "coordinates": [ [ [ 121836.295989167396328, 488195.689035499177407 ], [ 121857.685674072490656, 488180.149520824546926 ], [ 121832.273997133961529, 488133.896612440003082 ], [ 121807.776409293946926, 488147.242313278256916 ], [ 121836.478806987099233, 488192.763950383930933 ], [ 121836.295989167396328, 488195.689035499177407 ] ] ] } },
{ "type": "Feature", "properties": { "sensor": "GASA-01-A1, GASA-01-A2, GASA-01-B en GASA-01-C", "time": "2025-08-20T12:12:00+02:00", "count_line": 232, "location": "IJBoulevard", "count_area": 826.0, "countline_length": 20 }, "geometry": { "type": "Polygon", "coordinates": [ [ [ 121836.295989167396328, 488195.689035499177407 ], [ 121857.685674072490656, 488180.149520824546926 ], [ 121832.273997133961529, 488133.896612440003082 ], [ 121807.776409293946926, 488147.242313278256916 ], [ 121836.478806987099233, 488192.763950383930933 ], [ 121836.295989167396328, 488195.689035499177407 ] ] ] } },
{ "type": "Feature", "properties": { "sensor": "GASA-01-A1, GASA-01-A2, GASA-01-B en GASA-01-C", "time": "2025-08-20T12:14:00+02:00", "count_line": 234, "location": "IJBoulevard", "count_area": 740.0, "countline_length": 20 }, "geometry": { "type": "Polygon", "coordinates": [ [ [ 121836.295989167396328, 488195.689035499177407 ], [ 121857.685674072490656, 488180.149520824546926 ], [ 121832.273997133961529, 488133.896612440003082 ], [ 121807.776409293946926, 488147.242313278256916 ], [ 121836.478806987099233, 488192.763950383930933 ], [ 121836.295989167396328, 488195.689035499177407 ] ] ] } },
{ "type": "Feature", "properties": { "sensor": "GASA-01-A1, GASA-01-A2, GASA-01-B en GASA-01-C", "time": "2025-08-20T12:15:00+02:00", "count_line": 2, "location": "IJBoulevard", "count_area": 7.0, "countline_length": 20 }, "geometry": { "type": "Polygon", "coordinates": [ [ [ 121836.295989167396328, 488195.689035499177407 ], [ 121857.685674072490656, 488180.149520824546926 ], [ 121832.273997133961529, 488133.896612440003082 ], [ 121807.776409293946926, 488147.242313278256916 ], [ 121836.478806987099233, 488192.763950383930933 ], [ 121836.295989167396328, 488195.689035499177407 ] ] ] } },
{ "type": "Feature", "properties": { "sensor": "GASA-01-A1, GASA-01-A2, GASA-01-B en GASA-01-C", "time": "2025-08-20T12:16:00+02:00", "count_line": 240, "location": "IJBoulevard", "count_area": 739.0, "countline_length": 20 }, "geometry": { "type": "Polygon", "coordinates": [ [ [ 121836.295989167396328, 488195.689035499177407 ], [ 121857.685674072490656, 488180.149520824546926 ], [ 121832.273997133961529, 488133.896612440003082 ], [ 121807.776409293946926, 488147.242313278256916 ], [ 121836.478806987099233, 488192.763950383930933 ], [ 121836.295989167396328, 488195.689035499177407 ] ] ] } },
{ "type": "Feature", "properties": { "sensor": "GASA-01-A1, GASA-01-A2, GASA-01-B en GASA-01-C", "time": "2025-08-20T12:18:00+02:00", "count_line": 220, "location": "IJBoulevard", "count_area": 701.0, "countline_length": 20 }, "geometry": { "type": "Polygon", "coordinates": [ [ [ 121836.295989167396328, 488195.689035499177407 ], [ 121857.685674072490656, 488180.149520824546926 ], [ 121832.273997133961529, 488133.896612440003082 ], [ 121807.776409293946926, 488147.242313278256916 ], [ 121836.478806987099233, 488192.763950383930933 ], [ 121836.295989167396328, 488195.689035499177407 ] ] ] } },
{ "type": "Feature", "properties": { "sensor": "GASA-01-A1, GASA-01-A2, GASA-01-B en GASA-01-C", "time": "2025-08-20T12:20:00+02:00", "count_line": 218, "location": "IJBoulevard", "count_area": 731.0, "countline_length": 20 }, "geometry": { "type": "Polygon", "coordinates": [ [ [ 121836.295989167396328, 488195.689035499177407 ], [ 121857.685674072490656, 488180.149520824546926 ], [ 121832.273997133961529, 488133.896612440003082 ], [ 121807.776409293946926, 488147.242313278256916 ], [ 121836.478806987099233, 488192.763950383930933 ], [ 121836.295989167396328, 488195.689035499177407 ] ] ] } },
{ "type": "Feature", "properties": { "sensor": "GASA-01-A1, GASA-01-A2, GASA-01-B en GASA-01-C", "time": "2025-08-20T12:21:00+02:00", "count_line": 2, "location": "IJBoulevard", "count_area": 6.0, "countline_length": 20 }, "geometry": { "type": "Polygon", "coordinates": [ [ [ 121836.295989167396328, 488195.689035499177407 ], [ 121857.685674072490656, 488180.149520824546926 ], [ 121832.273997133961529, 488133.896612440003082 ], [ 121807.776409293946926, 488147.242313278256916 ], [ 121836.478806987099233, 488192.763950383930933 ], [ 121836.295989167396328, 488195.689035499177407 ] ] ] } },
{ "type": "Feature", "properties": { "sensor": "GASA-01-A1, GASA-01-A2, GASA-01-B en GASA-01-C", "time": "2025-08-20T12:22:00+02:00", "count_line": 332, "location": "IJBoulevard", "count_area": 1275.0, "countline_length": 20 }, "geometry": { "type": "Polygon", "coordinates": [ [ [ 121836.295989167396328, 488195.689035499177407 ], [ 121857.685674072490656, 488180.149520824546926 ], [ 121832.273997133961529, 488133.896612440003082 ], [ 121807.776409293946926, 488147.242313278256916 ], [ 121836.478806987099233, 488192.763950383930933 ], [ 121836.295989167396328, 488195.689035499177407 ] ] ] } },
{ "type": "Feature", "properties": { "sensor": "GASA-01-A1, GASA-01-A2, GASA-01-B en GASA-01-C", "time": "2025-08-20T12:24:00+02:00", "count_line": 234, "location": "IJBoulevard", "count_area": 766.0, "countline_length": 20 }, "geometry": { "type": "Polygon", "coordinates": [ [ [ 121836.295989167396328, 488195.689035499177407 ], [ 121857.685674072490656, 488180.149520824546926 ], [ 121832.273997133961529, 488133.896612440003082 ], [ 121807.776409293946926, 488147.242313278256916 ], [ 121836.478806987099233, 488192.763950383930933 ], [ 121836.295989167396328, 488195.689035499177407 ] ] ] } },
{ "type": "Feature", "properties": { "sensor": "GASA-01-A1, GASA-01-A2, GASA-01-B en GASA-01-C", "time": "2025-08-20T12:26:00+02:00", "count_line": 202, "location": "IJBoulevard", "count_area": 610.0, "countline_length": 20 }, "geometry": { "type": "Polygon", "coordinates": [ [ [ 121836.295989167396328, 488195.689035499177407 ], [ 121857.685674072490656, 488180.149520824546926 ], [ 121832.273997133961529, 488133.896612440003082 ], [ 121807.776409293946926, 488147.242313278256916 ], [ 121836.478806987099233, 488192.763950383930933 ], [ 121836.295989167396328, 488195.689035499177407 ] ] ] } },
{ "type": "Feature", "properties": { "sensor": "GASA-01-A1, GASA-01-A2, GASA-01-B en GASA-01-C", "time": "2025-08-20T12:28:00+02:00", "count_line": 286, "location": "IJBoulevard", "count_area": 1022.0, "countline_length": 20 }, "geometry": { "type": "Polygon", "coordinates": [ [ [ 121836.295989167396328, 488195.689035499177407 ], [ 121857.685674072490656, 488180.149520824546926 ], [ 121832.273997133961529, 488133.896612440003082 ], [ 121807.776409293946926, 488147.242313278256916 ], [ 121836.478806987099233, 488192.763950383930933 ], [ 121836.295989167396328, 488195.689035499177407 ] ] ] } },
{ "type": "Feature", "properties": { "sensor": "GASA-01-A1, GASA-01-A2, GASA-01-B en GASA-01-C", "time": "2025-08-20T12:30:00+02:00", "count_line": 268, "location": "IJBoulevard", "count_area": 1022.0, "countline_length": 20 }, "geometry": { "type": "Polygon", "coordinates": [ [ [ 121836.295989167396328, 488195.689035499177407 ], [ 121857.685674072490656, 488180.149520824546926 ], [ 121832.273997133961529, 488133.896612440003082 ], [ 121807.776409293946926, 488147.242313278256916 ], [ 121836.478806987099233, 488192.763950383930933 ], [ 121836.295989167396328, 488195.689035499177407 ] ] ] } },
{ "type": "Feature", "properties": { "sensor": "GASA-01-A1, GASA-01-A2, GASA-01-B en GASA-01-C", "time": "2025-08-20T12:32:00+02:00", "count_line": 204, "location": "IJBoulevard", "count_area": 813.0, "countline_length": 20 }, "geometry": { "type": "Polygon", "coordinates": [ [ [ 121836.295989167396328, 488195.689035499177407 ], [ 121857.685674072490656, 488180.149520824546926 ], [ 121832.273997133961529, 488133.896612440003082 ], [ 121807.776409293946926, 488147.242313278256916 ], [ 121836.478806987099233, 488192.763950383930933 ], [ 121836.295989167396328, 488195.689035499177407 ] ] ] } },
{ "type": "Feature", "properties": { "sensor": "GASA-01-A1, GASA-01-A2, GASA-01-B en GASA-01-C", "time": "2025-08-20T12:34:00+02:00", "count_line": 260, "location": "IJBoulevard", "count_area": 843.0, "countline_length": 20 }, "geometry": { "type": "Polygon", "coordinates": [ [ [ 121836.295989167396328, 488195.689035499177407 ], [ 121857.685674072490656, 488180.149520824546926 ], [ 121832.273997133961529, 488133.896612440003082 ], [ 121807.776409293946926, 488147.242313278256916 ], [ 121836.478806987099233, 488192.763950383930933 ], [ 121836.295989167396328, 488195.689035499177407 ] ] ] } },
{ "type": "Feature", "properties": { "sensor": "GASA-01-A1, GASA-01-A2, GASA-01-B en GASA-01-C", "time": "2025-08-20T12:36:00+02:00", "count_line": 186, "location": "IJBoulevard", "count_area": 692.0, "countline_length": 20 }, "geometry": { "type": "Polygon", "coordinates": [ [ [ 121836.295989167396328, 488195.689035499177407 ], [ 121857.685674072490656, 488180.149520824546926 ], [ 121832.273997133961529, 488133.896612440003082 ], [ 121807.776409293946926, 488147.242313278256916 ], [ 121836.478806987099233, 488192.763950383930933 ], [ 121836.295989167396328, 488195.689035499177407 ] ] ] } },
{ "type": "Feature", "properties": { "sensor": "GASA-01-A1, GASA-01-A2, GASA-01-B en GASA-01-C", "time": "2025-08-20T12:38:00+02:00", "count_line": 242, "location": "IJBoulevard", "count_area": 889.0, "countline_length": 20 }, "geometry": { "type": "Polygon", "coordinates": [ [ [ 121836.295989167396328, 488195.689035499177407 ], [ 121857.685674072490656, 488180.149520824546926 ], [ 121832.273997133961529, 488133.896612440003082 ], [ 121807.776409293946926, 488147.242313278256916 ], [ 121836.478806987099233, 488192.763950383930933 ], [ 121836.295989167396328, 488195.689035499177407 ] ] ] } },
{ "type": "Feature", "properties": { "sensor": "GASA-01-A1, GASA-01-A2, GASA-01-B en GASA-01-C", "time": "2025-08-20T12:40:00+02:00", "count_line": 232, "location": "IJBoulevard", "count_area": 735.0, "countline_length": 20 }, "geometry": { "type": "Polygon", "coordinates": [ [ [ 121836.295989167396328, 488195.689035499177407 ], [ 121857.685674072490656, 488180.149520824546926 ], [ 121832.273997133961529, 488133.896612440003082 ], [ 121807.776409293946926, 488147.242313278256916 ], [ 121836.478806987099233, 488192.763950383930933 ], [ 121836.295989167396328, 488195.689035499177407 ] ] ] } },
{ "type": "Feature", "properties": { "sensor": "GASA-01-A1, GASA-01-A2, GASA-01-B en GASA-01-C", "time": "2025-08-20T12:42:00+02:00", "count_line": 192, "location": "IJBoulevard", "count_area": 642.0, "countline_length": 20 }, "geometry": { "type": "Polygon", "coordinates": [ [ [ 121836.295989167396328, 488195.689035499177407 ], [ 121857.685674072490656, 488180.149520824546926 ], [ 121832.273997133961529, 488133.896612440003082 ], [ 121807.776409293946926, 488147.242313278256916 ], [ 121836.478806987099233, 488192.763950383930933 ], [ 121836.295989167396328, 488195.689035499177407 ] ] ] } },
{ "type": "Feature", "properties": { "sensor": "GASA-01-A1, GASA-01-A2, GASA-01-B en GASA-01-C", "time": "2025-08-20T12:44:00+02:00", "count_line": 184, "location": "IJBoulevard", "count_area": 585.0, "countline_length": 20 }, "geometry": { "type": "Polygon", "coordinates": [ [ [ 121836.295989167396328, 488195.689035499177407 ], [ 121857.685674072490656, 488180.149520824546926 ], [ 121832.273997133961529, 488133.896612440003082 ], [ 121807.776409293946926, 488147.242313278256916 ], [ 121836.478806987099233, 488192.763950383930933 ], [ 121836.295989167396328, 488195.689035499177407 ] ] ] } },
{ "type": "Feature", "properties": { "sensor": "GASA-01-A1, GASA-01-A2, GASA-01-B en GASA-01-C", "time": "2025-08-20T12:45:00+02:00", "count_line": 4, "location": "IJBoulevard", "count_area": 15.0, "countline_length": 20 }, "geometry": { "type": "Polygon", "coordinates": [ [ [ 121836.295989167396328, 488195.689035499177407 ], [ 121857.685674072490656, 488180.149520824546926 ], [ 121832.273997133961529, 488133.896612440003082 ], [ 121807.776409293946926, 488147.242313278256916 ], [ 121836.478806987099233, 488192.763950383930933 ], [ 121836.295989167396328, 488195.689035499177407 ] ] ] } },
{ "type": "Feature", "properties": { "sensor": "GASA-01-A1, GASA-01-A2, GASA-01-B en GASA-01-C", "time": "2025-08-20T12:46:00+02:00", "count_line": 234, "location": "IJBoulevard", "count_area": 826.0, "countline_length": 20 }, "geometry": { "type": "Polygon", "coordinates": [ [ [ 121836.295989167396328, 488195.689035499177407 ], [ 121857.685674072490656, 488180.149520824546926 ], [ 121832.273997133961529, 488133.896612440003082 ], [ 121807.776409293946926, 488147.242313278256916 ], [ 121836.478806987099233, 488192.763950383930933 ], [ 121836.295989167396328, 488195.689035499177407 ] ] ] } },
{ "type": "Feature", "properties": { "sensor": "GASA-01-A1, GASA-01-A2, GASA-01-B en GASA-01-C", "time": "2025-08-20T12:48:00+02:00", "count_line": 260, "location": "IJBoulevard", "count_area": 924.0, "countline_length": 20 }, "geometry": { "type": "Polygon", "coordinates": [ [ [ 121836.295989167396328, 488195.689035499177407 ], [ 121857.685674072490656, 488180.149520824546926 ], [ 121832.273997133961529, 488133.896612440003082 ], [ 121807.776409293946926, 488147.242313278256916 ], [ 121836.478806987099233, 488192.763950383930933 ], [ 121836.295989167396328, 488195.689035499177407 ] ] ] } },
{ "type": "Feature", "properties": { "sensor": "GASA-01-A1, GASA-01-A2, GASA-01-B en GASA-01-C", "time": "2025-08-20T12:49:00+02:00", "count_line": 0, "location": "IJBoulevard", "count_area": 0.0, "countline_length": 20 }, "geometry": { "type": "Polygon", "coordinates": [ [ [ 121836.295989167396328, 488195.689035499177407 ], [ 121857.685674072490656, 488180.149520824546926 ], [ 121832.273997133961529, 488133.896612440003082 ], [ 121807.776409293946926, 488147.242313278256916 ], [ 121836.478806987099233, 488192.763950383930933 ], [ 121836.295989167396328, 488195.689035499177407 ] ] ] } },
{ "type": "Feature", "properties": { "sensor": "GASA-01-A1, GASA-01-A2, GASA-01-B en GASA-01-C", "time": "2025-08-20T12:50:00+02:00", "count_line": 236, "location": "IJBoulevard", "count_area": 893.0, "countline_length": 20 }, "geometry": { "type": "Polygon", "coordinates": [ [ [ 121836.295989167396328, 488195.689035499177407 ], [ 121857.685674072490656, 488180.149520824546926 ], [ 121832.273997133961529, 488133.896612440003082 ], [ 121807.776409293946926, 488147.242313278256916 ], [ 121836.478806987099233, 488192.763950383930933 ], [ 121836.295989167396328, 488195.689035499177407 ] ] ] } },
{ "type": "Feature", "properties": { "sensor": "GASA-01-A1, GASA-01-A2, GASA-01-B en GASA-01-C", "time": "2025-08-20T12:52:00+02:00", "count_line": 206, "location": "IJBoulevard", "count_area": 815.0, "countline_length": 20 }, "geometry": { "type": "Polygon", "coordinates": [ [ [ 121836.295989167396328, 488195.689035499177407 ], [ 121857.685674072490656, 488180.149520824546926 ], [ 121832.273997133961529, 488133.896612440003082 ], [ 121807.776409293946926, 488147.242313278256916 ], [ 121836.478806987099233, 488192.763950383930933 ], [ 121836.295989167396328, 488195.689035499177407 ] ] ] } },
{ "type": "Feature", "properties": { "sensor": "GASA-01-A1, GASA-01-A2, GASA-01-B en GASA-01-C", "time": "2025-08-20T12:54:00+02:00", "count_line": 99, "location": "IJBoulevard", "count_area": 309.0, "countline_length": 20 }, "geometry": { "type": "Polygon", "coordinates": [ [ [ 121836.295989167396328, 488195.689035499177407 ], [ 121857.685674072490656, 488180.149520824546926 ], [ 121832.273997133961529, 488133.896612440003082 ], [ 121807.776409293946926, 488147.242313278256916 ], [ 121836.478806987099233, 488192.763950383930933 ], [ 121836.295989167396328, 488195.689035499177407 ] ] ] } },
{ "type": "Feature", "properties": { "sensor": "GASA-01-A1, GASA-01-A2, GASA-01-B en GASA-01-C", "time": "2025-08-20T12:55:00+02:00", "count_line": 20, "location": "IJBoulevard", "count_area": 74.0, "countline_length": 20 }, "geometry": { "type": "Polygon", "coordinates": [ [ [ 121836.295989167396328, 488195.689035499177407 ], [ 121857.685674072490656, 488180.149520824546926 ], [ 121832.273997133961529, 488133.896612440003082 ], [ 121807.776409293946926, 488147.242313278256916 ], [ 121836.478806987099233, 488192.763950383930933 ], [ 121836.295989167396328, 488195.689035499177407 ] ] ] } },
{ "type": "Feature", "properties": { "sensor": "GASA-01-A1, GASA-01-A2, GASA-01-B en GASA-01-C", "time": "2025-08-20T12:56:00+02:00", "count_line": 120, "location": "IJBoulevard", "count_area": 433.0, "countline_length": 20 }, "geometry": { "type": "Polygon", "coordinates": [ [ [ 121836.295989167396328, 488195.689035499177407 ], [ 121857.685674072490656, 488180.149520824546926 ], [ 121832.273997133961529, 488133.896612440003082 ], [ 121807.776409293946926, 488147.242313278256916 ], [ 121836.478806987099233, 488192.763950383930933 ], [ 121836.295989167396328, 488195.689035499177407 ] ] ] } },
{ "type": "Feature", "properties": { "sensor": "GASA-01-A1, GASA-01-A2, GASA-01-B en GASA-01-C", "time": "2025-08-20T12:58:00+02:00", "count_line": 186, "location": "IJBoulevard", "count_area": 686.0, "countline_length": 20 }, "geometry": { "type": "Polygon", "coordinates": [ [ [ 121836.295989167396328, 488195.689035499177407 ], [ 121857.685674072490656, 488180.149520824546926 ], [ 121832.273997133961529, 488133.896612440003082 ], [ 121807.776409293946926, 488147.242313278256916 ], [ 121836.478806987099233, 488192.763950383930933 ], [ 121836.295989167396328, 488195.689035499177407 ] ] ] } },
{ "type": "Feature", "properties": { "sensor": "GASA-01-A1, GASA-01-A2, GASA-01-B en GASA-01-C", "time": "2025-08-20T12:59:00+02:00", "count_line": 4, "location": "IJBoulevard", "count_area": 13.0, "countline_length": 20 }, "geometry": { "type": "Polygon", "coordinates": [ [ [ 121836.295989167396328, 488195.689035499177407 ], [ 121857.685674072490656, 488180.149520824546926 ], [ 121832.273997133961529, 488133.896612440003082 ], [ 121807.776409293946926, 488147.242313278256916 ], [ 121836.478806987099233, 488192.763950383930933 ], [ 121836.295989167396328, 488195.689035499177407 ] ] ] } },
{ "type": "Feature", "properties": { "sensor": "GASA-01-A1, GASA-01-A2, GASA-01-B en GASA-01-C", "time": "2025-08-20T13:00:00+02:00", "count_line": 222, "location": "IJBoulevard", "count_area": 860.0, "countline_length": 20 }, "geometry": { "type": "Polygon", "coordinates": [ [ [ 121836.295989167396328, 488195.689035499177407 ], [ 121857.685674072490656, 488180.149520824546926 ], [ 121832.273997133961529, 488133.896612440003082 ], [ 121807.776409293946926, 488147.242313278256916 ], [ 121836.478806987099233, 488192.763950383930933 ], [ 121836.295989167396328, 488195.689035499177407 ] ] ] } },
{ "type": "Feature", "properties": { "sensor": "GASA-01-A1, GASA-01-A2, GASA-01-B en GASA-01-C", "time": "2025-08-20T13:02:00+02:00", "count_line": 232, "location": "IJBoulevard", "count_area": 923.0, "countline_length": 20 }, "geometry": { "type": "Polygon", "coordinates": [ [ [ 121836.295989167396328, 488195.689035499177407 ], [ 121857.685674072490656, 488180.149520824546926 ], [ 121832.273997133961529, 488133.896612440003082 ], [ 121807.776409293946926, 488147.242313278256916 ], [ 121836.478806987099233, 488192.763950383930933 ], [ 121836.295989167396328, 488195.689035499177407 ] ] ] } },
{ "type": "Feature", "properties": { "sensor": "GASA-01-A1, GASA-01-A2, GASA-01-B en GASA-01-C", "time": "2025-08-20T13:04:00+02:00", "count_line": 114, "location": "IJBoulevard", "count_area": 351.0, "countline_length": 20 }, "geometry": { "type": "Polygon", "coordinates": [ [ [ 121836.295989167396328, 488195.689035499177407 ], [ 121857.685674072490656, 488180.149520824546926 ], [ 121832.273997133961529, 488133.896612440003082 ], [ 121807.776409293946926, 488147.242313278256916 ], [ 121836.478806987099233, 488192.763950383930933 ], [ 121836.295989167396328, 488195.689035499177407 ] ] ] } },
{ "type": "Feature", "properties": { "sensor": "GASA-01-A1, GASA-01-A2, GASA-01-B en GASA-01-C", "time": "2025-08-20T13:06:00+02:00", "count_line": 302, "location": "IJBoulevard", "count_area": 973.0, "countline_length": 20 }, "geometry": { "type": "Polygon", "coordinates": [ [ [ 121836.295989167396328, 488195.689035499177407 ], [ 121857.685674072490656, 488180.149520824546926 ], [ 121832.273997133961529, 488133.896612440003082 ], [ 121807.776409293946926, 488147.242313278256916 ], [ 121836.478806987099233, 488192.763950383930933 ], [ 121836.295989167396328, 488195.689035499177407 ] ] ] } },
{ "type": "Feature", "properties": { "sensor": "GASA-01-A1, GASA-01-A2, GASA-01-B en GASA-01-C", "time": "2025-08-20T13:08:00+02:00", "count_line": 248, "location": "IJBoulevard", "count_area": 934.0, "countline_length": 20 }, "geometry": { "type": "Polygon", "coordinates": [ [ [ 121836.295989167396328, 488195.689035499177407 ], [ 121857.685674072490656, 488180.149520824546926 ], [ 121832.273997133961529, 488133.896612440003082 ], [ 121807.776409293946926, 488147.242313278256916 ], [ 121836.478806987099233, 488192.763950383930933 ], [ 121836.295989167396328, 488195.689035499177407 ] ] ] } },
{ "type": "Feature", "properties": { "sensor": "GASA-01-A1, GASA-01-A2, GASA-01-B en GASA-01-C", "time": "2025-08-20T13:10:00+02:00", "count_line": 244, "location": "IJBoulevard", "count_area": 820.0, "countline_length": 20 }, "geometry": { "type": "Polygon", "coordinates": [ [ [ 121836.295989167396328, 488195.689035499177407 ], [ 121857.685674072490656, 488180.149520824546926 ], [ 121832.273997133961529, 488133.896612440003082 ], [ 121807.776409293946926, 488147.242313278256916 ], [ 121836.478806987099233, 488192.763950383930933 ], [ 121836.295989167396328, 488195.689035499177407 ] ] ] } },
{ "type": "Feature", "properties": { "sensor": "GASA-01-A1, GASA-01-A2, GASA-01-B en GASA-01-C", "time": "2025-08-20T13:12:00+02:00", "count_line": 256, "location": "IJBoulevard", "count_area": 848.0, "countline_length": 20 }, "geometry": { "type": "Polygon", "coordinates": [ [ [ 121836.295989167396328, 488195.689035499177407 ], [ 121857.685674072490656, 488180.149520824546926 ], [ 121832.273997133961529, 488133.896612440003082 ], [ 121807.776409293946926, 488147.242313278256916 ], [ 121836.478806987099233, 488192.763950383930933 ], [ 121836.295989167396328, 488195.689035499177407 ] ] ] } },
{ "type": "Feature", "properties": { "sensor": "GASA-01-A1, GASA-01-A2, GASA-01-B en GASA-01-C", "time": "2025-08-20T13:13:00+02:00", "count_line": 14, "location": "IJBoulevard", "count_area": 43.0, "countline_length": 20 }, "geometry": { "type": "Polygon", "coordinates": [ [ [ 121836.295989167396328, 488195.689035499177407 ], [ 121857.685674072490656, 488180.149520824546926 ], [ 121832.273997133961529, 488133.896612440003082 ], [ 121807.776409293946926, 488147.242313278256916 ], [ 121836.478806987099233, 488192.763950383930933 ], [ 121836.295989167396328, 488195.689035499177407 ] ] ] } },
{ "type": "Feature", "properties": { "sensor": "GASA-01-A1, GASA-01-A2, GASA-01-B en GASA-01-C", "time": "2025-08-20T13:14:00+02:00", "count_line": 77, "location": "IJBoulevard", "count_area": 277.0, "countline_length": 20 }, "geometry": { "type": "Polygon", "coordinates": [ [ [ 121836.295989167396328, 488195.689035499177407 ], [ 121857.685674072490656, 488180.149520824546926 ], [ 121832.273997133961529, 488133.896612440003082 ], [ 121807.776409293946926, 488147.242313278256916 ], [ 121836.478806987099233, 488192.763950383930933 ], [ 121836.295989167396328, 488195.689035499177407 ] ] ] } },
{ "type": "Feature", "properties": { "sensor": "GASA-01-A1, GASA-01-A2, GASA-01-B en GASA-01-C", "time": "2025-08-20T13:15:00+02:00", "count_line": 52, "location": "IJBoulevard", "count_area": 193.0, "countline_length": 20 }, "geometry": { "type": "Polygon", "coordinates": [ [ [ 121836.295989167396328, 488195.689035499177407 ], [ 121857.685674072490656, 488180.149520824546926 ], [ 121832.273997133961529, 488133.896612440003082 ], [ 121807.776409293946926, 488147.242313278256916 ], [ 121836.478806987099233, 488192.763950383930933 ], [ 121836.295989167396328, 488195.689035499177407 ] ] ] } },
{ "type": "Feature", "properties": { "sensor": "GASA-01-A1, GASA-01-A2, GASA-01-B en GASA-01-C", "time": "2025-08-20T13:16:00+02:00", "count_line": 250, "location": "IJBoulevard", "count_area": 883.0, "countline_length": 20 }, "geometry": { "type": "Polygon", "coordinates": [ [ [ 121836.295989167396328, 488195.689035499177407 ], [ 121857.685674072490656, 488180.149520824546926 ], [ 121832.273997133961529, 488133.896612440003082 ], [ 121807.776409293946926, 488147.242313278256916 ], [ 121836.478806987099233, 488192.763950383930933 ], [ 121836.295989167396328, 488195.689035499177407 ] ] ] } },
{ "type": "Feature", "properties": { "sensor": "GASA-01-A1, GASA-01-A2, GASA-01-B en GASA-01-C", "time": "2025-08-20T13:18:00+02:00", "count_line": 268, "location": "IJBoulevard", "count_area": 849.0, "countline_length": 20 }, "geometry": { "type": "Polygon", "coordinates": [ [ [ 121836.295989167396328, 488195.689035499177407 ], [ 121857.685674072490656, 488180.149520824546926 ], [ 121832.273997133961529, 488133.896612440003082 ], [ 121807.776409293946926, 488147.242313278256916 ], [ 121836.478806987099233, 488192.763950383930933 ], [ 121836.295989167396328, 488195.689035499177407 ] ] ] } },
{ "type": "Feature", "properties": { "sensor": "GASA-01-A1, GASA-01-A2, GASA-01-B en GASA-01-C", "time": "2025-08-20T13:20:00+02:00", "count_line": 274, "location": "IJBoulevard", "count_area": 880.0, "countline_length": 20 }, "geometry": { "type": "Polygon", "coordinates": [ [ [ 121836.295989167396328, 488195.689035499177407 ], [ 121857.685674072490656, 488180.149520824546926 ], [ 121832.273997133961529, 488133.896612440003082 ], [ 121807.776409293946926, 488147.242313278256916 ], [ 121836.478806987099233, 488192.763950383930933 ], [ 121836.295989167396328, 488195.689035499177407 ] ] ] } },
{ "type": "Feature", "properties": { "sensor": "GASA-01-A1, GASA-01-A2, GASA-01-B en GASA-01-C", "time": "2025-08-20T13:22:00+02:00", "count_line": 116, "location": "IJBoulevard", "count_area": 374.0, "countline_length": 20 }, "geometry": { "type": "Polygon", "coordinates": [ [ [ 121836.295989167396328, 488195.689035499177407 ], [ 121857.685674072490656, 488180.149520824546926 ], [ 121832.273997133961529, 488133.896612440003082 ], [ 121807.776409293946926, 488147.242313278256916 ], [ 121836.478806987099233, 488192.763950383930933 ], [ 121836.295989167396328, 488195.689035499177407 ] ] ] } },
{ "type": "Feature", "properties": { "sensor": "GASA-01-A1, GASA-01-A2, GASA-01-B en GASA-01-C", "time": "2025-08-20T13:24:00+02:00", "count_line": 95, "location": "IJBoulevard", "count_area": 371.0, "countline_length": 20 }, "geometry": { "type": "Polygon", "coordinates": [ [ [ 121836.295989167396328, 488195.689035499177407 ], [ 121857.685674072490656, 488180.149520824546926 ], [ 121832.273997133961529, 488133.896612440003082 ], [ 121807.776409293946926, 488147.242313278256916 ], [ 121836.478806987099233, 488192.763950383930933 ], [ 121836.295989167396328, 488195.689035499177407 ] ] ] } },
{ "type": "Feature", "properties": { "sensor": "GASA-01-A1, GASA-01-A2, GASA-01-B en GASA-01-C", "time": "2025-08-20T13:26:00+02:00", "count_line": 228, "location": "IJBoulevard", "count_area": 911.0, "countline_length": 20 }, "geometry": { "type": "Polygon", "coordinates": [ [ [ 121836.295989167396328, 488195.689035499177407 ], [ 121857.685674072490656, 488180.149520824546926 ], [ 121832.273997133961529, 488133.896612440003082 ], [ 121807.776409293946926, 488147.242313278256916 ], [ 121836.478806987099233, 488192.763950383930933 ], [ 121836.295989167396328, 488195.689035499177407 ] ] ] } },
{ "type": "Feature", "properties": { "sensor": "GASA-01-A1, GASA-01-A2, GASA-01-B en GASA-01-C", "time": "2025-08-20T13:28:00+02:00", "count_line": 232, "location": "IJBoulevard", "count_area": 852.0, "countline_length": 20 }, "geometry": { "type": "Polygon", "coordinates": [ [ [ 121836.295989167396328, 488195.689035499177407 ], [ 121857.685674072490656, 488180.149520824546926 ], [ 121832.273997133961529, 488133.896612440003082 ], [ 121807.776409293946926, 488147.242313278256916 ], [ 121836.478806987099233, 488192.763950383930933 ], [ 121836.295989167396328, 488195.689035499177407 ] ] ] } },
{ "type": "Feature", "properties": { "sensor": "GASA-01-A1, GASA-01-A2, GASA-01-B en GASA-01-C", "time": "2025-08-20T13:30:00+02:00", "count_line": 128, "location": "IJBoulevard", "count_area": 488.0, "countline_length": 20 }, "geometry": { "type": "Polygon", "coordinates": [ [ [ 121836.295989167396328, 488195.689035499177407 ], [ 121857.685674072490656, 488180.149520824546926 ], [ 121832.273997133961529, 488133.896612440003082 ], [ 121807.776409293946926, 488147.242313278256916 ], [ 121836.478806987099233, 488192.763950383930933 ], [ 121836.295989167396328, 488195.689035499177407 ] ] ] } },
{ "type": "Feature", "properties": { "sensor": "GASA-01-A1, GASA-01-A2, GASA-01-B en GASA-01-C", "time": "2025-08-20T13:32:00+02:00", "count_line": 368, "location": "IJBoulevard", "count_area": 1121.0, "countline_length": 20 }, "geometry": { "type": "Polygon", "coordinates": [ [ [ 121836.295989167396328, 488195.689035499177407 ], [ 121857.685674072490656, 488180.149520824546926 ], [ 121832.273997133961529, 488133.896612440003082 ], [ 121807.776409293946926, 488147.242313278256916 ], [ 121836.478806987099233, 488192.763950383930933 ], [ 121836.295989167396328, 488195.689035499177407 ] ] ] } },
{ "type": "Feature", "properties": { "sensor": "GASA-01-A1, GASA-01-A2, GASA-01-B en GASA-01-C", "time": "2025-08-20T13:34:00+02:00", "count_line": 130, "location": "IJBoulevard", "count_area": 445.0, "countline_length": 20 }, "geometry": { "type": "Polygon", "coordinates": [ [ [ 121836.295989167396328, 488195.689035499177407 ], [ 121857.685674072490656, 488180.149520824546926 ], [ 121832.273997133961529, 488133.896612440003082 ], [ 121807.776409293946926, 488147.242313278256916 ], [ 121836.478806987099233, 488192.763950383930933 ], [ 121836.295989167396328, 488195.689035499177407 ] ] ] } },
{ "type": "Feature", "properties": { "sensor": "GASA-01-A1, GASA-01-A2, GASA-01-B en GASA-01-C", "time": "2025-08-20T13:36:00+02:00", "count_line": 240, "location": "IJBoulevard", "count_area": 940.0, "countline_length": 20 }, "geometry": { "type": "Polygon", "coordinates": [ [ [ 121836.295989167396328, 488195.689035499177407 ], [ 121857.685674072490656, 488180.149520824546926 ], [ 121832.273997133961529, 488133.896612440003082 ], [ 121807.776409293946926, 488147.242313278256916 ], [ 121836.478806987099233, 488192.763950383930933 ], [ 121836.295989167396328, 488195.689035499177407 ] ] ] } },
{ "type": "Feature", "properties": { "sensor": "GASA-01-A1, GASA-01-A2, GASA-01-B en GASA-01-C", "time": "2025-08-20T13:38:00+02:00", "count_line": 224, "location": "IJBoulevard", "count_area": 674.0, "countline_length": 20 }, "geometry": { "type": "Polygon", "coordinates": [ [ [ 121836.295989167396328, 488195.689035499177407 ], [ 121857.685674072490656, 488180.149520824546926 ], [ 121832.273997133961529, 488133.896612440003082 ], [ 121807.776409293946926, 488147.242313278256916 ], [ 121836.478806987099233, 488192.763950383930933 ], [ 121836.295989167396328, 488195.689035499177407 ] ] ] } },
{ "type": "Feature", "properties": { "sensor": "GASA-01-A1, GASA-01-A2, GASA-01-B en GASA-01-C", "time": "2025-08-20T13:40:00+02:00", "count_line": 212, "location": "IJBoulevard", "count_area": 647.0, "countline_length": 20 }, "geometry": { "type": "Polygon", "coordinates": [ [ [ 121836.295989167396328, 488195.689035499177407 ], [ 121857.685674072490656, 488180.149520824546926 ], [ 121832.273997133961529, 488133.896612440003082 ], [ 121807.776409293946926, 488147.242313278256916 ], [ 121836.478806987099233, 488192.763950383930933 ], [ 121836.295989167396328, 488195.689035499177407 ] ] ] } },
{ "type": "Feature", "properties": { "sensor": "GASA-01-A1, GASA-01-A2, GASA-01-B en GASA-01-C", "time": "2025-08-20T13:42:00+02:00", "count_line": 274, "location": "IJBoulevard", "count_area": 1058.0, "countline_length": 20 }, "geometry": { "type": "Polygon", "coordinates": [ [ [ 121836.295989167396328, 488195.689035499177407 ], [ 121857.685674072490656, 488180.149520824546926 ], [ 121832.273997133961529, 488133.896612440003082 ], [ 121807.776409293946926, 488147.242313278256916 ], [ 121836.478806987099233, 488192.763950383930933 ], [ 121836.295989167396328, 488195.689035499177407 ] ] ] } },
{ "type": "Feature", "properties": { "sensor": "GASA-01-A1, GASA-01-A2, GASA-01-B en GASA-01-C", "time": "2025-08-20T13:44:00+02:00", "count_line": 104, "location": "IJBoulevard", "count_area": 364.0, "countline_length": 20 }, "geometry": { "type": "Polygon", "coordinates": [ [ [ 121836.295989167396328, 488195.689035499177407 ], [ 121857.685674072490656, 488180.149520824546926 ], [ 121832.273997133961529, 488133.896612440003082 ], [ 121807.776409293946926, 488147.242313278256916 ], [ 121836.478806987099233, 488192.763950383930933 ], [ 121836.295989167396328, 488195.689035499177407 ] ] ] } },
{ "type": "Feature", "properties": { "sensor": "GASA-01-A1, GASA-01-A2, GASA-01-B en GASA-01-C", "time": "2025-08-20T13:46:00+02:00", "count_line": 256, "location": "IJBoulevard", "count_area": 794.0, "countline_length": 20 }, "geometry": { "type": "Polygon", "coordinates": [ [ [ 121836.295989167396328, 488195.689035499177407 ], [ 121857.685674072490656, 488180.149520824546926 ], [ 121832.273997133961529, 488133.896612440003082 ], [ 121807.776409293946926, 488147.242313278256916 ], [ 121836.478806987099233, 488192.763950383930933 ], [ 121836.295989167396328, 488195.689035499177407 ] ] ] } },
{ "type": "Feature", "properties": { "sensor": "GASA-01-A1, GASA-01-A2, GASA-01-B en GASA-01-C", "time": "2025-08-20T13:56:00+02:00", "count_line": 106, "location": "IJBoulevard", "count_area": 318.0, "countline_length": 20 }, "geometry": { "type": "Polygon", "coordinates": [ [ [ 121836.295989167396328, 488195.689035499177407 ], [ 121857.685674072490656, 488180.149520824546926 ], [ 121832.273997133961529, 488133.896612440003082 ], [ 121807.776409293946926, 488147.242313278256916 ], [ 121836.478806987099233, 488192.763950383930933 ], [ 121836.295989167396328, 488195.689035499177407 ] ] ] } },
{ "type": "Feature", "properties": { "sensor": "GASA-01-A1, GASA-01-A2, GASA-01-B en GASA-01-C", "time": "2025-08-20T13:58:00+02:00", "count_line": 106, "location": "IJBoulevard", "count_area": 327.0, "countline_length": 20 }, "geometry": { "type": "Polygon", "coordinates": [ [ [ 121836.295989167396328, 488195.689035499177407 ], [ 121857.685674072490656, 488180.149520824546926 ], [ 121832.273997133961529, 488133.896612440003082 ], [ 121807.776409293946926, 488147.242313278256916 ], [ 121836.478806987099233, 488192.763950383930933 ], [ 121836.295989167396328, 488195.689035499177407 ] ] ] } },
{ "type": "Feature", "properties": { "sensor": "GASA-01-A1, GASA-01-A2, GASA-01-B en GASA-01-C", "time": "2025-08-20T14:00:00+02:00", "count_line": 174, "location": "IJBoulevard", "count_area": 562.0, "countline_length": 20 }, "geometry": { "type": "Polygon", "coordinates": [ [ [ 121836.295989167396328, 488195.689035499177407 ], [ 121857.685674072490656, 488180.149520824546926 ], [ 121832.273997133961529, 488133.896612440003082 ], [ 121807.776409293946926, 488147.242313278256916 ], [ 121836.478806987099233, 488192.763950383930933 ], [ 121836.295989167396328, 488195.689035499177407 ] ] ] } },
{ "type": "Feature", "properties": { "sensor": "GASA-01-A1, GASA-01-A2, GASA-01-B en GASA-01-C", "time": "2025-08-20T14:01:00+02:00", "count_line": 128, "location": "IJBoulevard", "count_area": 485.0, "countline_length": 20 }, "geometry": { "type": "Polygon", "coordinates": [ [ [ 121836.295989167396328, 488195.689035499177407 ], [ 121857.685674072490656, 488180.149520824546926 ], [ 121832.273997133961529, 488133.896612440003082 ], [ 121807.776409293946926, 488147.242313278256916 ], [ 121836.478806987099233, 488192.763950383930933 ], [ 121836.295989167396328, 488195.689035499177407 ] ] ] } },
{ "type": "Feature", "properties": { "sensor": "GASA-01-A1, GASA-01-A2, GASA-01-B en GASA-01-C", "time": "2025-08-20T14:02:00+02:00", "count_line": 103, "location": "IJBoulevard", "count_area": 311.0, "countline_length": 20 }, "geometry": { "type": "Polygon", "coordinates": [ [ [ 121836.295989167396328, 488195.689035499177407 ], [ 121857.685674072490656, 488180.149520824546926 ], [ 121832.273997133961529, 488133.896612440003082 ], [ 121807.776409293946926, 488147.242313278256916 ], [ 121836.478806987099233, 488192.763950383930933 ], [ 121836.295989167396328, 488195.689035499177407 ] ] ] } },
{ "type": "Feature", "properties": { "sensor": "GASA-01-A1, GASA-01-A2, GASA-01-B en GASA-01-C", "time": "2025-08-20T14:04:00+02:00", "count_line": 122, "location": "IJBoulevard", "count_area": 412.0, "countline_length": 20 }, "geometry": { "type": "Polygon", "coordinates": [ [ [ 121836.295989167396328, 488195.689035499177407 ], [ 121857.685674072490656, 488180.149520824546926 ], [ 121832.273997133961529, 488133.896612440003082 ], [ 121807.776409293946926, 488147.242313278256916 ], [ 121836.478806987099233, 488192.763950383930933 ], [ 121836.295989167396328, 488195.689035499177407 ] ] ] } },
{ "type": "Feature", "properties": { "sensor": "GASA-01-A1, GASA-01-A2, GASA-01-B en GASA-01-C", "time": "2025-08-20T14:06:00+02:00", "count_line": 146, "location": "IJBoulevard", "count_area": 530.0, "countline_length": 20 }, "geometry": { "type": "Polygon", "coordinates": [ [ [ 121836.295989167396328, 488195.689035499177407 ], [ 121857.685674072490656, 488180.149520824546926 ], [ 121832.273997133961529, 488133.896612440003082 ], [ 121807.776409293946926, 488147.242313278256916 ], [ 121836.478806987099233, 488192.763950383930933 ], [ 121836.295989167396328, 488195.689035499177407 ] ] ] } },
{ "type": "Feature", "properties": { "sensor": "GASA-01-A1, GASA-01-A2, GASA-01-B en GASA-01-C", "time": "2025-08-20T14:08:00+02:00", "count_line": 163, "location": "IJBoulevard", "count_area": 564.0, "countline_length": 20 }, "geometry": { "type": "Polygon", "coordinates": [ [ [ 121836.295989167396328, 488195.689035499177407 ], [ 121857.685674072490656, 488180.149520824546926 ], [ 121832.273997133961529, 488133.896612440003082 ], [ 121807.776409293946926, 488147.242313278256916 ], [ 121836.478806987099233, 488192.763950383930933 ], [ 121836.295989167396328, 488195.689035499177407 ] ] ] } },
{ "type": "Feature", "properties": { "sensor": "GASA-01-A1, GASA-01-A2, GASA-01-B en GASA-01-C", "time": "2025-08-20T14:10:00+02:00", "count_line": 122, "location": "IJBoulevard", "count_area": 428.0, "countline_length": 20 }, "geometry": { "type": "Polygon", "coordinates": [ [ [ 121836.295989167396328, 488195.689035499177407 ], [ 121857.685674072490656, 488180.149520824546926 ], [ 121832.273997133961529, 488133.896612440003082 ], [ 121807.776409293946926, 488147.242313278256916 ], [ 121836.478806987099233, 488192.763950383930933 ], [ 121836.295989167396328, 488195.689035499177407 ] ] ] } },
{ "type": "Feature", "properties": { "sensor": "GASA-01-A1, GASA-01-A2, GASA-01-B en GASA-01-C", "time": "2025-08-20T14:12:00+02:00", "count_line": 155, "location": "IJBoulevard", "count_area": 585.0, "countline_length": 20 }, "geometry": { "type": "Polygon", "coordinates": [ [ [ 121836.295989167396328, 488195.689035499177407 ], [ 121857.685674072490656, 488180.149520824546926 ], [ 121832.273997133961529, 488133.896612440003082 ], [ 121807.776409293946926, 488147.242313278256916 ], [ 121836.478806987099233, 488192.763950383930933 ], [ 121836.295989167396328, 488195.689035499177407 ] ] ] } },
{ "type": "Feature", "properties": { "sensor": "GASA-01-A1, GASA-01-A2, GASA-01-B en GASA-01-C", "time": "2025-08-20T14:14:00+02:00", "count_line": 162, "location": "IJBoulevard", "count_area": 590.0, "countline_length": 20 }, "geometry": { "type": "Polygon", "coordinates": [ [ [ 121836.295989167396328, 488195.689035499177407 ], [ 121857.685674072490656, 488180.149520824546926 ], [ 121832.273997133961529, 488133.896612440003082 ], [ 121807.776409293946926, 488147.242313278256916 ], [ 121836.478806987099233, 488192.763950383930933 ], [ 121836.295989167396328, 488195.689035499177407 ] ] ] } },
{ "type": "Feature", "properties": { "sensor": "GASA-01-A1, GASA-01-A2, GASA-01-B en GASA-01-C", "time": "2025-08-20T14:16:00+02:00", "count_line": 130, "location": "IJBoulevard", "count_area": 435.0, "countline_length": 20 }, "geometry": { "type": "Polygon", "coordinates": [ [ [ 121836.295989167396328, 488195.689035499177407 ], [ 121857.685674072490656, 488180.149520824546926 ], [ 121832.273997133961529, 488133.896612440003082 ], [ 121807.776409293946926, 488147.242313278256916 ], [ 121836.478806987099233, 488192.763950383930933 ], [ 121836.295989167396328, 488195.689035499177407 ] ] ] } },
{ "type": "Feature", "properties": { "sensor": "GASA-01-A1, GASA-01-A2, GASA-01-B en GASA-01-C", "time": "2025-08-20T14:18:00+02:00", "count_line": 154, "location": "IJBoulevard", "count_area": 558.0, "countline_length": 20 }, "geometry": { "type": "Polygon", "coordinates": [ [ [ 121836.295989167396328, 488195.689035499177407 ], [ 121857.685674072490656, 488180.149520824546926 ], [ 121832.273997133961529, 488133.896612440003082 ], [ 121807.776409293946926, 488147.242313278256916 ], [ 121836.478806987099233, 488192.763950383930933 ], [ 121836.295989167396328, 488195.689035499177407 ] ] ] } },
{ "type": "Feature", "properties": { "sensor": "GASA-01-A1, GASA-01-A2, GASA-01-B en GASA-01-C", "time": "2025-08-20T14:20:00+02:00", "count_line": 110, "location": "IJBoulevard", "count_area": 416.0, "countline_length": 20 }, "geometry": { "type": "Polygon", "coordinates": [ [ [ 121836.295989167396328, 488195.689035499177407 ], [ 121857.685674072490656, 488180.149520824546926 ], [ 121832.273997133961529, 488133.896612440003082 ], [ 121807.776409293946926, 488147.242313278256916 ], [ 121836.478806987099233, 488192.763950383930933 ], [ 121836.295989167396328, 488195.689035499177407 ] ] ] } },
{ "type": "Feature", "properties": { "sensor": "GASA-01-A1, GASA-01-A2, GASA-01-B en GASA-01-C", "time": "2025-08-20T14:22:00+02:00", "count_line": 144, "location": "IJBoulevard", "count_area": 529.0, "countline_length": 20 }, "geometry": { "type": "Polygon", "coordinates": [ [ [ 121836.295989167396328, 488195.689035499177407 ], [ 121857.685674072490656, 488180.149520824546926 ], [ 121832.273997133961529, 488133.896612440003082 ], [ 121807.776409293946926, 488147.242313278256916 ], [ 121836.478806987099233, 488192.763950383930933 ], [ 121836.295989167396328, 488195.689035499177407 ] ] ] } },
{ "type": "Feature", "properties": { "sensor": "GASA-01-A1, GASA-01-A2, GASA-01-B en GASA-01-C", "time": "2025-08-20T14:23:00+02:00", "count_line": 150, "location": "IJBoulevard", "count_area": 578.0, "countline_length": 20 }, "geometry": { "type": "Polygon", "coordinates": [ [ [ 121836.295989167396328, 488195.689035499177407 ], [ 121857.685674072490656, 488180.149520824546926 ], [ 121832.273997133961529, 488133.896612440003082 ], [ 121807.776409293946926, 488147.242313278256916 ], [ 121836.478806987099233, 488192.763950383930933 ], [ 121836.295989167396328, 488195.689035499177407 ] ] ] } },
{ "type": "Feature", "properties": { "sensor": "GASA-01-A1, GASA-01-A2, GASA-01-B en GASA-01-C", "time": "2025-08-20T14:24:00+02:00", "count_line": 134, "location": "IJBoulevard", "count_area": 446.0, "countline_length": 20 }, "geometry": { "type": "Polygon", "coordinates": [ [ [ 121836.295989167396328, 488195.689035499177407 ], [ 121857.685674072490656, 488180.149520824546926 ], [ 121832.273997133961529, 488133.896612440003082 ], [ 121807.776409293946926, 488147.242313278256916 ], [ 121836.478806987099233, 488192.763950383930933 ], [ 121836.295989167396328, 488195.689035499177407 ] ] ] } },
{ "type": "Feature", "properties": { "sensor": "GASA-01-A1, GASA-01-A2, GASA-01-B en GASA-01-C", "time": "2025-08-20T14:26:00+02:00", "count_line": 134, "location": "IJBoulevard", "count_area": 410.0, "countline_length": 20 }, "geometry": { "type": "Polygon", "coordinates": [ [ [ 121836.295989167396328, 488195.689035499177407 ], [ 121857.685674072490656, 488180.149520824546926 ], [ 121832.273997133961529, 488133.896612440003082 ], [ 121807.776409293946926, 488147.242313278256916 ], [ 121836.478806987099233, 488192.763950383930933 ], [ 121836.295989167396328, 488195.689035499177407 ] ] ] } },
{ "type": "Feature", "properties": { "sensor": "GASA-01-A1, GASA-01-A2, GASA-01-B en GASA-01-C", "time": "2025-08-20T14:28:00+02:00", "count_line": 138, "location": "IJBoulevard", "count_area": 507.0, "countline_length": 20 }, "geometry": { "type": "Polygon", "coordinates": [ [ [ 121836.295989167396328, 488195.689035499177407 ], [ 121857.685674072490656, 488180.149520824546926 ], [ 121832.273997133961529, 488133.896612440003082 ], [ 121807.776409293946926, 488147.242313278256916 ], [ 121836.478806987099233, 488192.763950383930933 ], [ 121836.295989167396328, 488195.689035499177407 ] ] ] } },
{ "type": "Feature", "properties": { "sensor": "GASA-01-A1, GASA-01-A2, GASA-01-B en GASA-01-C", "time": "2025-08-20T14:30:00+02:00", "count_line": 76, "location": "IJBoulevard", "count_area": 233.0, "countline_length": 20 }, "geometry": { "type": "Polygon", "coordinates": [ [ [ 121836.295989167396328, 488195.689035499177407 ], [ 121857.685674072490656, 488180.149520824546926 ], [ 121832.273997133961529, 488133.896612440003082 ], [ 121807.776409293946926, 488147.242313278256916 ], [ 121836.478806987099233, 488192.763950383930933 ], [ 121836.295989167396328, 488195.689035499177407 ] ] ] } },
{ "type": "Feature", "properties": { "sensor": "GASA-01-A1, GASA-01-A2, GASA-01-B en GASA-01-C", "time": "2025-08-20T14:32:00+02:00", "count_line": 146, "location": "IJBoulevard", "count_area": 513.0, "countline_length": 20 }, "geometry": { "type": "Polygon", "coordinates": [ [ [ 121836.295989167396328, 488195.689035499177407 ], [ 121857.685674072490656, 488180.149520824546926 ], [ 121832.273997133961529, 488133.896612440003082 ], [ 121807.776409293946926, 488147.242313278256916 ], [ 121836.478806987099233, 488192.763950383930933 ], [ 121836.295989167396328, 488195.689035499177407 ] ] ] } },
{ "type": "Feature", "properties": { "sensor": "GASA-01-A1, GASA-01-A2, GASA-01-B en GASA-01-C", "time": "2025-08-20T14:34:00+02:00", "count_line": 116, "location": "IJBoulevard", "count_area": 404.0, "countline_length": 20 }, "geometry": { "type": "Polygon", "coordinates": [ [ [ 121836.295989167396328, 488195.689035499177407 ], [ 121857.685674072490656, 488180.149520824546926 ], [ 121832.273997133961529, 488133.896612440003082 ], [ 121807.776409293946926, 488147.242313278256916 ], [ 121836.478806987099233, 488192.763950383930933 ], [ 121836.295989167396328, 488195.689035499177407 ] ] ] } },
{ "type": "Feature", "properties": { "sensor": "GASA-01-A1, GASA-01-A2, GASA-01-B en GASA-01-C", "time": "2025-08-20T14:36:00+02:00", "count_line": 99, "location": "IJBoulevard", "count_area": 390.0, "countline_length": 20 }, "geometry": { "type": "Polygon", "coordinates": [ [ [ 121836.295989167396328, 488195.689035499177407 ], [ 121857.685674072490656, 488180.149520824546926 ], [ 121832.273997133961529, 488133.896612440003082 ], [ 121807.776409293946926, 488147.242313278256916 ], [ 121836.478806987099233, 488192.763950383930933 ], [ 121836.295989167396328, 488195.689035499177407 ] ] ] } },
{ "type": "Feature", "properties": { "sensor": "GASA-01-A1, GASA-01-A2, GASA-01-B en GASA-01-C", "time": "2025-08-20T14:38:00+02:00", "count_line": 101, "location": "IJBoulevard", "count_area": 305.0, "countline_length": 20 }, "geometry": { "type": "Polygon", "coordinates": [ [ [ 121836.295989167396328, 488195.689035499177407 ], [ 121857.685674072490656, 488180.149520824546926 ], [ 121832.273997133961529, 488133.896612440003082 ], [ 121807.776409293946926, 488147.242313278256916 ], [ 121836.478806987099233, 488192.763950383930933 ], [ 121836.295989167396328, 488195.689035499177407 ] ] ] } },
{ "type": "Feature", "properties": { "sensor": "GASA-01-A1, GASA-01-A2, GASA-01-B en GASA-01-C", "time": "2025-08-20T14:40:00+02:00", "count_line": 132, "location": "IJBoulevard", "count_area": 470.0, "countline_length": 20 }, "geometry": { "type": "Polygon", "coordinates": [ [ [ 121836.295989167396328, 488195.689035499177407 ], [ 121857.685674072490656, 488180.149520824546926 ], [ 121832.273997133961529, 488133.896612440003082 ], [ 121807.776409293946926, 488147.242313278256916 ], [ 121836.478806987099233, 488192.763950383930933 ], [ 121836.295989167396328, 488195.689035499177407 ] ] ] } },
{ "type": "Feature", "properties": { "sensor": "GASA-01-A1, GASA-01-A2, GASA-01-B en GASA-01-C", "time": "2025-08-20T14:42:00+02:00", "count_line": 149, "location": "IJBoulevard", "count_area": 519.0, "countline_length": 20 }, "geometry": { "type": "Polygon", "coordinates": [ [ [ 121836.295989167396328, 488195.689035499177407 ], [ 121857.685674072490656, 488180.149520824546926 ], [ 121832.273997133961529, 488133.896612440003082 ], [ 121807.776409293946926, 488147.242313278256916 ], [ 121836.478806987099233, 488192.763950383930933 ], [ 121836.295989167396328, 488195.689035499177407 ] ] ] } },
{ "type": "Feature", "properties": { "sensor": "GASA-01-A1, GASA-01-A2, GASA-01-B en GASA-01-C", "time": "2025-08-20T14:44:00+02:00", "count_line": 131, "location": "IJBoulevard", "count_area": 490.0, "countline_length": 20 }, "geometry": { "type": "Polygon", "coordinates": [ [ [ 121836.295989167396328, 488195.689035499177407 ], [ 121857.685674072490656, 488180.149520824546926 ], [ 121832.273997133961529, 488133.896612440003082 ], [ 121807.776409293946926, 488147.242313278256916 ], [ 121836.478806987099233, 488192.763950383930933 ], [ 121836.295989167396328, 488195.689035499177407 ] ] ] } },
{ "type": "Feature", "properties": { "sensor": "GASA-01-A1, GASA-01-A2, GASA-01-B en GASA-01-C", "time": "2025-08-20T14:46:00+02:00", "count_line": 141, "location": "IJBoulevard", "count_area": 493.0, "countline_length": 20 }, "geometry": { "type": "Polygon", "coordinates": [ [ [ 121836.295989167396328, 488195.689035499177407 ], [ 121857.685674072490656, 488180.149520824546926 ], [ 121832.273997133961529, 488133.896612440003082 ], [ 121807.776409293946926, 488147.242313278256916 ], [ 121836.478806987099233, 488192.763950383930933 ], [ 121836.295989167396328, 488195.689035499177407 ] ] ] } },
{ "type": "Feature", "properties": { "sensor": "GASA-01-A1, GASA-01-A2, GASA-01-B en GASA-01-C", "time": "2025-08-20T14:48:00+02:00", "count_line": 166, "location": "IJBoulevard", "count_area": 631.0, "countline_length": 20 }, "geometry": { "type": "Polygon", "coordinates": [ [ [ 121836.295989167396328, 488195.689035499177407 ], [ 121857.685674072490656, 488180.149520824546926 ], [ 121832.273997133961529, 488133.896612440003082 ], [ 121807.776409293946926, 488147.242313278256916 ], [ 121836.478806987099233, 488192.763950383930933 ], [ 121836.295989167396328, 488195.689035499177407 ] ] ] } },
{ "type": "Feature", "properties": { "sensor": "GASA-01-A1, GASA-01-A2, GASA-01-B en GASA-01-C", "time": "2025-08-20T14:50:00+02:00", "count_line": 156, "location": "IJBoulevard", "count_area": 595.0, "countline_length": 20 }, "geometry": { "type": "Polygon", "coordinates": [ [ [ 121836.295989167396328, 488195.689035499177407 ], [ 121857.685674072490656, 488180.149520824546926 ], [ 121832.273997133961529, 488133.896612440003082 ], [ 121807.776409293946926, 488147.242313278256916 ], [ 121836.478806987099233, 488192.763950383930933 ], [ 121836.295989167396328, 488195.689035499177407 ] ] ] } },
{ "type": "Feature", "properties": { "sensor": "GASA-01-A1, GASA-01-A2, GASA-01-B en GASA-01-C", "time": "2025-08-20T14:52:00+02:00", "count_line": 146, "location": "IJBoulevard", "count_area": 517.0, "countline_length": 20 }, "geometry": { "type": "Polygon", "coordinates": [ [ [ 121836.295989167396328, 488195.689035499177407 ], [ 121857.685674072490656, 488180.149520824546926 ], [ 121832.273997133961529, 488133.896612440003082 ], [ 121807.776409293946926, 488147.242313278256916 ], [ 121836.478806987099233, 488192.763950383930933 ], [ 121836.295989167396328, 488195.689035499177407 ] ] ] } },
{ "type": "Feature", "properties": { "sensor": "GASA-01-A1, GASA-01-A2, GASA-01-B en GASA-01-C", "time": "2025-08-20T14:54:00+02:00", "count_line": 133, "location": "IJBoulevard", "count_area": 500.0, "countline_length": 20 }, "geometry": { "type": "Polygon", "coordinates": [ [ [ 121836.295989167396328, 488195.689035499177407 ], [ 121857.685674072490656, 488180.149520824546926 ], [ 121832.273997133961529, 488133.896612440003082 ], [ 121807.776409293946926, 488147.242313278256916 ], [ 121836.478806987099233, 488192.763950383930933 ], [ 121836.295989167396328, 488195.689035499177407 ] ] ] } },
{ "type": "Feature", "properties": { "sensor": "GASA-01-A1, GASA-01-A2, GASA-01-B en GASA-01-C", "time": "2025-08-20T14:55:00+02:00", "count_line": 112, "location": "IJBoulevard", "count_area": 343.0, "countline_length": 20 }, "geometry": { "type": "Polygon", "coordinates": [ [ [ 121836.295989167396328, 488195.689035499177407 ], [ 121857.685674072490656, 488180.149520824546926 ], [ 121832.273997133961529, 488133.896612440003082 ], [ 121807.776409293946926, 488147.242313278256916 ], [ 121836.478806987099233, 488192.763950383930933 ], [ 121836.295989167396328, 488195.689035499177407 ] ] ] } },
{ "type": "Feature", "properties": { "sensor": "GASA-01-A1, GASA-01-A2, GASA-01-B en GASA-01-C", "time": "2025-08-20T14:56:00+02:00", "count_line": 76, "location": "IJBoulevard", "count_area": 296.0, "countline_length": 20 }, "geometry": { "type": "Polygon", "coordinates": [ [ [ 121836.295989167396328, 488195.689035499177407 ], [ 121857.685674072490656, 488180.149520824546926 ], [ 121832.273997133961529, 488133.896612440003082 ], [ 121807.776409293946926, 488147.242313278256916 ], [ 121836.478806987099233, 488192.763950383930933 ], [ 121836.295989167396328, 488195.689035499177407 ] ] ] } },
{ "type": "Feature", "properties": { "sensor": "GASA-01-A1, GASA-01-A2, GASA-01-B en GASA-01-C", "time": "2025-08-20T14:57:00+02:00", "count_line": 4, "location": "IJBoulevard", "count_area": 13.0, "countline_length": 20 }, "geometry": { "type": "Polygon", "coordinates": [ [ [ 121836.295989167396328, 488195.689035499177407 ], [ 121857.685674072490656, 488180.149520824546926 ], [ 121832.273997133961529, 488133.896612440003082 ], [ 121807.776409293946926, 488147.242313278256916 ], [ 121836.478806987099233, 488192.763950383930933 ], [ 121836.295989167396328, 488195.689035499177407 ] ] ] } },
{ "type": "Feature", "properties": { "sensor": "GASA-01-A1, GASA-01-A2, GASA-01-B en GASA-01-C", "time": "2025-08-20T14:58:00+02:00", "count_line": 111, "location": "IJBoulevard", "count_area": 408.0, "countline_length": 20 }, "geometry": { "type": "Polygon", "coordinates": [ [ [ 121836.295989167396328, 488195.689035499177407 ], [ 121857.685674072490656, 488180.149520824546926 ], [ 121832.273997133961529, 488133.896612440003082 ], [ 121807.776409293946926, 488147.242313278256916 ], [ 121836.478806987099233, 488192.763950383930933 ], [ 121836.295989167396328, 488195.689035499177407 ] ] ] } },
{ "type": "Feature", "properties": { "sensor": "GASA-01-A1, GASA-01-A2, GASA-01-B en GASA-01-C", "time": "2025-08-20T15:00:00+02:00", "count_line": 110, "location": "IJBoulevard", "count_area": 364.0, "countline_length": 20 }, "geometry": { "type": "Polygon", "coordinates": [ [ [ 121836.295989167396328, 488195.689035499177407 ], [ 121857.685674072490656, 488180.149520824546926 ], [ 121832.273997133961529, 488133.896612440003082 ], [ 121807.776409293946926, 488147.242313278256916 ], [ 121836.478806987099233, 488192.763950383930933 ], [ 121836.295989167396328, 488195.689035499177407 ] ] ] } },
{ "type": "Feature", "properties": { "sensor": "GASA-01-A1, GASA-01-A2, GASA-01-B en GASA-01-C", "time": "2025-08-20T15:02:00+02:00", "count_line": 163, "location": "IJBoulevard", "count_area": 514.0, "countline_length": 20 }, "geometry": { "type": "Polygon", "coordinates": [ [ [ 121836.295989167396328, 488195.689035499177407 ], [ 121857.685674072490656, 488180.149520824546926 ], [ 121832.273997133961529, 488133.896612440003082 ], [ 121807.776409293946926, 488147.242313278256916 ], [ 121836.478806987099233, 488192.763950383930933 ], [ 121836.295989167396328, 488195.689035499177407 ] ] ] } },
{ "type": "Feature", "properties": { "sensor": "GASA-01-A1, GASA-01-A2, GASA-01-B en GASA-01-C", "time": "2025-08-20T15:04:00+02:00", "count_line": 125, "location": "IJBoulevard", "count_area": 410.0, "countline_length": 20 }, "geometry": { "type": "Polygon", "coordinates": [ [ [ 121836.295989167396328, 488195.689035499177407 ], [ 121857.685674072490656, 488180.149520824546926 ], [ 121832.273997133961529, 488133.896612440003082 ], [ 121807.776409293946926, 488147.242313278256916 ], [ 121836.478806987099233, 488192.763950383930933 ], [ 121836.295989167396328, 488195.689035499177407 ] ] ] } },
{ "type": "Feature", "properties": { "sensor": "GASA-01-A1, GASA-01-A2, GASA-01-B en GASA-01-C", "time": "2025-08-20T15:05:00+02:00", "count_line": 146, "location": "IJBoulevard", "count_area": 539.0, "countline_length": 20 }, "geometry": { "type": "Polygon", "coordinates": [ [ [ 121836.295989167396328, 488195.689035499177407 ], [ 121857.685674072490656, 488180.149520824546926 ], [ 121832.273997133961529, 488133.896612440003082 ], [ 121807.776409293946926, 488147.242313278256916 ], [ 121836.478806987099233, 488192.763950383930933 ], [ 121836.295989167396328, 488195.689035499177407 ] ] ] } },
{ "type": "Feature", "properties": { "sensor": "GASA-01-A1, GASA-01-A2, GASA-01-B en GASA-01-C", "time": "2025-08-20T15:06:00+02:00", "count_line": 116, "location": "IJBoulevard", "count_area": 429.0, "countline_length": 20 }, "geometry": { "type": "Polygon", "coordinates": [ [ [ 121836.295989167396328, 488195.689035499177407 ], [ 121857.685674072490656, 488180.149520824546926 ], [ 121832.273997133961529, 488133.896612440003082 ], [ 121807.776409293946926, 488147.242313278256916 ], [ 121836.478806987099233, 488192.763950383930933 ], [ 121836.295989167396328, 488195.689035499177407 ] ] ] } },
{ "type": "Feature", "properties": { "sensor": "GASA-01-A1, GASA-01-A2, GASA-01-B en GASA-01-C", "time": "2025-08-20T15:08:00+02:00", "count_line": 165, "location": "IJBoulevard", "count_area": 533.0, "countline_length": 20 }, "geometry": { "type": "Polygon", "coordinates": [ [ [ 121836.295989167396328, 488195.689035499177407 ], [ 121857.685674072490656, 488180.149520824546926 ], [ 121832.273997133961529, 488133.896612440003082 ], [ 121807.776409293946926, 488147.242313278256916 ], [ 121836.478806987099233, 488192.763950383930933 ], [ 121836.295989167396328, 488195.689035499177407 ] ] ] } },
{ "type": "Feature", "properties": { "sensor": "GASA-01-A1, GASA-01-A2, GASA-01-B en GASA-01-C", "time": "2025-08-20T15:10:00+02:00", "count_line": 138, "location": "IJBoulevard", "count_area": 415.0, "countline_length": 20 }, "geometry": { "type": "Polygon", "coordinates": [ [ [ 121836.295989167396328, 488195.689035499177407 ], [ 121857.685674072490656, 488180.149520824546926 ], [ 121832.273997133961529, 488133.896612440003082 ], [ 121807.776409293946926, 488147.242313278256916 ], [ 121836.478806987099233, 488192.763950383930933 ], [ 121836.295989167396328, 488195.689035499177407 ] ] ] } },
{ "type": "Feature", "properties": { "sensor": "GASA-01-A1, GASA-01-A2, GASA-01-B en GASA-01-C", "time": "2025-08-20T15:12:00+02:00", "count_line": 127, "location": "IJBoulevard", "count_area": 506.0, "countline_length": 20 }, "geometry": { "type": "Polygon", "coordinates": [ [ [ 121836.295989167396328, 488195.689035499177407 ], [ 121857.685674072490656, 488180.149520824546926 ], [ 121832.273997133961529, 488133.896612440003082 ], [ 121807.776409293946926, 488147.242313278256916 ], [ 121836.478806987099233, 488192.763950383930933 ], [ 121836.295989167396328, 488195.689035499177407 ] ] ] } },
{ "type": "Feature", "properties": { "sensor": "GASA-01-A1, GASA-01-A2, GASA-01-B en GASA-01-C", "time": "2025-08-20T15:14:00+02:00", "count_line": 131, "location": "IJBoulevard", "count_area": 488.0, "countline_length": 20 }, "geometry": { "type": "Polygon", "coordinates": [ [ [ 121836.295989167396328, 488195.689035499177407 ], [ 121857.685674072490656, 488180.149520824546926 ], [ 121832.273997133961529, 488133.896612440003082 ], [ 121807.776409293946926, 488147.242313278256916 ], [ 121836.478806987099233, 488192.763950383930933 ], [ 121836.295989167396328, 488195.689035499177407 ] ] ] } },
{ "type": "Feature", "properties": { "sensor": "GASA-01-A1, GASA-01-A2, GASA-01-B en GASA-01-C", "time": "2025-08-20T15:16:00+02:00", "count_line": 132, "location": "IJBoulevard", "count_area": 415.0, "countline_length": 20 }, "geometry": { "type": "Polygon", "coordinates": [ [ [ 121836.295989167396328, 488195.689035499177407 ], [ 121857.685674072490656, 488180.149520824546926 ], [ 121832.273997133961529, 488133.896612440003082 ], [ 121807.776409293946926, 488147.242313278256916 ], [ 121836.478806987099233, 488192.763950383930933 ], [ 121836.295989167396328, 488195.689035499177407 ] ] ] } },
{ "type": "Feature", "properties": { "sensor": "GASA-01-A1, GASA-01-A2, GASA-01-B en GASA-01-C", "time": "2025-08-20T15:18:00+02:00", "count_line": 164, "location": "IJBoulevard", "count_area": 582.0, "countline_length": 20 }, "geometry": { "type": "Polygon", "coordinates": [ [ [ 121836.295989167396328, 488195.689035499177407 ], [ 121857.685674072490656, 488180.149520824546926 ], [ 121832.273997133961529, 488133.896612440003082 ], [ 121807.776409293946926, 488147.242313278256916 ], [ 121836.478806987099233, 488192.763950383930933 ], [ 121836.295989167396328, 488195.689035499177407 ] ] ] } },
{ "type": "Feature", "properties": { "sensor": "GASA-01-A1, GASA-01-A2, GASA-01-B en GASA-01-C", "time": "2025-08-20T15:20:00+02:00", "count_line": 173, "location": "IJBoulevard", "count_area": 606.0, "countline_length": 20 }, "geometry": { "type": "Polygon", "coordinates": [ [ [ 121836.295989167396328, 488195.689035499177407 ], [ 121857.685674072490656, 488180.149520824546926 ], [ 121832.273997133961529, 488133.896612440003082 ], [ 121807.776409293946926, 488147.242313278256916 ], [ 121836.478806987099233, 488192.763950383930933 ], [ 121836.295989167396328, 488195.689035499177407 ] ] ] } },
{ "type": "Feature", "properties": { "sensor": "GASA-01-A1, GASA-01-A2, GASA-01-B en GASA-01-C", "time": "2025-08-20T15:22:00+02:00", "count_line": 148, "location": "IJBoulevard", "count_area": 522.0, "countline_length": 20 }, "geometry": { "type": "Polygon", "coordinates": [ [ [ 121836.295989167396328, 488195.689035499177407 ], [ 121857.685674072490656, 488180.149520824546926 ], [ 121832.273997133961529, 488133.896612440003082 ], [ 121807.776409293946926, 488147.242313278256916 ], [ 121836.478806987099233, 488192.763950383930933 ], [ 121836.295989167396328, 488195.689035499177407 ] ] ] } },
{ "type": "Feature", "properties": { "sensor": "GASA-01-A1, GASA-01-A2, GASA-01-B en GASA-01-C", "time": "2025-08-20T15:24:00+02:00", "count_line": 140, "location": "IJBoulevard", "count_area": 461.0, "countline_length": 20 }, "geometry": { "type": "Polygon", "coordinates": [ [ [ 121836.295989167396328, 488195.689035499177407 ], [ 121857.685674072490656, 488180.149520824546926 ], [ 121832.273997133961529, 488133.896612440003082 ], [ 121807.776409293946926, 488147.242313278256916 ], [ 121836.478806987099233, 488192.763950383930933 ], [ 121836.295989167396328, 488195.689035499177407 ] ] ] } },
{ "type": "Feature", "properties": { "sensor": "GASA-01-A1, GASA-01-A2, GASA-01-B en GASA-01-C", "time": "2025-08-20T15:26:00+02:00", "count_line": 154, "location": "IJBoulevard", "count_area": 577.0, "countline_length": 20 }, "geometry": { "type": "Polygon", "coordinates": [ [ [ 121836.295989167396328, 488195.689035499177407 ], [ 121857.685674072490656, 488180.149520824546926 ], [ 121832.273997133961529, 488133.896612440003082 ], [ 121807.776409293946926, 488147.242313278256916 ], [ 121836.478806987099233, 488192.763950383930933 ], [ 121836.295989167396328, 488195.689035499177407 ] ] ] } },
{ "type": "Feature", "properties": { "sensor": "GASA-01-A1, GASA-01-A2, GASA-01-B en GASA-01-C", "time": "2025-08-20T15:27:00+02:00", "count_line": 162, "location": "IJBoulevard", "count_area": 530.0, "countline_length": 20 }, "geometry": { "type": "Polygon", "coordinates": [ [ [ 121836.295989167396328, 488195.689035499177407 ], [ 121857.685674072490656, 488180.149520824546926 ], [ 121832.273997133961529, 488133.896612440003082 ], [ 121807.776409293946926, 488147.242313278256916 ], [ 121836.478806987099233, 488192.763950383930933 ], [ 121836.295989167396328, 488195.689035499177407 ] ] ] } },
{ "type": "Feature", "properties": { "sensor": "GASA-01-A1, GASA-01-A2, GASA-01-B en GASA-01-C", "time": "2025-08-20T15:28:00+02:00", "count_line": 156, "location": "IJBoulevard", "count_area": 476.0, "countline_length": 20 }, "geometry": { "type": "Polygon", "coordinates": [ [ [ 121836.295989167396328, 488195.689035499177407 ], [ 121857.685674072490656, 488180.149520824546926 ], [ 121832.273997133961529, 488133.896612440003082 ], [ 121807.776409293946926, 488147.242313278256916 ], [ 121836.478806987099233, 488192.763950383930933 ], [ 121836.295989167396328, 488195.689035499177407 ] ] ] } },
{ "type": "Feature", "properties": { "sensor": "GASA-01-A1, GASA-01-A2, GASA-01-B en GASA-01-C", "time": "2025-08-20T15:30:00+02:00", "count_line": 172, "location": "IJBoulevard", "count_area": 574.0, "countline_length": 20 }, "geometry": { "type": "Polygon", "coordinates": [ [ [ 121836.295989167396328, 488195.689035499177407 ], [ 121857.685674072490656, 488180.149520824546926 ], [ 121832.273997133961529, 488133.896612440003082 ], [ 121807.776409293946926, 488147.242313278256916 ], [ 121836.478806987099233, 488192.763950383930933 ], [ 121836.295989167396328, 488195.689035499177407 ] ] ] } },
{ "type": "Feature", "properties": { "sensor": "GASA-01-A1, GASA-01-A2, GASA-01-B en GASA-01-C", "time": "2025-08-20T15:32:00+02:00", "count_line": 128, "location": "IJBoulevard", "count_area": 433.0, "countline_length": 20 }, "geometry": { "type": "Polygon", "coordinates": [ [ [ 121836.295989167396328, 488195.689035499177407 ], [ 121857.685674072490656, 488180.149520824546926 ], [ 121832.273997133961529, 488133.896612440003082 ], [ 121807.776409293946926, 488147.242313278256916 ], [ 121836.478806987099233, 488192.763950383930933 ], [ 121836.295989167396328, 488195.689035499177407 ] ] ] } },
{ "type": "Feature", "properties": { "sensor": "GASA-01-A1, GASA-01-A2, GASA-01-B en GASA-01-C", "time": "2025-08-20T15:34:00+02:00", "count_line": 158, "location": "IJBoulevard", "count_area": 579.0, "countline_length": 20 }, "geometry": { "type": "Polygon", "coordinates": [ [ [ 121836.295989167396328, 488195.689035499177407 ], [ 121857.685674072490656, 488180.149520824546926 ], [ 121832.273997133961529, 488133.896612440003082 ], [ 121807.776409293946926, 488147.242313278256916 ], [ 121836.478806987099233, 488192.763950383930933 ], [ 121836.295989167396328, 488195.689035499177407 ] ] ] } },
{ "type": "Feature", "properties": { "sensor": "GASA-01-A1, GASA-01-A2, GASA-01-B en GASA-01-C", "time": "2025-08-20T15:36:00+02:00", "count_line": 179, "location": "IJBoulevard", "count_area": 631.0, "countline_length": 20 }, "geometry": { "type": "Polygon", "coordinates": [ [ [ 121836.295989167396328, 488195.689035499177407 ], [ 121857.685674072490656, 488180.149520824546926 ], [ 121832.273997133961529, 488133.896612440003082 ], [ 121807.776409293946926, 488147.242313278256916 ], [ 121836.478806987099233, 488192.763950383930933 ], [ 121836.295989167396328, 488195.689035499177407 ] ] ] } },
{ "type": "Feature", "properties": { "sensor": "GASA-01-A1, GASA-01-A2, GASA-01-B en GASA-01-C", "time": "2025-08-20T15:37:00+02:00", "count_line": 194, "location": "IJBoulevard", "count_area": 711.0, "countline_length": 20 }, "geometry": { "type": "Polygon", "coordinates": [ [ [ 121836.295989167396328, 488195.689035499177407 ], [ 121857.685674072490656, 488180.149520824546926 ], [ 121832.273997133961529, 488133.896612440003082 ], [ 121807.776409293946926, 488147.242313278256916 ], [ 121836.478806987099233, 488192.763950383930933 ], [ 121836.295989167396328, 488195.689035499177407 ] ] ] } },
{ "type": "Feature", "properties": { "sensor": "GASA-01-A1, GASA-01-A2, GASA-01-B en GASA-01-C", "time": "2025-08-20T15:38:00+02:00", "count_line": 165, "location": "IJBoulevard", "count_area": 552.0, "countline_length": 20 }, "geometry": { "type": "Polygon", "coordinates": [ [ [ 121836.295989167396328, 488195.689035499177407 ], [ 121857.685674072490656, 488180.149520824546926 ], [ 121832.273997133961529, 488133.896612440003082 ], [ 121807.776409293946926, 488147.242313278256916 ], [ 121836.478806987099233, 488192.763950383930933 ], [ 121836.295989167396328, 488195.689035499177407 ] ] ] } },
{ "type": "Feature", "properties": { "sensor": "GASA-01-A1, GASA-01-A2, GASA-01-B en GASA-01-C", "time": "2025-08-20T15:40:00+02:00", "count_line": 146, "location": "IJBoulevard", "count_area": 507.0, "countline_length": 20 }, "geometry": { "type": "Polygon", "coordinates": [ [ [ 121836.295989167396328, 488195.689035499177407 ], [ 121857.685674072490656, 488180.149520824546926 ], [ 121832.273997133961529, 488133.896612440003082 ], [ 121807.776409293946926, 488147.242313278256916 ], [ 121836.478806987099233, 488192.763950383930933 ], [ 121836.295989167396328, 488195.689035499177407 ] ] ] } },
{ "type": "Feature", "properties": { "sensor": "GASA-01-A1, GASA-01-A2, GASA-01-B en GASA-01-C", "time": "2025-08-20T15:42:00+02:00", "count_line": 176, "location": "IJBoulevard", "count_area": 533.0, "countline_length": 20 }, "geometry": { "type": "Polygon", "coordinates": [ [ [ 121836.295989167396328, 488195.689035499177407 ], [ 121857.685674072490656, 488180.149520824546926 ], [ 121832.273997133961529, 488133.896612440003082 ], [ 121807.776409293946926, 488147.242313278256916 ], [ 121836.478806987099233, 488192.763950383930933 ], [ 121836.295989167396328, 488195.689035499177407 ] ] ] } },
{ "type": "Feature", "properties": { "sensor": "GASA-01-A1, GASA-01-A2, GASA-01-B en GASA-01-C", "time": "2025-08-20T15:44:00+02:00", "count_line": 188, "location": "IJBoulevard", "count_area": 631.0, "countline_length": 20 }, "geometry": { "type": "Polygon", "coordinates": [ [ [ 121836.295989167396328, 488195.689035499177407 ], [ 121857.685674072490656, 488180.149520824546926 ], [ 121832.273997133961529, 488133.896612440003082 ], [ 121807.776409293946926, 488147.242313278256916 ], [ 121836.478806987099233, 488192.763950383930933 ], [ 121836.295989167396328, 488195.689035499177407 ] ] ] } },
{ "type": "Feature", "properties": { "sensor": "GASA-01-A1, GASA-01-A2, GASA-01-B en GASA-01-C", "time": "2025-08-20T15:46:00+02:00", "count_line": 159, "location": "IJBoulevard", "count_area": 535.0, "countline_length": 20 }, "geometry": { "type": "Polygon", "coordinates": [ [ [ 121836.295989167396328, 488195.689035499177407 ], [ 121857.685674072490656, 488180.149520824546926 ], [ 121832.273997133961529, 488133.896612440003082 ], [ 121807.776409293946926, 488147.242313278256916 ], [ 121836.478806987099233, 488192.763950383930933 ], [ 121836.295989167396328, 488195.689035499177407 ] ] ] } },
{ "type": "Feature", "properties": { "sensor": "GASA-01-A1, GASA-01-A2, GASA-01-B en GASA-01-C", "time": "2025-08-20T15:48:00+02:00", "count_line": 123, "location": "IJBoulevard", "count_area": 371.0, "countline_length": 20 }, "geometry": { "type": "Polygon", "coordinates": [ [ [ 121836.295989167396328, 488195.689035499177407 ], [ 121857.685674072490656, 488180.149520824546926 ], [ 121832.273997133961529, 488133.896612440003082 ], [ 121807.776409293946926, 488147.242313278256916 ], [ 121836.478806987099233, 488192.763950383930933 ], [ 121836.295989167396328, 488195.689035499177407 ] ] ] } },
{ "type": "Feature", "properties": { "sensor": "GASA-01-A1, GASA-01-A2, GASA-01-B en GASA-01-C", "time": "2025-08-20T15:50:00+02:00", "count_line": 123, "location": "IJBoulevard", "count_area": 453.0, "countline_length": 20 }, "geometry": { "type": "Polygon", "coordinates": [ [ [ 121836.295989167396328, 488195.689035499177407 ], [ 121857.685674072490656, 488180.149520824546926 ], [ 121832.273997133961529, 488133.896612440003082 ], [ 121807.776409293946926, 488147.242313278256916 ], [ 121836.478806987099233, 488192.763950383930933 ], [ 121836.295989167396328, 488195.689035499177407 ] ] ] } },
{ "type": "Feature", "properties": { "sensor": "GASA-01-A1, GASA-01-A2, GASA-01-B en GASA-01-C", "time": "2025-08-20T15:51:00+02:00", "count_line": 12, "location": "IJBoulevard", "count_area": 43.0, "countline_length": 20 }, "geometry": { "type": "Polygon", "coordinates": [ [ [ 121836.295989167396328, 488195.689035499177407 ], [ 121857.685674072490656, 488180.149520824546926 ], [ 121832.273997133961529, 488133.896612440003082 ], [ 121807.776409293946926, 488147.242313278256916 ], [ 121836.478806987099233, 488192.763950383930933 ], [ 121836.295989167396328, 488195.689035499177407 ] ] ] } },
{ "type": "Feature", "properties": { "sensor": "GASA-01-A1, GASA-01-A2, GASA-01-B en GASA-01-C", "time": "2025-08-20T15:52:00+02:00", "count_line": 254, "location": "IJBoulevard", "count_area": 762.0, "countline_length": 20 }, "geometry": { "type": "Polygon", "coordinates": [ [ [ 121836.295989167396328, 488195.689035499177407 ], [ 121857.685674072490656, 488180.149520824546926 ], [ 121832.273997133961529, 488133.896612440003082 ], [ 121807.776409293946926, 488147.242313278256916 ], [ 121836.478806987099233, 488192.763950383930933 ], [ 121836.295989167396328, 488195.689035499177407 ] ] ] } },
{ "type": "Feature", "properties": { "sensor": "GASA-01-A1, GASA-01-A2, GASA-01-B en GASA-01-C", "time": "2025-08-20T15:54:00+02:00", "count_line": 149, "location": "IJBoulevard", "count_area": 486.0, "countline_length": 20 }, "geometry": { "type": "Polygon", "coordinates": [ [ [ 121836.295989167396328, 488195.689035499177407 ], [ 121857.685674072490656, 488180.149520824546926 ], [ 121832.273997133961529, 488133.896612440003082 ], [ 121807.776409293946926, 488147.242313278256916 ], [ 121836.478806987099233, 488192.763950383930933 ], [ 121836.295989167396328, 488195.689035499177407 ] ] ] } },
{ "type": "Feature", "properties": { "sensor": "GASA-01-A1, GASA-01-A2, GASA-01-B en GASA-01-C", "time": "2025-08-20T15:56:00+02:00", "count_line": 294, "location": "IJBoulevard", "count_area": 1118.0, "countline_length": 20 }, "geometry": { "type": "Polygon", "coordinates": [ [ [ 121836.295989167396328, 488195.689035499177407 ], [ 121857.685674072490656, 488180.149520824546926 ], [ 121832.273997133961529, 488133.896612440003082 ], [ 121807.776409293946926, 488147.242313278256916 ], [ 121836.478806987099233, 488192.763950383930933 ], [ 121836.295989167396328, 488195.689035499177407 ] ] ] } },
{ "type": "Feature", "properties": { "sensor": "GASA-01-A1, GASA-01-A2, GASA-01-B en GASA-01-C", "time": "2025-08-20T15:58:00+02:00", "count_line": 204, "location": "IJBoulevard", "count_area": 740.0, "countline_length": 20 }, "geometry": { "type": "Polygon", "coordinates": [ [ [ 121836.295989167396328, 488195.689035499177407 ], [ 121857.685674072490656, 488180.149520824546926 ], [ 121832.273997133961529, 488133.896612440003082 ], [ 121807.776409293946926, 488147.242313278256916 ], [ 121836.478806987099233, 488192.763950383930933 ], [ 121836.295989167396328, 488195.689035499177407 ] ] ] } },
{ "type": "Feature", "properties": { "sensor": "GASA-01-A1, GASA-01-A2, GASA-01-B en GASA-01-C", "time": "2025-08-20T15:59:00+02:00", "count_line": 130, "location": "IJBoulevard", "count_area": 397.0, "countline_length": 20 }, "geometry": { "type": "Polygon", "coordinates": [ [ [ 121836.295989167396328, 488195.689035499177407 ], [ 121857.685674072490656, 488180.149520824546926 ], [ 121832.273997133961529, 488133.896612440003082 ], [ 121807.776409293946926, 488147.242313278256916 ], [ 121836.478806987099233, 488192.763950383930933 ], [ 121836.295989167396328, 488195.689035499177407 ] ] ] } },
{ "type": "Feature", "properties": { "sensor": "GASA-01-A1, GASA-01-A2, GASA-01-B en GASA-01-C", "time": "2025-08-20T16:00:00+02:00", "count_line": 125, "location": "IJBoulevard", "count_area": 489.0, "countline_length": 20 }, "geometry": { "type": "Polygon", "coordinates": [ [ [ 121836.295989167396328, 488195.689035499177407 ], [ 121857.685674072490656, 488180.149520824546926 ], [ 121832.273997133961529, 488133.896612440003082 ], [ 121807.776409293946926, 488147.242313278256916 ], [ 121836.478806987099233, 488192.763950383930933 ], [ 121836.295989167396328, 488195.689035499177407 ] ] ] } },
{ "type": "Feature", "properties": { "sensor": "GASA-01-A1, GASA-01-A2, GASA-01-B en GASA-01-C", "time": "2025-08-20T16:02:00+02:00", "count_line": 143, "location": "IJBoulevard", "count_area": 492.0, "countline_length": 20 }, "geometry": { "type": "Polygon", "coordinates": [ [ [ 121836.295989167396328, 488195.689035499177407 ], [ 121857.685674072490656, 488180.149520824546926 ], [ 121832.273997133961529, 488133.896612440003082 ], [ 121807.776409293946926, 488147.242313278256916 ], [ 121836.478806987099233, 488192.763950383930933 ], [ 121836.295989167396328, 488195.689035499177407 ] ] ] } },
{ "type": "Feature", "properties": { "sensor": "GASA-01-A1, GASA-01-A2, GASA-01-B en GASA-01-C", "time": "2025-08-20T16:04:00+02:00", "count_line": 141, "location": "IJBoulevard", "count_area": 431.0, "countline_length": 20 }, "geometry": { "type": "Polygon", "coordinates": [ [ [ 121836.295989167396328, 488195.689035499177407 ], [ 121857.685674072490656, 488180.149520824546926 ], [ 121832.273997133961529, 488133.896612440003082 ], [ 121807.776409293946926, 488147.242313278256916 ], [ 121836.478806987099233, 488192.763950383930933 ], [ 121836.295989167396328, 488195.689035499177407 ] ] ] } },
{ "type": "Feature", "properties": { "sensor": "GASA-01-A1, GASA-01-A2, GASA-01-B en GASA-01-C", "time": "2025-08-20T16:06:00+02:00", "count_line": 238, "location": "IJBoulevard", "count_area": 942.0, "countline_length": 20 }, "geometry": { "type": "Polygon", "coordinates": [ [ [ 121836.295989167396328, 488195.689035499177407 ], [ 121857.685674072490656, 488180.149520824546926 ], [ 121832.273997133961529, 488133.896612440003082 ], [ 121807.776409293946926, 488147.242313278256916 ], [ 121836.478806987099233, 488192.763950383930933 ], [ 121836.295989167396328, 488195.689035499177407 ] ] ] } },
{ "type": "Feature", "properties": { "sensor": "GASA-01-A1, GASA-01-A2, GASA-01-B en GASA-01-C", "time": "2025-08-20T16:08:00+02:00", "count_line": 220, "location": "IJBoulevard", "count_area": 682.0, "countline_length": 20 }, "geometry": { "type": "Polygon", "coordinates": [ [ [ 121836.295989167396328, 488195.689035499177407 ], [ 121857.685674072490656, 488180.149520824546926 ], [ 121832.273997133961529, 488133.896612440003082 ], [ 121807.776409293946926, 488147.242313278256916 ], [ 121836.478806987099233, 488192.763950383930933 ], [ 121836.295989167396328, 488195.689035499177407 ] ] ] } },
{ "type": "Feature", "properties": { "sensor": "GASA-01-A1, GASA-01-A2, GASA-01-B en GASA-01-C", "time": "2025-08-20T16:10:00+02:00", "count_line": 286, "location": "IJBoulevard", "count_area": 1141.0, "countline_length": 20 }, "geometry": { "type": "Polygon", "coordinates": [ [ [ 121836.295989167396328, 488195.689035499177407 ], [ 121857.685674072490656, 488180.149520824546926 ], [ 121832.273997133961529, 488133.896612440003082 ], [ 121807.776409293946926, 488147.242313278256916 ], [ 121836.478806987099233, 488192.763950383930933 ], [ 121836.295989167396328, 488195.689035499177407 ] ] ] } },
{ "type": "Feature", "properties": { "sensor": "GASA-01-A1, GASA-01-A2, GASA-01-B en GASA-01-C", "time": "2025-08-20T16:11:00+02:00", "count_line": 5, "location": "IJBoulevard", "count_area": 18.0, "countline_length": 20 }, "geometry": { "type": "Polygon", "coordinates": [ [ [ 121836.295989167396328, 488195.689035499177407 ], [ 121857.685674072490656, 488180.149520824546926 ], [ 121832.273997133961529, 488133.896612440003082 ], [ 121807.776409293946926, 488147.242313278256916 ], [ 121836.478806987099233, 488192.763950383930933 ], [ 121836.295989167396328, 488195.689035499177407 ] ] ] } },
{ "type": "Feature", "properties": { "sensor": "GASA-01-A1, GASA-01-A2, GASA-01-B en GASA-01-C", "time": "2025-08-20T16:12:00+02:00", "count_line": 141, "location": "IJBoulevard", "count_area": 444.0, "countline_length": 20 }, "geometry": { "type": "Polygon", "coordinates": [ [ [ 121836.295989167396328, 488195.689035499177407 ], [ 121857.685674072490656, 488180.149520824546926 ], [ 121832.273997133961529, 488133.896612440003082 ], [ 121807.776409293946926, 488147.242313278256916 ], [ 121836.478806987099233, 488192.763950383930933 ], [ 121836.295989167396328, 488195.689035499177407 ] ] ] } },
{ "type": "Feature", "properties": { "sensor": "GASA-01-A1, GASA-01-A2, GASA-01-B en GASA-01-C", "time": "2025-08-20T16:13:00+02:00", "count_line": 3, "location": "IJBoulevard", "count_area": 11.0, "countline_length": 20 }, "geometry": { "type": "Polygon", "coordinates": [ [ [ 121836.295989167396328, 488195.689035499177407 ], [ 121857.685674072490656, 488180.149520824546926 ], [ 121832.273997133961529, 488133.896612440003082 ], [ 121807.776409293946926, 488147.242313278256916 ], [ 121836.478806987099233, 488192.763950383930933 ], [ 121836.295989167396328, 488195.689035499177407 ] ] ] } },
{ "type": "Feature", "properties": { "sensor": "GASA-01-A1, GASA-01-A2, GASA-01-B en GASA-01-C", "time": "2025-08-20T16:14:00+02:00", "count_line": 140, "location": "IJBoulevard", "count_area": 558.0, "countline_length": 20 }, "geometry": { "type": "Polygon", "coordinates": [ [ [ 121836.295989167396328, 488195.689035499177407 ], [ 121857.685674072490656, 488180.149520824546926 ], [ 121832.273997133961529, 488133.896612440003082 ], [ 121807.776409293946926, 488147.242313278256916 ], [ 121836.478806987099233, 488192.763950383930933 ], [ 121836.295989167396328, 488195.689035499177407 ] ] ] } },
{ "type": "Feature", "properties": { "sensor": "GASA-01-A1, GASA-01-A2, GASA-01-B en GASA-01-C", "time": "2025-08-20T16:16:00+02:00", "count_line": 104, "location": "IJBoulevard", "count_area": 377.0, "countline_length": 20 }, "geometry": { "type": "Polygon", "coordinates": [ [ [ 121836.295989167396328, 488195.689035499177407 ], [ 121857.685674072490656, 488180.149520824546926 ], [ 121832.273997133961529, 488133.896612440003082 ], [ 121807.776409293946926, 488147.242313278256916 ], [ 121836.478806987099233, 488192.763950383930933 ], [ 121836.295989167396328, 488195.689035499177407 ] ] ] } },
{ "type": "Feature", "properties": { "sensor": "GASA-01-A1, GASA-01-A2, GASA-01-B en GASA-01-C", "time": "2025-08-20T16:18:00+02:00", "count_line": 114, "location": "IJBoulevard", "count_area": 345.0, "countline_length": 20 }, "geometry": { "type": "Polygon", "coordinates": [ [ [ 121836.295989167396328, 488195.689035499177407 ], [ 121857.685674072490656, 488180.149520824546926 ], [ 121832.273997133961529, 488133.896612440003082 ], [ 121807.776409293946926, 488147.242313278256916 ], [ 121836.478806987099233, 488192.763950383930933 ], [ 121836.295989167396328, 488195.689035499177407 ] ] ] } },
{ "type": "Feature", "properties": { "sensor": "GASA-01-A1, GASA-01-A2, GASA-01-B en GASA-01-C", "time": "2025-08-20T16:20:00+02:00", "count_line": 108, "location": "IJBoulevard", "count_area": 360.0, "countline_length": 20 }, "geometry": { "type": "Polygon", "coordinates": [ [ [ 121836.295989167396328, 488195.689035499177407 ], [ 121857.685674072490656, 488180.149520824546926 ], [ 121832.273997133961529, 488133.896612440003082 ], [ 121807.776409293946926, 488147.242313278256916 ], [ 121836.478806987099233, 488192.763950383930933 ], [ 121836.295989167396328, 488195.689035499177407 ] ] ] } },
{ "type": "Feature", "properties": { "sensor": "GASA-01-A1, GASA-01-A2, GASA-01-B en GASA-01-C", "time": "2025-08-20T16:21:00+02:00", "count_line": 109, "location": "IJBoulevard", "count_area": 403.0, "countline_length": 20 }, "geometry": { "type": "Polygon", "coordinates": [ [ [ 121836.295989167396328, 488195.689035499177407 ], [ 121857.685674072490656, 488180.149520824546926 ], [ 121832.273997133961529, 488133.896612440003082 ], [ 121807.776409293946926, 488147.242313278256916 ], [ 121836.478806987099233, 488192.763950383930933 ], [ 121836.295989167396328, 488195.689035499177407 ] ] ] } },
{ "type": "Feature", "properties": { "sensor": "GASA-01-A1, GASA-01-A2, GASA-01-B en GASA-01-C", "time": "2025-08-20T16:22:00+02:00", "count_line": 113, "location": "IJBoulevard", "count_area": 369.0, "countline_length": 20 }, "geometry": { "type": "Polygon", "coordinates": [ [ [ 121836.295989167396328, 488195.689035499177407 ], [ 121857.685674072490656, 488180.149520824546926 ], [ 121832.273997133961529, 488133.896612440003082 ], [ 121807.776409293946926, 488147.242313278256916 ], [ 121836.478806987099233, 488192.763950383930933 ], [ 121836.295989167396328, 488195.689035499177407 ] ] ] } },
{ "type": "Feature", "properties": { "sensor": "GASA-01-A1, GASA-01-A2, GASA-01-B en GASA-01-C", "time": "2025-08-20T16:24:00+02:00", "count_line": 288, "location": "IJBoulevard", "count_area": 968.0, "countline_length": 20 }, "geometry": { "type": "Polygon", "coordinates": [ [ [ 121836.295989167396328, 488195.689035499177407 ], [ 121857.685674072490656, 488180.149520824546926 ], [ 121832.273997133961529, 488133.896612440003082 ], [ 121807.776409293946926, 488147.242313278256916 ], [ 121836.478806987099233, 488192.763950383930933 ], [ 121836.295989167396328, 488195.689035499177407 ] ] ] } },
{ "type": "Feature", "properties": { "sensor": "GASA-01-A1, GASA-01-A2, GASA-01-B en GASA-01-C", "time": "2025-08-20T16:26:00+02:00", "count_line": 176, "location": "IJBoulevard", "count_area": 538.0, "countline_length": 20 }, "geometry": { "type": "Polygon", "coordinates": [ [ [ 121836.295989167396328, 488195.689035499177407 ], [ 121857.685674072490656, 488180.149520824546926 ], [ 121832.273997133961529, 488133.896612440003082 ], [ 121807.776409293946926, 488147.242313278256916 ], [ 121836.478806987099233, 488192.763950383930933 ], [ 121836.295989167396328, 488195.689035499177407 ] ] ] } },
{ "type": "Feature", "properties": { "sensor": "GASA-01-A1, GASA-01-A2, GASA-01-B en GASA-01-C", "time": "2025-08-20T16:28:00+02:00", "count_line": 166, "location": "IJBoulevard", "count_area": 639.0, "countline_length": 20 }, "geometry": { "type": "Polygon", "coordinates": [ [ [ 121836.295989167396328, 488195.689035499177407 ], [ 121857.685674072490656, 488180.149520824546926 ], [ 121832.273997133961529, 488133.896612440003082 ], [ 121807.776409293946926, 488147.242313278256916 ], [ 121836.478806987099233, 488192.763950383930933 ], [ 121836.295989167396328, 488195.689035499177407 ] ] ] } },
{ "type": "Feature", "properties": { "sensor": "GASA-02-01", "time": "2025-08-20T08:10:00+02:00", "count_line": -1, "location": "BrugOostertoegang1", "count_area": -1.0, "countline_length": 6 }, "geometry": { "type": "Polygon", "coordinates": [ [ [ 122181.3203783420322, 487968.791498340782709 ], [ 122179.408072314792662, 487964.813901804154739 ], [ 122146.745885369702592, 487972.46312591311289 ], [ 122148.887668120209128, 487976.440722449740861 ], [ 122181.3203783420322, 487968.791498340782709 ] ] ] } },
{ "type": "Feature", "properties": { "sensor": "GASA-02-01", "time": "2025-08-20T08:11:00+02:00", "count_line": 3, "location": "BrugOostertoegang1", "count_area": 4.0, "countline_length": 6 }, "geometry": { "type": "Polygon", "coordinates": [ [ [ 122181.3203783420322, 487968.791498340782709 ], [ 122179.408072314792662, 487964.813901804154739 ], [ 122146.745885369702592, 487972.46312591311289 ], [ 122148.887668120209128, 487976.440722449740861 ], [ 122181.3203783420322, 487968.791498340782709 ] ] ] } },
{ "type": "Feature", "properties": { "sensor": "GASA-02-01", "time": "2025-08-20T08:12:00+02:00", "count_line": 4, "location": "BrugOostertoegang1", "count_area": 7.0, "countline_length": 6 }, "geometry": { "type": "Polygon", "coordinates": [ [ [ 122181.3203783420322, 487968.791498340782709 ], [ 122179.408072314792662, 487964.813901804154739 ], [ 122146.745885369702592, 487972.46312591311289 ], [ 122148.887668120209128, 487976.440722449740861 ], [ 122181.3203783420322, 487968.791498340782709 ] ] ] } },
{ "type": "Feature", "properties": { "sensor": "GASA-02-01", "time": "2025-08-20T08:14:00+02:00", "count_line": 3, "location": "BrugOostertoegang1", "count_area": 4.0, "countline_length": 6 }, "geometry": { "type": "Polygon", "coordinates": [ [ [ 122181.3203783420322, 487968.791498340782709 ], [ 122179.408072314792662, 487964.813901804154739 ], [ 122146.745885369702592, 487972.46312591311289 ], [ 122148.887668120209128, 487976.440722449740861 ], [ 122181.3203783420322, 487968.791498340782709 ] ] ] } },
{ "type": "Feature", "properties": { "sensor": "GASA-02-01", "time": "2025-08-20T08:15:00+02:00", "count_line": 3, "location": "BrugOostertoegang1", "count_area": 5.0, "countline_length": 6 }, "geometry": { "type": "Polygon", "coordinates": [ [ [ 122181.3203783420322, 487968.791498340782709 ], [ 122179.408072314792662, 487964.813901804154739 ], [ 122146.745885369702592, 487972.46312591311289 ], [ 122148.887668120209128, 487976.440722449740861 ], [ 122181.3203783420322, 487968.791498340782709 ] ] ] } },
{ "type": "Feature", "properties": { "sensor": "GASA-02-01", "time": "2025-08-20T08:18:00+02:00", "count_line": 6, "location": "BrugOostertoegang1", "count_area": 10.0, "countline_length": 6 }, "geometry": { "type": "Polygon", "coordinates": [ [ [ 122181.3203783420322, 487968.791498340782709 ], [ 122179.408072314792662, 487964.813901804154739 ], [ 122146.745885369702592, 487972.46312591311289 ], [ 122148.887668120209128, 487976.440722449740861 ], [ 122181.3203783420322, 487968.791498340782709 ] ] ] } },
{ "type": "Feature", "properties": { "sensor": "GASA-02-01", "time": "2025-08-20T08:21:00+02:00", "count_line": 4, "location": "BrugOostertoegang1", "count_area": 6.0, "countline_length": 6 }, "geometry": { "type": "Polygon", "coordinates": [ [ [ 122181.3203783420322, 487968.791498340782709 ], [ 122179.408072314792662, 487964.813901804154739 ], [ 122146.745885369702592, 487972.46312591311289 ], [ 122148.887668120209128, 487976.440722449740861 ], [ 122181.3203783420322, 487968.791498340782709 ] ] ] } },
{ "type": "Feature", "properties": { "sensor": "GASA-02-01", "time": "2025-08-20T08:23:00+02:00", "count_line": 12, "location": "BrugOostertoegang1", "count_area": 19.0, "countline_length": 6 }, "geometry": { "type": "Polygon", "coordinates": [ [ [ 122181.3203783420322, 487968.791498340782709 ], [ 122179.408072314792662, 487964.813901804154739 ], [ 122146.745885369702592, 487972.46312591311289 ], [ 122148.887668120209128, 487976.440722449740861 ], [ 122181.3203783420322, 487968.791498340782709 ] ] ] } },
{ "type": "Feature", "properties": { "sensor": "GASA-02-01", "time": "2025-08-20T08:27:00+02:00", "count_line": -1, "location": "BrugOostertoegang1", "count_area": -1.0, "countline_length": 6 }, "geometry": { "type": "Polygon", "coordinates": [ [ [ 122181.3203783420322, 487968.791498340782709 ], [ 122179.408072314792662, 487964.813901804154739 ], [ 122146.745885369702592, 487972.46312591311289 ], [ 122148.887668120209128, 487976.440722449740861 ], [ 122181.3203783420322, 487968.791498340782709 ] ] ] } },
{ "type": "Feature", "properties": { "sensor": "GASA-02-01", "time": "2025-08-20T08:28:00+02:00", "count_line": 3, "location": "BrugOostertoegang1", "count_area": 5.0, "countline_length": 6 }, "geometry": { "type": "Polygon", "coordinates": [ [ [ 122181.3203783420322, 487968.791498340782709 ], [ 122179.408072314792662, 487964.813901804154739 ], [ 122146.745885369702592, 487972.46312591311289 ], [ 122148.887668120209128, 487976.440722449740861 ], [ 122181.3203783420322, 487968.791498340782709 ] ] ] } },
{ "type": "Feature", "properties": { "sensor": "GASA-02-01", "time": "2025-08-20T08:29:00+02:00", "count_line": 2, "location": "BrugOostertoegang1", "count_area": 3.0, "countline_length": 6 }, "geometry": { "type": "Polygon", "coordinates": [ [ [ 122181.3203783420322, 487968.791498340782709 ], [ 122179.408072314792662, 487964.813901804154739 ], [ 122146.745885369702592, 487972.46312591311289 ], [ 122148.887668120209128, 487976.440722449740861 ], [ 122181.3203783420322, 487968.791498340782709 ] ] ] } },
{ "type": "Feature", "properties": { "sensor": "GASA-02-01", "time": "2025-08-20T08:31:00+02:00", "count_line": 8, "location": "BrugOostertoegang1", "count_area": 15.0, "countline_length": 6 }, "geometry": { "type": "Polygon", "coordinates": [ [ [ 122181.3203783420322, 487968.791498340782709 ], [ 122179.408072314792662, 487964.813901804154739 ], [ 122146.745885369702592, 487972.46312591311289 ], [ 122148.887668120209128, 487976.440722449740861 ], [ 122181.3203783420322, 487968.791498340782709 ] ] ] } },
{ "type": "Feature", "properties": { "sensor": "GASA-02-01", "time": "2025-08-20T08:35:00+02:00", "count_line": 1, "location": "BrugOostertoegang1", "count_area": 1.0, "countline_length": 6 }, "geometry": { "type": "Polygon", "coordinates": [ [ [ 122181.3203783420322, 487968.791498340782709 ], [ 122179.408072314792662, 487964.813901804154739 ], [ 122146.745885369702592, 487972.46312591311289 ], [ 122148.887668120209128, 487976.440722449740861 ], [ 122181.3203783420322, 487968.791498340782709 ] ] ] } },
{ "type": "Feature", "properties": { "sensor": "GASA-02-01", "time": "2025-08-20T08:36:00+02:00", "count_line": 0, "location": "BrugOostertoegang1", "count_area": 0.0, "countline_length": 6 }, "geometry": { "type": "Polygon", "coordinates": [ [ [ 122181.3203783420322, 487968.791498340782709 ], [ 122179.408072314792662, 487964.813901804154739 ], [ 122146.745885369702592, 487972.46312591311289 ], [ 122148.887668120209128, 487976.440722449740861 ], [ 122181.3203783420322, 487968.791498340782709 ] ] ] } },
{ "type": "Feature", "properties": { "sensor": "GASA-02-01", "time": "2025-08-20T08:38:00+02:00", "count_line": 3, "location": "BrugOostertoegang1", "count_area": 5.0, "countline_length": 6 }, "geometry": { "type": "Polygon", "coordinates": [ [ [ 122181.3203783420322, 487968.791498340782709 ], [ 122179.408072314792662, 487964.813901804154739 ], [ 122146.745885369702592, 487972.46312591311289 ], [ 122148.887668120209128, 487976.440722449740861 ], [ 122181.3203783420322, 487968.791498340782709 ] ] ] } },
{ "type": "Feature", "properties": { "sensor": "GASA-02-01", "time": "2025-08-20T08:39:00+02:00", "count_line": 3, "location": "BrugOostertoegang1", "count_area": 5.0, "countline_length": 6 }, "geometry": { "type": "Polygon", "coordinates": [ [ [ 122181.3203783420322, 487968.791498340782709 ], [ 122179.408072314792662, 487964.813901804154739 ], [ 122146.745885369702592, 487972.46312591311289 ], [ 122148.887668120209128, 487976.440722449740861 ], [ 122181.3203783420322, 487968.791498340782709 ] ] ] } },
{ "type": "Feature", "properties": { "sensor": "GASA-02-01", "time": "2025-08-20T08:40:00+02:00", "count_line": 7, "location": "BrugOostertoegang1", "count_area": 11.0, "countline_length": 6 }, "geometry": { "type": "Polygon", "coordinates": [ [ [ 122181.3203783420322, 487968.791498340782709 ], [ 122179.408072314792662, 487964.813901804154739 ], [ 122146.745885369702592, 487972.46312591311289 ], [ 122148.887668120209128, 487976.440722449740861 ], [ 122181.3203783420322, 487968.791498340782709 ] ] ] } },
{ "type": "Feature", "properties": { "sensor": "GASA-02-01", "time": "2025-08-20T08:41:00+02:00", "count_line": 3, "location": "BrugOostertoegang1", "count_area": 5.0, "countline_length": 6 }, "geometry": { "type": "Polygon", "coordinates": [ [ [ 122181.3203783420322, 487968.791498340782709 ], [ 122179.408072314792662, 487964.813901804154739 ], [ 122146.745885369702592, 487972.46312591311289 ], [ 122148.887668120209128, 487976.440722449740861 ], [ 122181.3203783420322, 487968.791498340782709 ] ] ] } },
{ "type": "Feature", "properties": { "sensor": "GASA-02-01", "time": "2025-08-20T08:42:00+02:00", "count_line": 1, "location": "BrugOostertoegang1", "count_area": 1.0, "countline_length": 6 }, "geometry": { "type": "Polygon", "coordinates": [ [ [ 122181.3203783420322, 487968.791498340782709 ], [ 122179.408072314792662, 487964.813901804154739 ], [ 122146.745885369702592, 487972.46312591311289 ], [ 122148.887668120209128, 487976.440722449740861 ], [ 122181.3203783420322, 487968.791498340782709 ] ] ] } },
{ "type": "Feature", "properties": { "sensor": "GASA-02-01", "time": "2025-08-20T08:44:00+02:00", "count_line": 2, "location": "BrugOostertoegang1", "count_area": 3.0, "countline_length": 6 }, "geometry": { "type": "Polygon", "coordinates": [ [ [ 122181.3203783420322, 487968.791498340782709 ], [ 122179.408072314792662, 487964.813901804154739 ], [ 122146.745885369702592, 487972.46312591311289 ], [ 122148.887668120209128, 487976.440722449740861 ], [ 122181.3203783420322, 487968.791498340782709 ] ] ] } },
{ "type": "Feature", "properties": { "sensor": "GASA-02-01", "time": "2025-08-20T08:45:00+02:00", "count_line": 9, "location": "BrugOostertoegang1", "count_area": 17.0, "countline_length": 6 }, "geometry": { "type": "Polygon", "coordinates": [ [ [ 122181.3203783420322, 487968.791498340782709 ], [ 122179.408072314792662, 487964.813901804154739 ], [ 122146.745885369702592, 487972.46312591311289 ], [ 122148.887668120209128, 487976.440722449740861 ], [ 122181.3203783420322, 487968.791498340782709 ] ] ] } },
{ "type": "Feature", "properties": { "sensor": "GASA-02-01", "time": "2025-08-20T08:48:00+02:00", "count_line": 4, "location": "BrugOostertoegang1", "count_area": 7.0, "countline_length": 6 }, "geometry": { "type": "Polygon", "coordinates": [ [ [ 122181.3203783420322, 487968.791498340782709 ], [ 122179.408072314792662, 487964.813901804154739 ], [ 122146.745885369702592, 487972.46312591311289 ], [ 122148.887668120209128, 487976.440722449740861 ], [ 122181.3203783420322, 487968.791498340782709 ] ] ] } },
{ "type": "Feature", "properties": { "sensor": "GASA-02-01", "time": "2025-08-20T08:49:00+02:00", "count_line": 4, "location": "BrugOostertoegang1", "count_area": 7.0, "countline_length": 6 }, "geometry": { "type": "Polygon", "coordinates": [ [ [ 122181.3203783420322, 487968.791498340782709 ], [ 122179.408072314792662, 487964.813901804154739 ], [ 122146.745885369702592, 487972.46312591311289 ], [ 122148.887668120209128, 487976.440722449740861 ], [ 122181.3203783420322, 487968.791498340782709 ] ] ] } },
{ "type": "Feature", "properties": { "sensor": "GASA-02-01", "time": "2025-08-20T08:50:00+02:00", "count_line": 1, "location": "BrugOostertoegang1", "count_area": 1.0, "countline_length": 6 }, "geometry": { "type": "Polygon", "coordinates": [ [ [ 122181.3203783420322, 487968.791498340782709 ], [ 122179.408072314792662, 487964.813901804154739 ], [ 122146.745885369702592, 487972.46312591311289 ], [ 122148.887668120209128, 487976.440722449740861 ], [ 122181.3203783420322, 487968.791498340782709 ] ] ] } },
{ "type": "Feature", "properties": { "sensor": "GASA-02-01", "time": "2025-08-20T08:51:00+02:00", "count_line": 2, "location": "BrugOostertoegang1", "count_area": 3.0, "countline_length": 6 }, "geometry": { "type": "Polygon", "coordinates": [ [ [ 122181.3203783420322, 487968.791498340782709 ], [ 122179.408072314792662, 487964.813901804154739 ], [ 122146.745885369702592, 487972.46312591311289 ], [ 122148.887668120209128, 487976.440722449740861 ], [ 122181.3203783420322, 487968.791498340782709 ] ] ] } },
{ "type": "Feature", "properties": { "sensor": "GASA-02-01", "time": "2025-08-20T08:54:00+02:00", "count_line": 6, "location": "BrugOostertoegang1", "count_area": 11.0, "countline_length": 6 }, "geometry": { "type": "Polygon", "coordinates": [ [ [ 122181.3203783420322, 487968.791498340782709 ], [ 122179.408072314792662, 487964.813901804154739 ], [ 122146.745885369702592, 487972.46312591311289 ], [ 122148.887668120209128, 487976.440722449740861 ], [ 122181.3203783420322, 487968.791498340782709 ] ] ] } },
{ "type": "Feature", "properties": { "sensor": "GASA-02-01", "time": "2025-08-20T08:55:00+02:00", "count_line": 0, "location": "BrugOostertoegang1", "count_area": 0.0, "countline_length": 6 }, "geometry": { "type": "Polygon", "coordinates": [ [ [ 122181.3203783420322, 487968.791498340782709 ], [ 122179.408072314792662, 487964.813901804154739 ], [ 122146.745885369702592, 487972.46312591311289 ], [ 122148.887668120209128, 487976.440722449740861 ], [ 122181.3203783420322, 487968.791498340782709 ] ] ] } },
{ "type": "Feature", "properties": { "sensor": "GASA-02-01", "time": "2025-08-20T08:59:00+02:00", "count_line": -1, "location": "BrugOostertoegang1", "count_area": -1.0, "countline_length": 6 }, "geometry": { "type": "Polygon", "coordinates": [ [ [ 122181.3203783420322, 487968.791498340782709 ], [ 122179.408072314792662, 487964.813901804154739 ], [ 122146.745885369702592, 487972.46312591311289 ], [ 122148.887668120209128, 487976.440722449740861 ], [ 122181.3203783420322, 487968.791498340782709 ] ] ] } },
{ "type": "Feature", "properties": { "sensor": "GASA-02-01", "time": "2025-08-20T09:00:00+02:00", "count_line": 2, "location": "BrugOostertoegang1", "count_area": 3.0, "countline_length": 6 }, "geometry": { "type": "Polygon", "coordinates": [ [ [ 122181.3203783420322, 487968.791498340782709 ], [ 122179.408072314792662, 487964.813901804154739 ], [ 122146.745885369702592, 487972.46312591311289 ], [ 122148.887668120209128, 487976.440722449740861 ], [ 122181.3203783420322, 487968.791498340782709 ] ] ] } },
{ "type": "Feature", "properties": { "sensor": "GASA-02-01", "time": "2025-08-20T09:01:00+02:00", "count_line": 3, "location": "BrugOostertoegang1", "count_area": 5.0, "countline_length": 6 }, "geometry": { "type": "Polygon", "coordinates": [ [ [ 122181.3203783420322, 487968.791498340782709 ], [ 122179.408072314792662, 487964.813901804154739 ], [ 122146.745885369702592, 487972.46312591311289 ], [ 122148.887668120209128, 487976.440722449740861 ], [ 122181.3203783420322, 487968.791498340782709 ] ] ] } },
{ "type": "Feature", "properties": { "sensor": "GASA-02-01", "time": "2025-08-20T09:02:00+02:00", "count_line": 3, "location": "BrugOostertoegang1", "count_area": 5.0, "countline_length": 6 }, "geometry": { "type": "Polygon", "coordinates": [ [ [ 122181.3203783420322, 487968.791498340782709 ], [ 122179.408072314792662, 487964.813901804154739 ], [ 122146.745885369702592, 487972.46312591311289 ], [ 122148.887668120209128, 487976.440722449740861 ], [ 122181.3203783420322, 487968.791498340782709 ] ] ] } },
{ "type": "Feature", "properties": { "sensor": "GASA-02-01", "time": "2025-08-20T09:04:00+02:00", "count_line": 0, "location": "BrugOostertoegang1", "count_area": 0.0, "countline_length": 6 }, "geometry": { "type": "Polygon", "coordinates": [ [ [ 122181.3203783420322, 487968.791498340782709 ], [ 122179.408072314792662, 487964.813901804154739 ], [ 122146.745885369702592, 487972.46312591311289 ], [ 122148.887668120209128, 487976.440722449740861 ], [ 122181.3203783420322, 487968.791498340782709 ] ] ] } },
{ "type": "Feature", "properties": { "sensor": "GASA-02-01", "time": "2025-08-20T09:06:00+02:00", "count_line": 12, "location": "BrugOostertoegang1", "count_area": 22.0, "countline_length": 6 }, "geometry": { "type": "Polygon", "coordinates": [ [ [ 122181.3203783420322, 487968.791498340782709 ], [ 122179.408072314792662, 487964.813901804154739 ], [ 122146.745885369702592, 487972.46312591311289 ], [ 122148.887668120209128, 487976.440722449740861 ], [ 122181.3203783420322, 487968.791498340782709 ] ] ] } },
{ "type": "Feature", "properties": { "sensor": "GASA-02-01", "time": "2025-08-20T09:10:00+02:00", "count_line": 2, "location": "BrugOostertoegang1", "count_area": 3.0, "countline_length": 6 }, "geometry": { "type": "Polygon", "coordinates": [ [ [ 122181.3203783420322, 487968.791498340782709 ], [ 122179.408072314792662, 487964.813901804154739 ], [ 122146.745885369702592, 487972.46312591311289 ], [ 122148.887668120209128, 487976.440722449740861 ], [ 122181.3203783420322, 487968.791498340782709 ] ] ] } },
{ "type": "Feature", "properties": { "sensor": "GASA-02-01", "time": "2025-08-20T09:11:00+02:00", "count_line": 2, "location": "BrugOostertoegang1", "count_area": 3.0, "countline_length": 6 }, "geometry": { "type": "Polygon", "coordinates": [ [ [ 122181.3203783420322, 487968.791498340782709 ], [ 122179.408072314792662, 487964.813901804154739 ], [ 122146.745885369702592, 487972.46312591311289 ], [ 122148.887668120209128, 487976.440722449740861 ], [ 122181.3203783420322, 487968.791498340782709 ] ] ] } },
{ "type": "Feature", "properties": { "sensor": "GASA-02-01", "time": "2025-08-20T09:13:00+02:00", "count_line": 12, "location": "BrugOostertoegang1", "count_area": 22.0, "countline_length": 6 }, "geometry": { "type": "Polygon", "coordinates": [ [ [ 122181.3203783420322, 487968.791498340782709 ], [ 122179.408072314792662, 487964.813901804154739 ], [ 122146.745885369702592, 487972.46312591311289 ], [ 122148.887668120209128, 487976.440722449740861 ], [ 122181.3203783420322, 487968.791498340782709 ] ] ] } },
{ "type": "Feature", "properties": { "sensor": "GASA-02-01", "time": "2025-08-20T09:17:00+02:00", "count_line": 3, "location": "BrugOostertoegang1", "count_area": 5.0, "countline_length": 6 }, "geometry": { "type": "Polygon", "coordinates": [ [ [ 122181.3203783420322, 487968.791498340782709 ], [ 122179.408072314792662, 487964.813901804154739 ], [ 122146.745885369702592, 487972.46312591311289 ], [ 122148.887668120209128, 487976.440722449740861 ], [ 122181.3203783420322, 487968.791498340782709 ] ] ] } },
{ "type": "Feature", "properties": { "sensor": "GASA-02-01", "time": "2025-08-20T09:18:00+02:00", "count_line": 0, "location": "BrugOostertoegang1", "count_area": 0.0, "countline_length": 6 }, "geometry": { "type": "Polygon", "coordinates": [ [ [ 122181.3203783420322, 487968.791498340782709 ], [ 122179.408072314792662, 487964.813901804154739 ], [ 122146.745885369702592, 487972.46312591311289 ], [ 122148.887668120209128, 487976.440722449740861 ], [ 122181.3203783420322, 487968.791498340782709 ] ] ] } },
{ "type": "Feature", "properties": { "sensor": "GASA-02-01", "time": "2025-08-20T09:20:00+02:00", "count_line": 2, "location": "BrugOostertoegang1", "count_area": 3.0, "countline_length": 6 }, "geometry": { "type": "Polygon", "coordinates": [ [ [ 122181.3203783420322, 487968.791498340782709 ], [ 122179.408072314792662, 487964.813901804154739 ], [ 122146.745885369702592, 487972.46312591311289 ], [ 122148.887668120209128, 487976.440722449740861 ], [ 122181.3203783420322, 487968.791498340782709 ] ] ] } },
{ "type": "Feature", "properties": { "sensor": "GASA-02-01", "time": "2025-08-20T09:21:00+02:00", "count_line": 5, "location": "BrugOostertoegang1", "count_area": 7.0, "countline_length": 6 }, "geometry": { "type": "Polygon", "coordinates": [ [ [ 122181.3203783420322, 487968.791498340782709 ], [ 122179.408072314792662, 487964.813901804154739 ], [ 122146.745885369702592, 487972.46312591311289 ], [ 122148.887668120209128, 487976.440722449740861 ], [ 122181.3203783420322, 487968.791498340782709 ] ] ] } },
{ "type": "Feature", "properties": { "sensor": "GASA-02-01", "time": "2025-08-20T09:22:00+02:00", "count_line": 1, "location": "BrugOostertoegang1", "count_area": 1.0, "countline_length": 6 }, "geometry": { "type": "Polygon", "coordinates": [ [ [ 122181.3203783420322, 487968.791498340782709 ], [ 122179.408072314792662, 487964.813901804154739 ], [ 122146.745885369702592, 487972.46312591311289 ], [ 122148.887668120209128, 487976.440722449740861 ], [ 122181.3203783420322, 487968.791498340782709 ] ] ] } },
{ "type": "Feature", "properties": { "sensor": "GASA-02-01", "time": "2025-08-20T09:24:00+02:00", "count_line": 0, "location": "BrugOostertoegang1", "count_area": 0.0, "countline_length": 6 }, "geometry": { "type": "Polygon", "coordinates": [ [ [ 122181.3203783420322, 487968.791498340782709 ], [ 122179.408072314792662, 487964.813901804154739 ], [ 122146.745885369702592, 487972.46312591311289 ], [ 122148.887668120209128, 487976.440722449740861 ], [ 122181.3203783420322, 487968.791498340782709 ] ] ] } },
{ "type": "Feature", "properties": { "sensor": "GASA-02-01", "time": "2025-08-20T09:25:00+02:00", "count_line": 0, "location": "BrugOostertoegang1", "count_area": 0.0, "countline_length": 6 }, "geometry": { "type": "Polygon", "coordinates": [ [ [ 122181.3203783420322, 487968.791498340782709 ], [ 122179.408072314792662, 487964.813901804154739 ], [ 122146.745885369702592, 487972.46312591311289 ], [ 122148.887668120209128, 487976.440722449740861 ], [ 122181.3203783420322, 487968.791498340782709 ] ] ] } },
{ "type": "Feature", "properties": { "sensor": "GASA-02-01", "time": "2025-08-20T09:26:00+02:00", "count_line": 2, "location": "BrugOostertoegang1", "count_area": 3.0, "countline_length": 6 }, "geometry": { "type": "Polygon", "coordinates": [ [ [ 122181.3203783420322, 487968.791498340782709 ], [ 122179.408072314792662, 487964.813901804154739 ], [ 122146.745885369702592, 487972.46312591311289 ], [ 122148.887668120209128, 487976.440722449740861 ], [ 122181.3203783420322, 487968.791498340782709 ] ] ] } },
{ "type": "Feature", "properties": { "sensor": "GASA-02-01", "time": "2025-08-20T09:27:00+02:00", "count_line": 4, "location": "BrugOostertoegang1", "count_area": 6.0, "countline_length": 6 }, "geometry": { "type": "Polygon", "coordinates": [ [ [ 122181.3203783420322, 487968.791498340782709 ], [ 122179.408072314792662, 487964.813901804154739 ], [ 122146.745885369702592, 487972.46312591311289 ], [ 122148.887668120209128, 487976.440722449740861 ], [ 122181.3203783420322, 487968.791498340782709 ] ] ] } },
{ "type": "Feature", "properties": { "sensor": "GASA-02-01", "time": "2025-08-20T09:28:00+02:00", "count_line": 2, "location": "BrugOostertoegang1", "count_area": 3.0, "countline_length": 6 }, "geometry": { "type": "Polygon", "coordinates": [ [ [ 122181.3203783420322, 487968.791498340782709 ], [ 122179.408072314792662, 487964.813901804154739 ], [ 122146.745885369702592, 487972.46312591311289 ], [ 122148.887668120209128, 487976.440722449740861 ], [ 122181.3203783420322, 487968.791498340782709 ] ] ] } },
{ "type": "Feature", "properties": { "sensor": "GASA-02-01", "time": "2025-08-20T09:29:00+02:00", "count_line": 15, "location": "BrugOostertoegang1", "count_area": 28.0, "countline_length": 6 }, "geometry": { "type": "Polygon", "coordinates": [ [ [ 122181.3203783420322, 487968.791498340782709 ], [ 122179.408072314792662, 487964.813901804154739 ], [ 122146.745885369702592, 487972.46312591311289 ], [ 122148.887668120209128, 487976.440722449740861 ], [ 122181.3203783420322, 487968.791498340782709 ] ] ] } },
{ "type": "Feature", "properties": { "sensor": "GASA-02-01", "time": "2025-08-20T09:32:00+02:00", "count_line": 1, "location": "BrugOostertoegang1", "count_area": 1.0, "countline_length": 6 }, "geometry": { "type": "Polygon", "coordinates": [ [ [ 122181.3203783420322, 487968.791498340782709 ], [ 122179.408072314792662, 487964.813901804154739 ], [ 122146.745885369702592, 487972.46312591311289 ], [ 122148.887668120209128, 487976.440722449740861 ], [ 122181.3203783420322, 487968.791498340782709 ] ] ] } },
{ "type": "Feature", "properties": { "sensor": "GASA-02-01", "time": "2025-08-20T09:34:00+02:00", "count_line": 4, "location": "BrugOostertoegang1", "count_area": 6.0, "countline_length": 6 }, "geometry": { "type": "Polygon", "coordinates": [ [ [ 122181.3203783420322, 487968.791498340782709 ], [ 122179.408072314792662, 487964.813901804154739 ], [ 122146.745885369702592, 487972.46312591311289 ], [ 122148.887668120209128, 487976.440722449740861 ], [ 122181.3203783420322, 487968.791498340782709 ] ] ] } },
{ "type": "Feature", "properties": { "sensor": "GASA-02-01", "time": "2025-08-20T09:35:00+02:00", "count_line": -1, "location": "BrugOostertoegang1", "count_area": -1.0, "countline_length": 6 }, "geometry": { "type": "Polygon", "coordinates": [ [ [ 122181.3203783420322, 487968.791498340782709 ], [ 122179.408072314792662, 487964.813901804154739 ], [ 122146.745885369702592, 487972.46312591311289 ], [ 122148.887668120209128, 487976.440722449740861 ], [ 122181.3203783420322, 487968.791498340782709 ] ] ] } },
{ "type": "Feature", "properties": { "sensor": "GASA-02-01", "time": "2025-08-20T09:36:00+02:00", "count_line": 2, "location": "BrugOostertoegang1", "count_area": 3.0, "countline_length": 6 }, "geometry": { "type": "Polygon", "coordinates": [ [ [ 122181.3203783420322, 487968.791498340782709 ], [ 122179.408072314792662, 487964.813901804154739 ], [ 122146.745885369702592, 487972.46312591311289 ], [ 122148.887668120209128, 487976.440722449740861 ], [ 122181.3203783420322, 487968.791498340782709 ] ] ] } },
{ "type": "Feature", "properties": { "sensor": "GASA-02-01", "time": "2025-08-20T09:37:00+02:00", "count_line": -3, "location": "BrugOostertoegang1", "count_area": -5.0, "countline_length": 6 }, "geometry": { "type": "Polygon", "coordinates": [ [ [ 122181.3203783420322, 487968.791498340782709 ], [ 122179.408072314792662, 487964.813901804154739 ], [ 122146.745885369702592, 487972.46312591311289 ], [ 122148.887668120209128, 487976.440722449740861 ], [ 122181.3203783420322, 487968.791498340782709 ] ] ] } },
{ "type": "Feature", "properties": { "sensor": "GASA-02-01", "time": "2025-08-20T09:40:00+02:00", "count_line": 4, "location": "BrugOostertoegang1", "count_area": 7.0, "countline_length": 6 }, "geometry": { "type": "Polygon", "coordinates": [ [ [ 122181.3203783420322, 487968.791498340782709 ], [ 122179.408072314792662, 487964.813901804154739 ], [ 122146.745885369702592, 487972.46312591311289 ], [ 122148.887668120209128, 487976.440722449740861 ], [ 122181.3203783420322, 487968.791498340782709 ] ] ] } },
{ "type": "Feature", "properties": { "sensor": "GASA-02-01", "time": "2025-08-20T09:41:00+02:00", "count_line": 8, "location": "BrugOostertoegang1", "count_area": 15.0, "countline_length": 6 }, "geometry": { "type": "Polygon", "coordinates": [ [ [ 122181.3203783420322, 487968.791498340782709 ], [ 122179.408072314792662, 487964.813901804154739 ], [ 122146.745885369702592, 487972.46312591311289 ], [ 122148.887668120209128, 487976.440722449740861 ], [ 122181.3203783420322, 487968.791498340782709 ] ] ] } },
{ "type": "Feature", "properties": { "sensor": "GASA-02-01", "time": "2025-08-20T09:42:00+02:00", "count_line": 2, "location": "BrugOostertoegang1", "count_area": 3.0, "countline_length": 6 }, "geometry": { "type": "Polygon", "coordinates": [ [ [ 122181.3203783420322, 487968.791498340782709 ], [ 122179.408072314792662, 487964.813901804154739 ], [ 122146.745885369702592, 487972.46312591311289 ], [ 122148.887668120209128, 487976.440722449740861 ], [ 122181.3203783420322, 487968.791498340782709 ] ] ] } },
{ "type": "Feature", "properties": { "sensor": "GASA-02-01", "time": "2025-08-20T09:43:00+02:00", "count_line": 12, "location": "BrugOostertoegang1", "count_area": 22.0, "countline_length": 6 }, "geometry": { "type": "Polygon", "coordinates": [ [ [ 122181.3203783420322, 487968.791498340782709 ], [ 122179.408072314792662, 487964.813901804154739 ], [ 122146.745885369702592, 487972.46312591311289 ], [ 122148.887668120209128, 487976.440722449740861 ], [ 122181.3203783420322, 487968.791498340782709 ] ] ] } },
{ "type": "Feature", "properties": { "sensor": "GASA-02-01", "time": "2025-08-20T09:45:00+02:00", "count_line": 2, "location": "BrugOostertoegang1", "count_area": 3.0, "countline_length": 6 }, "geometry": { "type": "Polygon", "coordinates": [ [ [ 122181.3203783420322, 487968.791498340782709 ], [ 122179.408072314792662, 487964.813901804154739 ], [ 122146.745885369702592, 487972.46312591311289 ], [ 122148.887668120209128, 487976.440722449740861 ], [ 122181.3203783420322, 487968.791498340782709 ] ] ] } },
{ "type": "Feature", "properties": { "sensor": "GASA-02-01", "time": "2025-08-20T09:47:00+02:00", "count_line": 6, "location": "BrugOostertoegang1", "count_area": 10.0, "countline_length": 6 }, "geometry": { "type": "Polygon", "coordinates": [ [ [ 122181.3203783420322, 487968.791498340782709 ], [ 122179.408072314792662, 487964.813901804154739 ], [ 122146.745885369702592, 487972.46312591311289 ], [ 122148.887668120209128, 487976.440722449740861 ], [ 122181.3203783420322, 487968.791498340782709 ] ] ] } },
{ "type": "Feature", "properties": { "sensor": "GASA-02-01", "time": "2025-08-20T09:48:00+02:00", "count_line": 7, "location": "BrugOostertoegang1", "count_area": 12.0, "countline_length": 6 }, "geometry": { "type": "Polygon", "coordinates": [ [ [ 122181.3203783420322, 487968.791498340782709 ], [ 122179.408072314792662, 487964.813901804154739 ], [ 122146.745885369702592, 487972.46312591311289 ], [ 122148.887668120209128, 487976.440722449740861 ], [ 122181.3203783420322, 487968.791498340782709 ] ] ] } },
{ "type": "Feature", "properties": { "sensor": "GASA-02-01", "time": "2025-08-20T09:49:00+02:00", "count_line": 8, "location": "BrugOostertoegang1", "count_area": 15.0, "countline_length": 6 }, "geometry": { "type": "Polygon", "coordinates": [ [ [ 122181.3203783420322, 487968.791498340782709 ], [ 122179.408072314792662, 487964.813901804154739 ], [ 122146.745885369702592, 487972.46312591311289 ], [ 122148.887668120209128, 487976.440722449740861 ], [ 122181.3203783420322, 487968.791498340782709 ] ] ] } },
{ "type": "Feature", "properties": { "sensor": "GASA-02-01", "time": "2025-08-20T09:50:00+02:00", "count_line": 11, "location": "BrugOostertoegang1", "count_area": 18.0, "countline_length": 6 }, "geometry": { "type": "Polygon", "coordinates": [ [ [ 122181.3203783420322, 487968.791498340782709 ], [ 122179.408072314792662, 487964.813901804154739 ], [ 122146.745885369702592, 487972.46312591311289 ], [ 122148.887668120209128, 487976.440722449740861 ], [ 122181.3203783420322, 487968.791498340782709 ] ] ] } },
{ "type": "Feature", "properties": { "sensor": "GASA-02-01", "time": "2025-08-20T09:51:00+02:00", "count_line": 6, "location": "BrugOostertoegang1", "count_area": 10.0, "countline_length": 6 }, "geometry": { "type": "Polygon", "coordinates": [ [ [ 122181.3203783420322, 487968.791498340782709 ], [ 122179.408072314792662, 487964.813901804154739 ], [ 122146.745885369702592, 487972.46312591311289 ], [ 122148.887668120209128, 487976.440722449740861 ], [ 122181.3203783420322, 487968.791498340782709 ] ] ] } },
{ "type": "Feature", "properties": { "sensor": "GASA-02-01", "time": "2025-08-20T09:52:00+02:00", "count_line": 6, "location": "BrugOostertoegang1", "count_area": 10.0, "countline_length": 6 }, "geometry": { "type": "Polygon", "coordinates": [ [ [ 122181.3203783420322, 487968.791498340782709 ], [ 122179.408072314792662, 487964.813901804154739 ], [ 122146.745885369702592, 487972.46312591311289 ], [ 122148.887668120209128, 487976.440722449740861 ], [ 122181.3203783420322, 487968.791498340782709 ] ] ] } },
{ "type": "Feature", "properties": { "sensor": "GASA-02-01", "time": "2025-08-20T09:54:00+02:00", "count_line": 8, "location": "BrugOostertoegang1", "count_area": 15.0, "countline_length": 6 }, "geometry": { "type": "Polygon", "coordinates": [ [ [ 122181.3203783420322, 487968.791498340782709 ], [ 122179.408072314792662, 487964.813901804154739 ], [ 122146.745885369702592, 487972.46312591311289 ], [ 122148.887668120209128, 487976.440722449740861 ], [ 122181.3203783420322, 487968.791498340782709 ] ] ] } },
{ "type": "Feature", "properties": { "sensor": "GASA-02-01", "time": "2025-08-20T09:55:00+02:00", "count_line": 12, "location": "BrugOostertoegang1", "count_area": 22.0, "countline_length": 6 }, "geometry": { "type": "Polygon", "coordinates": [ [ [ 122181.3203783420322, 487968.791498340782709 ], [ 122179.408072314792662, 487964.813901804154739 ], [ 122146.745885369702592, 487972.46312591311289 ], [ 122148.887668120209128, 487976.440722449740861 ], [ 122181.3203783420322, 487968.791498340782709 ] ] ] } },
{ "type": "Feature", "properties": { "sensor": "GASA-02-01", "time": "2025-08-20T09:56:00+02:00", "count_line": 1, "location": "BrugOostertoegang1", "count_area": 1.0, "countline_length": 6 }, "geometry": { "type": "Polygon", "coordinates": [ [ [ 122181.3203783420322, 487968.791498340782709 ], [ 122179.408072314792662, 487964.813901804154739 ], [ 122146.745885369702592, 487972.46312591311289 ], [ 122148.887668120209128, 487976.440722449740861 ], [ 122181.3203783420322, 487968.791498340782709 ] ] ] } },
{ "type": "Feature", "properties": { "sensor": "GASA-02-01", "time": "2025-08-20T09:57:00+02:00", "count_line": 1, "location": "BrugOostertoegang1", "count_area": 1.0, "countline_length": 6 }, "geometry": { "type": "Polygon", "coordinates": [ [ [ 122181.3203783420322, 487968.791498340782709 ], [ 122179.408072314792662, 487964.813901804154739 ], [ 122146.745885369702592, 487972.46312591311289 ], [ 122148.887668120209128, 487976.440722449740861 ], [ 122181.3203783420322, 487968.791498340782709 ] ] ] } },
{ "type": "Feature", "properties": { "sensor": "GASA-02-01", "time": "2025-08-20T09:58:00+02:00", "count_line": 1, "location": "BrugOostertoegang1", "count_area": 1.0, "countline_length": 6 }, "geometry": { "type": "Polygon", "coordinates": [ [ [ 122181.3203783420322, 487968.791498340782709 ], [ 122179.408072314792662, 487964.813901804154739 ], [ 122146.745885369702592, 487972.46312591311289 ], [ 122148.887668120209128, 487976.440722449740861 ], [ 122181.3203783420322, 487968.791498340782709 ] ] ] } },
{ "type": "Feature", "properties": { "sensor": "GASA-02-01", "time": "2025-08-20T09:59:00+02:00", "count_line": 2, "location": "BrugOostertoegang1", "count_area": 3.0, "countline_length": 6 }, "geometry": { "type": "Polygon", "coordinates": [ [ [ 122181.3203783420322, 487968.791498340782709 ], [ 122179.408072314792662, 487964.813901804154739 ], [ 122146.745885369702592, 487972.46312591311289 ], [ 122148.887668120209128, 487976.440722449740861 ], [ 122181.3203783420322, 487968.791498340782709 ] ] ] } },
{ "type": "Feature", "properties": { "sensor": "GASA-02-01", "time": "2025-08-20T10:00:00+02:00", "count_line": 8, "location": "BrugOostertoegang1", "count_area": 13.0, "countline_length": 6 }, "geometry": { "type": "Polygon", "coordinates": [ [ [ 122181.3203783420322, 487968.791498340782709 ], [ 122179.408072314792662, 487964.813901804154739 ], [ 122146.745885369702592, 487972.46312591311289 ], [ 122148.887668120209128, 487976.440722449740861 ], [ 122181.3203783420322, 487968.791498340782709 ] ] ] } },
{ "type": "Feature", "properties": { "sensor": "GASA-02-01", "time": "2025-08-20T10:02:00+02:00", "count_line": 9, "location": "BrugOostertoegang1", "count_area": 15.0, "countline_length": 6 }, "geometry": { "type": "Polygon", "coordinates": [ [ [ 122181.3203783420322, 487968.791498340782709 ], [ 122179.408072314792662, 487964.813901804154739 ], [ 122146.745885369702592, 487972.46312591311289 ], [ 122148.887668120209128, 487976.440722449740861 ], [ 122181.3203783420322, 487968.791498340782709 ] ] ] } },
{ "type": "Feature", "properties": { "sensor": "GASA-02-01", "time": "2025-08-20T10:04:00+02:00", "count_line": 20, "location": "BrugOostertoegang1", "count_area": 32.0, "countline_length": 6 }, "geometry": { "type": "Polygon", "coordinates": [ [ [ 122181.3203783420322, 487968.791498340782709 ], [ 122179.408072314792662, 487964.813901804154739 ], [ 122146.745885369702592, 487972.46312591311289 ], [ 122148.887668120209128, 487976.440722449740861 ], [ 122181.3203783420322, 487968.791498340782709 ] ] ] } },
{ "type": "Feature", "properties": { "sensor": "GASA-02-01", "time": "2025-08-20T10:05:00+02:00", "count_line": 2, "location": "BrugOostertoegang1", "count_area": 3.0, "countline_length": 6 }, "geometry": { "type": "Polygon", "coordinates": [ [ [ 122181.3203783420322, 487968.791498340782709 ], [ 122179.408072314792662, 487964.813901804154739 ], [ 122146.745885369702592, 487972.46312591311289 ], [ 122148.887668120209128, 487976.440722449740861 ], [ 122181.3203783420322, 487968.791498340782709 ] ] ] } },
{ "type": "Feature", "properties": { "sensor": "GASA-02-01", "time": "2025-08-20T10:06:00+02:00", "count_line": 3, "location": "BrugOostertoegang1", "count_area": 5.0, "countline_length": 6 }, "geometry": { "type": "Polygon", "coordinates": [ [ [ 122181.3203783420322, 487968.791498340782709 ], [ 122179.408072314792662, 487964.813901804154739 ], [ 122146.745885369702592, 487972.46312591311289 ], [ 122148.887668120209128, 487976.440722449740861 ], [ 122181.3203783420322, 487968.791498340782709 ] ] ] } },
{ "type": "Feature", "properties": { "sensor": "GASA-02-01", "time": "2025-08-20T10:07:00+02:00", "count_line": 3, "location": "BrugOostertoegang1", "count_area": 4.0, "countline_length": 6 }, "geometry": { "type": "Polygon", "coordinates": [ [ [ 122181.3203783420322, 487968.791498340782709 ], [ 122179.408072314792662, 487964.813901804154739 ], [ 122146.745885369702592, 487972.46312591311289 ], [ 122148.887668120209128, 487976.440722449740861 ], [ 122181.3203783420322, 487968.791498340782709 ] ] ] } },
{ "type": "Feature", "properties": { "sensor": "GASA-02-01", "time": "2025-08-20T10:08:00+02:00", "count_line": 3, "location": "BrugOostertoegang1", "count_area": 5.0, "countline_length": 6 }, "geometry": { "type": "Polygon", "coordinates": [ [ [ 122181.3203783420322, 487968.791498340782709 ], [ 122179.408072314792662, 487964.813901804154739 ], [ 122146.745885369702592, 487972.46312591311289 ], [ 122148.887668120209128, 487976.440722449740861 ], [ 122181.3203783420322, 487968.791498340782709 ] ] ] } },
{ "type": "Feature", "properties": { "sensor": "GASA-02-01", "time": "2025-08-20T10:09:00+02:00", "count_line": 2, "location": "BrugOostertoegang1", "count_area": 3.0, "countline_length": 6 }, "geometry": { "type": "Polygon", "coordinates": [ [ [ 122181.3203783420322, 487968.791498340782709 ], [ 122179.408072314792662, 487964.813901804154739 ], [ 122146.745885369702592, 487972.46312591311289 ], [ 122148.887668120209128, 487976.440722449740861 ], [ 122181.3203783420322, 487968.791498340782709 ] ] ] } },
{ "type": "Feature", "properties": { "sensor": "GASA-02-01", "time": "2025-08-20T10:11:00+02:00", "count_line": 2, "location": "BrugOostertoegang1", "count_area": 3.0, "countline_length": 6 }, "geometry": { "type": "Polygon", "coordinates": [ [ [ 122181.3203783420322, 487968.791498340782709 ], [ 122179.408072314792662, 487964.813901804154739 ], [ 122146.745885369702592, 487972.46312591311289 ], [ 122148.887668120209128, 487976.440722449740861 ], [ 122181.3203783420322, 487968.791498340782709 ] ] ] } },
{ "type": "Feature", "properties": { "sensor": "GASA-02-01", "time": "2025-08-20T10:12:00+02:00", "count_line": 4, "location": "BrugOostertoegang1", "count_area": 7.0, "countline_length": 6 }, "geometry": { "type": "Polygon", "coordinates": [ [ [ 122181.3203783420322, 487968.791498340782709 ], [ 122179.408072314792662, 487964.813901804154739 ], [ 122146.745885369702592, 487972.46312591311289 ], [ 122148.887668120209128, 487976.440722449740861 ], [ 122181.3203783420322, 487968.791498340782709 ] ] ] } },
{ "type": "Feature", "properties": { "sensor": "GASA-02-01", "time": "2025-08-20T10:14:00+02:00", "count_line": 2, "location": "BrugOostertoegang1", "count_area": 3.0, "countline_length": 6 }, "geometry": { "type": "Polygon", "coordinates": [ [ [ 122181.3203783420322, 487968.791498340782709 ], [ 122179.408072314792662, 487964.813901804154739 ], [ 122146.745885369702592, 487972.46312591311289 ], [ 122148.887668120209128, 487976.440722449740861 ], [ 122181.3203783420322, 487968.791498340782709 ] ] ] } },
{ "type": "Feature", "properties": { "sensor": "GASA-02-01", "time": "2025-08-20T10:15:00+02:00", "count_line": 4, "location": "BrugOostertoegang1", "count_area": 7.0, "countline_length": 6 }, "geometry": { "type": "Polygon", "coordinates": [ [ [ 122181.3203783420322, 487968.791498340782709 ], [ 122179.408072314792662, 487964.813901804154739 ], [ 122146.745885369702592, 487972.46312591311289 ], [ 122148.887668120209128, 487976.440722449740861 ], [ 122181.3203783420322, 487968.791498340782709 ] ] ] } },
{ "type": "Feature", "properties": { "sensor": "GASA-02-01", "time": "2025-08-20T10:19:00+02:00", "count_line": 11, "location": "BrugOostertoegang1", "count_area": 21.0, "countline_length": 6 }, "geometry": { "type": "Polygon", "coordinates": [ [ [ 122181.3203783420322, 487968.791498340782709 ], [ 122179.408072314792662, 487964.813901804154739 ], [ 122146.745885369702592, 487972.46312591311289 ], [ 122148.887668120209128, 487976.440722449740861 ], [ 122181.3203783420322, 487968.791498340782709 ] ] ] } },
{ "type": "Feature", "properties": { "sensor": "GASA-02-01", "time": "2025-08-20T10:20:00+02:00", "count_line": -1, "location": "BrugOostertoegang1", "count_area": -1.0, "countline_length": 6 }, "geometry": { "type": "Polygon", "coordinates": [ [ [ 122181.3203783420322, 487968.791498340782709 ], [ 122179.408072314792662, 487964.813901804154739 ], [ 122146.745885369702592, 487972.46312591311289 ], [ 122148.887668120209128, 487976.440722449740861 ], [ 122181.3203783420322, 487968.791498340782709 ] ] ] } },
{ "type": "Feature", "properties": { "sensor": "GASA-02-01", "time": "2025-08-20T10:21:00+02:00", "count_line": 8, "location": "BrugOostertoegang1", "count_area": 14.0, "countline_length": 6 }, "geometry": { "type": "Polygon", "coordinates": [ [ [ 122181.3203783420322, 487968.791498340782709 ], [ 122179.408072314792662, 487964.813901804154739 ], [ 122146.745885369702592, 487972.46312591311289 ], [ 122148.887668120209128, 487976.440722449740861 ], [ 122181.3203783420322, 487968.791498340782709 ] ] ] } },
{ "type": "Feature", "properties": { "sensor": "GASA-02-01", "time": "2025-08-20T10:24:00+02:00", "count_line": 9, "location": "BrugOostertoegang1", "count_area": 17.0, "countline_length": 6 }, "geometry": { "type": "Polygon", "coordinates": [ [ [ 122181.3203783420322, 487968.791498340782709 ], [ 122179.408072314792662, 487964.813901804154739 ], [ 122146.745885369702592, 487972.46312591311289 ], [ 122148.887668120209128, 487976.440722449740861 ], [ 122181.3203783420322, 487968.791498340782709 ] ] ] } },
{ "type": "Feature", "properties": { "sensor": "GASA-02-01", "time": "2025-08-20T10:26:00+02:00", "count_line": -1, "location": "BrugOostertoegang1", "count_area": -1.0, "countline_length": 6 }, "geometry": { "type": "Polygon", "coordinates": [ [ [ 122181.3203783420322, 487968.791498340782709 ], [ 122179.408072314792662, 487964.813901804154739 ], [ 122146.745885369702592, 487972.46312591311289 ], [ 122148.887668120209128, 487976.440722449740861 ], [ 122181.3203783420322, 487968.791498340782709 ] ] ] } },
{ "type": "Feature", "properties": { "sensor": "GASA-02-01", "time": "2025-08-20T10:27:00+02:00", "count_line": 5, "location": "BrugOostertoegang1", "count_area": 7.0, "countline_length": 6 }, "geometry": { "type": "Polygon", "coordinates": [ [ [ 122181.3203783420322, 487968.791498340782709 ], [ 122179.408072314792662, 487964.813901804154739 ], [ 122146.745885369702592, 487972.46312591311289 ], [ 122148.887668120209128, 487976.440722449740861 ], [ 122181.3203783420322, 487968.791498340782709 ] ] ] } },
{ "type": "Feature", "properties": { "sensor": "GASA-02-01", "time": "2025-08-20T10:28:00+02:00", "count_line": 7, "location": "BrugOostertoegang1", "count_area": 10.0, "countline_length": 6 }, "geometry": { "type": "Polygon", "coordinates": [ [ [ 122181.3203783420322, 487968.791498340782709 ], [ 122179.408072314792662, 487964.813901804154739 ], [ 122146.745885369702592, 487972.46312591311289 ], [ 122148.887668120209128, 487976.440722449740861 ], [ 122181.3203783420322, 487968.791498340782709 ] ] ] } },
{ "type": "Feature", "properties": { "sensor": "GASA-02-01", "time": "2025-08-20T10:29:00+02:00", "count_line": 5, "location": "BrugOostertoegang1", "count_area": 8.0, "countline_length": 6 }, "geometry": { "type": "Polygon", "coordinates": [ [ [ 122181.3203783420322, 487968.791498340782709 ], [ 122179.408072314792662, 487964.813901804154739 ], [ 122146.745885369702592, 487972.46312591311289 ], [ 122148.887668120209128, 487976.440722449740861 ], [ 122181.3203783420322, 487968.791498340782709 ] ] ] } },
{ "type": "Feature", "properties": { "sensor": "GASA-02-01", "time": "2025-08-20T10:30:00+02:00", "count_line": 4, "location": "BrugOostertoegang1", "count_area": 7.0, "countline_length": 6 }, "geometry": { "type": "Polygon", "coordinates": [ [ [ 122181.3203783420322, 487968.791498340782709 ], [ 122179.408072314792662, 487964.813901804154739 ], [ 122146.745885369702592, 487972.46312591311289 ], [ 122148.887668120209128, 487976.440722449740861 ], [ 122181.3203783420322, 487968.791498340782709 ] ] ] } },
{ "type": "Feature", "properties": { "sensor": "GASA-02-01", "time": "2025-08-20T10:31:00+02:00", "count_line": 16, "location": "BrugOostertoegang1", "count_area": 27.0, "countline_length": 6 }, "geometry": { "type": "Polygon", "coordinates": [ [ [ 122181.3203783420322, 487968.791498340782709 ], [ 122179.408072314792662, 487964.813901804154739 ], [ 122146.745885369702592, 487972.46312591311289 ], [ 122148.887668120209128, 487976.440722449740861 ], [ 122181.3203783420322, 487968.791498340782709 ] ] ] } },
{ "type": "Feature", "properties": { "sensor": "GASA-02-01", "time": "2025-08-20T10:33:00+02:00", "count_line": 6, "location": "BrugOostertoegang1", "count_area": 11.0, "countline_length": 6 }, "geometry": { "type": "Polygon", "coordinates": [ [ [ 122181.3203783420322, 487968.791498340782709 ], [ 122179.408072314792662, 487964.813901804154739 ], [ 122146.745885369702592, 487972.46312591311289 ], [ 122148.887668120209128, 487976.440722449740861 ], [ 122181.3203783420322, 487968.791498340782709 ] ] ] } },
{ "type": "Feature", "properties": { "sensor": "GASA-02-01", "time": "2025-08-20T10:36:00+02:00", "count_line": 2, "location": "BrugOostertoegang1", "count_area": 3.0, "countline_length": 6 }, "geometry": { "type": "Polygon", "coordinates": [ [ [ 122181.3203783420322, 487968.791498340782709 ], [ 122179.408072314792662, 487964.813901804154739 ], [ 122146.745885369702592, 487972.46312591311289 ], [ 122148.887668120209128, 487976.440722449740861 ], [ 122181.3203783420322, 487968.791498340782709 ] ] ] } },
{ "type": "Feature", "properties": { "sensor": "GASA-02-01", "time": "2025-08-20T10:37:00+02:00", "count_line": 8, "location": "BrugOostertoegang1", "count_area": 14.0, "countline_length": 6 }, "geometry": { "type": "Polygon", "coordinates": [ [ [ 122181.3203783420322, 487968.791498340782709 ], [ 122179.408072314792662, 487964.813901804154739 ], [ 122146.745885369702592, 487972.46312591311289 ], [ 122148.887668120209128, 487976.440722449740861 ], [ 122181.3203783420322, 487968.791498340782709 ] ] ] } },
{ "type": "Feature", "properties": { "sensor": "GASA-02-01", "time": "2025-08-20T10:39:00+02:00", "count_line": 0, "location": "BrugOostertoegang1", "count_area": 0.0, "countline_length": 6 }, "geometry": { "type": "Polygon", "coordinates": [ [ [ 122181.3203783420322, 487968.791498340782709 ], [ 122179.408072314792662, 487964.813901804154739 ], [ 122146.745885369702592, 487972.46312591311289 ], [ 122148.887668120209128, 487976.440722449740861 ], [ 122181.3203783420322, 487968.791498340782709 ] ] ] } },
{ "type": "Feature", "properties": { "sensor": "GASA-02-01", "time": "2025-08-20T10:44:00+02:00", "count_line": 15, "location": "BrugOostertoegang1", "count_area": 26.0, "countline_length": 6 }, "geometry": { "type": "Polygon", "coordinates": [ [ [ 122181.3203783420322, 487968.791498340782709 ], [ 122179.408072314792662, 487964.813901804154739 ], [ 122146.745885369702592, 487972.46312591311289 ], [ 122148.887668120209128, 487976.440722449740861 ], [ 122181.3203783420322, 487968.791498340782709 ] ] ] } },
{ "type": "Feature", "properties": { "sensor": "GASA-02-01", "time": "2025-08-20T10:48:00+02:00", "count_line": 1, "location": "BrugOostertoegang1", "count_area": 1.0, "countline_length": 6 }, "geometry": { "type": "Polygon", "coordinates": [ [ [ 122181.3203783420322, 487968.791498340782709 ], [ 122179.408072314792662, 487964.813901804154739 ], [ 122146.745885369702592, 487972.46312591311289 ], [ 122148.887668120209128, 487976.440722449740861 ], [ 122181.3203783420322, 487968.791498340782709 ] ] ] } },
{ "type": "Feature", "properties": { "sensor": "GASA-02-01", "time": "2025-08-20T10:50:00+02:00", "count_line": 4, "location": "BrugOostertoegang1", "count_area": 7.0, "countline_length": 6 }, "geometry": { "type": "Polygon", "coordinates": [ [ [ 122181.3203783420322, 487968.791498340782709 ], [ 122179.408072314792662, 487964.813901804154739 ], [ 122146.745885369702592, 487972.46312591311289 ], [ 122148.887668120209128, 487976.440722449740861 ], [ 122181.3203783420322, 487968.791498340782709 ] ] ] } },
{ "type": "Feature", "properties": { "sensor": "GASA-02-01", "time": "2025-08-20T10:52:00+02:00", "count_line": 6, "location": "BrugOostertoegang1", "count_area": 9.0, "countline_length": 6 }, "geometry": { "type": "Polygon", "coordinates": [ [ [ 122181.3203783420322, 487968.791498340782709 ], [ 122179.408072314792662, 487964.813901804154739 ], [ 122146.745885369702592, 487972.46312591311289 ], [ 122148.887668120209128, 487976.440722449740861 ], [ 122181.3203783420322, 487968.791498340782709 ] ] ] } },
{ "type": "Feature", "properties": { "sensor": "GASA-02-01", "time": "2025-08-20T10:54:00+02:00", "count_line": 0, "location": "BrugOostertoegang1", "count_area": 0.0, "countline_length": 6 }, "geometry": { "type": "Polygon", "coordinates": [ [ [ 122181.3203783420322, 487968.791498340782709 ], [ 122179.408072314792662, 487964.813901804154739 ], [ 122146.745885369702592, 487972.46312591311289 ], [ 122148.887668120209128, 487976.440722449740861 ], [ 122181.3203783420322, 487968.791498340782709 ] ] ] } },
{ "type": "Feature", "properties": { "sensor": "GASA-02-01", "time": "2025-08-20T11:00:00+02:00", "count_line": 0, "location": "BrugOostertoegang1", "count_area": 0.0, "countline_length": 6 }, "geometry": { "type": "Polygon", "coordinates": [ [ [ 122181.3203783420322, 487968.791498340782709 ], [ 122179.408072314792662, 487964.813901804154739 ], [ 122146.745885369702592, 487972.46312591311289 ], [ 122148.887668120209128, 487976.440722449740861 ], [ 122181.3203783420322, 487968.791498340782709 ] ] ] } },
{ "type": "Feature", "properties": { "sensor": "GASA-02-01", "time": "2025-08-20T11:02:00+02:00", "count_line": 8, "location": "BrugOostertoegang1", "count_area": 15.0, "countline_length": 6 }, "geometry": { "type": "Polygon", "coordinates": [ [ [ 122181.3203783420322, 487968.791498340782709 ], [ 122179.408072314792662, 487964.813901804154739 ], [ 122146.745885369702592, 487972.46312591311289 ], [ 122148.887668120209128, 487976.440722449740861 ], [ 122181.3203783420322, 487968.791498340782709 ] ] ] } },
{ "type": "Feature", "properties": { "sensor": "GASA-02-01", "time": "2025-08-20T11:04:00+02:00", "count_line": 0, "location": "BrugOostertoegang1", "count_area": 0.0, "countline_length": 6 }, "geometry": { "type": "Polygon", "coordinates": [ [ [ 122181.3203783420322, 487968.791498340782709 ], [ 122179.408072314792662, 487964.813901804154739 ], [ 122146.745885369702592, 487972.46312591311289 ], [ 122148.887668120209128, 487976.440722449740861 ], [ 122181.3203783420322, 487968.791498340782709 ] ] ] } },
{ "type": "Feature", "properties": { "sensor": "GASA-02-01", "time": "2025-08-20T11:05:00+02:00", "count_line": 8, "location": "BrugOostertoegang1", "count_area": 12.0, "countline_length": 6 }, "geometry": { "type": "Polygon", "coordinates": [ [ [ 122181.3203783420322, 487968.791498340782709 ], [ 122179.408072314792662, 487964.813901804154739 ], [ 122146.745885369702592, 487972.46312591311289 ], [ 122148.887668120209128, 487976.440722449740861 ], [ 122181.3203783420322, 487968.791498340782709 ] ] ] } },
{ "type": "Feature", "properties": { "sensor": "GASA-02-01", "time": "2025-08-20T11:10:00+02:00", "count_line": 2, "location": "BrugOostertoegang1", "count_area": 3.0, "countline_length": 6 }, "geometry": { "type": "Polygon", "coordinates": [ [ [ 122181.3203783420322, 487968.791498340782709 ], [ 122179.408072314792662, 487964.813901804154739 ], [ 122146.745885369702592, 487972.46312591311289 ], [ 122148.887668120209128, 487976.440722449740861 ], [ 122181.3203783420322, 487968.791498340782709 ] ] ] } },
{ "type": "Feature", "properties": { "sensor": "GASA-02-01", "time": "2025-08-20T11:12:00+02:00", "count_line": 0, "location": "BrugOostertoegang1", "count_area": 0.0, "countline_length": 6 }, "geometry": { "type": "Polygon", "coordinates": [ [ [ 122181.3203783420322, 487968.791498340782709 ], [ 122179.408072314792662, 487964.813901804154739 ], [ 122146.745885369702592, 487972.46312591311289 ], [ 122148.887668120209128, 487976.440722449740861 ], [ 122181.3203783420322, 487968.791498340782709 ] ] ] } },
{ "type": "Feature", "properties": { "sensor": "GASA-02-01", "time": "2025-08-20T11:14:00+02:00", "count_line": 8, "location": "BrugOostertoegang1", "count_area": 14.0, "countline_length": 6 }, "geometry": { "type": "Polygon", "coordinates": [ [ [ 122181.3203783420322, 487968.791498340782709 ], [ 122179.408072314792662, 487964.813901804154739 ], [ 122146.745885369702592, 487972.46312591311289 ], [ 122148.887668120209128, 487976.440722449740861 ], [ 122181.3203783420322, 487968.791498340782709 ] ] ] } },
{ "type": "Feature", "properties": { "sensor": "GASA-02-01", "time": "2025-08-20T11:15:00+02:00", "count_line": 8, "location": "BrugOostertoegang1", "count_area": 15.0, "countline_length": 6 }, "geometry": { "type": "Polygon", "coordinates": [ [ [ 122181.3203783420322, 487968.791498340782709 ], [ 122179.408072314792662, 487964.813901804154739 ], [ 122146.745885369702592, 487972.46312591311289 ], [ 122148.887668120209128, 487976.440722449740861 ], [ 122181.3203783420322, 487968.791498340782709 ] ] ] } },
{ "type": "Feature", "properties": { "sensor": "GASA-02-01", "time": "2025-08-20T11:16:00+02:00", "count_line": 1, "location": "BrugOostertoegang1", "count_area": 1.0, "countline_length": 6 }, "geometry": { "type": "Polygon", "coordinates": [ [ [ 122181.3203783420322, 487968.791498340782709 ], [ 122179.408072314792662, 487964.813901804154739 ], [ 122146.745885369702592, 487972.46312591311289 ], [ 122148.887668120209128, 487976.440722449740861 ], [ 122181.3203783420322, 487968.791498340782709 ] ] ] } },
{ "type": "Feature", "properties": { "sensor": "GASA-02-01", "time": "2025-08-20T11:18:00+02:00", "count_line": 8, "location": "BrugOostertoegang1", "count_area": 14.0, "countline_length": 6 }, "geometry": { "type": "Polygon", "coordinates": [ [ [ 122181.3203783420322, 487968.791498340782709 ], [ 122179.408072314792662, 487964.813901804154739 ], [ 122146.745885369702592, 487972.46312591311289 ], [ 122148.887668120209128, 487976.440722449740861 ], [ 122181.3203783420322, 487968.791498340782709 ] ] ] } },
{ "type": "Feature", "properties": { "sensor": "GASA-02-01", "time": "2025-08-20T11:21:00+02:00", "count_line": 0, "location": "BrugOostertoegang1", "count_area": 0.0, "countline_length": 6 }, "geometry": { "type": "Polygon", "coordinates": [ [ [ 122181.3203783420322, 487968.791498340782709 ], [ 122179.408072314792662, 487964.813901804154739 ], [ 122146.745885369702592, 487972.46312591311289 ], [ 122148.887668120209128, 487976.440722449740861 ], [ 122181.3203783420322, 487968.791498340782709 ] ] ] } },
{ "type": "Feature", "properties": { "sensor": "GASA-02-01", "time": "2025-08-20T11:24:00+02:00", "count_line": 0, "location": "BrugOostertoegang1", "count_area": 0.0, "countline_length": 6 }, "geometry": { "type": "Polygon", "coordinates": [ [ [ 122181.3203783420322, 487968.791498340782709 ], [ 122179.408072314792662, 487964.813901804154739 ], [ 122146.745885369702592, 487972.46312591311289 ], [ 122148.887668120209128, 487976.440722449740861 ], [ 122181.3203783420322, 487968.791498340782709 ] ] ] } },
{ "type": "Feature", "properties": { "sensor": "GASA-02-01", "time": "2025-08-20T11:25:00+02:00", "count_line": 10, "location": "BrugOostertoegang1", "count_area": 15.0, "countline_length": 6 }, "geometry": { "type": "Polygon", "coordinates": [ [ [ 122181.3203783420322, 487968.791498340782709 ], [ 122179.408072314792662, 487964.813901804154739 ], [ 122146.745885369702592, 487972.46312591311289 ], [ 122148.887668120209128, 487976.440722449740861 ], [ 122181.3203783420322, 487968.791498340782709 ] ] ] } },
{ "type": "Feature", "properties": { "sensor": "GASA-02-01", "time": "2025-08-20T11:28:00+02:00", "count_line": 4, "location": "BrugOostertoegang1", "count_area": 6.0, "countline_length": 6 }, "geometry": { "type": "Polygon", "coordinates": [ [ [ 122181.3203783420322, 487968.791498340782709 ], [ 122179.408072314792662, 487964.813901804154739 ], [ 122146.745885369702592, 487972.46312591311289 ], [ 122148.887668120209128, 487976.440722449740861 ], [ 122181.3203783420322, 487968.791498340782709 ] ] ] } },
{ "type": "Feature", "properties": { "sensor": "GASA-02-01", "time": "2025-08-20T11:30:00+02:00", "count_line": 4, "location": "BrugOostertoegang1", "count_area": 7.0, "countline_length": 6 }, "geometry": { "type": "Polygon", "coordinates": [ [ [ 122181.3203783420322, 487968.791498340782709 ], [ 122179.408072314792662, 487964.813901804154739 ], [ 122146.745885369702592, 487972.46312591311289 ], [ 122148.887668120209128, 487976.440722449740861 ], [ 122181.3203783420322, 487968.791498340782709 ] ] ] } },
{ "type": "Feature", "properties": { "sensor": "GASA-02-01", "time": "2025-08-20T11:32:00+02:00", "count_line": 0, "location": "BrugOostertoegang1", "count_area": 0.0, "countline_length": 6 }, "geometry": { "type": "Polygon", "coordinates": [ [ [ 122181.3203783420322, 487968.791498340782709 ], [ 122179.408072314792662, 487964.813901804154739 ], [ 122146.745885369702592, 487972.46312591311289 ], [ 122148.887668120209128, 487976.440722449740861 ], [ 122181.3203783420322, 487968.791498340782709 ] ] ] } },
{ "type": "Feature", "properties": { "sensor": "GASA-02-01", "time": "2025-08-20T11:34:00+02:00", "count_line": 10, "location": "BrugOostertoegang1", "count_area": 19.0, "countline_length": 6 }, "geometry": { "type": "Polygon", "coordinates": [ [ [ 122181.3203783420322, 487968.791498340782709 ], [ 122179.408072314792662, 487964.813901804154739 ], [ 122146.745885369702592, 487972.46312591311289 ], [ 122148.887668120209128, 487976.440722449740861 ], [ 122181.3203783420322, 487968.791498340782709 ] ] ] } },
{ "type": "Feature", "properties": { "sensor": "GASA-02-01", "time": "2025-08-20T11:35:00+02:00", "count_line": 4, "location": "BrugOostertoegang1", "count_area": 7.0, "countline_length": 6 }, "geometry": { "type": "Polygon", "coordinates": [ [ [ 122181.3203783420322, 487968.791498340782709 ], [ 122179.408072314792662, 487964.813901804154739 ], [ 122146.745885369702592, 487972.46312591311289 ], [ 122148.887668120209128, 487976.440722449740861 ], [ 122181.3203783420322, 487968.791498340782709 ] ] ] } },
{ "type": "Feature", "properties": { "sensor": "GASA-02-01", "time": "2025-08-20T11:38:00+02:00", "count_line": 4, "location": "BrugOostertoegang1", "count_area": 6.0, "countline_length": 6 }, "geometry": { "type": "Polygon", "coordinates": [ [ [ 122181.3203783420322, 487968.791498340782709 ], [ 122179.408072314792662, 487964.813901804154739 ], [ 122146.745885369702592, 487972.46312591311289 ], [ 122148.887668120209128, 487976.440722449740861 ], [ 122181.3203783420322, 487968.791498340782709 ] ] ] } },
{ "type": "Feature", "properties": { "sensor": "GASA-02-01", "time": "2025-08-20T11:42:00+02:00", "count_line": 4, "location": "BrugOostertoegang1", "count_area": 7.0, "countline_length": 6 }, "geometry": { "type": "Polygon", "coordinates": [ [ [ 122181.3203783420322, 487968.791498340782709 ], [ 122179.408072314792662, 487964.813901804154739 ], [ 122146.745885369702592, 487972.46312591311289 ], [ 122148.887668120209128, 487976.440722449740861 ], [ 122181.3203783420322, 487968.791498340782709 ] ] ] } },
{ "type": "Feature", "properties": { "sensor": "GASA-02-01", "time": "2025-08-20T11:44:00+02:00", "count_line": 12, "location": "BrugOostertoegang1", "count_area": 20.0, "countline_length": 6 }, "geometry": { "type": "Polygon", "coordinates": [ [ [ 122181.3203783420322, 487968.791498340782709 ], [ 122179.408072314792662, 487964.813901804154739 ], [ 122146.745885369702592, 487972.46312591311289 ], [ 122148.887668120209128, 487976.440722449740861 ], [ 122181.3203783420322, 487968.791498340782709 ] ] ] } },
{ "type": "Feature", "properties": { "sensor": "GASA-02-01", "time": "2025-08-20T11:48:00+02:00", "count_line": 0, "location": "BrugOostertoegang1", "count_area": 0.0, "countline_length": 6 }, "geometry": { "type": "Polygon", "coordinates": [ [ [ 122181.3203783420322, 487968.791498340782709 ], [ 122179.408072314792662, 487964.813901804154739 ], [ 122146.745885369702592, 487972.46312591311289 ], [ 122148.887668120209128, 487976.440722449740861 ], [ 122181.3203783420322, 487968.791498340782709 ] ] ] } },
{ "type": "Feature", "properties": { "sensor": "GASA-02-01", "time": "2025-08-20T11:49:00+02:00", "count_line": 10, "location": "BrugOostertoegang1", "count_area": 17.0, "countline_length": 6 }, "geometry": { "type": "Polygon", "coordinates": [ [ [ 122181.3203783420322, 487968.791498340782709 ], [ 122179.408072314792662, 487964.813901804154739 ], [ 122146.745885369702592, 487972.46312591311289 ], [ 122148.887668120209128, 487976.440722449740861 ], [ 122181.3203783420322, 487968.791498340782709 ] ] ] } },
{ "type": "Feature", "properties": { "sensor": "GASA-02-01", "time": "2025-08-20T11:52:00+02:00", "count_line": 0, "location": "BrugOostertoegang1", "count_area": 0.0, "countline_length": 6 }, "geometry": { "type": "Polygon", "coordinates": [ [ [ 122181.3203783420322, 487968.791498340782709 ], [ 122179.408072314792662, 487964.813901804154739 ], [ 122146.745885369702592, 487972.46312591311289 ], [ 122148.887668120209128, 487976.440722449740861 ], [ 122181.3203783420322, 487968.791498340782709 ] ] ] } },
{ "type": "Feature", "properties": { "sensor": "GASA-02-01", "time": "2025-08-20T11:54:00+02:00", "count_line": 2, "location": "BrugOostertoegang1", "count_area": 3.0, "countline_length": 6 }, "geometry": { "type": "Polygon", "coordinates": [ [ [ 122181.3203783420322, 487968.791498340782709 ], [ 122179.408072314792662, 487964.813901804154739 ], [ 122146.745885369702592, 487972.46312591311289 ], [ 122148.887668120209128, 487976.440722449740861 ], [ 122181.3203783420322, 487968.791498340782709 ] ] ] } },
{ "type": "Feature", "properties": { "sensor": "GASA-02-01", "time": "2025-08-20T11:55:00+02:00", "count_line": 10, "location": "BrugOostertoegang1", "count_area": 16.0, "countline_length": 6 }, "geometry": { "type": "Polygon", "coordinates": [ [ [ 122181.3203783420322, 487968.791498340782709 ], [ 122179.408072314792662, 487964.813901804154739 ], [ 122146.745885369702592, 487972.46312591311289 ], [ 122148.887668120209128, 487976.440722449740861 ], [ 122181.3203783420322, 487968.791498340782709 ] ] ] } },
{ "type": "Feature", "properties": { "sensor": "GASA-02-01", "time": "2025-08-20T11:58:00+02:00", "count_line": 4, "location": "BrugOostertoegang1", "count_area": 6.0, "countline_length": 6 }, "geometry": { "type": "Polygon", "coordinates": [ [ [ 122181.3203783420322, 487968.791498340782709 ], [ 122179.408072314792662, 487964.813901804154739 ], [ 122146.745885369702592, 487972.46312591311289 ], [ 122148.887668120209128, 487976.440722449740861 ], [ 122181.3203783420322, 487968.791498340782709 ] ] ] } },
{ "type": "Feature", "properties": { "sensor": "GASA-02-01", "time": "2025-08-20T12:00:00+02:00", "count_line": 0, "location": "BrugOostertoegang1", "count_area": 0.0, "countline_length": 6 }, "geometry": { "type": "Polygon", "coordinates": [ [ [ 122181.3203783420322, 487968.791498340782709 ], [ 122179.408072314792662, 487964.813901804154739 ], [ 122146.745885369702592, 487972.46312591311289 ], [ 122148.887668120209128, 487976.440722449740861 ], [ 122181.3203783420322, 487968.791498340782709 ] ] ] } },
{ "type": "Feature", "properties": { "sensor": "GASA-02-01", "time": "2025-08-20T12:01:00+02:00", "count_line": 6, "location": "BrugOostertoegang1", "count_area": 11.0, "countline_length": 6 }, "geometry": { "type": "Polygon", "coordinates": [ [ [ 122181.3203783420322, 487968.791498340782709 ], [ 122179.408072314792662, 487964.813901804154739 ], [ 122146.745885369702592, 487972.46312591311289 ], [ 122148.887668120209128, 487976.440722449740861 ], [ 122181.3203783420322, 487968.791498340782709 ] ] ] } },
{ "type": "Feature", "properties": { "sensor": "GASA-02-01", "time": "2025-08-20T12:04:00+02:00", "count_line": 2, "location": "BrugOostertoegang1", "count_area": 3.0, "countline_length": 6 }, "geometry": { "type": "Polygon", "coordinates": [ [ [ 122181.3203783420322, 487968.791498340782709 ], [ 122179.408072314792662, 487964.813901804154739 ], [ 122146.745885369702592, 487972.46312591311289 ], [ 122148.887668120209128, 487976.440722449740861 ], [ 122181.3203783420322, 487968.791498340782709 ] ] ] } },
{ "type": "Feature", "properties": { "sensor": "GASA-02-01", "time": "2025-08-20T12:06:00+02:00", "count_line": 6, "location": "BrugOostertoegang1", "count_area": 10.0, "countline_length": 6 }, "geometry": { "type": "Polygon", "coordinates": [ [ [ 122181.3203783420322, 487968.791498340782709 ], [ 122179.408072314792662, 487964.813901804154739 ], [ 122146.745885369702592, 487972.46312591311289 ], [ 122148.887668120209128, 487976.440722449740861 ], [ 122181.3203783420322, 487968.791498340782709 ] ] ] } },
{ "type": "Feature", "properties": { "sensor": "GASA-02-01", "time": "2025-08-20T12:07:00+02:00", "count_line": 6, "location": "BrugOostertoegang1", "count_area": 11.0, "countline_length": 6 }, "geometry": { "type": "Polygon", "coordinates": [ [ [ 122181.3203783420322, 487968.791498340782709 ], [ 122179.408072314792662, 487964.813901804154739 ], [ 122146.745885369702592, 487972.46312591311289 ], [ 122148.887668120209128, 487976.440722449740861 ], [ 122181.3203783420322, 487968.791498340782709 ] ] ] } },
{ "type": "Feature", "properties": { "sensor": "GASA-02-01", "time": "2025-08-20T12:10:00+02:00", "count_line": 2, "location": "BrugOostertoegang1", "count_area": 3.0, "countline_length": 6 }, "geometry": { "type": "Polygon", "coordinates": [ [ [ 122181.3203783420322, 487968.791498340782709 ], [ 122179.408072314792662, 487964.813901804154739 ], [ 122146.745885369702592, 487972.46312591311289 ], [ 122148.887668120209128, 487976.440722449740861 ], [ 122181.3203783420322, 487968.791498340782709 ] ] ] } },
{ "type": "Feature", "properties": { "sensor": "GASA-02-01", "time": "2025-08-20T12:12:00+02:00", "count_line": 0, "location": "BrugOostertoegang1", "count_area": 0.0, "countline_length": 6 }, "geometry": { "type": "Polygon", "coordinates": [ [ [ 122181.3203783420322, 487968.791498340782709 ], [ 122179.408072314792662, 487964.813901804154739 ], [ 122146.745885369702592, 487972.46312591311289 ], [ 122148.887668120209128, 487976.440722449740861 ], [ 122181.3203783420322, 487968.791498340782709 ] ] ] } },
{ "type": "Feature", "properties": { "sensor": "GASA-02-01", "time": "2025-08-20T12:14:00+02:00", "count_line": 8, "location": "BrugOostertoegang1", "count_area": 12.0, "countline_length": 6 }, "geometry": { "type": "Polygon", "coordinates": [ [ [ 122181.3203783420322, 487968.791498340782709 ], [ 122179.408072314792662, 487964.813901804154739 ], [ 122146.745885369702592, 487972.46312591311289 ], [ 122148.887668120209128, 487976.440722449740861 ], [ 122181.3203783420322, 487968.791498340782709 ] ] ] } },
{ "type": "Feature", "properties": { "sensor": "GASA-02-01", "time": "2025-08-20T12:16:00+02:00", "count_line": 2, "location": "BrugOostertoegang1", "count_area": 3.0, "countline_length": 6 }, "geometry": { "type": "Polygon", "coordinates": [ [ [ 122181.3203783420322, 487968.791498340782709 ], [ 122179.408072314792662, 487964.813901804154739 ], [ 122146.745885369702592, 487972.46312591311289 ], [ 122148.887668120209128, 487976.440722449740861 ], [ 122181.3203783420322, 487968.791498340782709 ] ] ] } },
{ "type": "Feature", "properties": { "sensor": "GASA-02-01", "time": "2025-08-20T12:18:00+02:00", "count_line": 2, "location": "BrugOostertoegang1", "count_area": 3.0, "countline_length": 6 }, "geometry": { "type": "Polygon", "coordinates": [ [ [ 122181.3203783420322, 487968.791498340782709 ], [ 122179.408072314792662, 487964.813901804154739 ], [ 122146.745885369702592, 487972.46312591311289 ], [ 122148.887668120209128, 487976.440722449740861 ], [ 122181.3203783420322, 487968.791498340782709 ] ] ] } },
{ "type": "Feature", "properties": { "sensor": "GASA-02-01", "time": "2025-08-20T12:20:00+02:00", "count_line": 20, "location": "BrugOostertoegang1", "count_area": 39.0, "countline_length": 6 }, "geometry": { "type": "Polygon", "coordinates": [ [ [ 122181.3203783420322, 487968.791498340782709 ], [ 122179.408072314792662, 487964.813901804154739 ], [ 122146.745885369702592, 487972.46312591311289 ], [ 122148.887668120209128, 487976.440722449740861 ], [ 122181.3203783420322, 487968.791498340782709 ] ] ] } },
{ "type": "Feature", "properties": { "sensor": "GASA-02-01", "time": "2025-08-20T12:22:00+02:00", "count_line": 14, "location": "BrugOostertoegang1", "count_area": 22.0, "countline_length": 6 }, "geometry": { "type": "Polygon", "coordinates": [ [ [ 122181.3203783420322, 487968.791498340782709 ], [ 122179.408072314792662, 487964.813901804154739 ], [ 122146.745885369702592, 487972.46312591311289 ], [ 122148.887668120209128, 487976.440722449740861 ], [ 122181.3203783420322, 487968.791498340782709 ] ] ] } },
{ "type": "Feature", "properties": { "sensor": "GASA-02-01", "time": "2025-08-20T12:24:00+02:00", "count_line": 4, "location": "BrugOostertoegang1", "count_area": 6.0, "countline_length": 6 }, "geometry": { "type": "Polygon", "coordinates": [ [ [ 122181.3203783420322, 487968.791498340782709 ], [ 122179.408072314792662, 487964.813901804154739 ], [ 122146.745885369702592, 487972.46312591311289 ], [ 122148.887668120209128, 487976.440722449740861 ], [ 122181.3203783420322, 487968.791498340782709 ] ] ] } },
{ "type": "Feature", "properties": { "sensor": "GASA-02-01", "time": "2025-08-20T12:26:00+02:00", "count_line": 4, "location": "BrugOostertoegang1", "count_area": 7.0, "countline_length": 6 }, "geometry": { "type": "Polygon", "coordinates": [ [ [ 122181.3203783420322, 487968.791498340782709 ], [ 122179.408072314792662, 487964.813901804154739 ], [ 122146.745885369702592, 487972.46312591311289 ], [ 122148.887668120209128, 487976.440722449740861 ], [ 122181.3203783420322, 487968.791498340782709 ] ] ] } },
{ "type": "Feature", "properties": { "sensor": "GASA-02-01", "time": "2025-08-20T12:28:00+02:00", "count_line": 0, "location": "BrugOostertoegang1", "count_area": 0.0, "countline_length": 6 }, "geometry": { "type": "Polygon", "coordinates": [ [ [ 122181.3203783420322, 487968.791498340782709 ], [ 122179.408072314792662, 487964.813901804154739 ], [ 122146.745885369702592, 487972.46312591311289 ], [ 122148.887668120209128, 487976.440722449740861 ], [ 122181.3203783420322, 487968.791498340782709 ] ] ] } },
{ "type": "Feature", "properties": { "sensor": "GASA-02-01", "time": "2025-08-20T12:30:00+02:00", "count_line": -2, "location": "BrugOostertoegang1", "count_area": -3.0, "countline_length": 6 }, "geometry": { "type": "Polygon", "coordinates": [ [ [ 122181.3203783420322, 487968.791498340782709 ], [ 122179.408072314792662, 487964.813901804154739 ], [ 122146.745885369702592, 487972.46312591311289 ], [ 122148.887668120209128, 487976.440722449740861 ], [ 122181.3203783420322, 487968.791498340782709 ] ] ] } },
{ "type": "Feature", "properties": { "sensor": "GASA-02-01", "time": "2025-08-20T12:32:00+02:00", "count_line": 0, "location": "BrugOostertoegang1", "count_area": 0.0, "countline_length": 6 }, "geometry": { "type": "Polygon", "coordinates": [ [ [ 122181.3203783420322, 487968.791498340782709 ], [ 122179.408072314792662, 487964.813901804154739 ], [ 122146.745885369702592, 487972.46312591311289 ], [ 122148.887668120209128, 487976.440722449740861 ], [ 122181.3203783420322, 487968.791498340782709 ] ] ] } },
{ "type": "Feature", "properties": { "sensor": "GASA-02-01", "time": "2025-08-20T12:34:00+02:00", "count_line": 12, "location": "BrugOostertoegang1", "count_area": 22.0, "countline_length": 6 }, "geometry": { "type": "Polygon", "coordinates": [ [ [ 122181.3203783420322, 487968.791498340782709 ], [ 122179.408072314792662, 487964.813901804154739 ], [ 122146.745885369702592, 487972.46312591311289 ], [ 122148.887668120209128, 487976.440722449740861 ], [ 122181.3203783420322, 487968.791498340782709 ] ] ] } },
{ "type": "Feature", "properties": { "sensor": "GASA-02-01", "time": "2025-08-20T12:36:00+02:00", "count_line": 4, "location": "BrugOostertoegang1", "count_area": 6.0, "countline_length": 6 }, "geometry": { "type": "Polygon", "coordinates": [ [ [ 122181.3203783420322, 487968.791498340782709 ], [ 122179.408072314792662, 487964.813901804154739 ], [ 122146.745885369702592, 487972.46312591311289 ], [ 122148.887668120209128, 487976.440722449740861 ], [ 122181.3203783420322, 487968.791498340782709 ] ] ] } },
{ "type": "Feature", "properties": { "sensor": "GASA-02-01", "time": "2025-08-20T12:37:00+02:00", "count_line": 2, "location": "BrugOostertoegang1", "count_area": 3.0, "countline_length": 6 }, "geometry": { "type": "Polygon", "coordinates": [ [ [ 122181.3203783420322, 487968.791498340782709 ], [ 122179.408072314792662, 487964.813901804154739 ], [ 122146.745885369702592, 487972.46312591311289 ], [ 122148.887668120209128, 487976.440722449740861 ], [ 122181.3203783420322, 487968.791498340782709 ] ] ] } },
{ "type": "Feature", "properties": { "sensor": "GASA-02-01", "time": "2025-08-20T12:40:00+02:00", "count_line": 16, "location": "BrugOostertoegang1", "count_area": 31.0, "countline_length": 6 }, "geometry": { "type": "Polygon", "coordinates": [ [ [ 122181.3203783420322, 487968.791498340782709 ], [ 122179.408072314792662, 487964.813901804154739 ], [ 122146.745885369702592, 487972.46312591311289 ], [ 122148.887668120209128, 487976.440722449740861 ], [ 122181.3203783420322, 487968.791498340782709 ] ] ] } },
{ "type": "Feature", "properties": { "sensor": "GASA-02-01", "time": "2025-08-20T12:42:00+02:00", "count_line": 4, "location": "BrugOostertoegang1", "count_area": 7.0, "countline_length": 6 }, "geometry": { "type": "Polygon", "coordinates": [ [ [ 122181.3203783420322, 487968.791498340782709 ], [ 122179.408072314792662, 487964.813901804154739 ], [ 122146.745885369702592, 487972.46312591311289 ], [ 122148.887668120209128, 487976.440722449740861 ], [ 122181.3203783420322, 487968.791498340782709 ] ] ] } },
{ "type": "Feature", "properties": { "sensor": "GASA-02-01", "time": "2025-08-20T12:44:00+02:00", "count_line": 4, "location": "BrugOostertoegang1", "count_area": 7.0, "countline_length": 6 }, "geometry": { "type": "Polygon", "coordinates": [ [ [ 122181.3203783420322, 487968.791498340782709 ], [ 122179.408072314792662, 487964.813901804154739 ], [ 122146.745885369702592, 487972.46312591311289 ], [ 122148.887668120209128, 487976.440722449740861 ], [ 122181.3203783420322, 487968.791498340782709 ] ] ] } },
{ "type": "Feature", "properties": { "sensor": "GASA-02-01", "time": "2025-08-20T12:46:00+02:00", "count_line": 8, "location": "BrugOostertoegang1", "count_area": 14.0, "countline_length": 6 }, "geometry": { "type": "Polygon", "coordinates": [ [ [ 122181.3203783420322, 487968.791498340782709 ], [ 122179.408072314792662, 487964.813901804154739 ], [ 122146.745885369702592, 487972.46312591311289 ], [ 122148.887668120209128, 487976.440722449740861 ], [ 122181.3203783420322, 487968.791498340782709 ] ] ] } },
{ "type": "Feature", "properties": { "sensor": "GASA-02-01", "time": "2025-08-20T12:48:00+02:00", "count_line": 10, "location": "BrugOostertoegang1", "count_area": 16.0, "countline_length": 6 }, "geometry": { "type": "Polygon", "coordinates": [ [ [ 122181.3203783420322, 487968.791498340782709 ], [ 122179.408072314792662, 487964.813901804154739 ], [ 122146.745885369702592, 487972.46312591311289 ], [ 122148.887668120209128, 487976.440722449740861 ], [ 122181.3203783420322, 487968.791498340782709 ] ] ] } },
{ "type": "Feature", "properties": { "sensor": "GASA-02-01", "time": "2025-08-20T12:50:00+02:00", "count_line": 6, "location": "BrugOostertoegang1", "count_area": 9.0, "countline_length": 6 }, "geometry": { "type": "Polygon", "coordinates": [ [ [ 122181.3203783420322, 487968.791498340782709 ], [ 122179.408072314792662, 487964.813901804154739 ], [ 122146.745885369702592, 487972.46312591311289 ], [ 122148.887668120209128, 487976.440722449740861 ], [ 122181.3203783420322, 487968.791498340782709 ] ] ] } },
{ "type": "Feature", "properties": { "sensor": "GASA-02-01", "time": "2025-08-20T12:52:00+02:00", "count_line": 0, "location": "BrugOostertoegang1", "count_area": 0.0, "countline_length": 6 }, "geometry": { "type": "Polygon", "coordinates": [ [ [ 122181.3203783420322, 487968.791498340782709 ], [ 122179.408072314792662, 487964.813901804154739 ], [ 122146.745885369702592, 487972.46312591311289 ], [ 122148.887668120209128, 487976.440722449740861 ], [ 122181.3203783420322, 487968.791498340782709 ] ] ] } },
{ "type": "Feature", "properties": { "sensor": "GASA-02-01", "time": "2025-08-20T12:54:00+02:00", "count_line": 12, "location": "BrugOostertoegang1", "count_area": 22.0, "countline_length": 6 }, "geometry": { "type": "Polygon", "coordinates": [ [ [ 122181.3203783420322, 487968.791498340782709 ], [ 122179.408072314792662, 487964.813901804154739 ], [ 122146.745885369702592, 487972.46312591311289 ], [ 122148.887668120209128, 487976.440722449740861 ], [ 122181.3203783420322, 487968.791498340782709 ] ] ] } },
{ "type": "Feature", "properties": { "sensor": "GASA-02-01", "time": "2025-08-20T12:57:00+02:00", "count_line": 4, "location": "BrugOostertoegang1", "count_area": 7.0, "countline_length": 6 }, "geometry": { "type": "Polygon", "coordinates": [ [ [ 122181.3203783420322, 487968.791498340782709 ], [ 122179.408072314792662, 487964.813901804154739 ], [ 122146.745885369702592, 487972.46312591311289 ], [ 122148.887668120209128, 487976.440722449740861 ], [ 122181.3203783420322, 487968.791498340782709 ] ] ] } },
{ "type": "Feature", "properties": { "sensor": "GASA-02-01", "time": "2025-08-20T13:00:00+02:00", "count_line": 6, "location": "BrugOostertoegang1", "count_area": 11.0, "countline_length": 6 }, "geometry": { "type": "Polygon", "coordinates": [ [ [ 122181.3203783420322, 487968.791498340782709 ], [ 122179.408072314792662, 487964.813901804154739 ], [ 122146.745885369702592, 487972.46312591311289 ], [ 122148.887668120209128, 487976.440722449740861 ], [ 122181.3203783420322, 487968.791498340782709 ] ] ] } },
{ "type": "Feature", "properties": { "sensor": "GASA-02-01", "time": "2025-08-20T13:02:00+02:00", "count_line": 6, "location": "BrugOostertoegang1", "count_area": 11.0, "countline_length": 6 }, "geometry": { "type": "Polygon", "coordinates": [ [ [ 122181.3203783420322, 487968.791498340782709 ], [ 122179.408072314792662, 487964.813901804154739 ], [ 122146.745885369702592, 487972.46312591311289 ], [ 122148.887668120209128, 487976.440722449740861 ], [ 122181.3203783420322, 487968.791498340782709 ] ] ] } },
{ "type": "Feature", "properties": { "sensor": "GASA-02-01", "time": "2025-08-20T13:04:00+02:00", "count_line": 4, "location": "BrugOostertoegang1", "count_area": 6.0, "countline_length": 6 }, "geometry": { "type": "Polygon", "coordinates": [ [ [ 122181.3203783420322, 487968.791498340782709 ], [ 122179.408072314792662, 487964.813901804154739 ], [ 122146.745885369702592, 487972.46312591311289 ], [ 122148.887668120209128, 487976.440722449740861 ], [ 122181.3203783420322, 487968.791498340782709 ] ] ] } },
{ "type": "Feature", "properties": { "sensor": "GASA-02-01", "time": "2025-08-20T13:06:00+02:00", "count_line": 6, "location": "BrugOostertoegang1", "count_area": 11.0, "countline_length": 6 }, "geometry": { "type": "Polygon", "coordinates": [ [ [ 122181.3203783420322, 487968.791498340782709 ], [ 122179.408072314792662, 487964.813901804154739 ], [ 122146.745885369702592, 487972.46312591311289 ], [ 122148.887668120209128, 487976.440722449740861 ], [ 122181.3203783420322, 487968.791498340782709 ] ] ] } },
{ "type": "Feature", "properties": { "sensor": "GASA-02-01", "time": "2025-08-20T13:08:00+02:00", "count_line": 10, "location": "BrugOostertoegang1", "count_area": 18.0, "countline_length": 6 }, "geometry": { "type": "Polygon", "coordinates": [ [ [ 122181.3203783420322, 487968.791498340782709 ], [ 122179.408072314792662, 487964.813901804154739 ], [ 122146.745885369702592, 487972.46312591311289 ], [ 122148.887668120209128, 487976.440722449740861 ], [ 122181.3203783420322, 487968.791498340782709 ] ] ] } },
{ "type": "Feature", "properties": { "sensor": "GASA-02-01", "time": "2025-08-20T13:10:00+02:00", "count_line": 20, "location": "BrugOostertoegang1", "count_area": 32.0, "countline_length": 6 }, "geometry": { "type": "Polygon", "coordinates": [ [ [ 122181.3203783420322, 487968.791498340782709 ], [ 122179.408072314792662, 487964.813901804154739 ], [ 122146.745885369702592, 487972.46312591311289 ], [ 122148.887668120209128, 487976.440722449740861 ], [ 122181.3203783420322, 487968.791498340782709 ] ] ] } },
{ "type": "Feature", "properties": { "sensor": "GASA-02-01", "time": "2025-08-20T13:12:00+02:00", "count_line": 8, "location": "BrugOostertoegang1", "count_area": 15.0, "countline_length": 6 }, "geometry": { "type": "Polygon", "coordinates": [ [ [ 122181.3203783420322, 487968.791498340782709 ], [ 122179.408072314792662, 487964.813901804154739 ], [ 122146.745885369702592, 487972.46312591311289 ], [ 122148.887668120209128, 487976.440722449740861 ], [ 122181.3203783420322, 487968.791498340782709 ] ] ] } },
{ "type": "Feature", "properties": { "sensor": "GASA-02-01", "time": "2025-08-20T13:14:00+02:00", "count_line": 18, "location": "BrugOostertoegang1", "count_area": 29.0, "countline_length": 6 }, "geometry": { "type": "Polygon", "coordinates": [ [ [ 122181.3203783420322, 487968.791498340782709 ], [ 122179.408072314792662, 487964.813901804154739 ], [ 122146.745885369702592, 487972.46312591311289 ], [ 122148.887668120209128, 487976.440722449740861 ], [ 122181.3203783420322, 487968.791498340782709 ] ] ] } },
{ "type": "Feature", "properties": { "sensor": "GASA-02-01", "time": "2025-08-20T13:15:00+02:00", "count_line": 10, "location": "BrugOostertoegang1", "count_area": 17.0, "countline_length": 6 }, "geometry": { "type": "Polygon", "coordinates": [ [ [ 122181.3203783420322, 487968.791498340782709 ], [ 122179.408072314792662, 487964.813901804154739 ], [ 122146.745885369702592, 487972.46312591311289 ], [ 122148.887668120209128, 487976.440722449740861 ], [ 122181.3203783420322, 487968.791498340782709 ] ] ] } },
{ "type": "Feature", "properties": { "sensor": "GASA-02-01", "time": "2025-08-20T13:16:00+02:00", "count_line": 14, "location": "BrugOostertoegang1", "count_area": 26.0, "countline_length": 6 }, "geometry": { "type": "Polygon", "coordinates": [ [ [ 122181.3203783420322, 487968.791498340782709 ], [ 122179.408072314792662, 487964.813901804154739 ], [ 122146.745885369702592, 487972.46312591311289 ], [ 122148.887668120209128, 487976.440722449740861 ], [ 122181.3203783420322, 487968.791498340782709 ] ] ] } },
{ "type": "Feature", "properties": { "sensor": "GASA-02-01", "time": "2025-08-20T13:18:00+02:00", "count_line": 12, "location": "BrugOostertoegang1", "count_area": 18.0, "countline_length": 6 }, "geometry": { "type": "Polygon", "coordinates": [ [ [ 122181.3203783420322, 487968.791498340782709 ], [ 122179.408072314792662, 487964.813901804154739 ], [ 122146.745885369702592, 487972.46312591311289 ], [ 122148.887668120209128, 487976.440722449740861 ], [ 122181.3203783420322, 487968.791498340782709 ] ] ] } },
{ "type": "Feature", "properties": { "sensor": "GASA-02-01", "time": "2025-08-20T13:20:00+02:00", "count_line": 2, "location": "BrugOostertoegang1", "count_area": 3.0, "countline_length": 6 }, "geometry": { "type": "Polygon", "coordinates": [ [ [ 122181.3203783420322, 487968.791498340782709 ], [ 122179.408072314792662, 487964.813901804154739 ], [ 122146.745885369702592, 487972.46312591311289 ], [ 122148.887668120209128, 487976.440722449740861 ], [ 122181.3203783420322, 487968.791498340782709 ] ] ] } },
{ "type": "Feature", "properties": { "sensor": "GASA-02-01", "time": "2025-08-20T13:22:00+02:00", "count_line": 1, "location": "BrugOostertoegang1", "count_area": 1.0, "countline_length": 6 }, "geometry": { "type": "Polygon", "coordinates": [ [ [ 122181.3203783420322, 487968.791498340782709 ], [ 122179.408072314792662, 487964.813901804154739 ], [ 122146.745885369702592, 487972.46312591311289 ], [ 122148.887668120209128, 487976.440722449740861 ], [ 122181.3203783420322, 487968.791498340782709 ] ] ] } },
{ "type": "Feature", "properties": { "sensor": "GASA-02-01", "time": "2025-08-20T13:24:00+02:00", "count_line": 8, "location": "BrugOostertoegang1", "count_area": 12.0, "countline_length": 6 }, "geometry": { "type": "Polygon", "coordinates": [ [ [ 122181.3203783420322, 487968.791498340782709 ], [ 122179.408072314792662, 487964.813901804154739 ], [ 122146.745885369702592, 487972.46312591311289 ], [ 122148.887668120209128, 487976.440722449740861 ], [ 122181.3203783420322, 487968.791498340782709 ] ] ] } },
{ "type": "Feature", "properties": { "sensor": "GASA-02-01", "time": "2025-08-20T13:26:00+02:00", "count_line": 0, "location": "BrugOostertoegang1", "count_area": 0.0, "countline_length": 6 }, "geometry": { "type": "Polygon", "coordinates": [ [ [ 122181.3203783420322, 487968.791498340782709 ], [ 122179.408072314792662, 487964.813901804154739 ], [ 122146.745885369702592, 487972.46312591311289 ], [ 122148.887668120209128, 487976.440722449740861 ], [ 122181.3203783420322, 487968.791498340782709 ] ] ] } },
{ "type": "Feature", "properties": { "sensor": "GASA-02-01", "time": "2025-08-20T13:28:00+02:00", "count_line": 14, "location": "BrugOostertoegang1", "count_area": 26.0, "countline_length": 6 }, "geometry": { "type": "Polygon", "coordinates": [ [ [ 122181.3203783420322, 487968.791498340782709 ], [ 122179.408072314792662, 487964.813901804154739 ], [ 122146.745885369702592, 487972.46312591311289 ], [ 122148.887668120209128, 487976.440722449740861 ], [ 122181.3203783420322, 487968.791498340782709 ] ] ] } },
{ "type": "Feature", "properties": { "sensor": "GASA-02-01", "time": "2025-08-20T13:30:00+02:00", "count_line": 10, "location": "BrugOostertoegang1", "count_area": 16.0, "countline_length": 6 }, "geometry": { "type": "Polygon", "coordinates": [ [ [ 122181.3203783420322, 487968.791498340782709 ], [ 122179.408072314792662, 487964.813901804154739 ], [ 122146.745885369702592, 487972.46312591311289 ], [ 122148.887668120209128, 487976.440722449740861 ], [ 122181.3203783420322, 487968.791498340782709 ] ] ] } },
{ "type": "Feature", "properties": { "sensor": "GASA-02-01", "time": "2025-08-20T13:32:00+02:00", "count_line": 18, "location": "BrugOostertoegang1", "count_area": 31.0, "countline_length": 6 }, "geometry": { "type": "Polygon", "coordinates": [ [ [ 122181.3203783420322, 487968.791498340782709 ], [ 122179.408072314792662, 487964.813901804154739 ], [ 122146.745885369702592, 487972.46312591311289 ], [ 122148.887668120209128, 487976.440722449740861 ], [ 122181.3203783420322, 487968.791498340782709 ] ] ] } },
{ "type": "Feature", "properties": { "sensor": "GASA-02-01", "time": "2025-08-20T13:34:00+02:00", "count_line": 4, "location": "BrugOostertoegang1", "count_area": 7.0, "countline_length": 6 }, "geometry": { "type": "Polygon", "coordinates": [ [ [ 122181.3203783420322, 487968.791498340782709 ], [ 122179.408072314792662, 487964.813901804154739 ], [ 122146.745885369702592, 487972.46312591311289 ], [ 122148.887668120209128, 487976.440722449740861 ], [ 122181.3203783420322, 487968.791498340782709 ] ] ] } },
{ "type": "Feature", "properties": { "sensor": "GASA-02-01", "time": "2025-08-20T13:36:00+02:00", "count_line": 50, "location": "BrugOostertoegang1", "count_area": 75.0, "countline_length": 6 }, "geometry": { "type": "Polygon", "coordinates": [ [ [ 122181.3203783420322, 487968.791498340782709 ], [ 122179.408072314792662, 487964.813901804154739 ], [ 122146.745885369702592, 487972.46312591311289 ], [ 122148.887668120209128, 487976.440722449740861 ], [ 122181.3203783420322, 487968.791498340782709 ] ] ] } },
{ "type": "Feature", "properties": { "sensor": "GASA-02-01", "time": "2025-08-20T13:38:00+02:00", "count_line": 26, "location": "BrugOostertoegang1", "count_area": 47.0, "countline_length": 6 }, "geometry": { "type": "Polygon", "coordinates": [ [ [ 122181.3203783420322, 487968.791498340782709 ], [ 122179.408072314792662, 487964.813901804154739 ], [ 122146.745885369702592, 487972.46312591311289 ], [ 122148.887668120209128, 487976.440722449740861 ], [ 122181.3203783420322, 487968.791498340782709 ] ] ] } },
{ "type": "Feature", "properties": { "sensor": "GASA-02-01", "time": "2025-08-20T13:40:00+02:00", "count_line": 28, "location": "BrugOostertoegang1", "count_area": 43.0, "countline_length": 6 }, "geometry": { "type": "Polygon", "coordinates": [ [ [ 122181.3203783420322, 487968.791498340782709 ], [ 122179.408072314792662, 487964.813901804154739 ], [ 122146.745885369702592, 487972.46312591311289 ], [ 122148.887668120209128, 487976.440722449740861 ], [ 122181.3203783420322, 487968.791498340782709 ] ] ] } },
{ "type": "Feature", "properties": { "sensor": "GASA-02-01", "time": "2025-08-20T13:42:00+02:00", "count_line": 26, "location": "BrugOostertoegang1", "count_area": 49.0, "countline_length": 6 }, "geometry": { "type": "Polygon", "coordinates": [ [ [ 122181.3203783420322, 487968.791498340782709 ], [ 122179.408072314792662, 487964.813901804154739 ], [ 122146.745885369702592, 487972.46312591311289 ], [ 122148.887668120209128, 487976.440722449740861 ], [ 122181.3203783420322, 487968.791498340782709 ] ] ] } },
{ "type": "Feature", "properties": { "sensor": "GASA-02-01", "time": "2025-08-20T13:44:00+02:00", "count_line": 3, "location": "BrugOostertoegang1", "count_area": 5.0, "countline_length": 6 }, "geometry": { "type": "Polygon", "coordinates": [ [ [ 122181.3203783420322, 487968.791498340782709 ], [ 122179.408072314792662, 487964.813901804154739 ], [ 122146.745885369702592, 487972.46312591311289 ], [ 122148.887668120209128, 487976.440722449740861 ], [ 122181.3203783420322, 487968.791498340782709 ] ] ] } },
{ "type": "Feature", "properties": { "sensor": "GASA-02-01", "time": "2025-08-20T13:46:00+02:00", "count_line": 26, "location": "BrugOostertoegang1", "count_area": 51.0, "countline_length": 6 }, "geometry": { "type": "Polygon", "coordinates": [ [ [ 122181.3203783420322, 487968.791498340782709 ], [ 122179.408072314792662, 487964.813901804154739 ], [ 122146.745885369702592, 487972.46312591311289 ], [ 122148.887668120209128, 487976.440722449740861 ], [ 122181.3203783420322, 487968.791498340782709 ] ] ] } },
{ "type": "Feature", "properties": { "sensor": "GASA-02-01", "time": "2025-08-20T13:56:00+02:00", "count_line": 10, "location": "BrugOostertoegang1", "count_area": 16.0, "countline_length": 6 }, "geometry": { "type": "Polygon", "coordinates": [ [ [ 122181.3203783420322, 487968.791498340782709 ], [ 122179.408072314792662, 487964.813901804154739 ], [ 122146.745885369702592, 487972.46312591311289 ], [ 122148.887668120209128, 487976.440722449740861 ], [ 122181.3203783420322, 487968.791498340782709 ] ] ] } },
{ "type": "Feature", "properties": { "sensor": "GASA-02-01", "time": "2025-08-20T13:58:00+02:00", "count_line": 16, "location": "BrugOostertoegang1", "count_area": 25.0, "countline_length": 6 }, "geometry": { "type": "Polygon", "coordinates": [ [ [ 122181.3203783420322, 487968.791498340782709 ], [ 122179.408072314792662, 487964.813901804154739 ], [ 122146.745885369702592, 487972.46312591311289 ], [ 122148.887668120209128, 487976.440722449740861 ], [ 122181.3203783420322, 487968.791498340782709 ] ] ] } },
{ "type": "Feature", "properties": { "sensor": "GASA-02-01", "time": "2025-08-20T14:00:00+02:00", "count_line": 23, "location": "BrugOostertoegang1", "count_area": 43.0, "countline_length": 6 }, "geometry": { "type": "Polygon", "coordinates": [ [ [ 122181.3203783420322, 487968.791498340782709 ], [ 122179.408072314792662, 487964.813901804154739 ], [ 122146.745885369702592, 487972.46312591311289 ], [ 122148.887668120209128, 487976.440722449740861 ], [ 122181.3203783420322, 487968.791498340782709 ] ] ] } },
{ "type": "Feature", "properties": { "sensor": "GASA-02-01", "time": "2025-08-20T14:01:00+02:00", "count_line": 11, "location": "BrugOostertoegang1", "count_area": 17.0, "countline_length": 6 }, "geometry": { "type": "Polygon", "coordinates": [ [ [ 122181.3203783420322, 487968.791498340782709 ], [ 122179.408072314792662, 487964.813901804154739 ], [ 122146.745885369702592, 487972.46312591311289 ], [ 122148.887668120209128, 487976.440722449740861 ], [ 122181.3203783420322, 487968.791498340782709 ] ] ] } },
{ "type": "Feature", "properties": { "sensor": "GASA-02-01", "time": "2025-08-20T14:02:00+02:00", "count_line": 19, "location": "BrugOostertoegang1", "count_area": 35.0, "countline_length": 6 }, "geometry": { "type": "Polygon", "coordinates": [ [ [ 122181.3203783420322, 487968.791498340782709 ], [ 122179.408072314792662, 487964.813901804154739 ], [ 122146.745885369702592, 487972.46312591311289 ], [ 122148.887668120209128, 487976.440722449740861 ], [ 122181.3203783420322, 487968.791498340782709 ] ] ] } },
{ "type": "Feature", "properties": { "sensor": "GASA-02-01", "time": "2025-08-20T14:04:00+02:00", "count_line": 32, "location": "BrugOostertoegang1", "count_area": 63.0, "countline_length": 6 }, "geometry": { "type": "Polygon", "coordinates": [ [ [ 122181.3203783420322, 487968.791498340782709 ], [ 122179.408072314792662, 487964.813901804154739 ], [ 122146.745885369702592, 487972.46312591311289 ], [ 122148.887668120209128, 487976.440722449740861 ], [ 122181.3203783420322, 487968.791498340782709 ] ] ] } },
{ "type": "Feature", "properties": { "sensor": "GASA-02-01", "time": "2025-08-20T14:06:00+02:00", "count_line": 6, "location": "BrugOostertoegang1", "count_area": 10.0, "countline_length": 6 }, "geometry": { "type": "Polygon", "coordinates": [ [ [ 122181.3203783420322, 487968.791498340782709 ], [ 122179.408072314792662, 487964.813901804154739 ], [ 122146.745885369702592, 487972.46312591311289 ], [ 122148.887668120209128, 487976.440722449740861 ], [ 122181.3203783420322, 487968.791498340782709 ] ] ] } },
{ "type": "Feature", "properties": { "sensor": "GASA-02-01", "time": "2025-08-20T14:08:00+02:00", "count_line": 20, "location": "BrugOostertoegang1", "count_area": 30.0, "countline_length": 6 }, "geometry": { "type": "Polygon", "coordinates": [ [ [ 122181.3203783420322, 487968.791498340782709 ], [ 122179.408072314792662, 487964.813901804154739 ], [ 122146.745885369702592, 487972.46312591311289 ], [ 122148.887668120209128, 487976.440722449740861 ], [ 122181.3203783420322, 487968.791498340782709 ] ] ] } },
{ "type": "Feature", "properties": { "sensor": "GASA-02-01", "time": "2025-08-20T14:10:00+02:00", "count_line": 14, "location": "BrugOostertoegang1", "count_area": 27.0, "countline_length": 6 }, "geometry": { "type": "Polygon", "coordinates": [ [ [ 122181.3203783420322, 487968.791498340782709 ], [ 122179.408072314792662, 487964.813901804154739 ], [ 122146.745885369702592, 487972.46312591311289 ], [ 122148.887668120209128, 487976.440722449740861 ], [ 122181.3203783420322, 487968.791498340782709 ] ] ] } },
{ "type": "Feature", "properties": { "sensor": "GASA-02-01", "time": "2025-08-20T14:12:00+02:00", "count_line": 6, "location": "BrugOostertoegang1", "count_area": 11.0, "countline_length": 6 }, "geometry": { "type": "Polygon", "coordinates": [ [ [ 122181.3203783420322, 487968.791498340782709 ], [ 122179.408072314792662, 487964.813901804154739 ], [ 122146.745885369702592, 487972.46312591311289 ], [ 122148.887668120209128, 487976.440722449740861 ], [ 122181.3203783420322, 487968.791498340782709 ] ] ] } },
{ "type": "Feature", "properties": { "sensor": "GASA-02-01", "time": "2025-08-20T14:14:00+02:00", "count_line": 2, "location": "BrugOostertoegang1", "count_area": 3.0, "countline_length": 6 }, "geometry": { "type": "Polygon", "coordinates": [ [ [ 122181.3203783420322, 487968.791498340782709 ], [ 122179.408072314792662, 487964.813901804154739 ], [ 122146.745885369702592, 487972.46312591311289 ], [ 122148.887668120209128, 487976.440722449740861 ], [ 122181.3203783420322, 487968.791498340782709 ] ] ] } },
{ "type": "Feature", "properties": { "sensor": "GASA-02-01", "time": "2025-08-20T14:16:00+02:00", "count_line": 11, "location": "BrugOostertoegang1", "count_area": 21.0, "countline_length": 6 }, "geometry": { "type": "Polygon", "coordinates": [ [ [ 122181.3203783420322, 487968.791498340782709 ], [ 122179.408072314792662, 487964.813901804154739 ], [ 122146.745885369702592, 487972.46312591311289 ], [ 122148.887668120209128, 487976.440722449740861 ], [ 122181.3203783420322, 487968.791498340782709 ] ] ] } },
{ "type": "Feature", "properties": { "sensor": "GASA-02-01", "time": "2025-08-20T14:18:00+02:00", "count_line": 37, "location": "BrugOostertoegang1", "count_area": 61.0, "countline_length": 6 }, "geometry": { "type": "Polygon", "coordinates": [ [ [ 122181.3203783420322, 487968.791498340782709 ], [ 122179.408072314792662, 487964.813901804154739 ], [ 122146.745885369702592, 487972.46312591311289 ], [ 122148.887668120209128, 487976.440722449740861 ], [ 122181.3203783420322, 487968.791498340782709 ] ] ] } },
{ "type": "Feature", "properties": { "sensor": "GASA-02-01", "time": "2025-08-20T14:20:00+02:00", "count_line": 16, "location": "BrugOostertoegang1", "count_area": 25.0, "countline_length": 6 }, "geometry": { "type": "Polygon", "coordinates": [ [ [ 122181.3203783420322, 487968.791498340782709 ], [ 122179.408072314792662, 487964.813901804154739 ], [ 122146.745885369702592, 487972.46312591311289 ], [ 122148.887668120209128, 487976.440722449740861 ], [ 122181.3203783420322, 487968.791498340782709 ] ] ] } },
{ "type": "Feature", "properties": { "sensor": "GASA-02-01", "time": "2025-08-20T14:22:00+02:00", "count_line": 24, "location": "BrugOostertoegang1", "count_area": 47.0, "countline_length": 6 }, "geometry": { "type": "Polygon", "coordinates": [ [ [ 122181.3203783420322, 487968.791498340782709 ], [ 122179.408072314792662, 487964.813901804154739 ], [ 122146.745885369702592, 487972.46312591311289 ], [ 122148.887668120209128, 487976.440722449740861 ], [ 122181.3203783420322, 487968.791498340782709 ] ] ] } },
{ "type": "Feature", "properties": { "sensor": "GASA-02-01", "time": "2025-08-20T14:23:00+02:00", "count_line": 15, "location": "BrugOostertoegang1", "count_area": 24.0, "countline_length": 6 }, "geometry": { "type": "Polygon", "coordinates": [ [ [ 122181.3203783420322, 487968.791498340782709 ], [ 122179.408072314792662, 487964.813901804154739 ], [ 122146.745885369702592, 487972.46312591311289 ], [ 122148.887668120209128, 487976.440722449740861 ], [ 122181.3203783420322, 487968.791498340782709 ] ] ] } },
{ "type": "Feature", "properties": { "sensor": "GASA-02-01", "time": "2025-08-20T14:24:00+02:00", "count_line": 10, "location": "BrugOostertoegang1", "count_area": 17.0, "countline_length": 6 }, "geometry": { "type": "Polygon", "coordinates": [ [ [ 122181.3203783420322, 487968.791498340782709 ], [ 122179.408072314792662, 487964.813901804154739 ], [ 122146.745885369702592, 487972.46312591311289 ], [ 122148.887668120209128, 487976.440722449740861 ], [ 122181.3203783420322, 487968.791498340782709 ] ] ] } },
{ "type": "Feature", "properties": { "sensor": "GASA-02-01", "time": "2025-08-20T14:26:00+02:00", "count_line": 8, "location": "BrugOostertoegang1", "count_area": 15.0, "countline_length": 6 }, "geometry": { "type": "Polygon", "coordinates": [ [ [ 122181.3203783420322, 487968.791498340782709 ], [ 122179.408072314792662, 487964.813901804154739 ], [ 122146.745885369702592, 487972.46312591311289 ], [ 122148.887668120209128, 487976.440722449740861 ], [ 122181.3203783420322, 487968.791498340782709 ] ] ] } },
{ "type": "Feature", "properties": { "sensor": "GASA-02-01", "time": "2025-08-20T14:28:00+02:00", "count_line": 16, "location": "BrugOostertoegang1", "count_area": 28.0, "countline_length": 6 }, "geometry": { "type": "Polygon", "coordinates": [ [ [ 122181.3203783420322, 487968.791498340782709 ], [ 122179.408072314792662, 487964.813901804154739 ], [ 122146.745885369702592, 487972.46312591311289 ], [ 122148.887668120209128, 487976.440722449740861 ], [ 122181.3203783420322, 487968.791498340782709 ] ] ] } },
{ "type": "Feature", "properties": { "sensor": "GASA-02-01", "time": "2025-08-20T14:30:00+02:00", "count_line": 15, "location": "BrugOostertoegang1", "count_area": 22.0, "countline_length": 6 }, "geometry": { "type": "Polygon", "coordinates": [ [ [ 122181.3203783420322, 487968.791498340782709 ], [ 122179.408072314792662, 487964.813901804154739 ], [ 122146.745885369702592, 487972.46312591311289 ], [ 122148.887668120209128, 487976.440722449740861 ], [ 122181.3203783420322, 487968.791498340782709 ] ] ] } },
{ "type": "Feature", "properties": { "sensor": "GASA-02-01", "time": "2025-08-20T14:32:00+02:00", "count_line": 15, "location": "BrugOostertoegang1", "count_area": 25.0, "countline_length": 6 }, "geometry": { "type": "Polygon", "coordinates": [ [ [ 122181.3203783420322, 487968.791498340782709 ], [ 122179.408072314792662, 487964.813901804154739 ], [ 122146.745885369702592, 487972.46312591311289 ], [ 122148.887668120209128, 487976.440722449740861 ], [ 122181.3203783420322, 487968.791498340782709 ] ] ] } },
{ "type": "Feature", "properties": { "sensor": "GASA-02-01", "time": "2025-08-20T14:34:00+02:00", "count_line": 17, "location": "BrugOostertoegang1", "count_area": 29.0, "countline_length": 6 }, "geometry": { "type": "Polygon", "coordinates": [ [ [ 122181.3203783420322, 487968.791498340782709 ], [ 122179.408072314792662, 487964.813901804154739 ], [ 122146.745885369702592, 487972.46312591311289 ], [ 122148.887668120209128, 487976.440722449740861 ], [ 122181.3203783420322, 487968.791498340782709 ] ] ] } },
{ "type": "Feature", "properties": { "sensor": "GASA-02-01", "time": "2025-08-20T14:36:00+02:00", "count_line": 26, "location": "BrugOostertoegang1", "count_area": 48.0, "countline_length": 6 }, "geometry": { "type": "Polygon", "coordinates": [ [ [ 122181.3203783420322, 487968.791498340782709 ], [ 122179.408072314792662, 487964.813901804154739 ], [ 122146.745885369702592, 487972.46312591311289 ], [ 122148.887668120209128, 487976.440722449740861 ], [ 122181.3203783420322, 487968.791498340782709 ] ] ] } },
{ "type": "Feature", "properties": { "sensor": "GASA-02-01", "time": "2025-08-20T14:38:00+02:00", "count_line": 21, "location": "BrugOostertoegang1", "count_area": 36.0, "countline_length": 6 }, "geometry": { "type": "Polygon", "coordinates": [ [ [ 122181.3203783420322, 487968.791498340782709 ], [ 122179.408072314792662, 487964.813901804154739 ], [ 122146.745885369702592, 487972.46312591311289 ], [ 122148.887668120209128, 487976.440722449740861 ], [ 122181.3203783420322, 487968.791498340782709 ] ] ] } },
{ "type": "Feature", "properties": { "sensor": "GASA-02-01", "time": "2025-08-20T14:40:00+02:00", "count_line": 19, "location": "BrugOostertoegang1", "count_area": 28.0, "countline_length": 6 }, "geometry": { "type": "Polygon", "coordinates": [ [ [ 122181.3203783420322, 487968.791498340782709 ], [ 122179.408072314792662, 487964.813901804154739 ], [ 122146.745885369702592, 487972.46312591311289 ], [ 122148.887668120209128, 487976.440722449740861 ], [ 122181.3203783420322, 487968.791498340782709 ] ] ] } },
{ "type": "Feature", "properties": { "sensor": "GASA-02-01", "time": "2025-08-20T14:42:00+02:00", "count_line": 22, "location": "BrugOostertoegang1", "count_area": 37.0, "countline_length": 6 }, "geometry": { "type": "Polygon", "coordinates": [ [ [ 122181.3203783420322, 487968.791498340782709 ], [ 122179.408072314792662, 487964.813901804154739 ], [ 122146.745885369702592, 487972.46312591311289 ], [ 122148.887668120209128, 487976.440722449740861 ], [ 122181.3203783420322, 487968.791498340782709 ] ] ] } },
{ "type": "Feature", "properties": { "sensor": "GASA-02-01", "time": "2025-08-20T14:44:00+02:00", "count_line": 50, "location": "BrugOostertoegang1", "count_area": 82.0, "countline_length": 6 }, "geometry": { "type": "Polygon", "coordinates": [ [ [ 122181.3203783420322, 487968.791498340782709 ], [ 122179.408072314792662, 487964.813901804154739 ], [ 122146.745885369702592, 487972.46312591311289 ], [ 122148.887668120209128, 487976.440722449740861 ], [ 122181.3203783420322, 487968.791498340782709 ] ] ] } },
{ "type": "Feature", "properties": { "sensor": "GASA-02-01", "time": "2025-08-20T14:46:00+02:00", "count_line": 41, "location": "BrugOostertoegang1", "count_area": 75.0, "countline_length": 6 }, "geometry": { "type": "Polygon", "coordinates": [ [ [ 122181.3203783420322, 487968.791498340782709 ], [ 122179.408072314792662, 487964.813901804154739 ], [ 122146.745885369702592, 487972.46312591311289 ], [ 122148.887668120209128, 487976.440722449740861 ], [ 122181.3203783420322, 487968.791498340782709 ] ] ] } },
{ "type": "Feature", "properties": { "sensor": "GASA-02-01", "time": "2025-08-20T14:48:00+02:00", "count_line": 54, "location": "BrugOostertoegang1", "count_area": 104.0, "countline_length": 6 }, "geometry": { "type": "Polygon", "coordinates": [ [ [ 122181.3203783420322, 487968.791498340782709 ], [ 122179.408072314792662, 487964.813901804154739 ], [ 122146.745885369702592, 487972.46312591311289 ], [ 122148.887668120209128, 487976.440722449740861 ], [ 122181.3203783420322, 487968.791498340782709 ] ] ] } },
{ "type": "Feature", "properties": { "sensor": "GASA-02-01", "time": "2025-08-20T14:50:00+02:00", "count_line": 38, "location": "BrugOostertoegang1", "count_area": 72.0, "countline_length": 6 }, "geometry": { "type": "Polygon", "coordinates": [ [ [ 122181.3203783420322, 487968.791498340782709 ], [ 122179.408072314792662, 487964.813901804154739 ], [ 122146.745885369702592, 487972.46312591311289 ], [ 122148.887668120209128, 487976.440722449740861 ], [ 122181.3203783420322, 487968.791498340782709 ] ] ] } },
{ "type": "Feature", "properties": { "sensor": "GASA-02-01", "time": "2025-08-20T14:52:00+02:00", "count_line": 37, "location": "BrugOostertoegang1", "count_area": 62.0, "countline_length": 6 }, "geometry": { "type": "Polygon", "coordinates": [ [ [ 122181.3203783420322, 487968.791498340782709 ], [ 122179.408072314792662, 487964.813901804154739 ], [ 122146.745885369702592, 487972.46312591311289 ], [ 122148.887668120209128, 487976.440722449740861 ], [ 122181.3203783420322, 487968.791498340782709 ] ] ] } },
{ "type": "Feature", "properties": { "sensor": "GASA-02-01", "time": "2025-08-20T14:54:00+02:00", "count_line": 56, "location": "BrugOostertoegang1", "count_area": 110.0, "countline_length": 6 }, "geometry": { "type": "Polygon", "coordinates": [ [ [ 122181.3203783420322, 487968.791498340782709 ], [ 122179.408072314792662, 487964.813901804154739 ], [ 122146.745885369702592, 487972.46312591311289 ], [ 122148.887668120209128, 487976.440722449740861 ], [ 122181.3203783420322, 487968.791498340782709 ] ] ] } },
{ "type": "Feature", "properties": { "sensor": "GASA-02-01", "time": "2025-08-20T14:55:00+02:00", "count_line": 53, "location": "BrugOostertoegang1", "count_area": 93.0, "countline_length": 6 }, "geometry": { "type": "Polygon", "coordinates": [ [ [ 122181.3203783420322, 487968.791498340782709 ], [ 122179.408072314792662, 487964.813901804154739 ], [ 122146.745885369702592, 487972.46312591311289 ], [ 122148.887668120209128, 487976.440722449740861 ], [ 122181.3203783420322, 487968.791498340782709 ] ] ] } },
{ "type": "Feature", "properties": { "sensor": "GASA-02-01", "time": "2025-08-20T14:56:00+02:00", "count_line": 39, "location": "BrugOostertoegang1", "count_area": 69.0, "countline_length": 6 }, "geometry": { "type": "Polygon", "coordinates": [ [ [ 122181.3203783420322, 487968.791498340782709 ], [ 122179.408072314792662, 487964.813901804154739 ], [ 122146.745885369702592, 487972.46312591311289 ], [ 122148.887668120209128, 487976.440722449740861 ], [ 122181.3203783420322, 487968.791498340782709 ] ] ] } },
{ "type": "Feature", "properties": { "sensor": "GASA-02-01", "time": "2025-08-20T14:58:00+02:00", "count_line": 26, "location": "BrugOostertoegang1", "count_area": 49.0, "countline_length": 6 }, "geometry": { "type": "Polygon", "coordinates": [ [ [ 122181.3203783420322, 487968.791498340782709 ], [ 122179.408072314792662, 487964.813901804154739 ], [ 122146.745885369702592, 487972.46312591311289 ], [ 122148.887668120209128, 487976.440722449740861 ], [ 122181.3203783420322, 487968.791498340782709 ] ] ] } },
{ "type": "Feature", "properties": { "sensor": "GASA-02-01", "time": "2025-08-20T15:00:00+02:00", "count_line": 20, "location": "BrugOostertoegang1", "count_area": 35.0, "countline_length": 6 }, "geometry": { "type": "Polygon", "coordinates": [ [ [ 122181.3203783420322, 487968.791498340782709 ], [ 122179.408072314792662, 487964.813901804154739 ], [ 122146.745885369702592, 487972.46312591311289 ], [ 122148.887668120209128, 487976.440722449740861 ], [ 122181.3203783420322, 487968.791498340782709 ] ] ] } },
{ "type": "Feature", "properties": { "sensor": "GASA-02-01", "time": "2025-08-20T15:02:00+02:00", "count_line": 26, "location": "BrugOostertoegang1", "count_area": 49.0, "countline_length": 6 }, "geometry": { "type": "Polygon", "coordinates": [ [ [ 122181.3203783420322, 487968.791498340782709 ], [ 122179.408072314792662, 487964.813901804154739 ], [ 122146.745885369702592, 487972.46312591311289 ], [ 122148.887668120209128, 487976.440722449740861 ], [ 122181.3203783420322, 487968.791498340782709 ] ] ] } },
{ "type": "Feature", "properties": { "sensor": "GASA-02-01", "time": "2025-08-20T15:04:00+02:00", "count_line": 51, "location": "BrugOostertoegang1", "count_area": 91.0, "countline_length": 6 }, "geometry": { "type": "Polygon", "coordinates": [ [ [ 122181.3203783420322, 487968.791498340782709 ], [ 122179.408072314792662, 487964.813901804154739 ], [ 122146.745885369702592, 487972.46312591311289 ], [ 122148.887668120209128, 487976.440722449740861 ], [ 122181.3203783420322, 487968.791498340782709 ] ] ] } },
{ "type": "Feature", "properties": { "sensor": "GASA-02-01", "time": "2025-08-20T15:05:00+02:00", "count_line": 58, "location": "BrugOostertoegang1", "count_area": 94.0, "countline_length": 6 }, "geometry": { "type": "Polygon", "coordinates": [ [ [ 122181.3203783420322, 487968.791498340782709 ], [ 122179.408072314792662, 487964.813901804154739 ], [ 122146.745885369702592, 487972.46312591311289 ], [ 122148.887668120209128, 487976.440722449740861 ], [ 122181.3203783420322, 487968.791498340782709 ] ] ] } },
{ "type": "Feature", "properties": { "sensor": "GASA-02-01", "time": "2025-08-20T15:06:00+02:00", "count_line": 55, "location": "BrugOostertoegang1", "count_area": 108.0, "countline_length": 6 }, "geometry": { "type": "Polygon", "coordinates": [ [ [ 122181.3203783420322, 487968.791498340782709 ], [ 122179.408072314792662, 487964.813901804154739 ], [ 122146.745885369702592, 487972.46312591311289 ], [ 122148.887668120209128, 487976.440722449740861 ], [ 122181.3203783420322, 487968.791498340782709 ] ] ] } },
{ "type": "Feature", "properties": { "sensor": "GASA-02-01", "time": "2025-08-20T15:08:00+02:00", "count_line": 71, "location": "BrugOostertoegang1", "count_area": 112.0, "countline_length": 6 }, "geometry": { "type": "Polygon", "coordinates": [ [ [ 122181.3203783420322, 487968.791498340782709 ], [ 122179.408072314792662, 487964.813901804154739 ], [ 122146.745885369702592, 487972.46312591311289 ], [ 122148.887668120209128, 487976.440722449740861 ], [ 122181.3203783420322, 487968.791498340782709 ] ] ] } },
{ "type": "Feature", "properties": { "sensor": "GASA-02-01", "time": "2025-08-20T15:10:00+02:00", "count_line": 65, "location": "BrugOostertoegang1", "count_area": 110.0, "countline_length": 6 }, "geometry": { "type": "Polygon", "coordinates": [ [ [ 122181.3203783420322, 487968.791498340782709 ], [ 122179.408072314792662, 487964.813901804154739 ], [ 122146.745885369702592, 487972.46312591311289 ], [ 122148.887668120209128, 487976.440722449740861 ], [ 122181.3203783420322, 487968.791498340782709 ] ] ] } },
{ "type": "Feature", "properties": { "sensor": "GASA-02-01", "time": "2025-08-20T15:12:00+02:00", "count_line": 87, "location": "BrugOostertoegang1", "count_area": 134.0, "countline_length": 6 }, "geometry": { "type": "Polygon", "coordinates": [ [ [ 122181.3203783420322, 487968.791498340782709 ], [ 122179.408072314792662, 487964.813901804154739 ], [ 122146.745885369702592, 487972.46312591311289 ], [ 122148.887668120209128, 487976.440722449740861 ], [ 122181.3203783420322, 487968.791498340782709 ] ] ] } },
{ "type": "Feature", "properties": { "sensor": "GASA-02-01", "time": "2025-08-20T15:14:00+02:00", "count_line": 58, "location": "BrugOostertoegang1", "count_area": 112.0, "countline_length": 6 }, "geometry": { "type": "Polygon", "coordinates": [ [ [ 122181.3203783420322, 487968.791498340782709 ], [ 122179.408072314792662, 487964.813901804154739 ], [ 122146.745885369702592, 487972.46312591311289 ], [ 122148.887668120209128, 487976.440722449740861 ], [ 122181.3203783420322, 487968.791498340782709 ] ] ] } },
{ "type": "Feature", "properties": { "sensor": "GASA-02-01", "time": "2025-08-20T15:16:00+02:00", "count_line": 59, "location": "BrugOostertoegang1", "count_area": 106.0, "countline_length": 6 }, "geometry": { "type": "Polygon", "coordinates": [ [ [ 122181.3203783420322, 487968.791498340782709 ], [ 122179.408072314792662, 487964.813901804154739 ], [ 122146.745885369702592, 487972.46312591311289 ], [ 122148.887668120209128, 487976.440722449740861 ], [ 122181.3203783420322, 487968.791498340782709 ] ] ] } },
{ "type": "Feature", "properties": { "sensor": "GASA-02-01", "time": "2025-08-20T15:18:00+02:00", "count_line": 45, "location": "BrugOostertoegang1", "count_area": 87.0, "countline_length": 6 }, "geometry": { "type": "Polygon", "coordinates": [ [ [ 122181.3203783420322, 487968.791498340782709 ], [ 122179.408072314792662, 487964.813901804154739 ], [ 122146.745885369702592, 487972.46312591311289 ], [ 122148.887668120209128, 487976.440722449740861 ], [ 122181.3203783420322, 487968.791498340782709 ] ] ] } },
{ "type": "Feature", "properties": { "sensor": "GASA-02-01", "time": "2025-08-20T15:20:00+02:00", "count_line": 62, "location": "BrugOostertoegang1", "count_area": 110.0, "countline_length": 6 }, "geometry": { "type": "Polygon", "coordinates": [ [ [ 122181.3203783420322, 487968.791498340782709 ], [ 122179.408072314792662, 487964.813901804154739 ], [ 122146.745885369702592, 487972.46312591311289 ], [ 122148.887668120209128, 487976.440722449740861 ], [ 122181.3203783420322, 487968.791498340782709 ] ] ] } },
{ "type": "Feature", "properties": { "sensor": "GASA-02-01", "time": "2025-08-20T15:22:00+02:00", "count_line": 72, "location": "BrugOostertoegang1", "count_area": 138.0, "countline_length": 6 }, "geometry": { "type": "Polygon", "coordinates": [ [ [ 122181.3203783420322, 487968.791498340782709 ], [ 122179.408072314792662, 487964.813901804154739 ], [ 122146.745885369702592, 487972.46312591311289 ], [ 122148.887668120209128, 487976.440722449740861 ], [ 122181.3203783420322, 487968.791498340782709 ] ] ] } },
{ "type": "Feature", "properties": { "sensor": "GASA-02-01", "time": "2025-08-20T15:24:00+02:00", "count_line": 53, "location": "BrugOostertoegang1", "count_area": 105.0, "countline_length": 6 }, "geometry": { "type": "Polygon", "coordinates": [ [ [ 122181.3203783420322, 487968.791498340782709 ], [ 122179.408072314792662, 487964.813901804154739 ], [ 122146.745885369702592, 487972.46312591311289 ], [ 122148.887668120209128, 487976.440722449740861 ], [ 122181.3203783420322, 487968.791498340782709 ] ] ] } },
{ "type": "Feature", "properties": { "sensor": "GASA-02-01", "time": "2025-08-20T15:26:00+02:00", "count_line": 69, "location": "BrugOostertoegang1", "count_area": 130.0, "countline_length": 6 }, "geometry": { "type": "Polygon", "coordinates": [ [ [ 122181.3203783420322, 487968.791498340782709 ], [ 122179.408072314792662, 487964.813901804154739 ], [ 122146.745885369702592, 487972.46312591311289 ], [ 122148.887668120209128, 487976.440722449740861 ], [ 122181.3203783420322, 487968.791498340782709 ] ] ] } },
{ "type": "Feature", "properties": { "sensor": "GASA-02-01", "time": "2025-08-20T15:27:00+02:00", "count_line": 65, "location": "BrugOostertoegang1", "count_area": 120.0, "countline_length": 6 }, "geometry": { "type": "Polygon", "coordinates": [ [ [ 122181.3203783420322, 487968.791498340782709 ], [ 122179.408072314792662, 487964.813901804154739 ], [ 122146.745885369702592, 487972.46312591311289 ], [ 122148.887668120209128, 487976.440722449740861 ], [ 122181.3203783420322, 487968.791498340782709 ] ] ] } },
{ "type": "Feature", "properties": { "sensor": "GASA-02-01", "time": "2025-08-20T15:28:00+02:00", "count_line": 101, "location": "BrugOostertoegang1", "count_area": 194.0, "countline_length": 6 }, "geometry": { "type": "Polygon", "coordinates": [ [ [ 122181.3203783420322, 487968.791498340782709 ], [ 122179.408072314792662, 487964.813901804154739 ], [ 122146.745885369702592, 487972.46312591311289 ], [ 122148.887668120209128, 487976.440722449740861 ], [ 122181.3203783420322, 487968.791498340782709 ] ] ] } },
{ "type": "Feature", "properties": { "sensor": "GASA-02-01", "time": "2025-08-20T15:30:00+02:00", "count_line": 107, "location": "BrugOostertoegang1", "count_area": 170.0, "countline_length": 6 }, "geometry": { "type": "Polygon", "coordinates": [ [ [ 122181.3203783420322, 487968.791498340782709 ], [ 122179.408072314792662, 487964.813901804154739 ], [ 122146.745885369702592, 487972.46312591311289 ], [ 122148.887668120209128, 487976.440722449740861 ], [ 122181.3203783420322, 487968.791498340782709 ] ] ] } },
{ "type": "Feature", "properties": { "sensor": "GASA-02-01", "time": "2025-08-20T15:32:00+02:00", "count_line": 107, "location": "BrugOostertoegang1", "count_area": 211.0, "countline_length": 6 }, "geometry": { "type": "Polygon", "coordinates": [ [ [ 122181.3203783420322, 487968.791498340782709 ], [ 122179.408072314792662, 487964.813901804154739 ], [ 122146.745885369702592, 487972.46312591311289 ], [ 122148.887668120209128, 487976.440722449740861 ], [ 122181.3203783420322, 487968.791498340782709 ] ] ] } },
{ "type": "Feature", "properties": { "sensor": "GASA-02-01", "time": "2025-08-20T15:34:00+02:00", "count_line": 96, "location": "BrugOostertoegang1", "count_area": 148.0, "countline_length": 6 }, "geometry": { "type": "Polygon", "coordinates": [ [ [ 122181.3203783420322, 487968.791498340782709 ], [ 122179.408072314792662, 487964.813901804154739 ], [ 122146.745885369702592, 487972.46312591311289 ], [ 122148.887668120209128, 487976.440722449740861 ], [ 122181.3203783420322, 487968.791498340782709 ] ] ] } },
{ "type": "Feature", "properties": { "sensor": "GASA-02-01", "time": "2025-08-20T15:36:00+02:00", "count_line": 71, "location": "BrugOostertoegang1", "count_area": 141.0, "countline_length": 6 }, "geometry": { "type": "Polygon", "coordinates": [ [ [ 122181.3203783420322, 487968.791498340782709 ], [ 122179.408072314792662, 487964.813901804154739 ], [ 122146.745885369702592, 487972.46312591311289 ], [ 122148.887668120209128, 487976.440722449740861 ], [ 122181.3203783420322, 487968.791498340782709 ] ] ] } },
{ "type": "Feature", "properties": { "sensor": "GASA-02-01", "time": "2025-08-20T15:37:00+02:00", "count_line": 74, "location": "BrugOostertoegang1", "count_area": 143.0, "countline_length": 6 }, "geometry": { "type": "Polygon", "coordinates": [ [ [ 122181.3203783420322, 487968.791498340782709 ], [ 122179.408072314792662, 487964.813901804154739 ], [ 122146.745885369702592, 487972.46312591311289 ], [ 122148.887668120209128, 487976.440722449740861 ], [ 122181.3203783420322, 487968.791498340782709 ] ] ] } },
{ "type": "Feature", "properties": { "sensor": "GASA-02-01", "time": "2025-08-20T15:38:00+02:00", "count_line": 46, "location": "BrugOostertoegang1", "count_area": 81.0, "countline_length": 6 }, "geometry": { "type": "Polygon", "coordinates": [ [ [ 122181.3203783420322, 487968.791498340782709 ], [ 122179.408072314792662, 487964.813901804154739 ], [ 122146.745885369702592, 487972.46312591311289 ], [ 122148.887668120209128, 487976.440722449740861 ], [ 122181.3203783420322, 487968.791498340782709 ] ] ] } },
{ "type": "Feature", "properties": { "sensor": "GASA-02-01", "time": "2025-08-20T15:40:00+02:00", "count_line": 75, "location": "BrugOostertoegang1", "count_area": 137.0, "countline_length": 6 }, "geometry": { "type": "Polygon", "coordinates": [ [ [ 122181.3203783420322, 487968.791498340782709 ], [ 122179.408072314792662, 487964.813901804154739 ], [ 122146.745885369702592, 487972.46312591311289 ], [ 122148.887668120209128, 487976.440722449740861 ], [ 122181.3203783420322, 487968.791498340782709 ] ] ] } },
{ "type": "Feature", "properties": { "sensor": "GASA-02-01", "time": "2025-08-20T15:42:00+02:00", "count_line": 64, "location": "BrugOostertoegang1", "count_area": 100.0, "countline_length": 6 }, "geometry": { "type": "Polygon", "coordinates": [ [ [ 122181.3203783420322, 487968.791498340782709 ], [ 122179.408072314792662, 487964.813901804154739 ], [ 122146.745885369702592, 487972.46312591311289 ], [ 122148.887668120209128, 487976.440722449740861 ], [ 122181.3203783420322, 487968.791498340782709 ] ] ] } },
{ "type": "Feature", "properties": { "sensor": "GASA-02-01", "time": "2025-08-20T15:44:00+02:00", "count_line": 127, "location": "BrugOostertoegang1", "count_area": 219.0, "countline_length": 6 }, "geometry": { "type": "Polygon", "coordinates": [ [ [ 122181.3203783420322, 487968.791498340782709 ], [ 122179.408072314792662, 487964.813901804154739 ], [ 122146.745885369702592, 487972.46312591311289 ], [ 122148.887668120209128, 487976.440722449740861 ], [ 122181.3203783420322, 487968.791498340782709 ] ] ] } },
{ "type": "Feature", "properties": { "sensor": "GASA-02-01", "time": "2025-08-20T15:46:00+02:00", "count_line": 86, "location": "BrugOostertoegang1", "count_area": 133.0, "countline_length": 6 }, "geometry": { "type": "Polygon", "coordinates": [ [ [ 122181.3203783420322, 487968.791498340782709 ], [ 122179.408072314792662, 487964.813901804154739 ], [ 122146.745885369702592, 487972.46312591311289 ], [ 122148.887668120209128, 487976.440722449740861 ], [ 122181.3203783420322, 487968.791498340782709 ] ] ] } },
{ "type": "Feature", "properties": { "sensor": "GASA-02-01", "time": "2025-08-20T15:48:00+02:00", "count_line": 73, "location": "BrugOostertoegang1", "count_area": 141.0, "countline_length": 6 }, "geometry": { "type": "Polygon", "coordinates": [ [ [ 122181.3203783420322, 487968.791498340782709 ], [ 122179.408072314792662, 487964.813901804154739 ], [ 122146.745885369702592, 487972.46312591311289 ], [ 122148.887668120209128, 487976.440722449740861 ], [ 122181.3203783420322, 487968.791498340782709 ] ] ] } },
{ "type": "Feature", "properties": { "sensor": "GASA-02-01", "time": "2025-08-20T15:50:00+02:00", "count_line": 59, "location": "BrugOostertoegang1", "count_area": 98.0, "countline_length": 6 }, "geometry": { "type": "Polygon", "coordinates": [ [ [ 122181.3203783420322, 487968.791498340782709 ], [ 122179.408072314792662, 487964.813901804154739 ], [ 122146.745885369702592, 487972.46312591311289 ], [ 122148.887668120209128, 487976.440722449740861 ], [ 122181.3203783420322, 487968.791498340782709 ] ] ] } },
{ "type": "Feature", "properties": { "sensor": "GASA-02-01", "time": "2025-08-20T15:52:00+02:00", "count_line": 128, "location": "BrugOostertoegang1", "count_area": 228.0, "countline_length": 6 }, "geometry": { "type": "Polygon", "coordinates": [ [ [ 122181.3203783420322, 487968.791498340782709 ], [ 122179.408072314792662, 487964.813901804154739 ], [ 122146.745885369702592, 487972.46312591311289 ], [ 122148.887668120209128, 487976.440722449740861 ], [ 122181.3203783420322, 487968.791498340782709 ] ] ] } },
{ "type": "Feature", "properties": { "sensor": "GASA-02-01", "time": "2025-08-20T15:54:00+02:00", "count_line": 91, "location": "BrugOostertoegang1", "count_area": 164.0, "countline_length": 6 }, "geometry": { "type": "Polygon", "coordinates": [ [ [ 122181.3203783420322, 487968.791498340782709 ], [ 122179.408072314792662, 487964.813901804154739 ], [ 122146.745885369702592, 487972.46312591311289 ], [ 122148.887668120209128, 487976.440722449740861 ], [ 122181.3203783420322, 487968.791498340782709 ] ] ] } },
{ "type": "Feature", "properties": { "sensor": "GASA-02-01", "time": "2025-08-20T15:56:00+02:00", "count_line": 176, "location": "BrugOostertoegang1", "count_area": 337.0, "countline_length": 6 }, "geometry": { "type": "Polygon", "coordinates": [ [ [ 122181.3203783420322, 487968.791498340782709 ], [ 122179.408072314792662, 487964.813901804154739 ], [ 122146.745885369702592, 487972.46312591311289 ], [ 122148.887668120209128, 487976.440722449740861 ], [ 122181.3203783420322, 487968.791498340782709 ] ] ] } },
{ "type": "Feature", "properties": { "sensor": "GASA-02-01", "time": "2025-08-20T15:58:00+02:00", "count_line": 198, "location": "BrugOostertoegang1", "count_area": 311.0, "countline_length": 6 }, "geometry": { "type": "Polygon", "coordinates": [ [ [ 122181.3203783420322, 487968.791498340782709 ], [ 122179.408072314792662, 487964.813901804154739 ], [ 122146.745885369702592, 487972.46312591311289 ], [ 122148.887668120209128, 487976.440722449740861 ], [ 122181.3203783420322, 487968.791498340782709 ] ] ] } },
{ "type": "Feature", "properties": { "sensor": "GASA-02-01", "time": "2025-08-20T15:59:00+02:00", "count_line": 54, "location": "BrugOostertoegang1", "count_area": 95.0, "countline_length": 6 }, "geometry": { "type": "Polygon", "coordinates": [ [ [ 122181.3203783420322, 487968.791498340782709 ], [ 122179.408072314792662, 487964.813901804154739 ], [ 122146.745885369702592, 487972.46312591311289 ], [ 122148.887668120209128, 487976.440722449740861 ], [ 122181.3203783420322, 487968.791498340782709 ] ] ] } },
{ "type": "Feature", "properties": { "sensor": "GASA-02-01", "time": "2025-08-20T16:00:00+02:00", "count_line": 50, "location": "BrugOostertoegang1", "count_area": 80.0, "countline_length": 6 }, "geometry": { "type": "Polygon", "coordinates": [ [ [ 122181.3203783420322, 487968.791498340782709 ], [ 122179.408072314792662, 487964.813901804154739 ], [ 122146.745885369702592, 487972.46312591311289 ], [ 122148.887668120209128, 487976.440722449740861 ], [ 122181.3203783420322, 487968.791498340782709 ] ] ] } },
{ "type": "Feature", "properties": { "sensor": "GASA-02-01", "time": "2025-08-20T16:02:00+02:00", "count_line": 61, "location": "BrugOostertoegang1", "count_area": 115.0, "countline_length": 6 }, "geometry": { "type": "Polygon", "coordinates": [ [ [ 122181.3203783420322, 487968.791498340782709 ], [ 122179.408072314792662, 487964.813901804154739 ], [ 122146.745885369702592, 487972.46312591311289 ], [ 122148.887668120209128, 487976.440722449740861 ], [ 122181.3203783420322, 487968.791498340782709 ] ] ] } },
{ "type": "Feature", "properties": { "sensor": "GASA-02-01", "time": "2025-08-20T16:04:00+02:00", "count_line": 89, "location": "BrugOostertoegang1", "count_area": 151.0, "countline_length": 6 }, "geometry": { "type": "Polygon", "coordinates": [ [ [ 122181.3203783420322, 487968.791498340782709 ], [ 122179.408072314792662, 487964.813901804154739 ], [ 122146.745885369702592, 487972.46312591311289 ], [ 122148.887668120209128, 487976.440722449740861 ], [ 122181.3203783420322, 487968.791498340782709 ] ] ] } },
{ "type": "Feature", "properties": { "sensor": "GASA-02-01", "time": "2025-08-20T16:06:00+02:00", "count_line": 182, "location": "BrugOostertoegang1", "count_area": 287.0, "countline_length": 6 }, "geometry": { "type": "Polygon", "coordinates": [ [ [ 122181.3203783420322, 487968.791498340782709 ], [ 122179.408072314792662, 487964.813901804154739 ], [ 122146.745885369702592, 487972.46312591311289 ], [ 122148.887668120209128, 487976.440722449740861 ], [ 122181.3203783420322, 487968.791498340782709 ] ] ] } },
{ "type": "Feature", "properties": { "sensor": "GASA-02-01", "time": "2025-08-20T16:08:00+02:00", "count_line": 124, "location": "BrugOostertoegang1", "count_area": 243.0, "countline_length": 6 }, "geometry": { "type": "Polygon", "coordinates": [ [ [ 122181.3203783420322, 487968.791498340782709 ], [ 122179.408072314792662, 487964.813901804154739 ], [ 122146.745885369702592, 487972.46312591311289 ], [ 122148.887668120209128, 487976.440722449740861 ], [ 122181.3203783420322, 487968.791498340782709 ] ] ] } },
{ "type": "Feature", "properties": { "sensor": "GASA-02-01", "time": "2025-08-20T16:10:00+02:00", "count_line": 86, "location": "BrugOostertoegang1", "count_area": 149.0, "countline_length": 6 }, "geometry": { "type": "Polygon", "coordinates": [ [ [ 122181.3203783420322, 487968.791498340782709 ], [ 122179.408072314792662, 487964.813901804154739 ], [ 122146.745885369702592, 487972.46312591311289 ], [ 122148.887668120209128, 487976.440722449740861 ], [ 122181.3203783420322, 487968.791498340782709 ] ] ] } },
{ "type": "Feature", "properties": { "sensor": "GASA-02-01", "time": "2025-08-20T16:12:00+02:00", "count_line": 62, "location": "BrugOostertoegang1", "count_area": 105.0, "countline_length": 6 }, "geometry": { "type": "Polygon", "coordinates": [ [ [ 122181.3203783420322, 487968.791498340782709 ], [ 122179.408072314792662, 487964.813901804154739 ], [ 122146.745885369702592, 487972.46312591311289 ], [ 122148.887668120209128, 487976.440722449740861 ], [ 122181.3203783420322, 487968.791498340782709 ] ] ] } },
{ "type": "Feature", "properties": { "sensor": "GASA-02-01", "time": "2025-08-20T16:14:00+02:00", "count_line": 74, "location": "BrugOostertoegang1", "count_area": 141.0, "countline_length": 6 }, "geometry": { "type": "Polygon", "coordinates": [ [ [ 122181.3203783420322, 487968.791498340782709 ], [ 122179.408072314792662, 487964.813901804154739 ], [ 122146.745885369702592, 487972.46312591311289 ], [ 122148.887668120209128, 487976.440722449740861 ], [ 122181.3203783420322, 487968.791498340782709 ] ] ] } },
{ "type": "Feature", "properties": { "sensor": "GASA-02-01", "time": "2025-08-20T16:16:00+02:00", "count_line": 116, "location": "BrugOostertoegang1", "count_area": 206.0, "countline_length": 6 }, "geometry": { "type": "Polygon", "coordinates": [ [ [ 122181.3203783420322, 487968.791498340782709 ], [ 122179.408072314792662, 487964.813901804154739 ], [ 122146.745885369702592, 487972.46312591311289 ], [ 122148.887668120209128, 487976.440722449740861 ], [ 122181.3203783420322, 487968.791498340782709 ] ] ] } },
{ "type": "Feature", "properties": { "sensor": "GASA-02-01", "time": "2025-08-20T16:18:00+02:00", "count_line": 90, "location": "BrugOostertoegang1", "count_area": 147.0, "countline_length": 6 }, "geometry": { "type": "Polygon", "coordinates": [ [ [ 122181.3203783420322, 487968.791498340782709 ], [ 122179.408072314792662, 487964.813901804154739 ], [ 122146.745885369702592, 487972.46312591311289 ], [ 122148.887668120209128, 487976.440722449740861 ], [ 122181.3203783420322, 487968.791498340782709 ] ] ] } },
{ "type": "Feature", "properties": { "sensor": "GASA-02-01", "time": "2025-08-20T16:20:00+02:00", "count_line": 77, "location": "BrugOostertoegang1", "count_area": 125.0, "countline_length": 6 }, "geometry": { "type": "Polygon", "coordinates": [ [ [ 122181.3203783420322, 487968.791498340782709 ], [ 122179.408072314792662, 487964.813901804154739 ], [ 122146.745885369702592, 487972.46312591311289 ], [ 122148.887668120209128, 487976.440722449740861 ], [ 122181.3203783420322, 487968.791498340782709 ] ] ] } },
{ "type": "Feature", "properties": { "sensor": "GASA-02-01", "time": "2025-08-20T16:21:00+02:00", "count_line": 38, "location": "BrugOostertoegang1", "count_area": 57.0, "countline_length": 6 }, "geometry": { "type": "Polygon", "coordinates": [ [ [ 122181.3203783420322, 487968.791498340782709 ], [ 122179.408072314792662, 487964.813901804154739 ], [ 122146.745885369702592, 487972.46312591311289 ], [ 122148.887668120209128, 487976.440722449740861 ], [ 122181.3203783420322, 487968.791498340782709 ] ] ] } },
{ "type": "Feature", "properties": { "sensor": "GASA-02-01", "time": "2025-08-20T16:22:00+02:00", "count_line": 87, "location": "BrugOostertoegang1", "count_area": 154.0, "countline_length": 6 }, "geometry": { "type": "Polygon", "coordinates": [ [ [ 122181.3203783420322, 487968.791498340782709 ], [ 122179.408072314792662, 487964.813901804154739 ], [ 122146.745885369702592, 487972.46312591311289 ], [ 122148.887668120209128, 487976.440722449740861 ], [ 122181.3203783420322, 487968.791498340782709 ] ] ] } },
{ "type": "Feature", "properties": { "sensor": "GASA-02-01", "time": "2025-08-20T16:24:00+02:00", "count_line": 96, "location": "BrugOostertoegang1", "count_area": 172.0, "countline_length": 6 }, "geometry": { "type": "Polygon", "coordinates": [ [ [ 122181.3203783420322, 487968.791498340782709 ], [ 122179.408072314792662, 487964.813901804154739 ], [ 122146.745885369702592, 487972.46312591311289 ], [ 122148.887668120209128, 487976.440722449740861 ], [ 122181.3203783420322, 487968.791498340782709 ] ] ] } },
{ "type": "Feature", "properties": { "sensor": "GASA-02-01", "time": "2025-08-20T16:26:00+02:00", "count_line": 82, "location": "BrugOostertoegang1", "count_area": 124.0, "countline_length": 6 }, "geometry": { "type": "Polygon", "coordinates": [ [ [ 122181.3203783420322, 487968.791498340782709 ], [ 122179.408072314792662, 487964.813901804154739 ], [ 122146.745885369702592, 487972.46312591311289 ], [ 122148.887668120209128, 487976.440722449740861 ], [ 122181.3203783420322, 487968.791498340782709 ] ] ] } },
{ "type": "Feature", "properties": { "sensor": "GASA-02-01", "time": "2025-08-20T16:28:00+02:00", "count_line": 54, "location": "BrugOostertoegang1", "count_area": 100.0, "countline_length": 6 }, "geometry": { "type": "Polygon", "coordinates": [ [ [ 122181.3203783420322, 487968.791498340782709 ], [ 122179.408072314792662, 487964.813901804154739 ], [ 122146.745885369702592, 487972.46312591311289 ], [ 122148.887668120209128, 487976.440722449740861 ], [ 122181.3203783420322, 487968.791498340782709 ] ] ] } },
{ "type": "Feature", "properties": { "sensor": "GASA-02-02", "time": "2025-08-20T08:10:00+02:00", "count_line": 10, "location": "BrugOostertoegang2", "count_area": 15.0, "countline_length": 6 }, "geometry": { "type": "Polygon", "coordinates": [ [ [ 122176.271890430143685, 487960.53033630317077 ], [ 122171.22340251825517, 487951.351267372490838 ], [ 122141.391428493458079, 487962.595626812602859 ], [ 122144.068656931587611, 487967.950083688832819 ], [ 122176.271890430143685, 487960.53033630317077 ] ] ] } },
{ "type": "Feature", "properties": { "sensor": "GASA-02-02", "time": "2025-08-20T08:11:00+02:00", "count_line": 10, "location": "BrugOostertoegang2", "count_area": 18.0, "countline_length": 6 }, "geometry": { "type": "Polygon", "coordinates": [ [ [ 122176.271890430143685, 487960.53033630317077 ], [ 122171.22340251825517, 487951.351267372490838 ], [ 122141.391428493458079, 487962.595626812602859 ], [ 122144.068656931587611, 487967.950083688832819 ], [ 122176.271890430143685, 487960.53033630317077 ] ] ] } },
{ "type": "Feature", "properties": { "sensor": "GASA-02-02", "time": "2025-08-20T08:12:00+02:00", "count_line": 17, "location": "BrugOostertoegang2", "count_area": 30.0, "countline_length": 6 }, "geometry": { "type": "Polygon", "coordinates": [ [ [ 122176.271890430143685, 487960.53033630317077 ], [ 122171.22340251825517, 487951.351267372490838 ], [ 122141.391428493458079, 487962.595626812602859 ], [ 122144.068656931587611, 487967.950083688832819 ], [ 122176.271890430143685, 487960.53033630317077 ] ] ] } },
{ "type": "Feature", "properties": { "sensor": "GASA-02-02", "time": "2025-08-20T08:13:00+02:00", "count_line": 12, "location": "BrugOostertoegang2", "count_area": 22.0, "countline_length": 6 }, "geometry": { "type": "Polygon", "coordinates": [ [ [ 122176.271890430143685, 487960.53033630317077 ], [ 122171.22340251825517, 487951.351267372490838 ], [ 122141.391428493458079, 487962.595626812602859 ], [ 122144.068656931587611, 487967.950083688832819 ], [ 122176.271890430143685, 487960.53033630317077 ] ] ] } },
{ "type": "Feature", "properties": { "sensor": "GASA-02-02", "time": "2025-08-20T08:14:00+02:00", "count_line": 6, "location": "BrugOostertoegang2", "count_area": 9.0, "countline_length": 6 }, "geometry": { "type": "Polygon", "coordinates": [ [ [ 122176.271890430143685, 487960.53033630317077 ], [ 122171.22340251825517, 487951.351267372490838 ], [ 122141.391428493458079, 487962.595626812602859 ], [ 122144.068656931587611, 487967.950083688832819 ], [ 122176.271890430143685, 487960.53033630317077 ] ] ] } },
{ "type": "Feature", "properties": { "sensor": "GASA-02-02", "time": "2025-08-20T08:15:00+02:00", "count_line": 30, "location": "BrugOostertoegang2", "count_area": 54.0, "countline_length": 6 }, "geometry": { "type": "Polygon", "coordinates": [ [ [ 122176.271890430143685, 487960.53033630317077 ], [ 122171.22340251825517, 487951.351267372490838 ], [ 122141.391428493458079, 487962.595626812602859 ], [ 122144.068656931587611, 487967.950083688832819 ], [ 122176.271890430143685, 487960.53033630317077 ] ] ] } },
{ "type": "Feature", "properties": { "sensor": "GASA-02-02", "time": "2025-08-20T08:16:00+02:00", "count_line": 7, "location": "BrugOostertoegang2", "count_area": 13.0, "countline_length": 6 }, "geometry": { "type": "Polygon", "coordinates": [ [ [ 122176.271890430143685, 487960.53033630317077 ], [ 122171.22340251825517, 487951.351267372490838 ], [ 122141.391428493458079, 487962.595626812602859 ], [ 122144.068656931587611, 487967.950083688832819 ], [ 122176.271890430143685, 487960.53033630317077 ] ] ] } },
{ "type": "Feature", "properties": { "sensor": "GASA-02-02", "time": "2025-08-20T08:17:00+02:00", "count_line": 9, "location": "BrugOostertoegang2", "count_area": 15.0, "countline_length": 6 }, "geometry": { "type": "Polygon", "coordinates": [ [ [ 122176.271890430143685, 487960.53033630317077 ], [ 122171.22340251825517, 487951.351267372490838 ], [ 122141.391428493458079, 487962.595626812602859 ], [ 122144.068656931587611, 487967.950083688832819 ], [ 122176.271890430143685, 487960.53033630317077 ] ] ] } },
{ "type": "Feature", "properties": { "sensor": "GASA-02-02", "time": "2025-08-20T08:18:00+02:00", "count_line": 12, "location": "BrugOostertoegang2", "count_area": 18.0, "countline_length": 6 }, "geometry": { "type": "Polygon", "coordinates": [ [ [ 122176.271890430143685, 487960.53033630317077 ], [ 122171.22340251825517, 487951.351267372490838 ], [ 122141.391428493458079, 487962.595626812602859 ], [ 122144.068656931587611, 487967.950083688832819 ], [ 122176.271890430143685, 487960.53033630317077 ] ] ] } },
{ "type": "Feature", "properties": { "sensor": "GASA-02-02", "time": "2025-08-20T08:19:00+02:00", "count_line": 9, "location": "BrugOostertoegang2", "count_area": 16.0, "countline_length": 6 }, "geometry": { "type": "Polygon", "coordinates": [ [ [ 122176.271890430143685, 487960.53033630317077 ], [ 122171.22340251825517, 487951.351267372490838 ], [ 122141.391428493458079, 487962.595626812602859 ], [ 122144.068656931587611, 487967.950083688832819 ], [ 122176.271890430143685, 487960.53033630317077 ] ] ] } },
{ "type": "Feature", "properties": { "sensor": "GASA-02-02", "time": "2025-08-20T08:20:00+02:00", "count_line": 8, "location": "BrugOostertoegang2", "count_area": 12.0, "countline_length": 6 }, "geometry": { "type": "Polygon", "coordinates": [ [ [ 122176.271890430143685, 487960.53033630317077 ], [ 122171.22340251825517, 487951.351267372490838 ], [ 122141.391428493458079, 487962.595626812602859 ], [ 122144.068656931587611, 487967.950083688832819 ], [ 122176.271890430143685, 487960.53033630317077 ] ] ] } },
{ "type": "Feature", "properties": { "sensor": "GASA-02-02", "time": "2025-08-20T08:21:00+02:00", "count_line": 15, "location": "BrugOostertoegang2", "count_area": 26.0, "countline_length": 6 }, "geometry": { "type": "Polygon", "coordinates": [ [ [ 122176.271890430143685, 487960.53033630317077 ], [ 122171.22340251825517, 487951.351267372490838 ], [ 122141.391428493458079, 487962.595626812602859 ], [ 122144.068656931587611, 487967.950083688832819 ], [ 122176.271890430143685, 487960.53033630317077 ] ] ] } },
{ "type": "Feature", "properties": { "sensor": "GASA-02-02", "time": "2025-08-20T08:22:00+02:00", "count_line": 12, "location": "BrugOostertoegang2", "count_area": 23.0, "countline_length": 6 }, "geometry": { "type": "Polygon", "coordinates": [ [ [ 122176.271890430143685, 487960.53033630317077 ], [ 122171.22340251825517, 487951.351267372490838 ], [ 122141.391428493458079, 487962.595626812602859 ], [ 122144.068656931587611, 487967.950083688832819 ], [ 122176.271890430143685, 487960.53033630317077 ] ] ] } },
{ "type": "Feature", "properties": { "sensor": "GASA-02-02", "time": "2025-08-20T08:23:00+02:00", "count_line": 10, "location": "BrugOostertoegang2", "count_area": 17.0, "countline_length": 6 }, "geometry": { "type": "Polygon", "coordinates": [ [ [ 122176.271890430143685, 487960.53033630317077 ], [ 122171.22340251825517, 487951.351267372490838 ], [ 122141.391428493458079, 487962.595626812602859 ], [ 122144.068656931587611, 487967.950083688832819 ], [ 122176.271890430143685, 487960.53033630317077 ] ] ] } },
{ "type": "Feature", "properties": { "sensor": "GASA-02-02", "time": "2025-08-20T08:25:00+02:00", "count_line": 7, "location": "BrugOostertoegang2", "count_area": 11.0, "countline_length": 6 }, "geometry": { "type": "Polygon", "coordinates": [ [ [ 122176.271890430143685, 487960.53033630317077 ], [ 122171.22340251825517, 487951.351267372490838 ], [ 122141.391428493458079, 487962.595626812602859 ], [ 122144.068656931587611, 487967.950083688832819 ], [ 122176.271890430143685, 487960.53033630317077 ] ] ] } },
{ "type": "Feature", "properties": { "sensor": "GASA-02-02", "time": "2025-08-20T08:26:00+02:00", "count_line": 10, "location": "BrugOostertoegang2", "count_area": 16.0, "countline_length": 6 }, "geometry": { "type": "Polygon", "coordinates": [ [ [ 122176.271890430143685, 487960.53033630317077 ], [ 122171.22340251825517, 487951.351267372490838 ], [ 122141.391428493458079, 487962.595626812602859 ], [ 122144.068656931587611, 487967.950083688832819 ], [ 122176.271890430143685, 487960.53033630317077 ] ] ] } },
{ "type": "Feature", "properties": { "sensor": "GASA-02-02", "time": "2025-08-20T08:27:00+02:00", "count_line": 15, "location": "BrugOostertoegang2", "count_area": 26.0, "countline_length": 6 }, "geometry": { "type": "Polygon", "coordinates": [ [ [ 122176.271890430143685, 487960.53033630317077 ], [ 122171.22340251825517, 487951.351267372490838 ], [ 122141.391428493458079, 487962.595626812602859 ], [ 122144.068656931587611, 487967.950083688832819 ], [ 122176.271890430143685, 487960.53033630317077 ] ] ] } },
{ "type": "Feature", "properties": { "sensor": "GASA-02-02", "time": "2025-08-20T08:28:00+02:00", "count_line": 14, "location": "BrugOostertoegang2", "count_area": 26.0, "countline_length": 6 }, "geometry": { "type": "Polygon", "coordinates": [ [ [ 122176.271890430143685, 487960.53033630317077 ], [ 122171.22340251825517, 487951.351267372490838 ], [ 122141.391428493458079, 487962.595626812602859 ], [ 122144.068656931587611, 487967.950083688832819 ], [ 122176.271890430143685, 487960.53033630317077 ] ] ] } },
{ "type": "Feature", "properties": { "sensor": "GASA-02-02", "time": "2025-08-20T08:29:00+02:00", "count_line": 21, "location": "BrugOostertoegang2", "count_area": 39.0, "countline_length": 6 }, "geometry": { "type": "Polygon", "coordinates": [ [ [ 122176.271890430143685, 487960.53033630317077 ], [ 122171.22340251825517, 487951.351267372490838 ], [ 122141.391428493458079, 487962.595626812602859 ], [ 122144.068656931587611, 487967.950083688832819 ], [ 122176.271890430143685, 487960.53033630317077 ] ] ] } },
{ "type": "Feature", "properties": { "sensor": "GASA-02-02", "time": "2025-08-20T08:30:00+02:00", "count_line": 24, "location": "BrugOostertoegang2", "count_area": 44.0, "countline_length": 6 }, "geometry": { "type": "Polygon", "coordinates": [ [ [ 122176.271890430143685, 487960.53033630317077 ], [ 122171.22340251825517, 487951.351267372490838 ], [ 122141.391428493458079, 487962.595626812602859 ], [ 122144.068656931587611, 487967.950083688832819 ], [ 122176.271890430143685, 487960.53033630317077 ] ] ] } },
{ "type": "Feature", "properties": { "sensor": "GASA-02-02", "time": "2025-08-20T08:31:00+02:00", "count_line": 33, "location": "BrugOostertoegang2", "count_area": 51.0, "countline_length": 6 }, "geometry": { "type": "Polygon", "coordinates": [ [ [ 122176.271890430143685, 487960.53033630317077 ], [ 122171.22340251825517, 487951.351267372490838 ], [ 122141.391428493458079, 487962.595626812602859 ], [ 122144.068656931587611, 487967.950083688832819 ], [ 122176.271890430143685, 487960.53033630317077 ] ] ] } },
{ "type": "Feature", "properties": { "sensor": "GASA-02-02", "time": "2025-08-20T08:32:00+02:00", "count_line": 15, "location": "BrugOostertoegang2", "count_area": 29.0, "countline_length": 6 }, "geometry": { "type": "Polygon", "coordinates": [ [ [ 122176.271890430143685, 487960.53033630317077 ], [ 122171.22340251825517, 487951.351267372490838 ], [ 122141.391428493458079, 487962.595626812602859 ], [ 122144.068656931587611, 487967.950083688832819 ], [ 122176.271890430143685, 487960.53033630317077 ] ] ] } },
{ "type": "Feature", "properties": { "sensor": "GASA-02-02", "time": "2025-08-20T08:34:00+02:00", "count_line": 22, "location": "BrugOostertoegang2", "count_area": 38.0, "countline_length": 6 }, "geometry": { "type": "Polygon", "coordinates": [ [ [ 122176.271890430143685, 487960.53033630317077 ], [ 122171.22340251825517, 487951.351267372490838 ], [ 122141.391428493458079, 487962.595626812602859 ], [ 122144.068656931587611, 487967.950083688832819 ], [ 122176.271890430143685, 487960.53033630317077 ] ] ] } },
{ "type": "Feature", "properties": { "sensor": "GASA-02-02", "time": "2025-08-20T08:35:00+02:00", "count_line": 29, "location": "BrugOostertoegang2", "count_area": 55.0, "countline_length": 6 }, "geometry": { "type": "Polygon", "coordinates": [ [ [ 122176.271890430143685, 487960.53033630317077 ], [ 122171.22340251825517, 487951.351267372490838 ], [ 122141.391428493458079, 487962.595626812602859 ], [ 122144.068656931587611, 487967.950083688832819 ], [ 122176.271890430143685, 487960.53033630317077 ] ] ] } },
{ "type": "Feature", "properties": { "sensor": "GASA-02-02", "time": "2025-08-20T08:36:00+02:00", "count_line": 8, "location": "BrugOostertoegang2", "count_area": 15.0, "countline_length": 6 }, "geometry": { "type": "Polygon", "coordinates": [ [ [ 122176.271890430143685, 487960.53033630317077 ], [ 122171.22340251825517, 487951.351267372490838 ], [ 122141.391428493458079, 487962.595626812602859 ], [ 122144.068656931587611, 487967.950083688832819 ], [ 122176.271890430143685, 487960.53033630317077 ] ] ] } },
{ "type": "Feature", "properties": { "sensor": "GASA-02-02", "time": "2025-08-20T08:37:00+02:00", "count_line": 7, "location": "BrugOostertoegang2", "count_area": 11.0, "countline_length": 6 }, "geometry": { "type": "Polygon", "coordinates": [ [ [ 122176.271890430143685, 487960.53033630317077 ], [ 122171.22340251825517, 487951.351267372490838 ], [ 122141.391428493458079, 487962.595626812602859 ], [ 122144.068656931587611, 487967.950083688832819 ], [ 122176.271890430143685, 487960.53033630317077 ] ] ] } },
{ "type": "Feature", "properties": { "sensor": "GASA-02-02", "time": "2025-08-20T08:38:00+02:00", "count_line": 9, "location": "BrugOostertoegang2", "count_area": 16.0, "countline_length": 6 }, "geometry": { "type": "Polygon", "coordinates": [ [ [ 122176.271890430143685, 487960.53033630317077 ], [ 122171.22340251825517, 487951.351267372490838 ], [ 122141.391428493458079, 487962.595626812602859 ], [ 122144.068656931587611, 487967.950083688832819 ], [ 122176.271890430143685, 487960.53033630317077 ] ] ] } },
{ "type": "Feature", "properties": { "sensor": "GASA-02-02", "time": "2025-08-20T08:39:00+02:00", "count_line": 2, "location": "BrugOostertoegang2", "count_area": 3.0, "countline_length": 6 }, "geometry": { "type": "Polygon", "coordinates": [ [ [ 122176.271890430143685, 487960.53033630317077 ], [ 122171.22340251825517, 487951.351267372490838 ], [ 122141.391428493458079, 487962.595626812602859 ], [ 122144.068656931587611, 487967.950083688832819 ], [ 122176.271890430143685, 487960.53033630317077 ] ] ] } },
{ "type": "Feature", "properties": { "sensor": "GASA-02-02", "time": "2025-08-20T08:40:00+02:00", "count_line": 18, "location": "BrugOostertoegang2", "count_area": 28.0, "countline_length": 6 }, "geometry": { "type": "Polygon", "coordinates": [ [ [ 122176.271890430143685, 487960.53033630317077 ], [ 122171.22340251825517, 487951.351267372490838 ], [ 122141.391428493458079, 487962.595626812602859 ], [ 122144.068656931587611, 487967.950083688832819 ], [ 122176.271890430143685, 487960.53033630317077 ] ] ] } },
{ "type": "Feature", "properties": { "sensor": "GASA-02-02", "time": "2025-08-20T08:41:00+02:00", "count_line": 18, "location": "BrugOostertoegang2", "count_area": 31.0, "countline_length": 6 }, "geometry": { "type": "Polygon", "coordinates": [ [ [ 122176.271890430143685, 487960.53033630317077 ], [ 122171.22340251825517, 487951.351267372490838 ], [ 122141.391428493458079, 487962.595626812602859 ], [ 122144.068656931587611, 487967.950083688832819 ], [ 122176.271890430143685, 487960.53033630317077 ] ] ] } },
{ "type": "Feature", "properties": { "sensor": "GASA-02-02", "time": "2025-08-20T08:42:00+02:00", "count_line": 22, "location": "BrugOostertoegang2", "count_area": 40.0, "countline_length": 6 }, "geometry": { "type": "Polygon", "coordinates": [ [ [ 122176.271890430143685, 487960.53033630317077 ], [ 122171.22340251825517, 487951.351267372490838 ], [ 122141.391428493458079, 487962.595626812602859 ], [ 122144.068656931587611, 487967.950083688832819 ], [ 122176.271890430143685, 487960.53033630317077 ] ] ] } },
{ "type": "Feature", "properties": { "sensor": "GASA-02-02", "time": "2025-08-20T08:44:00+02:00", "count_line": 24, "location": "BrugOostertoegang2", "count_area": 46.0, "countline_length": 6 }, "geometry": { "type": "Polygon", "coordinates": [ [ [ 122176.271890430143685, 487960.53033630317077 ], [ 122171.22340251825517, 487951.351267372490838 ], [ 122141.391428493458079, 487962.595626812602859 ], [ 122144.068656931587611, 487967.950083688832819 ], [ 122176.271890430143685, 487960.53033630317077 ] ] ] } },
{ "type": "Feature", "properties": { "sensor": "GASA-02-02", "time": "2025-08-20T08:45:00+02:00", "count_line": 16, "location": "BrugOostertoegang2", "count_area": 30.0, "countline_length": 6 }, "geometry": { "type": "Polygon", "coordinates": [ [ [ 122176.271890430143685, 487960.53033630317077 ], [ 122171.22340251825517, 487951.351267372490838 ], [ 122141.391428493458079, 487962.595626812602859 ], [ 122144.068656931587611, 487967.950083688832819 ], [ 122176.271890430143685, 487960.53033630317077 ] ] ] } },
{ "type": "Feature", "properties": { "sensor": "GASA-02-02", "time": "2025-08-20T08:46:00+02:00", "count_line": 18, "location": "BrugOostertoegang2", "count_area": 32.0, "countline_length": 6 }, "geometry": { "type": "Polygon", "coordinates": [ [ [ 122176.271890430143685, 487960.53033630317077 ], [ 122171.22340251825517, 487951.351267372490838 ], [ 122141.391428493458079, 487962.595626812602859 ], [ 122144.068656931587611, 487967.950083688832819 ], [ 122176.271890430143685, 487960.53033630317077 ] ] ] } },
{ "type": "Feature", "properties": { "sensor": "GASA-02-02", "time": "2025-08-20T08:47:00+02:00", "count_line": 17, "location": "BrugOostertoegang2", "count_area": 30.0, "countline_length": 6 }, "geometry": { "type": "Polygon", "coordinates": [ [ [ 122176.271890430143685, 487960.53033630317077 ], [ 122171.22340251825517, 487951.351267372490838 ], [ 122141.391428493458079, 487962.595626812602859 ], [ 122144.068656931587611, 487967.950083688832819 ], [ 122176.271890430143685, 487960.53033630317077 ] ] ] } },
{ "type": "Feature", "properties": { "sensor": "GASA-02-02", "time": "2025-08-20T08:48:00+02:00", "count_line": 12, "location": "BrugOostertoegang2", "count_area": 19.0, "countline_length": 6 }, "geometry": { "type": "Polygon", "coordinates": [ [ [ 122176.271890430143685, 487960.53033630317077 ], [ 122171.22340251825517, 487951.351267372490838 ], [ 122141.391428493458079, 487962.595626812602859 ], [ 122144.068656931587611, 487967.950083688832819 ], [ 122176.271890430143685, 487960.53033630317077 ] ] ] } },
{ "type": "Feature", "properties": { "sensor": "GASA-02-02", "time": "2025-08-20T08:49:00+02:00", "count_line": 29, "location": "BrugOostertoegang2", "count_area": 47.0, "countline_length": 6 }, "geometry": { "type": "Polygon", "coordinates": [ [ [ 122176.271890430143685, 487960.53033630317077 ], [ 122171.22340251825517, 487951.351267372490838 ], [ 122141.391428493458079, 487962.595626812602859 ], [ 122144.068656931587611, 487967.950083688832819 ], [ 122176.271890430143685, 487960.53033630317077 ] ] ] } },
{ "type": "Feature", "properties": { "sensor": "GASA-02-02", "time": "2025-08-20T08:50:00+02:00", "count_line": 13, "location": "BrugOostertoegang2", "count_area": 19.0, "countline_length": 6 }, "geometry": { "type": "Polygon", "coordinates": [ [ [ 122176.271890430143685, 487960.53033630317077 ], [ 122171.22340251825517, 487951.351267372490838 ], [ 122141.391428493458079, 487962.595626812602859 ], [ 122144.068656931587611, 487967.950083688832819 ], [ 122176.271890430143685, 487960.53033630317077 ] ] ] } },
{ "type": "Feature", "properties": { "sensor": "GASA-02-02", "time": "2025-08-20T08:51:00+02:00", "count_line": 11, "location": "BrugOostertoegang2", "count_area": 18.0, "countline_length": 6 }, "geometry": { "type": "Polygon", "coordinates": [ [ [ 122176.271890430143685, 487960.53033630317077 ], [ 122171.22340251825517, 487951.351267372490838 ], [ 122141.391428493458079, 487962.595626812602859 ], [ 122144.068656931587611, 487967.950083688832819 ], [ 122176.271890430143685, 487960.53033630317077 ] ] ] } },
{ "type": "Feature", "properties": { "sensor": "GASA-02-02", "time": "2025-08-20T08:52:00+02:00", "count_line": 10, "location": "BrugOostertoegang2", "count_area": 16.0, "countline_length": 6 }, "geometry": { "type": "Polygon", "coordinates": [ [ [ 122176.271890430143685, 487960.53033630317077 ], [ 122171.22340251825517, 487951.351267372490838 ], [ 122141.391428493458079, 487962.595626812602859 ], [ 122144.068656931587611, 487967.950083688832819 ], [ 122176.271890430143685, 487960.53033630317077 ] ] ] } },
{ "type": "Feature", "properties": { "sensor": "GASA-02-02", "time": "2025-08-20T08:54:00+02:00", "count_line": 8, "location": "BrugOostertoegang2", "count_area": 14.0, "countline_length": 6 }, "geometry": { "type": "Polygon", "coordinates": [ [ [ 122176.271890430143685, 487960.53033630317077 ], [ 122171.22340251825517, 487951.351267372490838 ], [ 122141.391428493458079, 487962.595626812602859 ], [ 122144.068656931587611, 487967.950083688832819 ], [ 122176.271890430143685, 487960.53033630317077 ] ] ] } },
{ "type": "Feature", "properties": { "sensor": "GASA-02-02", "time": "2025-08-20T08:55:00+02:00", "count_line": 10, "location": "BrugOostertoegang2", "count_area": 19.0, "countline_length": 6 }, "geometry": { "type": "Polygon", "coordinates": [ [ [ 122176.271890430143685, 487960.53033630317077 ], [ 122171.22340251825517, 487951.351267372490838 ], [ 122141.391428493458079, 487962.595626812602859 ], [ 122144.068656931587611, 487967.950083688832819 ], [ 122176.271890430143685, 487960.53033630317077 ] ] ] } },
{ "type": "Feature", "properties": { "sensor": "GASA-02-02", "time": "2025-08-20T08:56:00+02:00", "count_line": 10, "location": "BrugOostertoegang2", "count_area": 15.0, "countline_length": 6 }, "geometry": { "type": "Polygon", "coordinates": [ [ [ 122176.271890430143685, 487960.53033630317077 ], [ 122171.22340251825517, 487951.351267372490838 ], [ 122141.391428493458079, 487962.595626812602859 ], [ 122144.068656931587611, 487967.950083688832819 ], [ 122176.271890430143685, 487960.53033630317077 ] ] ] } },
{ "type": "Feature", "properties": { "sensor": "GASA-02-02", "time": "2025-08-20T08:57:00+02:00", "count_line": 22, "location": "BrugOostertoegang2", "count_area": 34.0, "countline_length": 6 }, "geometry": { "type": "Polygon", "coordinates": [ [ [ 122176.271890430143685, 487960.53033630317077 ], [ 122171.22340251825517, 487951.351267372490838 ], [ 122141.391428493458079, 487962.595626812602859 ], [ 122144.068656931587611, 487967.950083688832819 ], [ 122176.271890430143685, 487960.53033630317077 ] ] ] } },
{ "type": "Feature", "properties": { "sensor": "GASA-02-02", "time": "2025-08-20T08:58:00+02:00", "count_line": 14, "location": "BrugOostertoegang2", "count_area": 25.0, "countline_length": 6 }, "geometry": { "type": "Polygon", "coordinates": [ [ [ 122176.271890430143685, 487960.53033630317077 ], [ 122171.22340251825517, 487951.351267372490838 ], [ 122141.391428493458079, 487962.595626812602859 ], [ 122144.068656931587611, 487967.950083688832819 ], [ 122176.271890430143685, 487960.53033630317077 ] ] ] } },
{ "type": "Feature", "properties": { "sensor": "GASA-02-02", "time": "2025-08-20T08:59:00+02:00", "count_line": 21, "location": "BrugOostertoegang2", "count_area": 38.0, "countline_length": 6 }, "geometry": { "type": "Polygon", "coordinates": [ [ [ 122176.271890430143685, 487960.53033630317077 ], [ 122171.22340251825517, 487951.351267372490838 ], [ 122141.391428493458079, 487962.595626812602859 ], [ 122144.068656931587611, 487967.950083688832819 ], [ 122176.271890430143685, 487960.53033630317077 ] ] ] } },
{ "type": "Feature", "properties": { "sensor": "GASA-02-02", "time": "2025-08-20T09:00:00+02:00", "count_line": 16, "location": "BrugOostertoegang2", "count_area": 27.0, "countline_length": 6 }, "geometry": { "type": "Polygon", "coordinates": [ [ [ 122176.271890430143685, 487960.53033630317077 ], [ 122171.22340251825517, 487951.351267372490838 ], [ 122141.391428493458079, 487962.595626812602859 ], [ 122144.068656931587611, 487967.950083688832819 ], [ 122176.271890430143685, 487960.53033630317077 ] ] ] } },
{ "type": "Feature", "properties": { "sensor": "GASA-02-02", "time": "2025-08-20T09:01:00+02:00", "count_line": 8, "location": "BrugOostertoegang2", "count_area": 12.0, "countline_length": 6 }, "geometry": { "type": "Polygon", "coordinates": [ [ [ 122176.271890430143685, 487960.53033630317077 ], [ 122171.22340251825517, 487951.351267372490838 ], [ 122141.391428493458079, 487962.595626812602859 ], [ 122144.068656931587611, 487967.950083688832819 ], [ 122176.271890430143685, 487960.53033630317077 ] ] ] } },
{ "type": "Feature", "properties": { "sensor": "GASA-02-02", "time": "2025-08-20T09:02:00+02:00", "count_line": 23, "location": "BrugOostertoegang2", "count_area": 41.0, "countline_length": 6 }, "geometry": { "type": "Polygon", "coordinates": [ [ [ 122176.271890430143685, 487960.53033630317077 ], [ 122171.22340251825517, 487951.351267372490838 ], [ 122141.391428493458079, 487962.595626812602859 ], [ 122144.068656931587611, 487967.950083688832819 ], [ 122176.271890430143685, 487960.53033630317077 ] ] ] } },
{ "type": "Feature", "properties": { "sensor": "GASA-02-02", "time": "2025-08-20T09:04:00+02:00", "count_line": 26, "location": "BrugOostertoegang2", "count_area": 51.0, "countline_length": 6 }, "geometry": { "type": "Polygon", "coordinates": [ [ [ 122176.271890430143685, 487960.53033630317077 ], [ 122171.22340251825517, 487951.351267372490838 ], [ 122141.391428493458079, 487962.595626812602859 ], [ 122144.068656931587611, 487967.950083688832819 ], [ 122176.271890430143685, 487960.53033630317077 ] ] ] } },
{ "type": "Feature", "properties": { "sensor": "GASA-02-02", "time": "2025-08-20T09:05:00+02:00", "count_line": 26, "location": "BrugOostertoegang2", "count_area": 42.0, "countline_length": 6 }, "geometry": { "type": "Polygon", "coordinates": [ [ [ 122176.271890430143685, 487960.53033630317077 ], [ 122171.22340251825517, 487951.351267372490838 ], [ 122141.391428493458079, 487962.595626812602859 ], [ 122144.068656931587611, 487967.950083688832819 ], [ 122176.271890430143685, 487960.53033630317077 ] ] ] } },
{ "type": "Feature", "properties": { "sensor": "GASA-02-02", "time": "2025-08-20T09:06:00+02:00", "count_line": 15, "location": "BrugOostertoegang2", "count_area": 25.0, "countline_length": 6 }, "geometry": { "type": "Polygon", "coordinates": [ [ [ 122176.271890430143685, 487960.53033630317077 ], [ 122171.22340251825517, 487951.351267372490838 ], [ 122141.391428493458079, 487962.595626812602859 ], [ 122144.068656931587611, 487967.950083688832819 ], [ 122176.271890430143685, 487960.53033630317077 ] ] ] } },
{ "type": "Feature", "properties": { "sensor": "GASA-02-02", "time": "2025-08-20T09:07:00+02:00", "count_line": 25, "location": "BrugOostertoegang2", "count_area": 49.0, "countline_length": 6 }, "geometry": { "type": "Polygon", "coordinates": [ [ [ 122176.271890430143685, 487960.53033630317077 ], [ 122171.22340251825517, 487951.351267372490838 ], [ 122141.391428493458079, 487962.595626812602859 ], [ 122144.068656931587611, 487967.950083688832819 ], [ 122176.271890430143685, 487960.53033630317077 ] ] ] } },
{ "type": "Feature", "properties": { "sensor": "GASA-02-02", "time": "2025-08-20T09:08:00+02:00", "count_line": 16, "location": "BrugOostertoegang2", "count_area": 25.0, "countline_length": 6 }, "geometry": { "type": "Polygon", "coordinates": [ [ [ 122176.271890430143685, 487960.53033630317077 ], [ 122171.22340251825517, 487951.351267372490838 ], [ 122141.391428493458079, 487962.595626812602859 ], [ 122144.068656931587611, 487967.950083688832819 ], [ 122176.271890430143685, 487960.53033630317077 ] ] ] } },
{ "type": "Feature", "properties": { "sensor": "GASA-02-02", "time": "2025-08-20T09:09:00+02:00", "count_line": 18, "location": "BrugOostertoegang2", "count_area": 29.0, "countline_length": 6 }, "geometry": { "type": "Polygon", "coordinates": [ [ [ 122176.271890430143685, 487960.53033630317077 ], [ 122171.22340251825517, 487951.351267372490838 ], [ 122141.391428493458079, 487962.595626812602859 ], [ 122144.068656931587611, 487967.950083688832819 ], [ 122176.271890430143685, 487960.53033630317077 ] ] ] } },
{ "type": "Feature", "properties": { "sensor": "GASA-02-02", "time": "2025-08-20T09:10:00+02:00", "count_line": 7, "location": "BrugOostertoegang2", "count_area": 12.0, "countline_length": 6 }, "geometry": { "type": "Polygon", "coordinates": [ [ [ 122176.271890430143685, 487960.53033630317077 ], [ 122171.22340251825517, 487951.351267372490838 ], [ 122141.391428493458079, 487962.595626812602859 ], [ 122144.068656931587611, 487967.950083688832819 ], [ 122176.271890430143685, 487960.53033630317077 ] ] ] } },
{ "type": "Feature", "properties": { "sensor": "GASA-02-02", "time": "2025-08-20T09:11:00+02:00", "count_line": 12, "location": "BrugOostertoegang2", "count_area": 19.0, "countline_length": 6 }, "geometry": { "type": "Polygon", "coordinates": [ [ [ 122176.271890430143685, 487960.53033630317077 ], [ 122171.22340251825517, 487951.351267372490838 ], [ 122141.391428493458079, 487962.595626812602859 ], [ 122144.068656931587611, 487967.950083688832819 ], [ 122176.271890430143685, 487960.53033630317077 ] ] ] } },
{ "type": "Feature", "properties": { "sensor": "GASA-02-02", "time": "2025-08-20T09:12:00+02:00", "count_line": 20, "location": "BrugOostertoegang2", "count_area": 36.0, "countline_length": 6 }, "geometry": { "type": "Polygon", "coordinates": [ [ [ 122176.271890430143685, 487960.53033630317077 ], [ 122171.22340251825517, 487951.351267372490838 ], [ 122141.391428493458079, 487962.595626812602859 ], [ 122144.068656931587611, 487967.950083688832819 ], [ 122176.271890430143685, 487960.53033630317077 ] ] ] } },
{ "type": "Feature", "properties": { "sensor": "GASA-02-02", "time": "2025-08-20T09:14:00+02:00", "count_line": 34, "location": "BrugOostertoegang2", "count_area": 60.0, "countline_length": 6 }, "geometry": { "type": "Polygon", "coordinates": [ [ [ 122176.271890430143685, 487960.53033630317077 ], [ 122171.22340251825517, 487951.351267372490838 ], [ 122141.391428493458079, 487962.595626812602859 ], [ 122144.068656931587611, 487967.950083688832819 ], [ 122176.271890430143685, 487960.53033630317077 ] ] ] } },
{ "type": "Feature", "properties": { "sensor": "GASA-02-02", "time": "2025-08-20T09:15:00+02:00", "count_line": 40, "location": "BrugOostertoegang2", "count_area": 74.0, "countline_length": 6 }, "geometry": { "type": "Polygon", "coordinates": [ [ [ 122176.271890430143685, 487960.53033630317077 ], [ 122171.22340251825517, 487951.351267372490838 ], [ 122141.391428493458079, 487962.595626812602859 ], [ 122144.068656931587611, 487967.950083688832819 ], [ 122176.271890430143685, 487960.53033630317077 ] ] ] } },
{ "type": "Feature", "properties": { "sensor": "GASA-02-02", "time": "2025-08-20T09:16:00+02:00", "count_line": 6, "location": "BrugOostertoegang2", "count_area": 11.0, "countline_length": 6 }, "geometry": { "type": "Polygon", "coordinates": [ [ [ 122176.271890430143685, 487960.53033630317077 ], [ 122171.22340251825517, 487951.351267372490838 ], [ 122141.391428493458079, 487962.595626812602859 ], [ 122144.068656931587611, 487967.950083688832819 ], [ 122176.271890430143685, 487960.53033630317077 ] ] ] } },
{ "type": "Feature", "properties": { "sensor": "GASA-02-02", "time": "2025-08-20T09:17:00+02:00", "count_line": 17, "location": "BrugOostertoegang2", "count_area": 32.0, "countline_length": 6 }, "geometry": { "type": "Polygon", "coordinates": [ [ [ 122176.271890430143685, 487960.53033630317077 ], [ 122171.22340251825517, 487951.351267372490838 ], [ 122141.391428493458079, 487962.595626812602859 ], [ 122144.068656931587611, 487967.950083688832819 ], [ 122176.271890430143685, 487960.53033630317077 ] ] ] } },
{ "type": "Feature", "properties": { "sensor": "GASA-02-02", "time": "2025-08-20T09:18:00+02:00", "count_line": 14, "location": "BrugOostertoegang2", "count_area": 22.0, "countline_length": 6 }, "geometry": { "type": "Polygon", "coordinates": [ [ [ 122176.271890430143685, 487960.53033630317077 ], [ 122171.22340251825517, 487951.351267372490838 ], [ 122141.391428493458079, 487962.595626812602859 ], [ 122144.068656931587611, 487967.950083688832819 ], [ 122176.271890430143685, 487960.53033630317077 ] ] ] } },
{ "type": "Feature", "properties": { "sensor": "GASA-02-02", "time": "2025-08-20T09:19:00+02:00", "count_line": 10, "location": "BrugOostertoegang2", "count_area": 15.0, "countline_length": 6 }, "geometry": { "type": "Polygon", "coordinates": [ [ [ 122176.271890430143685, 487960.53033630317077 ], [ 122171.22340251825517, 487951.351267372490838 ], [ 122141.391428493458079, 487962.595626812602859 ], [ 122144.068656931587611, 487967.950083688832819 ], [ 122176.271890430143685, 487960.53033630317077 ] ] ] } },
{ "type": "Feature", "properties": { "sensor": "GASA-02-02", "time": "2025-08-20T09:20:00+02:00", "count_line": 20, "location": "BrugOostertoegang2", "count_area": 35.0, "countline_length": 6 }, "geometry": { "type": "Polygon", "coordinates": [ [ [ 122176.271890430143685, 487960.53033630317077 ], [ 122171.22340251825517, 487951.351267372490838 ], [ 122141.391428493458079, 487962.595626812602859 ], [ 122144.068656931587611, 487967.950083688832819 ], [ 122176.271890430143685, 487960.53033630317077 ] ] ] } },
{ "type": "Feature", "properties": { "sensor": "GASA-02-02", "time": "2025-08-20T09:21:00+02:00", "count_line": 18, "location": "BrugOostertoegang2", "count_area": 27.0, "countline_length": 6 }, "geometry": { "type": "Polygon", "coordinates": [ [ [ 122176.271890430143685, 487960.53033630317077 ], [ 122171.22340251825517, 487951.351267372490838 ], [ 122141.391428493458079, 487962.595626812602859 ], [ 122144.068656931587611, 487967.950083688832819 ], [ 122176.271890430143685, 487960.53033630317077 ] ] ] } },
{ "type": "Feature", "properties": { "sensor": "GASA-02-02", "time": "2025-08-20T09:22:00+02:00", "count_line": 15, "location": "BrugOostertoegang2", "count_area": 24.0, "countline_length": 6 }, "geometry": { "type": "Polygon", "coordinates": [ [ [ 122176.271890430143685, 487960.53033630317077 ], [ 122171.22340251825517, 487951.351267372490838 ], [ 122141.391428493458079, 487962.595626812602859 ], [ 122144.068656931587611, 487967.950083688832819 ], [ 122176.271890430143685, 487960.53033630317077 ] ] ] } },
{ "type": "Feature", "properties": { "sensor": "GASA-02-02", "time": "2025-08-20T09:24:00+02:00", "count_line": 22, "location": "BrugOostertoegang2", "count_area": 34.0, "countline_length": 6 }, "geometry": { "type": "Polygon", "coordinates": [ [ [ 122176.271890430143685, 487960.53033630317077 ], [ 122171.22340251825517, 487951.351267372490838 ], [ 122141.391428493458079, 487962.595626812602859 ], [ 122144.068656931587611, 487967.950083688832819 ], [ 122176.271890430143685, 487960.53033630317077 ] ] ] } },
{ "type": "Feature", "properties": { "sensor": "GASA-02-02", "time": "2025-08-20T09:25:00+02:00", "count_line": 30, "location": "BrugOostertoegang2", "count_area": 50.0, "countline_length": 6 }, "geometry": { "type": "Polygon", "coordinates": [ [ [ 122176.271890430143685, 487960.53033630317077 ], [ 122171.22340251825517, 487951.351267372490838 ], [ 122141.391428493458079, 487962.595626812602859 ], [ 122144.068656931587611, 487967.950083688832819 ], [ 122176.271890430143685, 487960.53033630317077 ] ] ] } },
{ "type": "Feature", "properties": { "sensor": "GASA-02-02", "time": "2025-08-20T09:26:00+02:00", "count_line": 26, "location": "BrugOostertoegang2", "count_area": 50.0, "countline_length": 6 }, "geometry": { "type": "Polygon", "coordinates": [ [ [ 122176.271890430143685, 487960.53033630317077 ], [ 122171.22340251825517, 487951.351267372490838 ], [ 122141.391428493458079, 487962.595626812602859 ], [ 122144.068656931587611, 487967.950083688832819 ], [ 122176.271890430143685, 487960.53033630317077 ] ] ] } },
{ "type": "Feature", "properties": { "sensor": "GASA-02-02", "time": "2025-08-20T09:27:00+02:00", "count_line": 27, "location": "BrugOostertoegang2", "count_area": 44.0, "countline_length": 6 }, "geometry": { "type": "Polygon", "coordinates": [ [ [ 122176.271890430143685, 487960.53033630317077 ], [ 122171.22340251825517, 487951.351267372490838 ], [ 122141.391428493458079, 487962.595626812602859 ], [ 122144.068656931587611, 487967.950083688832819 ], [ 122176.271890430143685, 487960.53033630317077 ] ] ] } },
{ "type": "Feature", "properties": { "sensor": "GASA-02-02", "time": "2025-08-20T09:28:00+02:00", "count_line": 16, "location": "BrugOostertoegang2", "count_area": 26.0, "countline_length": 6 }, "geometry": { "type": "Polygon", "coordinates": [ [ [ 122176.271890430143685, 487960.53033630317077 ], [ 122171.22340251825517, 487951.351267372490838 ], [ 122141.391428493458079, 487962.595626812602859 ], [ 122144.068656931587611, 487967.950083688832819 ], [ 122176.271890430143685, 487960.53033630317077 ] ] ] } },
{ "type": "Feature", "properties": { "sensor": "GASA-02-02", "time": "2025-08-20T09:29:00+02:00", "count_line": 21, "location": "BrugOostertoegang2", "count_area": 40.0, "countline_length": 6 }, "geometry": { "type": "Polygon", "coordinates": [ [ [ 122176.271890430143685, 487960.53033630317077 ], [ 122171.22340251825517, 487951.351267372490838 ], [ 122141.391428493458079, 487962.595626812602859 ], [ 122144.068656931587611, 487967.950083688832819 ], [ 122176.271890430143685, 487960.53033630317077 ] ] ] } },
{ "type": "Feature", "properties": { "sensor": "GASA-02-02", "time": "2025-08-20T09:30:00+02:00", "count_line": 25, "location": "BrugOostertoegang2", "count_area": 42.0, "countline_length": 6 }, "geometry": { "type": "Polygon", "coordinates": [ [ [ 122176.271890430143685, 487960.53033630317077 ], [ 122171.22340251825517, 487951.351267372490838 ], [ 122141.391428493458079, 487962.595626812602859 ], [ 122144.068656931587611, 487967.950083688832819 ], [ 122176.271890430143685, 487960.53033630317077 ] ] ] } },
{ "type": "Feature", "properties": { "sensor": "GASA-02-02", "time": "2025-08-20T09:31:00+02:00", "count_line": 18, "location": "BrugOostertoegang2", "count_area": 29.0, "countline_length": 6 }, "geometry": { "type": "Polygon", "coordinates": [ [ [ 122176.271890430143685, 487960.53033630317077 ], [ 122171.22340251825517, 487951.351267372490838 ], [ 122141.391428493458079, 487962.595626812602859 ], [ 122144.068656931587611, 487967.950083688832819 ], [ 122176.271890430143685, 487960.53033630317077 ] ] ] } },
{ "type": "Feature", "properties": { "sensor": "GASA-02-02", "time": "2025-08-20T09:32:00+02:00", "count_line": 36, "location": "BrugOostertoegang2", "count_area": 65.0, "countline_length": 6 }, "geometry": { "type": "Polygon", "coordinates": [ [ [ 122176.271890430143685, 487960.53033630317077 ], [ 122171.22340251825517, 487951.351267372490838 ], [ 122141.391428493458079, 487962.595626812602859 ], [ 122144.068656931587611, 487967.950083688832819 ], [ 122176.271890430143685, 487960.53033630317077 ] ] ] } },
{ "type": "Feature", "properties": { "sensor": "GASA-02-02", "time": "2025-08-20T09:34:00+02:00", "count_line": 18, "location": "BrugOostertoegang2", "count_area": 31.0, "countline_length": 6 }, "geometry": { "type": "Polygon", "coordinates": [ [ [ 122176.271890430143685, 487960.53033630317077 ], [ 122171.22340251825517, 487951.351267372490838 ], [ 122141.391428493458079, 487962.595626812602859 ], [ 122144.068656931587611, 487967.950083688832819 ], [ 122176.271890430143685, 487960.53033630317077 ] ] ] } },
{ "type": "Feature", "properties": { "sensor": "GASA-02-02", "time": "2025-08-20T09:35:00+02:00", "count_line": 6, "location": "BrugOostertoegang2", "count_area": 10.0, "countline_length": 6 }, "geometry": { "type": "Polygon", "coordinates": [ [ [ 122176.271890430143685, 487960.53033630317077 ], [ 122171.22340251825517, 487951.351267372490838 ], [ 122141.391428493458079, 487962.595626812602859 ], [ 122144.068656931587611, 487967.950083688832819 ], [ 122176.271890430143685, 487960.53033630317077 ] ] ] } },
{ "type": "Feature", "properties": { "sensor": "GASA-02-02", "time": "2025-08-20T09:36:00+02:00", "count_line": 33, "location": "BrugOostertoegang2", "count_area": 64.0, "countline_length": 6 }, "geometry": { "type": "Polygon", "coordinates": [ [ [ 122176.271890430143685, 487960.53033630317077 ], [ 122171.22340251825517, 487951.351267372490838 ], [ 122141.391428493458079, 487962.595626812602859 ], [ 122144.068656931587611, 487967.950083688832819 ], [ 122176.271890430143685, 487960.53033630317077 ] ] ] } },
{ "type": "Feature", "properties": { "sensor": "GASA-02-02", "time": "2025-08-20T09:37:00+02:00", "count_line": 31, "location": "BrugOostertoegang2", "count_area": 55.0, "countline_length": 6 }, "geometry": { "type": "Polygon", "coordinates": [ [ [ 122176.271890430143685, 487960.53033630317077 ], [ 122171.22340251825517, 487951.351267372490838 ], [ 122141.391428493458079, 487962.595626812602859 ], [ 122144.068656931587611, 487967.950083688832819 ], [ 122176.271890430143685, 487960.53033630317077 ] ] ] } },
{ "type": "Feature", "properties": { "sensor": "GASA-02-02", "time": "2025-08-20T09:38:00+02:00", "count_line": 18, "location": "BrugOostertoegang2", "count_area": 33.0, "countline_length": 6 }, "geometry": { "type": "Polygon", "coordinates": [ [ [ 122176.271890430143685, 487960.53033630317077 ], [ 122171.22340251825517, 487951.351267372490838 ], [ 122141.391428493458079, 487962.595626812602859 ], [ 122144.068656931587611, 487967.950083688832819 ], [ 122176.271890430143685, 487960.53033630317077 ] ] ] } },
{ "type": "Feature", "properties": { "sensor": "GASA-02-02", "time": "2025-08-20T09:39:00+02:00", "count_line": 19, "location": "BrugOostertoegang2", "count_area": 29.0, "countline_length": 6 }, "geometry": { "type": "Polygon", "coordinates": [ [ [ 122176.271890430143685, 487960.53033630317077 ], [ 122171.22340251825517, 487951.351267372490838 ], [ 122141.391428493458079, 487962.595626812602859 ], [ 122144.068656931587611, 487967.950083688832819 ], [ 122176.271890430143685, 487960.53033630317077 ] ] ] } },
{ "type": "Feature", "properties": { "sensor": "GASA-02-02", "time": "2025-08-20T09:40:00+02:00", "count_line": 19, "location": "BrugOostertoegang2", "count_area": 36.0, "countline_length": 6 }, "geometry": { "type": "Polygon", "coordinates": [ [ [ 122176.271890430143685, 487960.53033630317077 ], [ 122171.22340251825517, 487951.351267372490838 ], [ 122141.391428493458079, 487962.595626812602859 ], [ 122144.068656931587611, 487967.950083688832819 ], [ 122176.271890430143685, 487960.53033630317077 ] ] ] } },
{ "type": "Feature", "properties": { "sensor": "GASA-02-02", "time": "2025-08-20T09:41:00+02:00", "count_line": 15, "location": "BrugOostertoegang2", "count_area": 23.0, "countline_length": 6 }, "geometry": { "type": "Polygon", "coordinates": [ [ [ 122176.271890430143685, 487960.53033630317077 ], [ 122171.22340251825517, 487951.351267372490838 ], [ 122141.391428493458079, 487962.595626812602859 ], [ 122144.068656931587611, 487967.950083688832819 ], [ 122176.271890430143685, 487960.53033630317077 ] ] ] } },
{ "type": "Feature", "properties": { "sensor": "GASA-02-02", "time": "2025-08-20T09:42:00+02:00", "count_line": 10, "location": "BrugOostertoegang2", "count_area": 19.0, "countline_length": 6 }, "geometry": { "type": "Polygon", "coordinates": [ [ [ 122176.271890430143685, 487960.53033630317077 ], [ 122171.22340251825517, 487951.351267372490838 ], [ 122141.391428493458079, 487962.595626812602859 ], [ 122144.068656931587611, 487967.950083688832819 ], [ 122176.271890430143685, 487960.53033630317077 ] ] ] } },
{ "type": "Feature", "properties": { "sensor": "GASA-02-02", "time": "2025-08-20T09:44:00+02:00", "count_line": 40, "location": "BrugOostertoegang2", "count_area": 67.0, "countline_length": 6 }, "geometry": { "type": "Polygon", "coordinates": [ [ [ 122176.271890430143685, 487960.53033630317077 ], [ 122171.22340251825517, 487951.351267372490838 ], [ 122141.391428493458079, 487962.595626812602859 ], [ 122144.068656931587611, 487967.950083688832819 ], [ 122176.271890430143685, 487960.53033630317077 ] ] ] } },
{ "type": "Feature", "properties": { "sensor": "GASA-02-02", "time": "2025-08-20T09:45:00+02:00", "count_line": 23, "location": "BrugOostertoegang2", "count_area": 43.0, "countline_length": 6 }, "geometry": { "type": "Polygon", "coordinates": [ [ [ 122176.271890430143685, 487960.53033630317077 ], [ 122171.22340251825517, 487951.351267372490838 ], [ 122141.391428493458079, 487962.595626812602859 ], [ 122144.068656931587611, 487967.950083688832819 ], [ 122176.271890430143685, 487960.53033630317077 ] ] ] } },
{ "type": "Feature", "properties": { "sensor": "GASA-02-02", "time": "2025-08-20T09:46:00+02:00", "count_line": 25, "location": "BrugOostertoegang2", "count_area": 42.0, "countline_length": 6 }, "geometry": { "type": "Polygon", "coordinates": [ [ [ 122176.271890430143685, 487960.53033630317077 ], [ 122171.22340251825517, 487951.351267372490838 ], [ 122141.391428493458079, 487962.595626812602859 ], [ 122144.068656931587611, 487967.950083688832819 ], [ 122176.271890430143685, 487960.53033630317077 ] ] ] } },
{ "type": "Feature", "properties": { "sensor": "GASA-02-02", "time": "2025-08-20T09:47:00+02:00", "count_line": 16, "location": "BrugOostertoegang2", "count_area": 29.0, "countline_length": 6 }, "geometry": { "type": "Polygon", "coordinates": [ [ [ 122176.271890430143685, 487960.53033630317077 ], [ 122171.22340251825517, 487951.351267372490838 ], [ 122141.391428493458079, 487962.595626812602859 ], [ 122144.068656931587611, 487967.950083688832819 ], [ 122176.271890430143685, 487960.53033630317077 ] ] ] } },
{ "type": "Feature", "properties": { "sensor": "GASA-02-02", "time": "2025-08-20T09:48:00+02:00", "count_line": 8, "location": "BrugOostertoegang2", "count_area": 12.0, "countline_length": 6 }, "geometry": { "type": "Polygon", "coordinates": [ [ [ 122176.271890430143685, 487960.53033630317077 ], [ 122171.22340251825517, 487951.351267372490838 ], [ 122141.391428493458079, 487962.595626812602859 ], [ 122144.068656931587611, 487967.950083688832819 ], [ 122176.271890430143685, 487960.53033630317077 ] ] ] } },
{ "type": "Feature", "properties": { "sensor": "GASA-02-02", "time": "2025-08-20T09:49:00+02:00", "count_line": 11, "location": "BrugOostertoegang2", "count_area": 20.0, "countline_length": 6 }, "geometry": { "type": "Polygon", "coordinates": [ [ [ 122176.271890430143685, 487960.53033630317077 ], [ 122171.22340251825517, 487951.351267372490838 ], [ 122141.391428493458079, 487962.595626812602859 ], [ 122144.068656931587611, 487967.950083688832819 ], [ 122176.271890430143685, 487960.53033630317077 ] ] ] } },
{ "type": "Feature", "properties": { "sensor": "GASA-02-02", "time": "2025-08-20T09:50:00+02:00", "count_line": 12, "location": "BrugOostertoegang2", "count_area": 18.0, "countline_length": 6 }, "geometry": { "type": "Polygon", "coordinates": [ [ [ 122176.271890430143685, 487960.53033630317077 ], [ 122171.22340251825517, 487951.351267372490838 ], [ 122141.391428493458079, 487962.595626812602859 ], [ 122144.068656931587611, 487967.950083688832819 ], [ 122176.271890430143685, 487960.53033630317077 ] ] ] } },
{ "type": "Feature", "properties": { "sensor": "GASA-02-02", "time": "2025-08-20T09:51:00+02:00", "count_line": 12, "location": "BrugOostertoegang2", "count_area": 19.0, "countline_length": 6 }, "geometry": { "type": "Polygon", "coordinates": [ [ [ 122176.271890430143685, 487960.53033630317077 ], [ 122171.22340251825517, 487951.351267372490838 ], [ 122141.391428493458079, 487962.595626812602859 ], [ 122144.068656931587611, 487967.950083688832819 ], [ 122176.271890430143685, 487960.53033630317077 ] ] ] } },
{ "type": "Feature", "properties": { "sensor": "GASA-02-02", "time": "2025-08-20T09:52:00+02:00", "count_line": 20, "location": "BrugOostertoegang2", "count_area": 30.0, "countline_length": 6 }, "geometry": { "type": "Polygon", "coordinates": [ [ [ 122176.271890430143685, 487960.53033630317077 ], [ 122171.22340251825517, 487951.351267372490838 ], [ 122141.391428493458079, 487962.595626812602859 ], [ 122144.068656931587611, 487967.950083688832819 ], [ 122176.271890430143685, 487960.53033630317077 ] ] ] } },
{ "type": "Feature", "properties": { "sensor": "GASA-02-02", "time": "2025-08-20T09:54:00+02:00", "count_line": 28, "location": "BrugOostertoegang2", "count_area": 49.0, "countline_length": 6 }, "geometry": { "type": "Polygon", "coordinates": [ [ [ 122176.271890430143685, 487960.53033630317077 ], [ 122171.22340251825517, 487951.351267372490838 ], [ 122141.391428493458079, 487962.595626812602859 ], [ 122144.068656931587611, 487967.950083688832819 ], [ 122176.271890430143685, 487960.53033630317077 ] ] ] } },
{ "type": "Feature", "properties": { "sensor": "GASA-02-02", "time": "2025-08-20T09:55:00+02:00", "count_line": 22, "location": "BrugOostertoegang2", "count_area": 36.0, "countline_length": 6 }, "geometry": { "type": "Polygon", "coordinates": [ [ [ 122176.271890430143685, 487960.53033630317077 ], [ 122171.22340251825517, 487951.351267372490838 ], [ 122141.391428493458079, 487962.595626812602859 ], [ 122144.068656931587611, 487967.950083688832819 ], [ 122176.271890430143685, 487960.53033630317077 ] ] ] } },
{ "type": "Feature", "properties": { "sensor": "GASA-02-02", "time": "2025-08-20T09:56:00+02:00", "count_line": 16, "location": "BrugOostertoegang2", "count_area": 27.0, "countline_length": 6 }, "geometry": { "type": "Polygon", "coordinates": [ [ [ 122176.271890430143685, 487960.53033630317077 ], [ 122171.22340251825517, 487951.351267372490838 ], [ 122141.391428493458079, 487962.595626812602859 ], [ 122144.068656931587611, 487967.950083688832819 ], [ 122176.271890430143685, 487960.53033630317077 ] ] ] } },
{ "type": "Feature", "properties": { "sensor": "GASA-02-02", "time": "2025-08-20T09:57:00+02:00", "count_line": 16, "location": "BrugOostertoegang2", "count_area": 31.0, "countline_length": 6 }, "geometry": { "type": "Polygon", "coordinates": [ [ [ 122176.271890430143685, 487960.53033630317077 ], [ 122171.22340251825517, 487951.351267372490838 ], [ 122141.391428493458079, 487962.595626812602859 ], [ 122144.068656931587611, 487967.950083688832819 ], [ 122176.271890430143685, 487960.53033630317077 ] ] ] } },
{ "type": "Feature", "properties": { "sensor": "GASA-02-02", "time": "2025-08-20T09:58:00+02:00", "count_line": 11, "location": "BrugOostertoegang2", "count_area": 17.0, "countline_length": 6 }, "geometry": { "type": "Polygon", "coordinates": [ [ [ 122176.271890430143685, 487960.53033630317077 ], [ 122171.22340251825517, 487951.351267372490838 ], [ 122141.391428493458079, 487962.595626812602859 ], [ 122144.068656931587611, 487967.950083688832819 ], [ 122176.271890430143685, 487960.53033630317077 ] ] ] } },
{ "type": "Feature", "properties": { "sensor": "GASA-02-02", "time": "2025-08-20T09:59:00+02:00", "count_line": 11, "location": "BrugOostertoegang2", "count_area": 17.0, "countline_length": 6 }, "geometry": { "type": "Polygon", "coordinates": [ [ [ 122176.271890430143685, 487960.53033630317077 ], [ 122171.22340251825517, 487951.351267372490838 ], [ 122141.391428493458079, 487962.595626812602859 ], [ 122144.068656931587611, 487967.950083688832819 ], [ 122176.271890430143685, 487960.53033630317077 ] ] ] } },
{ "type": "Feature", "properties": { "sensor": "GASA-02-02", "time": "2025-08-20T10:00:00+02:00", "count_line": 16, "location": "BrugOostertoegang2", "count_area": 30.0, "countline_length": 6 }, "geometry": { "type": "Polygon", "coordinates": [ [ [ 122176.271890430143685, 487960.53033630317077 ], [ 122171.22340251825517, 487951.351267372490838 ], [ 122141.391428493458079, 487962.595626812602859 ], [ 122144.068656931587611, 487967.950083688832819 ], [ 122176.271890430143685, 487960.53033630317077 ] ] ] } },
{ "type": "Feature", "properties": { "sensor": "GASA-02-02", "time": "2025-08-20T10:01:00+02:00", "count_line": 17, "location": "BrugOostertoegang2", "count_area": 29.0, "countline_length": 6 }, "geometry": { "type": "Polygon", "coordinates": [ [ [ 122176.271890430143685, 487960.53033630317077 ], [ 122171.22340251825517, 487951.351267372490838 ], [ 122141.391428493458079, 487962.595626812602859 ], [ 122144.068656931587611, 487967.950083688832819 ], [ 122176.271890430143685, 487960.53033630317077 ] ] ] } },
{ "type": "Feature", "properties": { "sensor": "GASA-02-02", "time": "2025-08-20T10:02:00+02:00", "count_line": 14, "location": "BrugOostertoegang2", "count_area": 27.0, "countline_length": 6 }, "geometry": { "type": "Polygon", "coordinates": [ [ [ 122176.271890430143685, 487960.53033630317077 ], [ 122171.22340251825517, 487951.351267372490838 ], [ 122141.391428493458079, 487962.595626812602859 ], [ 122144.068656931587611, 487967.950083688832819 ], [ 122176.271890430143685, 487960.53033630317077 ] ] ] } },
{ "type": "Feature", "properties": { "sensor": "GASA-02-02", "time": "2025-08-20T10:04:00+02:00", "count_line": 42, "location": "BrugOostertoegang2", "count_area": 64.0, "countline_length": 6 }, "geometry": { "type": "Polygon", "coordinates": [ [ [ 122176.271890430143685, 487960.53033630317077 ], [ 122171.22340251825517, 487951.351267372490838 ], [ 122141.391428493458079, 487962.595626812602859 ], [ 122144.068656931587611, 487967.950083688832819 ], [ 122176.271890430143685, 487960.53033630317077 ] ] ] } },
{ "type": "Feature", "properties": { "sensor": "GASA-02-02", "time": "2025-08-20T10:05:00+02:00", "count_line": 21, "location": "BrugOostertoegang2", "count_area": 34.0, "countline_length": 6 }, "geometry": { "type": "Polygon", "coordinates": [ [ [ 122176.271890430143685, 487960.53033630317077 ], [ 122171.22340251825517, 487951.351267372490838 ], [ 122141.391428493458079, 487962.595626812602859 ], [ 122144.068656931587611, 487967.950083688832819 ], [ 122176.271890430143685, 487960.53033630317077 ] ] ] } },
{ "type": "Feature", "properties": { "sensor": "GASA-02-02", "time": "2025-08-20T10:06:00+02:00", "count_line": 22, "location": "BrugOostertoegang2", "count_area": 35.0, "countline_length": 6 }, "geometry": { "type": "Polygon", "coordinates": [ [ [ 122176.271890430143685, 487960.53033630317077 ], [ 122171.22340251825517, 487951.351267372490838 ], [ 122141.391428493458079, 487962.595626812602859 ], [ 122144.068656931587611, 487967.950083688832819 ], [ 122176.271890430143685, 487960.53033630317077 ] ] ] } },
{ "type": "Feature", "properties": { "sensor": "GASA-02-02", "time": "2025-08-20T10:07:00+02:00", "count_line": 41, "location": "BrugOostertoegang2", "count_area": 68.0, "countline_length": 6 }, "geometry": { "type": "Polygon", "coordinates": [ [ [ 122176.271890430143685, 487960.53033630317077 ], [ 122171.22340251825517, 487951.351267372490838 ], [ 122141.391428493458079, 487962.595626812602859 ], [ 122144.068656931587611, 487967.950083688832819 ], [ 122176.271890430143685, 487960.53033630317077 ] ] ] } },
{ "type": "Feature", "properties": { "sensor": "GASA-02-02", "time": "2025-08-20T10:08:00+02:00", "count_line": 26, "location": "BrugOostertoegang2", "count_area": 47.0, "countline_length": 6 }, "geometry": { "type": "Polygon", "coordinates": [ [ [ 122176.271890430143685, 487960.53033630317077 ], [ 122171.22340251825517, 487951.351267372490838 ], [ 122141.391428493458079, 487962.595626812602859 ], [ 122144.068656931587611, 487967.950083688832819 ], [ 122176.271890430143685, 487960.53033630317077 ] ] ] } },
{ "type": "Feature", "properties": { "sensor": "GASA-02-02", "time": "2025-08-20T10:09:00+02:00", "count_line": 27, "location": "BrugOostertoegang2", "count_area": 44.0, "countline_length": 6 }, "geometry": { "type": "Polygon", "coordinates": [ [ [ 122176.271890430143685, 487960.53033630317077 ], [ 122171.22340251825517, 487951.351267372490838 ], [ 122141.391428493458079, 487962.595626812602859 ], [ 122144.068656931587611, 487967.950083688832819 ], [ 122176.271890430143685, 487960.53033630317077 ] ] ] } },
{ "type": "Feature", "properties": { "sensor": "GASA-02-02", "time": "2025-08-20T10:10:00+02:00", "count_line": 22, "location": "BrugOostertoegang2", "count_area": 37.0, "countline_length": 6 }, "geometry": { "type": "Polygon", "coordinates": [ [ [ 122176.271890430143685, 487960.53033630317077 ], [ 122171.22340251825517, 487951.351267372490838 ], [ 122141.391428493458079, 487962.595626812602859 ], [ 122144.068656931587611, 487967.950083688832819 ], [ 122176.271890430143685, 487960.53033630317077 ] ] ] } },
{ "type": "Feature", "properties": { "sensor": "GASA-02-02", "time": "2025-08-20T10:11:00+02:00", "count_line": 33, "location": "BrugOostertoegang2", "count_area": 61.0, "countline_length": 6 }, "geometry": { "type": "Polygon", "coordinates": [ [ [ 122176.271890430143685, 487960.53033630317077 ], [ 122171.22340251825517, 487951.351267372490838 ], [ 122141.391428493458079, 487962.595626812602859 ], [ 122144.068656931587611, 487967.950083688832819 ], [ 122176.271890430143685, 487960.53033630317077 ] ] ] } },
{ "type": "Feature", "properties": { "sensor": "GASA-02-02", "time": "2025-08-20T10:12:00+02:00", "count_line": 23, "location": "BrugOostertoegang2", "count_area": 44.0, "countline_length": 6 }, "geometry": { "type": "Polygon", "coordinates": [ [ [ 122176.271890430143685, 487960.53033630317077 ], [ 122171.22340251825517, 487951.351267372490838 ], [ 122141.391428493458079, 487962.595626812602859 ], [ 122144.068656931587611, 487967.950083688832819 ], [ 122176.271890430143685, 487960.53033630317077 ] ] ] } },
{ "type": "Feature", "properties": { "sensor": "GASA-02-02", "time": "2025-08-20T10:14:00+02:00", "count_line": 32, "location": "BrugOostertoegang2", "count_area": 50.0, "countline_length": 6 }, "geometry": { "type": "Polygon", "coordinates": [ [ [ 122176.271890430143685, 487960.53033630317077 ], [ 122171.22340251825517, 487951.351267372490838 ], [ 122141.391428493458079, 487962.595626812602859 ], [ 122144.068656931587611, 487967.950083688832819 ], [ 122176.271890430143685, 487960.53033630317077 ] ] ] } },
{ "type": "Feature", "properties": { "sensor": "GASA-02-02", "time": "2025-08-20T10:15:00+02:00", "count_line": 25, "location": "BrugOostertoegang2", "count_area": 38.0, "countline_length": 6 }, "geometry": { "type": "Polygon", "coordinates": [ [ [ 122176.271890430143685, 487960.53033630317077 ], [ 122171.22340251825517, 487951.351267372490838 ], [ 122141.391428493458079, 487962.595626812602859 ], [ 122144.068656931587611, 487967.950083688832819 ], [ 122176.271890430143685, 487960.53033630317077 ] ] ] } },
{ "type": "Feature", "properties": { "sensor": "GASA-02-02", "time": "2025-08-20T10:16:00+02:00", "count_line": 21, "location": "BrugOostertoegang2", "count_area": 37.0, "countline_length": 6 }, "geometry": { "type": "Polygon", "coordinates": [ [ [ 122176.271890430143685, 487960.53033630317077 ], [ 122171.22340251825517, 487951.351267372490838 ], [ 122141.391428493458079, 487962.595626812602859 ], [ 122144.068656931587611, 487967.950083688832819 ], [ 122176.271890430143685, 487960.53033630317077 ] ] ] } },
{ "type": "Feature", "properties": { "sensor": "GASA-02-02", "time": "2025-08-20T10:17:00+02:00", "count_line": 18, "location": "BrugOostertoegang2", "count_area": 27.0, "countline_length": 6 }, "geometry": { "type": "Polygon", "coordinates": [ [ [ 122176.271890430143685, 487960.53033630317077 ], [ 122171.22340251825517, 487951.351267372490838 ], [ 122141.391428493458079, 487962.595626812602859 ], [ 122144.068656931587611, 487967.950083688832819 ], [ 122176.271890430143685, 487960.53033630317077 ] ] ] } },
{ "type": "Feature", "properties": { "sensor": "GASA-02-02", "time": "2025-08-20T10:18:00+02:00", "count_line": 22, "location": "BrugOostertoegang2", "count_area": 41.0, "countline_length": 6 }, "geometry": { "type": "Polygon", "coordinates": [ [ [ 122176.271890430143685, 487960.53033630317077 ], [ 122171.22340251825517, 487951.351267372490838 ], [ 122141.391428493458079, 487962.595626812602859 ], [ 122144.068656931587611, 487967.950083688832819 ], [ 122176.271890430143685, 487960.53033630317077 ] ] ] } },
{ "type": "Feature", "properties": { "sensor": "GASA-02-02", "time": "2025-08-20T10:19:00+02:00", "count_line": 24, "location": "BrugOostertoegang2", "count_area": 39.0, "countline_length": 6 }, "geometry": { "type": "Polygon", "coordinates": [ [ [ 122176.271890430143685, 487960.53033630317077 ], [ 122171.22340251825517, 487951.351267372490838 ], [ 122141.391428493458079, 487962.595626812602859 ], [ 122144.068656931587611, 487967.950083688832819 ], [ 122176.271890430143685, 487960.53033630317077 ] ] ] } },
{ "type": "Feature", "properties": { "sensor": "GASA-02-02", "time": "2025-08-20T10:20:00+02:00", "count_line": 25, "location": "BrugOostertoegang2", "count_area": 46.0, "countline_length": 6 }, "geometry": { "type": "Polygon", "coordinates": [ [ [ 122176.271890430143685, 487960.53033630317077 ], [ 122171.22340251825517, 487951.351267372490838 ], [ 122141.391428493458079, 487962.595626812602859 ], [ 122144.068656931587611, 487967.950083688832819 ], [ 122176.271890430143685, 487960.53033630317077 ] ] ] } },
{ "type": "Feature", "properties": { "sensor": "GASA-02-02", "time": "2025-08-20T10:21:00+02:00", "count_line": 19, "location": "BrugOostertoegang2", "count_area": 31.0, "countline_length": 6 }, "geometry": { "type": "Polygon", "coordinates": [ [ [ 122176.271890430143685, 487960.53033630317077 ], [ 122171.22340251825517, 487951.351267372490838 ], [ 122141.391428493458079, 487962.595626812602859 ], [ 122144.068656931587611, 487967.950083688832819 ], [ 122176.271890430143685, 487960.53033630317077 ] ] ] } },
{ "type": "Feature", "properties": { "sensor": "GASA-02-02", "time": "2025-08-20T10:22:00+02:00", "count_line": 18, "location": "BrugOostertoegang2", "count_area": 35.0, "countline_length": 6 }, "geometry": { "type": "Polygon", "coordinates": [ [ [ 122176.271890430143685, 487960.53033630317077 ], [ 122171.22340251825517, 487951.351267372490838 ], [ 122141.391428493458079, 487962.595626812602859 ], [ 122144.068656931587611, 487967.950083688832819 ], [ 122176.271890430143685, 487960.53033630317077 ] ] ] } },
{ "type": "Feature", "properties": { "sensor": "GASA-02-02", "time": "2025-08-20T10:24:00+02:00", "count_line": 16, "location": "BrugOostertoegang2", "count_area": 26.0, "countline_length": 6 }, "geometry": { "type": "Polygon", "coordinates": [ [ [ 122176.271890430143685, 487960.53033630317077 ], [ 122171.22340251825517, 487951.351267372490838 ], [ 122141.391428493458079, 487962.595626812602859 ], [ 122144.068656931587611, 487967.950083688832819 ], [ 122176.271890430143685, 487960.53033630317077 ] ] ] } },
{ "type": "Feature", "properties": { "sensor": "GASA-02-02", "time": "2025-08-20T10:25:00+02:00", "count_line": 30, "location": "BrugOostertoegang2", "count_area": 56.0, "countline_length": 6 }, "geometry": { "type": "Polygon", "coordinates": [ [ [ 122176.271890430143685, 487960.53033630317077 ], [ 122171.22340251825517, 487951.351267372490838 ], [ 122141.391428493458079, 487962.595626812602859 ], [ 122144.068656931587611, 487967.950083688832819 ], [ 122176.271890430143685, 487960.53033630317077 ] ] ] } },
{ "type": "Feature", "properties": { "sensor": "GASA-02-02", "time": "2025-08-20T10:26:00+02:00", "count_line": 32, "location": "BrugOostertoegang2", "count_area": 53.0, "countline_length": 6 }, "geometry": { "type": "Polygon", "coordinates": [ [ [ 122176.271890430143685, 487960.53033630317077 ], [ 122171.22340251825517, 487951.351267372490838 ], [ 122141.391428493458079, 487962.595626812602859 ], [ 122144.068656931587611, 487967.950083688832819 ], [ 122176.271890430143685, 487960.53033630317077 ] ] ] } },
{ "type": "Feature", "properties": { "sensor": "GASA-02-02", "time": "2025-08-20T10:27:00+02:00", "count_line": 46, "location": "BrugOostertoegang2", "count_area": 83.0, "countline_length": 6 }, "geometry": { "type": "Polygon", "coordinates": [ [ [ 122176.271890430143685, 487960.53033630317077 ], [ 122171.22340251825517, 487951.351267372490838 ], [ 122141.391428493458079, 487962.595626812602859 ], [ 122144.068656931587611, 487967.950083688832819 ], [ 122176.271890430143685, 487960.53033630317077 ] ] ] } },
{ "type": "Feature", "properties": { "sensor": "GASA-02-02", "time": "2025-08-20T10:28:00+02:00", "count_line": 45, "location": "BrugOostertoegang2", "count_area": 80.0, "countline_length": 6 }, "geometry": { "type": "Polygon", "coordinates": [ [ [ 122176.271890430143685, 487960.53033630317077 ], [ 122171.22340251825517, 487951.351267372490838 ], [ 122141.391428493458079, 487962.595626812602859 ], [ 122144.068656931587611, 487967.950083688832819 ], [ 122176.271890430143685, 487960.53033630317077 ] ] ] } },
{ "type": "Feature", "properties": { "sensor": "GASA-02-02", "time": "2025-08-20T10:29:00+02:00", "count_line": 43, "location": "BrugOostertoegang2", "count_area": 78.0, "countline_length": 6 }, "geometry": { "type": "Polygon", "coordinates": [ [ [ 122176.271890430143685, 487960.53033630317077 ], [ 122171.22340251825517, 487951.351267372490838 ], [ 122141.391428493458079, 487962.595626812602859 ], [ 122144.068656931587611, 487967.950083688832819 ], [ 122176.271890430143685, 487960.53033630317077 ] ] ] } },
{ "type": "Feature", "properties": { "sensor": "GASA-02-02", "time": "2025-08-20T10:30:00+02:00", "count_line": 22, "location": "BrugOostertoegang2", "count_area": 36.0, "countline_length": 6 }, "geometry": { "type": "Polygon", "coordinates": [ [ [ 122176.271890430143685, 487960.53033630317077 ], [ 122171.22340251825517, 487951.351267372490838 ], [ 122141.391428493458079, 487962.595626812602859 ], [ 122144.068656931587611, 487967.950083688832819 ], [ 122176.271890430143685, 487960.53033630317077 ] ] ] } },
{ "type": "Feature", "properties": { "sensor": "GASA-02-02", "time": "2025-08-20T10:31:00+02:00", "count_line": 54, "location": "BrugOostertoegang2", "count_area": 106.0, "countline_length": 6 }, "geometry": { "type": "Polygon", "coordinates": [ [ [ 122176.271890430143685, 487960.53033630317077 ], [ 122171.22340251825517, 487951.351267372490838 ], [ 122141.391428493458079, 487962.595626812602859 ], [ 122144.068656931587611, 487967.950083688832819 ], [ 122176.271890430143685, 487960.53033630317077 ] ] ] } },
{ "type": "Feature", "properties": { "sensor": "GASA-02-02", "time": "2025-08-20T10:32:00+02:00", "count_line": 13, "location": "BrugOostertoegang2", "count_area": 22.0, "countline_length": 6 }, "geometry": { "type": "Polygon", "coordinates": [ [ [ 122176.271890430143685, 487960.53033630317077 ], [ 122171.22340251825517, 487951.351267372490838 ], [ 122141.391428493458079, 487962.595626812602859 ], [ 122144.068656931587611, 487967.950083688832819 ], [ 122176.271890430143685, 487960.53033630317077 ] ] ] } },
{ "type": "Feature", "properties": { "sensor": "GASA-02-02", "time": "2025-08-20T10:34:00+02:00", "count_line": 52, "location": "BrugOostertoegang2", "count_area": 103.0, "countline_length": 6 }, "geometry": { "type": "Polygon", "coordinates": [ [ [ 122176.271890430143685, 487960.53033630317077 ], [ 122171.22340251825517, 487951.351267372490838 ], [ 122141.391428493458079, 487962.595626812602859 ], [ 122144.068656931587611, 487967.950083688832819 ], [ 122176.271890430143685, 487960.53033630317077 ] ] ] } },
{ "type": "Feature", "properties": { "sensor": "GASA-02-02", "time": "2025-08-20T10:35:00+02:00", "count_line": 19, "location": "BrugOostertoegang2", "count_area": 35.0, "countline_length": 6 }, "geometry": { "type": "Polygon", "coordinates": [ [ [ 122176.271890430143685, 487960.53033630317077 ], [ 122171.22340251825517, 487951.351267372490838 ], [ 122141.391428493458079, 487962.595626812602859 ], [ 122144.068656931587611, 487967.950083688832819 ], [ 122176.271890430143685, 487960.53033630317077 ] ] ] } },
{ "type": "Feature", "properties": { "sensor": "GASA-02-02", "time": "2025-08-20T10:36:00+02:00", "count_line": 45, "location": "BrugOostertoegang2", "count_area": 80.0, "countline_length": 6 }, "geometry": { "type": "Polygon", "coordinates": [ [ [ 122176.271890430143685, 487960.53033630317077 ], [ 122171.22340251825517, 487951.351267372490838 ], [ 122141.391428493458079, 487962.595626812602859 ], [ 122144.068656931587611, 487967.950083688832819 ], [ 122176.271890430143685, 487960.53033630317077 ] ] ] } },
{ "type": "Feature", "properties": { "sensor": "GASA-02-02", "time": "2025-08-20T10:37:00+02:00", "count_line": 28, "location": "BrugOostertoegang2", "count_area": 49.0, "countline_length": 6 }, "geometry": { "type": "Polygon", "coordinates": [ [ [ 122176.271890430143685, 487960.53033630317077 ], [ 122171.22340251825517, 487951.351267372490838 ], [ 122141.391428493458079, 487962.595626812602859 ], [ 122144.068656931587611, 487967.950083688832819 ], [ 122176.271890430143685, 487960.53033630317077 ] ] ] } },
{ "type": "Feature", "properties": { "sensor": "GASA-02-02", "time": "2025-08-20T10:38:00+02:00", "count_line": 40, "location": "BrugOostertoegang2", "count_area": 68.0, "countline_length": 6 }, "geometry": { "type": "Polygon", "coordinates": [ [ [ 122176.271890430143685, 487960.53033630317077 ], [ 122171.22340251825517, 487951.351267372490838 ], [ 122141.391428493458079, 487962.595626812602859 ], [ 122144.068656931587611, 487967.950083688832819 ], [ 122176.271890430143685, 487960.53033630317077 ] ] ] } },
{ "type": "Feature", "properties": { "sensor": "GASA-02-02", "time": "2025-08-20T10:39:00+02:00", "count_line": 29, "location": "BrugOostertoegang2", "count_area": 46.0, "countline_length": 6 }, "geometry": { "type": "Polygon", "coordinates": [ [ [ 122176.271890430143685, 487960.53033630317077 ], [ 122171.22340251825517, 487951.351267372490838 ], [ 122141.391428493458079, 487962.595626812602859 ], [ 122144.068656931587611, 487967.950083688832819 ], [ 122176.271890430143685, 487960.53033630317077 ] ] ] } },
{ "type": "Feature", "properties": { "sensor": "GASA-02-02", "time": "2025-08-20T10:40:00+02:00", "count_line": 45, "location": "BrugOostertoegang2", "count_area": 79.0, "countline_length": 6 }, "geometry": { "type": "Polygon", "coordinates": [ [ [ 122176.271890430143685, 487960.53033630317077 ], [ 122171.22340251825517, 487951.351267372490838 ], [ 122141.391428493458079, 487962.595626812602859 ], [ 122144.068656931587611, 487967.950083688832819 ], [ 122176.271890430143685, 487960.53033630317077 ] ] ] } },
{ "type": "Feature", "properties": { "sensor": "GASA-02-02", "time": "2025-08-20T10:41:00+02:00", "count_line": 33, "location": "BrugOostertoegang2", "count_area": 58.0, "countline_length": 6 }, "geometry": { "type": "Polygon", "coordinates": [ [ [ 122176.271890430143685, 487960.53033630317077 ], [ 122171.22340251825517, 487951.351267372490838 ], [ 122141.391428493458079, 487962.595626812602859 ], [ 122144.068656931587611, 487967.950083688832819 ], [ 122176.271890430143685, 487960.53033630317077 ] ] ] } },
{ "type": "Feature", "properties": { "sensor": "GASA-02-02", "time": "2025-08-20T10:42:00+02:00", "count_line": 26, "location": "BrugOostertoegang2", "count_area": 43.0, "countline_length": 6 }, "geometry": { "type": "Polygon", "coordinates": [ [ [ 122176.271890430143685, 487960.53033630317077 ], [ 122171.22340251825517, 487951.351267372490838 ], [ 122141.391428493458079, 487962.595626812602859 ], [ 122144.068656931587611, 487967.950083688832819 ], [ 122176.271890430143685, 487960.53033630317077 ] ] ] } },
{ "type": "Feature", "properties": { "sensor": "GASA-02-02", "time": "2025-08-20T10:44:00+02:00", "count_line": 54, "location": "BrugOostertoegang2", "count_area": 85.0, "countline_length": 6 }, "geometry": { "type": "Polygon", "coordinates": [ [ [ 122176.271890430143685, 487960.53033630317077 ], [ 122171.22340251825517, 487951.351267372490838 ], [ 122141.391428493458079, 487962.595626812602859 ], [ 122144.068656931587611, 487967.950083688832819 ], [ 122176.271890430143685, 487960.53033630317077 ] ] ] } },
{ "type": "Feature", "properties": { "sensor": "GASA-02-02", "time": "2025-08-20T10:45:00+02:00", "count_line": 37, "location": "BrugOostertoegang2", "count_area": 65.0, "countline_length": 6 }, "geometry": { "type": "Polygon", "coordinates": [ [ [ 122176.271890430143685, 487960.53033630317077 ], [ 122171.22340251825517, 487951.351267372490838 ], [ 122141.391428493458079, 487962.595626812602859 ], [ 122144.068656931587611, 487967.950083688832819 ], [ 122176.271890430143685, 487960.53033630317077 ] ] ] } },
{ "type": "Feature", "properties": { "sensor": "GASA-02-02", "time": "2025-08-20T10:46:00+02:00", "count_line": 27, "location": "BrugOostertoegang2", "count_area": 48.0, "countline_length": 6 }, "geometry": { "type": "Polygon", "coordinates": [ [ [ 122176.271890430143685, 487960.53033630317077 ], [ 122171.22340251825517, 487951.351267372490838 ], [ 122141.391428493458079, 487962.595626812602859 ], [ 122144.068656931587611, 487967.950083688832819 ], [ 122176.271890430143685, 487960.53033630317077 ] ] ] } },
{ "type": "Feature", "properties": { "sensor": "GASA-02-02", "time": "2025-08-20T10:47:00+02:00", "count_line": 35, "location": "BrugOostertoegang2", "count_area": 60.0, "countline_length": 6 }, "geometry": { "type": "Polygon", "coordinates": [ [ [ 122176.271890430143685, 487960.53033630317077 ], [ 122171.22340251825517, 487951.351267372490838 ], [ 122141.391428493458079, 487962.595626812602859 ], [ 122144.068656931587611, 487967.950083688832819 ], [ 122176.271890430143685, 487960.53033630317077 ] ] ] } },
{ "type": "Feature", "properties": { "sensor": "GASA-02-02", "time": "2025-08-20T10:48:00+02:00", "count_line": 15, "location": "BrugOostertoegang2", "count_area": 22.0, "countline_length": 6 }, "geometry": { "type": "Polygon", "coordinates": [ [ [ 122176.271890430143685, 487960.53033630317077 ], [ 122171.22340251825517, 487951.351267372490838 ], [ 122141.391428493458079, 487962.595626812602859 ], [ 122144.068656931587611, 487967.950083688832819 ], [ 122176.271890430143685, 487960.53033630317077 ] ] ] } },
{ "type": "Feature", "properties": { "sensor": "GASA-02-02", "time": "2025-08-20T10:50:00+02:00", "count_line": 60, "location": "BrugOostertoegang2", "count_area": 111.0, "countline_length": 6 }, "geometry": { "type": "Polygon", "coordinates": [ [ [ 122176.271890430143685, 487960.53033630317077 ], [ 122171.22340251825517, 487951.351267372490838 ], [ 122141.391428493458079, 487962.595626812602859 ], [ 122144.068656931587611, 487967.950083688832819 ], [ 122176.271890430143685, 487960.53033630317077 ] ] ] } },
{ "type": "Feature", "properties": { "sensor": "GASA-02-02", "time": "2025-08-20T10:52:00+02:00", "count_line": 66, "location": "BrugOostertoegang2", "count_area": 112.0, "countline_length": 6 }, "geometry": { "type": "Polygon", "coordinates": [ [ [ 122176.271890430143685, 487960.53033630317077 ], [ 122171.22340251825517, 487951.351267372490838 ], [ 122141.391428493458079, 487962.595626812602859 ], [ 122144.068656931587611, 487967.950083688832819 ], [ 122176.271890430143685, 487960.53033630317077 ] ] ] } },
{ "type": "Feature", "properties": { "sensor": "GASA-02-02", "time": "2025-08-20T10:54:00+02:00", "count_line": 66, "location": "BrugOostertoegang2", "count_area": 127.0, "countline_length": 6 }, "geometry": { "type": "Polygon", "coordinates": [ [ [ 122176.271890430143685, 487960.53033630317077 ], [ 122171.22340251825517, 487951.351267372490838 ], [ 122141.391428493458079, 487962.595626812602859 ], [ 122144.068656931587611, 487967.950083688832819 ], [ 122176.271890430143685, 487960.53033630317077 ] ] ] } },
{ "type": "Feature", "properties": { "sensor": "GASA-02-02", "time": "2025-08-20T10:55:00+02:00", "count_line": 39, "location": "BrugOostertoegang2", "count_area": 63.0, "countline_length": 6 }, "geometry": { "type": "Polygon", "coordinates": [ [ [ 122176.271890430143685, 487960.53033630317077 ], [ 122171.22340251825517, 487951.351267372490838 ], [ 122141.391428493458079, 487962.595626812602859 ], [ 122144.068656931587611, 487967.950083688832819 ], [ 122176.271890430143685, 487960.53033630317077 ] ] ] } },
{ "type": "Feature", "properties": { "sensor": "GASA-02-02", "time": "2025-08-20T10:56:00+02:00", "count_line": 24, "location": "BrugOostertoegang2", "count_area": 42.0, "countline_length": 6 }, "geometry": { "type": "Polygon", "coordinates": [ [ [ 122176.271890430143685, 487960.53033630317077 ], [ 122171.22340251825517, 487951.351267372490838 ], [ 122141.391428493458079, 487962.595626812602859 ], [ 122144.068656931587611, 487967.950083688832819 ], [ 122176.271890430143685, 487960.53033630317077 ] ] ] } },
{ "type": "Feature", "properties": { "sensor": "GASA-02-02", "time": "2025-08-20T10:58:00+02:00", "count_line": 90, "location": "BrugOostertoegang2", "count_area": 170.0, "countline_length": 6 }, "geometry": { "type": "Polygon", "coordinates": [ [ [ 122176.271890430143685, 487960.53033630317077 ], [ 122171.22340251825517, 487951.351267372490838 ], [ 122141.391428493458079, 487962.595626812602859 ], [ 122144.068656931587611, 487967.950083688832819 ], [ 122176.271890430143685, 487960.53033630317077 ] ] ] } },
{ "type": "Feature", "properties": { "sensor": "GASA-02-02", "time": "2025-08-20T11:00:00+02:00", "count_line": 130, "location": "BrugOostertoegang2", "count_area": 251.0, "countline_length": 6 }, "geometry": { "type": "Polygon", "coordinates": [ [ [ 122176.271890430143685, 487960.53033630317077 ], [ 122171.22340251825517, 487951.351267372490838 ], [ 122141.391428493458079, 487962.595626812602859 ], [ 122144.068656931587611, 487967.950083688832819 ], [ 122176.271890430143685, 487960.53033630317077 ] ] ] } },
{ "type": "Feature", "properties": { "sensor": "GASA-02-02", "time": "2025-08-20T11:02:00+02:00", "count_line": 80, "location": "BrugOostertoegang2", "count_area": 146.0, "countline_length": 6 }, "geometry": { "type": "Polygon", "coordinates": [ [ [ 122176.271890430143685, 487960.53033630317077 ], [ 122171.22340251825517, 487951.351267372490838 ], [ 122141.391428493458079, 487962.595626812602859 ], [ 122144.068656931587611, 487967.950083688832819 ], [ 122176.271890430143685, 487960.53033630317077 ] ] ] } },
{ "type": "Feature", "properties": { "sensor": "GASA-02-02", "time": "2025-08-20T11:04:00+02:00", "count_line": 58, "location": "BrugOostertoegang2", "count_area": 92.0, "countline_length": 6 }, "geometry": { "type": "Polygon", "coordinates": [ [ [ 122176.271890430143685, 487960.53033630317077 ], [ 122171.22340251825517, 487951.351267372490838 ], [ 122141.391428493458079, 487962.595626812602859 ], [ 122144.068656931587611, 487967.950083688832819 ], [ 122176.271890430143685, 487960.53033630317077 ] ] ] } },
{ "type": "Feature", "properties": { "sensor": "GASA-02-02", "time": "2025-08-20T11:05:00+02:00", "count_line": 38, "location": "BrugOostertoegang2", "count_area": 61.0, "countline_length": 6 }, "geometry": { "type": "Polygon", "coordinates": [ [ [ 122176.271890430143685, 487960.53033630317077 ], [ 122171.22340251825517, 487951.351267372490838 ], [ 122141.391428493458079, 487962.595626812602859 ], [ 122144.068656931587611, 487967.950083688832819 ], [ 122176.271890430143685, 487960.53033630317077 ] ] ] } },
{ "type": "Feature", "properties": { "sensor": "GASA-02-02", "time": "2025-08-20T11:06:00+02:00", "count_line": 25, "location": "BrugOostertoegang2", "count_area": 47.0, "countline_length": 6 }, "geometry": { "type": "Polygon", "coordinates": [ [ [ 122176.271890430143685, 487960.53033630317077 ], [ 122171.22340251825517, 487951.351267372490838 ], [ 122141.391428493458079, 487962.595626812602859 ], [ 122144.068656931587611, 487967.950083688832819 ], [ 122176.271890430143685, 487960.53033630317077 ] ] ] } },
{ "type": "Feature", "properties": { "sensor": "GASA-02-02", "time": "2025-08-20T11:08:00+02:00", "count_line": 126, "location": "BrugOostertoegang2", "count_area": 199.0, "countline_length": 6 }, "geometry": { "type": "Polygon", "coordinates": [ [ [ 122176.271890430143685, 487960.53033630317077 ], [ 122171.22340251825517, 487951.351267372490838 ], [ 122141.391428493458079, 487962.595626812602859 ], [ 122144.068656931587611, 487967.950083688832819 ], [ 122176.271890430143685, 487960.53033630317077 ] ] ] } },
{ "type": "Feature", "properties": { "sensor": "GASA-02-02", "time": "2025-08-20T11:10:00+02:00", "count_line": 96, "location": "BrugOostertoegang2", "count_area": 148.0, "countline_length": 6 }, "geometry": { "type": "Polygon", "coordinates": [ [ [ 122176.271890430143685, 487960.53033630317077 ], [ 122171.22340251825517, 487951.351267372490838 ], [ 122141.391428493458079, 487962.595626812602859 ], [ 122144.068656931587611, 487967.950083688832819 ], [ 122176.271890430143685, 487960.53033630317077 ] ] ] } },
{ "type": "Feature", "properties": { "sensor": "GASA-02-02", "time": "2025-08-20T11:12:00+02:00", "count_line": 102, "location": "BrugOostertoegang2", "count_area": 197.0, "countline_length": 6 }, "geometry": { "type": "Polygon", "coordinates": [ [ [ 122176.271890430143685, 487960.53033630317077 ], [ 122171.22340251825517, 487951.351267372490838 ], [ 122141.391428493458079, 487962.595626812602859 ], [ 122144.068656931587611, 487967.950083688832819 ], [ 122176.271890430143685, 487960.53033630317077 ] ] ] } },
{ "type": "Feature", "properties": { "sensor": "GASA-02-02", "time": "2025-08-20T11:14:00+02:00", "count_line": 110, "location": "BrugOostertoegang2", "count_area": 170.0, "countline_length": 6 }, "geometry": { "type": "Polygon", "coordinates": [ [ [ 122176.271890430143685, 487960.53033630317077 ], [ 122171.22340251825517, 487951.351267372490838 ], [ 122141.391428493458079, 487962.595626812602859 ], [ 122144.068656931587611, 487967.950083688832819 ], [ 122176.271890430143685, 487960.53033630317077 ] ] ] } },
{ "type": "Feature", "properties": { "sensor": "GASA-02-02", "time": "2025-08-20T11:15:00+02:00", "count_line": 49, "location": "BrugOostertoegang2", "count_area": 95.0, "countline_length": 6 }, "geometry": { "type": "Polygon", "coordinates": [ [ [ 122176.271890430143685, 487960.53033630317077 ], [ 122171.22340251825517, 487951.351267372490838 ], [ 122141.391428493458079, 487962.595626812602859 ], [ 122144.068656931587611, 487967.950083688832819 ], [ 122176.271890430143685, 487960.53033630317077 ] ] ] } },
{ "type": "Feature", "properties": { "sensor": "GASA-02-02", "time": "2025-08-20T11:16:00+02:00", "count_line": 40, "location": "BrugOostertoegang2", "count_area": 79.0, "countline_length": 6 }, "geometry": { "type": "Polygon", "coordinates": [ [ [ 122176.271890430143685, 487960.53033630317077 ], [ 122171.22340251825517, 487951.351267372490838 ], [ 122141.391428493458079, 487962.595626812602859 ], [ 122144.068656931587611, 487967.950083688832819 ], [ 122176.271890430143685, 487960.53033630317077 ] ] ] } },
{ "type": "Feature", "properties": { "sensor": "GASA-02-02", "time": "2025-08-20T11:18:00+02:00", "count_line": 144, "location": "BrugOostertoegang2", "count_area": 232.0, "countline_length": 6 }, "geometry": { "type": "Polygon", "coordinates": [ [ [ 122176.271890430143685, 487960.53033630317077 ], [ 122171.22340251825517, 487951.351267372490838 ], [ 122141.391428493458079, 487962.595626812602859 ], [ 122144.068656931587611, 487967.950083688832819 ], [ 122176.271890430143685, 487960.53033630317077 ] ] ] } },
{ "type": "Feature", "properties": { "sensor": "GASA-02-02", "time": "2025-08-20T11:20:00+02:00", "count_line": 96, "location": "BrugOostertoegang2", "count_area": 171.0, "countline_length": 6 }, "geometry": { "type": "Polygon", "coordinates": [ [ [ 122176.271890430143685, 487960.53033630317077 ], [ 122171.22340251825517, 487951.351267372490838 ], [ 122141.391428493458079, 487962.595626812602859 ], [ 122144.068656931587611, 487967.950083688832819 ], [ 122176.271890430143685, 487960.53033630317077 ] ] ] } },
{ "type": "Feature", "properties": { "sensor": "GASA-02-02", "time": "2025-08-20T11:22:00+02:00", "count_line": 80, "location": "BrugOostertoegang2", "count_area": 156.0, "countline_length": 6 }, "geometry": { "type": "Polygon", "coordinates": [ [ [ 122176.271890430143685, 487960.53033630317077 ], [ 122171.22340251825517, 487951.351267372490838 ], [ 122141.391428493458079, 487962.595626812602859 ], [ 122144.068656931587611, 487967.950083688832819 ], [ 122176.271890430143685, 487960.53033630317077 ] ] ] } },
{ "type": "Feature", "properties": { "sensor": "GASA-02-02", "time": "2025-08-20T11:24:00+02:00", "count_line": 72, "location": "BrugOostertoegang2", "count_area": 113.0, "countline_length": 6 }, "geometry": { "type": "Polygon", "coordinates": [ [ [ 122176.271890430143685, 487960.53033630317077 ], [ 122171.22340251825517, 487951.351267372490838 ], [ 122141.391428493458079, 487962.595626812602859 ], [ 122144.068656931587611, 487967.950083688832819 ], [ 122176.271890430143685, 487960.53033630317077 ] ] ] } },
{ "type": "Feature", "properties": { "sensor": "GASA-02-02", "time": "2025-08-20T11:25:00+02:00", "count_line": 23, "location": "BrugOostertoegang2", "count_area": 41.0, "countline_length": 6 }, "geometry": { "type": "Polygon", "coordinates": [ [ [ 122176.271890430143685, 487960.53033630317077 ], [ 122171.22340251825517, 487951.351267372490838 ], [ 122141.391428493458079, 487962.595626812602859 ], [ 122144.068656931587611, 487967.950083688832819 ], [ 122176.271890430143685, 487960.53033630317077 ] ] ] } },
{ "type": "Feature", "properties": { "sensor": "GASA-02-02", "time": "2025-08-20T11:26:00+02:00", "count_line": 48, "location": "BrugOostertoegang2", "count_area": 78.0, "countline_length": 6 }, "geometry": { "type": "Polygon", "coordinates": [ [ [ 122176.271890430143685, 487960.53033630317077 ], [ 122171.22340251825517, 487951.351267372490838 ], [ 122141.391428493458079, 487962.595626812602859 ], [ 122144.068656931587611, 487967.950083688832819 ], [ 122176.271890430143685, 487960.53033630317077 ] ] ] } },
{ "type": "Feature", "properties": { "sensor": "GASA-02-02", "time": "2025-08-20T11:28:00+02:00", "count_line": 132, "location": "BrugOostertoegang2", "count_area": 212.0, "countline_length": 6 }, "geometry": { "type": "Polygon", "coordinates": [ [ [ 122176.271890430143685, 487960.53033630317077 ], [ 122171.22340251825517, 487951.351267372490838 ], [ 122141.391428493458079, 487962.595626812602859 ], [ 122144.068656931587611, 487967.950083688832819 ], [ 122176.271890430143685, 487960.53033630317077 ] ] ] } },
{ "type": "Feature", "properties": { "sensor": "GASA-02-02", "time": "2025-08-20T11:30:00+02:00", "count_line": 156, "location": "BrugOostertoegang2", "count_area": 258.0, "countline_length": 6 }, "geometry": { "type": "Polygon", "coordinates": [ [ [ 122176.271890430143685, 487960.53033630317077 ], [ 122171.22340251825517, 487951.351267372490838 ], [ 122141.391428493458079, 487962.595626812602859 ], [ 122144.068656931587611, 487967.950083688832819 ], [ 122176.271890430143685, 487960.53033630317077 ] ] ] } },
{ "type": "Feature", "properties": { "sensor": "GASA-02-02", "time": "2025-08-20T11:32:00+02:00", "count_line": 76, "location": "BrugOostertoegang2", "count_area": 129.0, "countline_length": 6 }, "geometry": { "type": "Polygon", "coordinates": [ [ [ 122176.271890430143685, 487960.53033630317077 ], [ 122171.22340251825517, 487951.351267372490838 ], [ 122141.391428493458079, 487962.595626812602859 ], [ 122144.068656931587611, 487967.950083688832819 ], [ 122176.271890430143685, 487960.53033630317077 ] ] ] } },
{ "type": "Feature", "properties": { "sensor": "GASA-02-02", "time": "2025-08-20T11:34:00+02:00", "count_line": 120, "location": "BrugOostertoegang2", "count_area": 187.0, "countline_length": 6 }, "geometry": { "type": "Polygon", "coordinates": [ [ [ 122176.271890430143685, 487960.53033630317077 ], [ 122171.22340251825517, 487951.351267372490838 ], [ 122141.391428493458079, 487962.595626812602859 ], [ 122144.068656931587611, 487967.950083688832819 ], [ 122176.271890430143685, 487960.53033630317077 ] ] ] } },
{ "type": "Feature", "properties": { "sensor": "GASA-02-02", "time": "2025-08-20T11:36:00+02:00", "count_line": 148, "location": "BrugOostertoegang2", "count_area": 235.0, "countline_length": 6 }, "geometry": { "type": "Polygon", "coordinates": [ [ [ 122176.271890430143685, 487960.53033630317077 ], [ 122171.22340251825517, 487951.351267372490838 ], [ 122141.391428493458079, 487962.595626812602859 ], [ 122144.068656931587611, 487967.950083688832819 ], [ 122176.271890430143685, 487960.53033630317077 ] ] ] } },
{ "type": "Feature", "properties": { "sensor": "GASA-02-02", "time": "2025-08-20T11:38:00+02:00", "count_line": 62, "location": "BrugOostertoegang2", "count_area": 99.0, "countline_length": 6 }, "geometry": { "type": "Polygon", "coordinates": [ [ [ 122176.271890430143685, 487960.53033630317077 ], [ 122171.22340251825517, 487951.351267372490838 ], [ 122141.391428493458079, 487962.595626812602859 ], [ 122144.068656931587611, 487967.950083688832819 ], [ 122176.271890430143685, 487960.53033630317077 ] ] ] } },
{ "type": "Feature", "properties": { "sensor": "GASA-02-02", "time": "2025-08-20T11:40:00+02:00", "count_line": 68, "location": "BrugOostertoegang2", "count_area": 111.0, "countline_length": 6 }, "geometry": { "type": "Polygon", "coordinates": [ [ [ 122176.271890430143685, 487960.53033630317077 ], [ 122171.22340251825517, 487951.351267372490838 ], [ 122141.391428493458079, 487962.595626812602859 ], [ 122144.068656931587611, 487967.950083688832819 ], [ 122176.271890430143685, 487960.53033630317077 ] ] ] } },
{ "type": "Feature", "properties": { "sensor": "GASA-02-02", "time": "2025-08-20T11:42:00+02:00", "count_line": 100, "location": "BrugOostertoegang2", "count_area": 173.0, "countline_length": 6 }, "geometry": { "type": "Polygon", "coordinates": [ [ [ 122176.271890430143685, 487960.53033630317077 ], [ 122171.22340251825517, 487951.351267372490838 ], [ 122141.391428493458079, 487962.595626812602859 ], [ 122144.068656931587611, 487967.950083688832819 ], [ 122176.271890430143685, 487960.53033630317077 ] ] ] } },
{ "type": "Feature", "properties": { "sensor": "GASA-02-02", "time": "2025-08-20T11:44:00+02:00", "count_line": 80, "location": "BrugOostertoegang2", "count_area": 149.0, "countline_length": 6 }, "geometry": { "type": "Polygon", "coordinates": [ [ [ 122176.271890430143685, 487960.53033630317077 ], [ 122171.22340251825517, 487951.351267372490838 ], [ 122141.391428493458079, 487962.595626812602859 ], [ 122144.068656931587611, 487967.950083688832819 ], [ 122176.271890430143685, 487960.53033630317077 ] ] ] } },
{ "type": "Feature", "properties": { "sensor": "GASA-02-02", "time": "2025-08-20T11:46:00+02:00", "count_line": 106, "location": "BrugOostertoegang2", "count_area": 184.0, "countline_length": 6 }, "geometry": { "type": "Polygon", "coordinates": [ [ [ 122176.271890430143685, 487960.53033630317077 ], [ 122171.22340251825517, 487951.351267372490838 ], [ 122141.391428493458079, 487962.595626812602859 ], [ 122144.068656931587611, 487967.950083688832819 ], [ 122176.271890430143685, 487960.53033630317077 ] ] ] } },
{ "type": "Feature", "properties": { "sensor": "GASA-02-02", "time": "2025-08-20T11:48:00+02:00", "count_line": 138, "location": "BrugOostertoegang2", "count_area": 231.0, "countline_length": 6 }, "geometry": { "type": "Polygon", "coordinates": [ [ [ 122176.271890430143685, 487960.53033630317077 ], [ 122171.22340251825517, 487951.351267372490838 ], [ 122141.391428493458079, 487962.595626812602859 ], [ 122144.068656931587611, 487967.950083688832819 ], [ 122176.271890430143685, 487960.53033630317077 ] ] ] } },
{ "type": "Feature", "properties": { "sensor": "GASA-02-02", "time": "2025-08-20T11:50:00+02:00", "count_line": 54, "location": "BrugOostertoegang2", "count_area": 100.0, "countline_length": 6 }, "geometry": { "type": "Polygon", "coordinates": [ [ [ 122176.271890430143685, 487960.53033630317077 ], [ 122171.22340251825517, 487951.351267372490838 ], [ 122141.391428493458079, 487962.595626812602859 ], [ 122144.068656931587611, 487967.950083688832819 ], [ 122176.271890430143685, 487960.53033630317077 ] ] ] } },
{ "type": "Feature", "properties": { "sensor": "GASA-02-02", "time": "2025-08-20T11:52:00+02:00", "count_line": 66, "location": "BrugOostertoegang2", "count_area": 107.0, "countline_length": 6 }, "geometry": { "type": "Polygon", "coordinates": [ [ [ 122176.271890430143685, 487960.53033630317077 ], [ 122171.22340251825517, 487951.351267372490838 ], [ 122141.391428493458079, 487962.595626812602859 ], [ 122144.068656931587611, 487967.950083688832819 ], [ 122176.271890430143685, 487960.53033630317077 ] ] ] } },
{ "type": "Feature", "properties": { "sensor": "GASA-02-02", "time": "2025-08-20T11:54:00+02:00", "count_line": 148, "location": "BrugOostertoegang2", "count_area": 237.0, "countline_length": 6 }, "geometry": { "type": "Polygon", "coordinates": [ [ [ 122176.271890430143685, 487960.53033630317077 ], [ 122171.22340251825517, 487951.351267372490838 ], [ 122141.391428493458079, 487962.595626812602859 ], [ 122144.068656931587611, 487967.950083688832819 ], [ 122176.271890430143685, 487960.53033630317077 ] ] ] } },
{ "type": "Feature", "properties": { "sensor": "GASA-02-02", "time": "2025-08-20T11:56:00+02:00", "count_line": 82, "location": "BrugOostertoegang2", "count_area": 162.0, "countline_length": 6 }, "geometry": { "type": "Polygon", "coordinates": [ [ [ 122176.271890430143685, 487960.53033630317077 ], [ 122171.22340251825517, 487951.351267372490838 ], [ 122141.391428493458079, 487962.595626812602859 ], [ 122144.068656931587611, 487967.950083688832819 ], [ 122176.271890430143685, 487960.53033630317077 ] ] ] } },
{ "type": "Feature", "properties": { "sensor": "GASA-02-02", "time": "2025-08-20T11:58:00+02:00", "count_line": 68, "location": "BrugOostertoegang2", "count_area": 106.0, "countline_length": 6 }, "geometry": { "type": "Polygon", "coordinates": [ [ [ 122176.271890430143685, 487960.53033630317077 ], [ 122171.22340251825517, 487951.351267372490838 ], [ 122141.391428493458079, 487962.595626812602859 ], [ 122144.068656931587611, 487967.950083688832819 ], [ 122176.271890430143685, 487960.53033630317077 ] ] ] } },
{ "type": "Feature", "properties": { "sensor": "GASA-02-02", "time": "2025-08-20T12:00:00+02:00", "count_line": 74, "location": "BrugOostertoegang2", "count_area": 124.0, "countline_length": 6 }, "geometry": { "type": "Polygon", "coordinates": [ [ [ 122176.271890430143685, 487960.53033630317077 ], [ 122171.22340251825517, 487951.351267372490838 ], [ 122141.391428493458079, 487962.595626812602859 ], [ 122144.068656931587611, 487967.950083688832819 ], [ 122176.271890430143685, 487960.53033630317077 ] ] ] } },
{ "type": "Feature", "properties": { "sensor": "GASA-02-02", "time": "2025-08-20T12:02:00+02:00", "count_line": 90, "location": "BrugOostertoegang2", "count_area": 140.0, "countline_length": 6 }, "geometry": { "type": "Polygon", "coordinates": [ [ [ 122176.271890430143685, 487960.53033630317077 ], [ 122171.22340251825517, 487951.351267372490838 ], [ 122141.391428493458079, 487962.595626812602859 ], [ 122144.068656931587611, 487967.950083688832819 ], [ 122176.271890430143685, 487960.53033630317077 ] ] ] } },
{ "type": "Feature", "properties": { "sensor": "GASA-02-02", "time": "2025-08-20T12:04:00+02:00", "count_line": 108, "location": "BrugOostertoegang2", "count_area": 177.0, "countline_length": 6 }, "geometry": { "type": "Polygon", "coordinates": [ [ [ 122176.271890430143685, 487960.53033630317077 ], [ 122171.22340251825517, 487951.351267372490838 ], [ 122141.391428493458079, 487962.595626812602859 ], [ 122144.068656931587611, 487967.950083688832819 ], [ 122176.271890430143685, 487960.53033630317077 ] ] ] } },
{ "type": "Feature", "properties": { "sensor": "GASA-02-02", "time": "2025-08-20T12:06:00+02:00", "count_line": 120, "location": "BrugOostertoegang2", "count_area": 239.0, "countline_length": 6 }, "geometry": { "type": "Polygon", "coordinates": [ [ [ 122176.271890430143685, 487960.53033630317077 ], [ 122171.22340251825517, 487951.351267372490838 ], [ 122141.391428493458079, 487962.595626812602859 ], [ 122144.068656931587611, 487967.950083688832819 ], [ 122176.271890430143685, 487960.53033630317077 ] ] ] } },
{ "type": "Feature", "properties": { "sensor": "GASA-02-02", "time": "2025-08-20T12:08:00+02:00", "count_line": 86, "location": "BrugOostertoegang2", "count_area": 166.0, "countline_length": 6 }, "geometry": { "type": "Polygon", "coordinates": [ [ [ 122176.271890430143685, 487960.53033630317077 ], [ 122171.22340251825517, 487951.351267372490838 ], [ 122141.391428493458079, 487962.595626812602859 ], [ 122144.068656931587611, 487967.950083688832819 ], [ 122176.271890430143685, 487960.53033630317077 ] ] ] } },
{ "type": "Feature", "properties": { "sensor": "GASA-02-02", "time": "2025-08-20T12:10:00+02:00", "count_line": 114, "location": "BrugOostertoegang2", "count_area": 190.0, "countline_length": 6 }, "geometry": { "type": "Polygon", "coordinates": [ [ [ 122176.271890430143685, 487960.53033630317077 ], [ 122171.22340251825517, 487951.351267372490838 ], [ 122141.391428493458079, 487962.595626812602859 ], [ 122144.068656931587611, 487967.950083688832819 ], [ 122176.271890430143685, 487960.53033630317077 ] ] ] } },
{ "type": "Feature", "properties": { "sensor": "GASA-02-02", "time": "2025-08-20T12:12:00+02:00", "count_line": 118, "location": "BrugOostertoegang2", "count_area": 194.0, "countline_length": 6 }, "geometry": { "type": "Polygon", "coordinates": [ [ [ 122176.271890430143685, 487960.53033630317077 ], [ 122171.22340251825517, 487951.351267372490838 ], [ 122141.391428493458079, 487962.595626812602859 ], [ 122144.068656931587611, 487967.950083688832819 ], [ 122176.271890430143685, 487960.53033630317077 ] ] ] } },
{ "type": "Feature", "properties": { "sensor": "GASA-02-02", "time": "2025-08-20T12:14:00+02:00", "count_line": 162, "location": "BrugOostertoegang2", "count_area": 318.0, "countline_length": 6 }, "geometry": { "type": "Polygon", "coordinates": [ [ [ 122176.271890430143685, 487960.53033630317077 ], [ 122171.22340251825517, 487951.351267372490838 ], [ 122141.391428493458079, 487962.595626812602859 ], [ 122144.068656931587611, 487967.950083688832819 ], [ 122176.271890430143685, 487960.53033630317077 ] ] ] } },
{ "type": "Feature", "properties": { "sensor": "GASA-02-02", "time": "2025-08-20T12:16:00+02:00", "count_line": 126, "location": "BrugOostertoegang2", "count_area": 193.0, "countline_length": 6 }, "geometry": { "type": "Polygon", "coordinates": [ [ [ 122176.271890430143685, 487960.53033630317077 ], [ 122171.22340251825517, 487951.351267372490838 ], [ 122141.391428493458079, 487962.595626812602859 ], [ 122144.068656931587611, 487967.950083688832819 ], [ 122176.271890430143685, 487960.53033630317077 ] ] ] } },
{ "type": "Feature", "properties": { "sensor": "GASA-02-02", "time": "2025-08-20T12:18:00+02:00", "count_line": 94, "location": "BrugOostertoegang2", "count_area": 174.0, "countline_length": 6 }, "geometry": { "type": "Polygon", "coordinates": [ [ [ 122176.271890430143685, 487960.53033630317077 ], [ 122171.22340251825517, 487951.351267372490838 ], [ 122141.391428493458079, 487962.595626812602859 ], [ 122144.068656931587611, 487967.950083688832819 ], [ 122176.271890430143685, 487960.53033630317077 ] ] ] } },
{ "type": "Feature", "properties": { "sensor": "GASA-02-02", "time": "2025-08-20T12:20:00+02:00", "count_line": 122, "location": "BrugOostertoegang2", "count_area": 198.0, "countline_length": 6 }, "geometry": { "type": "Polygon", "coordinates": [ [ [ 122176.271890430143685, 487960.53033630317077 ], [ 122171.22340251825517, 487951.351267372490838 ], [ 122141.391428493458079, 487962.595626812602859 ], [ 122144.068656931587611, 487967.950083688832819 ], [ 122176.271890430143685, 487960.53033630317077 ] ] ] } },
{ "type": "Feature", "properties": { "sensor": "GASA-02-02", "time": "2025-08-20T12:22:00+02:00", "count_line": 118, "location": "BrugOostertoegang2", "count_area": 204.0, "countline_length": 6 }, "geometry": { "type": "Polygon", "coordinates": [ [ [ 122176.271890430143685, 487960.53033630317077 ], [ 122171.22340251825517, 487951.351267372490838 ], [ 122141.391428493458079, 487962.595626812602859 ], [ 122144.068656931587611, 487967.950083688832819 ], [ 122176.271890430143685, 487960.53033630317077 ] ] ] } },
{ "type": "Feature", "properties": { "sensor": "GASA-02-02", "time": "2025-08-20T12:24:00+02:00", "count_line": 136, "location": "BrugOostertoegang2", "count_area": 230.0, "countline_length": 6 }, "geometry": { "type": "Polygon", "coordinates": [ [ [ 122176.271890430143685, 487960.53033630317077 ], [ 122171.22340251825517, 487951.351267372490838 ], [ 122141.391428493458079, 487962.595626812602859 ], [ 122144.068656931587611, 487967.950083688832819 ], [ 122176.271890430143685, 487960.53033630317077 ] ] ] } },
{ "type": "Feature", "properties": { "sensor": "GASA-02-02", "time": "2025-08-20T12:26:00+02:00", "count_line": 136, "location": "BrugOostertoegang2", "count_area": 225.0, "countline_length": 6 }, "geometry": { "type": "Polygon", "coordinates": [ [ [ 122176.271890430143685, 487960.53033630317077 ], [ 122171.22340251825517, 487951.351267372490838 ], [ 122141.391428493458079, 487962.595626812602859 ], [ 122144.068656931587611, 487967.950083688832819 ], [ 122176.271890430143685, 487960.53033630317077 ] ] ] } },
{ "type": "Feature", "properties": { "sensor": "GASA-02-02", "time": "2025-08-20T12:28:00+02:00", "count_line": 114, "location": "BrugOostertoegang2", "count_area": 217.0, "countline_length": 6 }, "geometry": { "type": "Polygon", "coordinates": [ [ [ 122176.271890430143685, 487960.53033630317077 ], [ 122171.22340251825517, 487951.351267372490838 ], [ 122141.391428493458079, 487962.595626812602859 ], [ 122144.068656931587611, 487967.950083688832819 ], [ 122176.271890430143685, 487960.53033630317077 ] ] ] } },
{ "type": "Feature", "properties": { "sensor": "GASA-02-02", "time": "2025-08-20T12:30:00+02:00", "count_line": 82, "location": "BrugOostertoegang2", "count_area": 162.0, "countline_length": 6 }, "geometry": { "type": "Polygon", "coordinates": [ [ [ 122176.271890430143685, 487960.53033630317077 ], [ 122171.22340251825517, 487951.351267372490838 ], [ 122141.391428493458079, 487962.595626812602859 ], [ 122144.068656931587611, 487967.950083688832819 ], [ 122176.271890430143685, 487960.53033630317077 ] ] ] } },
{ "type": "Feature", "properties": { "sensor": "GASA-02-02", "time": "2025-08-20T12:32:00+02:00", "count_line": 222, "location": "BrugOostertoegang2", "count_area": 412.0, "countline_length": 6 }, "geometry": { "type": "Polygon", "coordinates": [ [ [ 122176.271890430143685, 487960.53033630317077 ], [ 122171.22340251825517, 487951.351267372490838 ], [ 122141.391428493458079, 487962.595626812602859 ], [ 122144.068656931587611, 487967.950083688832819 ], [ 122176.271890430143685, 487960.53033630317077 ] ] ] } },
{ "type": "Feature", "properties": { "sensor": "GASA-02-02", "time": "2025-08-20T12:34:00+02:00", "count_line": 114, "location": "BrugOostertoegang2", "count_area": 174.0, "countline_length": 6 }, "geometry": { "type": "Polygon", "coordinates": [ [ [ 122176.271890430143685, 487960.53033630317077 ], [ 122171.22340251825517, 487951.351267372490838 ], [ 122141.391428493458079, 487962.595626812602859 ], [ 122144.068656931587611, 487967.950083688832819 ], [ 122176.271890430143685, 487960.53033630317077 ] ] ] } },
{ "type": "Feature", "properties": { "sensor": "GASA-02-02", "time": "2025-08-20T12:36:00+02:00", "count_line": 96, "location": "BrugOostertoegang2", "count_area": 150.0, "countline_length": 6 }, "geometry": { "type": "Polygon", "coordinates": [ [ [ 122176.271890430143685, 487960.53033630317077 ], [ 122171.22340251825517, 487951.351267372490838 ], [ 122141.391428493458079, 487962.595626812602859 ], [ 122144.068656931587611, 487967.950083688832819 ], [ 122176.271890430143685, 487960.53033630317077 ] ] ] } },
{ "type": "Feature", "properties": { "sensor": "GASA-02-02", "time": "2025-08-20T12:38:00+02:00", "count_line": 194, "location": "BrugOostertoegang2", "count_area": 327.0, "countline_length": 6 }, "geometry": { "type": "Polygon", "coordinates": [ [ [ 122176.271890430143685, 487960.53033630317077 ], [ 122171.22340251825517, 487951.351267372490838 ], [ 122141.391428493458079, 487962.595626812602859 ], [ 122144.068656931587611, 487967.950083688832819 ], [ 122176.271890430143685, 487960.53033630317077 ] ] ] } },
{ "type": "Feature", "properties": { "sensor": "GASA-02-02", "time": "2025-08-20T12:40:00+02:00", "count_line": 108, "location": "BrugOostertoegang2", "count_area": 172.0, "countline_length": 6 }, "geometry": { "type": "Polygon", "coordinates": [ [ [ 122176.271890430143685, 487960.53033630317077 ], [ 122171.22340251825517, 487951.351267372490838 ], [ 122141.391428493458079, 487962.595626812602859 ], [ 122144.068656931587611, 487967.950083688832819 ], [ 122176.271890430143685, 487960.53033630317077 ] ] ] } },
{ "type": "Feature", "properties": { "sensor": "GASA-02-02", "time": "2025-08-20T12:42:00+02:00", "count_line": 144, "location": "BrugOostertoegang2", "count_area": 279.0, "countline_length": 6 }, "geometry": { "type": "Polygon", "coordinates": [ [ [ 122176.271890430143685, 487960.53033630317077 ], [ 122171.22340251825517, 487951.351267372490838 ], [ 122141.391428493458079, 487962.595626812602859 ], [ 122144.068656931587611, 487967.950083688832819 ], [ 122176.271890430143685, 487960.53033630317077 ] ] ] } },
{ "type": "Feature", "properties": { "sensor": "GASA-02-02", "time": "2025-08-20T12:44:00+02:00", "count_line": 94, "location": "BrugOostertoegang2", "count_area": 145.0, "countline_length": 6 }, "geometry": { "type": "Polygon", "coordinates": [ [ [ 122176.271890430143685, 487960.53033630317077 ], [ 122171.22340251825517, 487951.351267372490838 ], [ 122141.391428493458079, 487962.595626812602859 ], [ 122144.068656931587611, 487967.950083688832819 ], [ 122176.271890430143685, 487960.53033630317077 ] ] ] } },
{ "type": "Feature", "properties": { "sensor": "GASA-02-02", "time": "2025-08-20T12:46:00+02:00", "count_line": 148, "location": "BrugOostertoegang2", "count_area": 273.0, "countline_length": 6 }, "geometry": { "type": "Polygon", "coordinates": [ [ [ 122176.271890430143685, 487960.53033630317077 ], [ 122171.22340251825517, 487951.351267372490838 ], [ 122141.391428493458079, 487962.595626812602859 ], [ 122144.068656931587611, 487967.950083688832819 ], [ 122176.271890430143685, 487960.53033630317077 ] ] ] } },
{ "type": "Feature", "properties": { "sensor": "GASA-02-02", "time": "2025-08-20T12:48:00+02:00", "count_line": 148, "location": "BrugOostertoegang2", "count_area": 266.0, "countline_length": 6 }, "geometry": { "type": "Polygon", "coordinates": [ [ [ 122176.271890430143685, 487960.53033630317077 ], [ 122171.22340251825517, 487951.351267372490838 ], [ 122141.391428493458079, 487962.595626812602859 ], [ 122144.068656931587611, 487967.950083688832819 ], [ 122176.271890430143685, 487960.53033630317077 ] ] ] } },
{ "type": "Feature", "properties": { "sensor": "GASA-02-02", "time": "2025-08-20T12:50:00+02:00", "count_line": 160, "location": "BrugOostertoegang2", "count_area": 312.0, "countline_length": 6 }, "geometry": { "type": "Polygon", "coordinates": [ [ [ 122176.271890430143685, 487960.53033630317077 ], [ 122171.22340251825517, 487951.351267372490838 ], [ 122141.391428493458079, 487962.595626812602859 ], [ 122144.068656931587611, 487967.950083688832819 ], [ 122176.271890430143685, 487960.53033630317077 ] ] ] } },
{ "type": "Feature", "properties": { "sensor": "GASA-02-02", "time": "2025-08-20T12:52:00+02:00", "count_line": 140, "location": "BrugOostertoegang2", "count_area": 213.0, "countline_length": 6 }, "geometry": { "type": "Polygon", "coordinates": [ [ [ 122176.271890430143685, 487960.53033630317077 ], [ 122171.22340251825517, 487951.351267372490838 ], [ 122141.391428493458079, 487962.595626812602859 ], [ 122144.068656931587611, 487967.950083688832819 ], [ 122176.271890430143685, 487960.53033630317077 ] ] ] } },
{ "type": "Feature", "properties": { "sensor": "GASA-02-02", "time": "2025-08-20T12:54:00+02:00", "count_line": 66, "location": "BrugOostertoegang2", "count_area": 102.0, "countline_length": 6 }, "geometry": { "type": "Polygon", "coordinates": [ [ [ 122176.271890430143685, 487960.53033630317077 ], [ 122171.22340251825517, 487951.351267372490838 ], [ 122141.391428493458079, 487962.595626812602859 ], [ 122144.068656931587611, 487967.950083688832819 ], [ 122176.271890430143685, 487960.53033630317077 ] ] ] } },
{ "type": "Feature", "properties": { "sensor": "GASA-02-02", "time": "2025-08-20T12:56:00+02:00", "count_line": 116, "location": "BrugOostertoegang2", "count_area": 213.0, "countline_length": 6 }, "geometry": { "type": "Polygon", "coordinates": [ [ [ 122176.271890430143685, 487960.53033630317077 ], [ 122171.22340251825517, 487951.351267372490838 ], [ 122141.391428493458079, 487962.595626812602859 ], [ 122144.068656931587611, 487967.950083688832819 ], [ 122176.271890430143685, 487960.53033630317077 ] ] ] } },
{ "type": "Feature", "properties": { "sensor": "GASA-02-02", "time": "2025-08-20T12:58:00+02:00", "count_line": 162, "location": "BrugOostertoegang2", "count_area": 314.0, "countline_length": 6 }, "geometry": { "type": "Polygon", "coordinates": [ [ [ 122176.271890430143685, 487960.53033630317077 ], [ 122171.22340251825517, 487951.351267372490838 ], [ 122141.391428493458079, 487962.595626812602859 ], [ 122144.068656931587611, 487967.950083688832819 ], [ 122176.271890430143685, 487960.53033630317077 ] ] ] } },
{ "type": "Feature", "properties": { "sensor": "GASA-02-02", "time": "2025-08-20T13:00:00+02:00", "count_line": 192, "location": "BrugOostertoegang2", "count_area": 336.0, "countline_length": 6 }, "geometry": { "type": "Polygon", "coordinates": [ [ [ 122176.271890430143685, 487960.53033630317077 ], [ 122171.22340251825517, 487951.351267372490838 ], [ 122141.391428493458079, 487962.595626812602859 ], [ 122144.068656931587611, 487967.950083688832819 ], [ 122176.271890430143685, 487960.53033630317077 ] ] ] } },
{ "type": "Feature", "properties": { "sensor": "GASA-02-02", "time": "2025-08-20T13:02:00+02:00", "count_line": 106, "location": "BrugOostertoegang2", "count_area": 175.0, "countline_length": 6 }, "geometry": { "type": "Polygon", "coordinates": [ [ [ 122176.271890430143685, 487960.53033630317077 ], [ 122171.22340251825517, 487951.351267372490838 ], [ 122141.391428493458079, 487962.595626812602859 ], [ 122144.068656931587611, 487967.950083688832819 ], [ 122176.271890430143685, 487960.53033630317077 ] ] ] } },
{ "type": "Feature", "properties": { "sensor": "GASA-02-02", "time": "2025-08-20T13:04:00+02:00", "count_line": 68, "location": "BrugOostertoegang2", "count_area": 104.0, "countline_length": 6 }, "geometry": { "type": "Polygon", "coordinates": [ [ [ 122176.271890430143685, 487960.53033630317077 ], [ 122171.22340251825517, 487951.351267372490838 ], [ 122141.391428493458079, 487962.595626812602859 ], [ 122144.068656931587611, 487967.950083688832819 ], [ 122176.271890430143685, 487960.53033630317077 ] ] ] } },
{ "type": "Feature", "properties": { "sensor": "GASA-02-02", "time": "2025-08-20T13:06:00+02:00", "count_line": 150, "location": "BrugOostertoegang2", "count_area": 241.0, "countline_length": 6 }, "geometry": { "type": "Polygon", "coordinates": [ [ [ 122176.271890430143685, 487960.53033630317077 ], [ 122171.22340251825517, 487951.351267372490838 ], [ 122141.391428493458079, 487962.595626812602859 ], [ 122144.068656931587611, 487967.950083688832819 ], [ 122176.271890430143685, 487960.53033630317077 ] ] ] } },
{ "type": "Feature", "properties": { "sensor": "GASA-02-02", "time": "2025-08-20T13:08:00+02:00", "count_line": 138, "location": "BrugOostertoegang2", "count_area": 251.0, "countline_length": 6 }, "geometry": { "type": "Polygon", "coordinates": [ [ [ 122176.271890430143685, 487960.53033630317077 ], [ 122171.22340251825517, 487951.351267372490838 ], [ 122141.391428493458079, 487962.595626812602859 ], [ 122144.068656931587611, 487967.950083688832819 ], [ 122176.271890430143685, 487960.53033630317077 ] ] ] } },
{ "type": "Feature", "properties": { "sensor": "GASA-02-02", "time": "2025-08-20T13:10:00+02:00", "count_line": 120, "location": "BrugOostertoegang2", "count_area": 189.0, "countline_length": 6 }, "geometry": { "type": "Polygon", "coordinates": [ [ [ 122176.271890430143685, 487960.53033630317077 ], [ 122171.22340251825517, 487951.351267372490838 ], [ 122141.391428493458079, 487962.595626812602859 ], [ 122144.068656931587611, 487967.950083688832819 ], [ 122176.271890430143685, 487960.53033630317077 ] ] ] } },
{ "type": "Feature", "properties": { "sensor": "GASA-02-02", "time": "2025-08-20T13:12:00+02:00", "count_line": 130, "location": "BrugOostertoegang2", "count_area": 242.0, "countline_length": 6 }, "geometry": { "type": "Polygon", "coordinates": [ [ [ 122176.271890430143685, 487960.53033630317077 ], [ 122171.22340251825517, 487951.351267372490838 ], [ 122141.391428493458079, 487962.595626812602859 ], [ 122144.068656931587611, 487967.950083688832819 ], [ 122176.271890430143685, 487960.53033630317077 ] ] ] } },
{ "type": "Feature", "properties": { "sensor": "GASA-02-02", "time": "2025-08-20T13:14:00+02:00", "count_line": 77, "location": "BrugOostertoegang2", "count_area": 128.0, "countline_length": 6 }, "geometry": { "type": "Polygon", "coordinates": [ [ [ 122176.271890430143685, 487960.53033630317077 ], [ 122171.22340251825517, 487951.351267372490838 ], [ 122141.391428493458079, 487962.595626812602859 ], [ 122144.068656931587611, 487967.950083688832819 ], [ 122176.271890430143685, 487960.53033630317077 ] ] ] } },
{ "type": "Feature", "properties": { "sensor": "GASA-02-02", "time": "2025-08-20T13:15:00+02:00", "count_line": 60, "location": "BrugOostertoegang2", "count_area": 118.0, "countline_length": 6 }, "geometry": { "type": "Polygon", "coordinates": [ [ [ 122176.271890430143685, 487960.53033630317077 ], [ 122171.22340251825517, 487951.351267372490838 ], [ 122141.391428493458079, 487962.595626812602859 ], [ 122144.068656931587611, 487967.950083688832819 ], [ 122176.271890430143685, 487960.53033630317077 ] ] ] } },
{ "type": "Feature", "properties": { "sensor": "GASA-02-02", "time": "2025-08-20T13:16:00+02:00", "count_line": 162, "location": "BrugOostertoegang2", "count_area": 289.0, "countline_length": 6 }, "geometry": { "type": "Polygon", "coordinates": [ [ [ 122176.271890430143685, 487960.53033630317077 ], [ 122171.22340251825517, 487951.351267372490838 ], [ 122141.391428493458079, 487962.595626812602859 ], [ 122144.068656931587611, 487967.950083688832819 ], [ 122176.271890430143685, 487960.53033630317077 ] ] ] } },
{ "type": "Feature", "properties": { "sensor": "GASA-02-02", "time": "2025-08-20T13:18:00+02:00", "count_line": 140, "location": "BrugOostertoegang2", "count_area": 212.0, "countline_length": 6 }, "geometry": { "type": "Polygon", "coordinates": [ [ [ 122176.271890430143685, 487960.53033630317077 ], [ 122171.22340251825517, 487951.351267372490838 ], [ 122141.391428493458079, 487962.595626812602859 ], [ 122144.068656931587611, 487967.950083688832819 ], [ 122176.271890430143685, 487960.53033630317077 ] ] ] } },
{ "type": "Feature", "properties": { "sensor": "GASA-02-02", "time": "2025-08-20T13:20:00+02:00", "count_line": 132, "location": "BrugOostertoegang2", "count_area": 198.0, "countline_length": 6 }, "geometry": { "type": "Polygon", "coordinates": [ [ [ 122176.271890430143685, 487960.53033630317077 ], [ 122171.22340251825517, 487951.351267372490838 ], [ 122141.391428493458079, 487962.595626812602859 ], [ 122144.068656931587611, 487967.950083688832819 ], [ 122176.271890430143685, 487960.53033630317077 ] ] ] } },
{ "type": "Feature", "properties": { "sensor": "GASA-02-02", "time": "2025-08-20T13:22:00+02:00", "count_line": 65, "location": "BrugOostertoegang2", "count_area": 124.0, "countline_length": 6 }, "geometry": { "type": "Polygon", "coordinates": [ [ [ 122176.271890430143685, 487960.53033630317077 ], [ 122171.22340251825517, 487951.351267372490838 ], [ 122141.391428493458079, 487962.595626812602859 ], [ 122144.068656931587611, 487967.950083688832819 ], [ 122176.271890430143685, 487960.53033630317077 ] ] ] } },
{ "type": "Feature", "properties": { "sensor": "GASA-02-02", "time": "2025-08-20T13:24:00+02:00", "count_line": 41, "location": "BrugOostertoegang2", "count_area": 76.0, "countline_length": 6 }, "geometry": { "type": "Polygon", "coordinates": [ [ [ 122176.271890430143685, 487960.53033630317077 ], [ 122171.22340251825517, 487951.351267372490838 ], [ 122141.391428493458079, 487962.595626812602859 ], [ 122144.068656931587611, 487967.950083688832819 ], [ 122176.271890430143685, 487960.53033630317077 ] ] ] } },
{ "type": "Feature", "properties": { "sensor": "GASA-02-02", "time": "2025-08-20T13:26:00+02:00", "count_line": 76, "location": "BrugOostertoegang2", "count_area": 118.0, "countline_length": 6 }, "geometry": { "type": "Polygon", "coordinates": [ [ [ 122176.271890430143685, 487960.53033630317077 ], [ 122171.22340251825517, 487951.351267372490838 ], [ 122141.391428493458079, 487962.595626812602859 ], [ 122144.068656931587611, 487967.950083688832819 ], [ 122176.271890430143685, 487960.53033630317077 ] ] ] } },
{ "type": "Feature", "properties": { "sensor": "GASA-02-02", "time": "2025-08-20T13:28:00+02:00", "count_line": 116, "location": "BrugOostertoegang2", "count_area": 183.0, "countline_length": 6 }, "geometry": { "type": "Polygon", "coordinates": [ [ [ 122176.271890430143685, 487960.53033630317077 ], [ 122171.22340251825517, 487951.351267372490838 ], [ 122141.391428493458079, 487962.595626812602859 ], [ 122144.068656931587611, 487967.950083688832819 ], [ 122176.271890430143685, 487960.53033630317077 ] ] ] } },
{ "type": "Feature", "properties": { "sensor": "GASA-02-02", "time": "2025-08-20T13:30:00+02:00", "count_line": 96, "location": "BrugOostertoegang2", "count_area": 147.0, "countline_length": 6 }, "geometry": { "type": "Polygon", "coordinates": [ [ [ 122176.271890430143685, 487960.53033630317077 ], [ 122171.22340251825517, 487951.351267372490838 ], [ 122141.391428493458079, 487962.595626812602859 ], [ 122144.068656931587611, 487967.950083688832819 ], [ 122176.271890430143685, 487960.53033630317077 ] ] ] } },
{ "type": "Feature", "properties": { "sensor": "GASA-02-02", "time": "2025-08-20T13:32:00+02:00", "count_line": 148, "location": "BrugOostertoegang2", "count_area": 230.0, "countline_length": 6 }, "geometry": { "type": "Polygon", "coordinates": [ [ [ 122176.271890430143685, 487960.53033630317077 ], [ 122171.22340251825517, 487951.351267372490838 ], [ 122141.391428493458079, 487962.595626812602859 ], [ 122144.068656931587611, 487967.950083688832819 ], [ 122176.271890430143685, 487960.53033630317077 ] ] ] } },
{ "type": "Feature", "properties": { "sensor": "GASA-02-02", "time": "2025-08-20T13:34:00+02:00", "count_line": 60, "location": "BrugOostertoegang2", "count_area": 119.0, "countline_length": 6 }, "geometry": { "type": "Polygon", "coordinates": [ [ [ 122176.271890430143685, 487960.53033630317077 ], [ 122171.22340251825517, 487951.351267372490838 ], [ 122141.391428493458079, 487962.595626812602859 ], [ 122144.068656931587611, 487967.950083688832819 ], [ 122176.271890430143685, 487960.53033630317077 ] ] ] } },
{ "type": "Feature", "properties": { "sensor": "GASA-02-02", "time": "2025-08-20T13:36:00+02:00", "count_line": 178, "location": "BrugOostertoegang2", "count_area": 313.0, "countline_length": 6 }, "geometry": { "type": "Polygon", "coordinates": [ [ [ 122176.271890430143685, 487960.53033630317077 ], [ 122171.22340251825517, 487951.351267372490838 ], [ 122141.391428493458079, 487962.595626812602859 ], [ 122144.068656931587611, 487967.950083688832819 ], [ 122176.271890430143685, 487960.53033630317077 ] ] ] } },
{ "type": "Feature", "properties": { "sensor": "GASA-02-02", "time": "2025-08-20T13:38:00+02:00", "count_line": 156, "location": "BrugOostertoegang2", "count_area": 237.0, "countline_length": 6 }, "geometry": { "type": "Polygon", "coordinates": [ [ [ 122176.271890430143685, 487960.53033630317077 ], [ 122171.22340251825517, 487951.351267372490838 ], [ 122141.391428493458079, 487962.595626812602859 ], [ 122144.068656931587611, 487967.950083688832819 ], [ 122176.271890430143685, 487960.53033630317077 ] ] ] } },
{ "type": "Feature", "properties": { "sensor": "GASA-02-02", "time": "2025-08-20T13:40:00+02:00", "count_line": 136, "location": "BrugOostertoegang2", "count_area": 260.0, "countline_length": 6 }, "geometry": { "type": "Polygon", "coordinates": [ [ [ 122176.271890430143685, 487960.53033630317077 ], [ 122171.22340251825517, 487951.351267372490838 ], [ 122141.391428493458079, 487962.595626812602859 ], [ 122144.068656931587611, 487967.950083688832819 ], [ 122176.271890430143685, 487960.53033630317077 ] ] ] } },
{ "type": "Feature", "properties": { "sensor": "GASA-02-02", "time": "2025-08-20T13:42:00+02:00", "count_line": 132, "location": "BrugOostertoegang2", "count_area": 262.0, "countline_length": 6 }, "geometry": { "type": "Polygon", "coordinates": [ [ [ 122176.271890430143685, 487960.53033630317077 ], [ 122171.22340251825517, 487951.351267372490838 ], [ 122141.391428493458079, 487962.595626812602859 ], [ 122144.068656931587611, 487967.950083688832819 ], [ 122176.271890430143685, 487960.53033630317077 ] ] ] } },
{ "type": "Feature", "properties": { "sensor": "GASA-02-02", "time": "2025-08-20T13:44:00+02:00", "count_line": 73, "location": "BrugOostertoegang2", "count_area": 131.0, "countline_length": 6 }, "geometry": { "type": "Polygon", "coordinates": [ [ [ 122176.271890430143685, 487960.53033630317077 ], [ 122171.22340251825517, 487951.351267372490838 ], [ 122141.391428493458079, 487962.595626812602859 ], [ 122144.068656931587611, 487967.950083688832819 ], [ 122176.271890430143685, 487960.53033630317077 ] ] ] } },
{ "type": "Feature", "properties": { "sensor": "GASA-02-02", "time": "2025-08-20T13:46:00+02:00", "count_line": 126, "location": "BrugOostertoegang2", "count_area": 237.0, "countline_length": 6 }, "geometry": { "type": "Polygon", "coordinates": [ [ [ 122176.271890430143685, 487960.53033630317077 ], [ 122171.22340251825517, 487951.351267372490838 ], [ 122141.391428493458079, 487962.595626812602859 ], [ 122144.068656931587611, 487967.950083688832819 ], [ 122176.271890430143685, 487960.53033630317077 ] ] ] } },
{ "type": "Feature", "properties": { "sensor": "GASA-02-02", "time": "2025-08-20T13:56:00+02:00", "count_line": 69, "location": "BrugOostertoegang2", "count_area": 136.0, "countline_length": 6 }, "geometry": { "type": "Polygon", "coordinates": [ [ [ 122176.271890430143685, 487960.53033630317077 ], [ 122171.22340251825517, 487951.351267372490838 ], [ 122141.391428493458079, 487962.595626812602859 ], [ 122144.068656931587611, 487967.950083688832819 ], [ 122176.271890430143685, 487960.53033630317077 ] ] ] } },
{ "type": "Feature", "properties": { "sensor": "GASA-02-02", "time": "2025-08-20T13:58:00+02:00", "count_line": 73, "location": "BrugOostertoegang2", "count_area": 120.0, "countline_length": 6 }, "geometry": { "type": "Polygon", "coordinates": [ [ [ 122176.271890430143685, 487960.53033630317077 ], [ 122171.22340251825517, 487951.351267372490838 ], [ 122141.391428493458079, 487962.595626812602859 ], [ 122144.068656931587611, 487967.950083688832819 ], [ 122176.271890430143685, 487960.53033630317077 ] ] ] } },
{ "type": "Feature", "properties": { "sensor": "GASA-02-02", "time": "2025-08-20T14:00:00+02:00", "count_line": 70, "location": "BrugOostertoegang2", "count_area": 116.0, "countline_length": 6 }, "geometry": { "type": "Polygon", "coordinates": [ [ [ 122176.271890430143685, 487960.53033630317077 ], [ 122171.22340251825517, 487951.351267372490838 ], [ 122141.391428493458079, 487962.595626812602859 ], [ 122144.068656931587611, 487967.950083688832819 ], [ 122176.271890430143685, 487960.53033630317077 ] ] ] } },
{ "type": "Feature", "properties": { "sensor": "GASA-02-02", "time": "2025-08-20T14:01:00+02:00", "count_line": 92, "location": "BrugOostertoegang2", "count_area": 168.0, "countline_length": 6 }, "geometry": { "type": "Polygon", "coordinates": [ [ [ 122176.271890430143685, 487960.53033630317077 ], [ 122171.22340251825517, 487951.351267372490838 ], [ 122141.391428493458079, 487962.595626812602859 ], [ 122144.068656931587611, 487967.950083688832819 ], [ 122176.271890430143685, 487960.53033630317077 ] ] ] } },
{ "type": "Feature", "properties": { "sensor": "GASA-02-02", "time": "2025-08-20T14:02:00+02:00", "count_line": 46, "location": "BrugOostertoegang2", "count_area": 72.0, "countline_length": 6 }, "geometry": { "type": "Polygon", "coordinates": [ [ [ 122176.271890430143685, 487960.53033630317077 ], [ 122171.22340251825517, 487951.351267372490838 ], [ 122141.391428493458079, 487962.595626812602859 ], [ 122144.068656931587611, 487967.950083688832819 ], [ 122176.271890430143685, 487960.53033630317077 ] ] ] } },
{ "type": "Feature", "properties": { "sensor": "GASA-02-02", "time": "2025-08-20T14:04:00+02:00", "count_line": 79, "location": "BrugOostertoegang2", "count_area": 131.0, "countline_length": 6 }, "geometry": { "type": "Polygon", "coordinates": [ [ [ 122176.271890430143685, 487960.53033630317077 ], [ 122171.22340251825517, 487951.351267372490838 ], [ 122141.391428493458079, 487962.595626812602859 ], [ 122144.068656931587611, 487967.950083688832819 ], [ 122176.271890430143685, 487960.53033630317077 ] ] ] } },
{ "type": "Feature", "properties": { "sensor": "GASA-02-02", "time": "2025-08-20T14:06:00+02:00", "count_line": 45, "location": "BrugOostertoegang2", "count_area": 88.0, "countline_length": 6 }, "geometry": { "type": "Polygon", "coordinates": [ [ [ 122176.271890430143685, 487960.53033630317077 ], [ 122171.22340251825517, 487951.351267372490838 ], [ 122141.391428493458079, 487962.595626812602859 ], [ 122144.068656931587611, 487967.950083688832819 ], [ 122176.271890430143685, 487960.53033630317077 ] ] ] } },
{ "type": "Feature", "properties": { "sensor": "GASA-02-02", "time": "2025-08-20T14:08:00+02:00", "count_line": 79, "location": "BrugOostertoegang2", "count_area": 128.0, "countline_length": 6 }, "geometry": { "type": "Polygon", "coordinates": [ [ [ 122176.271890430143685, 487960.53033630317077 ], [ 122171.22340251825517, 487951.351267372490838 ], [ 122141.391428493458079, 487962.595626812602859 ], [ 122144.068656931587611, 487967.950083688832819 ], [ 122176.271890430143685, 487960.53033630317077 ] ] ] } },
{ "type": "Feature", "properties": { "sensor": "GASA-02-02", "time": "2025-08-20T14:10:00+02:00", "count_line": 50, "location": "BrugOostertoegang2", "count_area": 88.0, "countline_length": 6 }, "geometry": { "type": "Polygon", "coordinates": [ [ [ 122176.271890430143685, 487960.53033630317077 ], [ 122171.22340251825517, 487951.351267372490838 ], [ 122141.391428493458079, 487962.595626812602859 ], [ 122144.068656931587611, 487967.950083688832819 ], [ 122176.271890430143685, 487960.53033630317077 ] ] ] } },
{ "type": "Feature", "properties": { "sensor": "GASA-02-02", "time": "2025-08-20T14:12:00+02:00", "count_line": 51, "location": "BrugOostertoegang2", "count_area": 80.0, "countline_length": 6 }, "geometry": { "type": "Polygon", "coordinates": [ [ [ 122176.271890430143685, 487960.53033630317077 ], [ 122171.22340251825517, 487951.351267372490838 ], [ 122141.391428493458079, 487962.595626812602859 ], [ 122144.068656931587611, 487967.950083688832819 ], [ 122176.271890430143685, 487960.53033630317077 ] ] ] } },
{ "type": "Feature", "properties": { "sensor": "GASA-02-02", "time": "2025-08-20T14:14:00+02:00", "count_line": 64, "location": "BrugOostertoegang2", "count_area": 98.0, "countline_length": 6 }, "geometry": { "type": "Polygon", "coordinates": [ [ [ 122176.271890430143685, 487960.53033630317077 ], [ 122171.22340251825517, 487951.351267372490838 ], [ 122141.391428493458079, 487962.595626812602859 ], [ 122144.068656931587611, 487967.950083688832819 ], [ 122176.271890430143685, 487960.53033630317077 ] ] ] } },
{ "type": "Feature", "properties": { "sensor": "GASA-02-02", "time": "2025-08-20T14:16:00+02:00", "count_line": 41, "location": "BrugOostertoegang2", "count_area": 66.0, "countline_length": 6 }, "geometry": { "type": "Polygon", "coordinates": [ [ [ 122176.271890430143685, 487960.53033630317077 ], [ 122171.22340251825517, 487951.351267372490838 ], [ 122141.391428493458079, 487962.595626812602859 ], [ 122144.068656931587611, 487967.950083688832819 ], [ 122176.271890430143685, 487960.53033630317077 ] ] ] } },
{ "type": "Feature", "properties": { "sensor": "GASA-02-02", "time": "2025-08-20T14:18:00+02:00", "count_line": 65, "location": "BrugOostertoegang2", "count_area": 104.0, "countline_length": 6 }, "geometry": { "type": "Polygon", "coordinates": [ [ [ 122176.271890430143685, 487960.53033630317077 ], [ 122171.22340251825517, 487951.351267372490838 ], [ 122141.391428493458079, 487962.595626812602859 ], [ 122144.068656931587611, 487967.950083688832819 ], [ 122176.271890430143685, 487960.53033630317077 ] ] ] } },
{ "type": "Feature", "properties": { "sensor": "GASA-02-02", "time": "2025-08-20T14:20:00+02:00", "count_line": 51, "location": "BrugOostertoegang2", "count_area": 78.0, "countline_length": 6 }, "geometry": { "type": "Polygon", "coordinates": [ [ [ 122176.271890430143685, 487960.53033630317077 ], [ 122171.22340251825517, 487951.351267372490838 ], [ 122141.391428493458079, 487962.595626812602859 ], [ 122144.068656931587611, 487967.950083688832819 ], [ 122176.271890430143685, 487960.53033630317077 ] ] ] } },
{ "type": "Feature", "properties": { "sensor": "GASA-02-02", "time": "2025-08-20T14:22:00+02:00", "count_line": 45, "location": "BrugOostertoegang2", "count_area": 77.0, "countline_length": 6 }, "geometry": { "type": "Polygon", "coordinates": [ [ [ 122176.271890430143685, 487960.53033630317077 ], [ 122171.22340251825517, 487951.351267372490838 ], [ 122141.391428493458079, 487962.595626812602859 ], [ 122144.068656931587611, 487967.950083688832819 ], [ 122176.271890430143685, 487960.53033630317077 ] ] ] } },
{ "type": "Feature", "properties": { "sensor": "GASA-02-02", "time": "2025-08-20T14:23:00+02:00", "count_line": 58, "location": "BrugOostertoegang2", "count_area": 105.0, "countline_length": 6 }, "geometry": { "type": "Polygon", "coordinates": [ [ [ 122176.271890430143685, 487960.53033630317077 ], [ 122171.22340251825517, 487951.351267372490838 ], [ 122141.391428493458079, 487962.595626812602859 ], [ 122144.068656931587611, 487967.950083688832819 ], [ 122176.271890430143685, 487960.53033630317077 ] ] ] } },
{ "type": "Feature", "properties": { "sensor": "GASA-02-02", "time": "2025-08-20T14:24:00+02:00", "count_line": 79, "location": "BrugOostertoegang2", "count_area": 119.0, "countline_length": 6 }, "geometry": { "type": "Polygon", "coordinates": [ [ [ 122176.271890430143685, 487960.53033630317077 ], [ 122171.22340251825517, 487951.351267372490838 ], [ 122141.391428493458079, 487962.595626812602859 ], [ 122144.068656931587611, 487967.950083688832819 ], [ 122176.271890430143685, 487960.53033630317077 ] ] ] } },
{ "type": "Feature", "properties": { "sensor": "GASA-02-02", "time": "2025-08-20T14:26:00+02:00", "count_line": 34, "location": "BrugOostertoegang2", "count_area": 62.0, "countline_length": 6 }, "geometry": { "type": "Polygon", "coordinates": [ [ [ 122176.271890430143685, 487960.53033630317077 ], [ 122171.22340251825517, 487951.351267372490838 ], [ 122141.391428493458079, 487962.595626812602859 ], [ 122144.068656931587611, 487967.950083688832819 ], [ 122176.271890430143685, 487960.53033630317077 ] ] ] } },
{ "type": "Feature", "properties": { "sensor": "GASA-02-02", "time": "2025-08-20T14:28:00+02:00", "count_line": 35, "location": "BrugOostertoegang2", "count_area": 60.0, "countline_length": 6 }, "geometry": { "type": "Polygon", "coordinates": [ [ [ 122176.271890430143685, 487960.53033630317077 ], [ 122171.22340251825517, 487951.351267372490838 ], [ 122141.391428493458079, 487962.595626812602859 ], [ 122144.068656931587611, 487967.950083688832819 ], [ 122176.271890430143685, 487960.53033630317077 ] ] ] } },
{ "type": "Feature", "properties": { "sensor": "GASA-02-02", "time": "2025-08-20T14:30:00+02:00", "count_line": 24, "location": "BrugOostertoegang2", "count_area": 38.0, "countline_length": 6 }, "geometry": { "type": "Polygon", "coordinates": [ [ [ 122176.271890430143685, 487960.53033630317077 ], [ 122171.22340251825517, 487951.351267372490838 ], [ 122141.391428493458079, 487962.595626812602859 ], [ 122144.068656931587611, 487967.950083688832819 ], [ 122176.271890430143685, 487960.53033630317077 ] ] ] } },
{ "type": "Feature", "properties": { "sensor": "GASA-02-02", "time": "2025-08-20T14:32:00+02:00", "count_line": 42, "location": "BrugOostertoegang2", "count_area": 81.0, "countline_length": 6 }, "geometry": { "type": "Polygon", "coordinates": [ [ [ 122176.271890430143685, 487960.53033630317077 ], [ 122171.22340251825517, 487951.351267372490838 ], [ 122141.391428493458079, 487962.595626812602859 ], [ 122144.068656931587611, 487967.950083688832819 ], [ 122176.271890430143685, 487960.53033630317077 ] ] ] } },
{ "type": "Feature", "properties": { "sensor": "GASA-02-02", "time": "2025-08-20T14:34:00+02:00", "count_line": 32, "location": "BrugOostertoegang2", "count_area": 58.0, "countline_length": 6 }, "geometry": { "type": "Polygon", "coordinates": [ [ [ 122176.271890430143685, 487960.53033630317077 ], [ 122171.22340251825517, 487951.351267372490838 ], [ 122141.391428493458079, 487962.595626812602859 ], [ 122144.068656931587611, 487967.950083688832819 ], [ 122176.271890430143685, 487960.53033630317077 ] ] ] } },
{ "type": "Feature", "properties": { "sensor": "GASA-02-02", "time": "2025-08-20T14:36:00+02:00", "count_line": 63, "location": "BrugOostertoegang2", "count_area": 117.0, "countline_length": 6 }, "geometry": { "type": "Polygon", "coordinates": [ [ [ 122176.271890430143685, 487960.53033630317077 ], [ 122171.22340251825517, 487951.351267372490838 ], [ 122141.391428493458079, 487962.595626812602859 ], [ 122144.068656931587611, 487967.950083688832819 ], [ 122176.271890430143685, 487960.53033630317077 ] ] ] } },
{ "type": "Feature", "properties": { "sensor": "GASA-02-02", "time": "2025-08-20T14:38:00+02:00", "count_line": 34, "location": "BrugOostertoegang2", "count_area": 54.0, "countline_length": 6 }, "geometry": { "type": "Polygon", "coordinates": [ [ [ 122176.271890430143685, 487960.53033630317077 ], [ 122171.22340251825517, 487951.351267372490838 ], [ 122141.391428493458079, 487962.595626812602859 ], [ 122144.068656931587611, 487967.950083688832819 ], [ 122176.271890430143685, 487960.53033630317077 ] ] ] } },
{ "type": "Feature", "properties": { "sensor": "GASA-02-02", "time": "2025-08-20T14:40:00+02:00", "count_line": 39, "location": "BrugOostertoegang2", "count_area": 62.0, "countline_length": 6 }, "geometry": { "type": "Polygon", "coordinates": [ [ [ 122176.271890430143685, 487960.53033630317077 ], [ 122171.22340251825517, 487951.351267372490838 ], [ 122141.391428493458079, 487962.595626812602859 ], [ 122144.068656931587611, 487967.950083688832819 ], [ 122176.271890430143685, 487960.53033630317077 ] ] ] } },
{ "type": "Feature", "properties": { "sensor": "GASA-02-02", "time": "2025-08-20T14:42:00+02:00", "count_line": 39, "location": "BrugOostertoegang2", "count_area": 68.0, "countline_length": 6 }, "geometry": { "type": "Polygon", "coordinates": [ [ [ 122176.271890430143685, 487960.53033630317077 ], [ 122171.22340251825517, 487951.351267372490838 ], [ 122141.391428493458079, 487962.595626812602859 ], [ 122144.068656931587611, 487967.950083688832819 ], [ 122176.271890430143685, 487960.53033630317077 ] ] ] } },
{ "type": "Feature", "properties": { "sensor": "GASA-02-02", "time": "2025-08-20T14:44:00+02:00", "count_line": 61, "location": "BrugOostertoegang2", "count_area": 104.0, "countline_length": 6 }, "geometry": { "type": "Polygon", "coordinates": [ [ [ 122176.271890430143685, 487960.53033630317077 ], [ 122171.22340251825517, 487951.351267372490838 ], [ 122141.391428493458079, 487962.595626812602859 ], [ 122144.068656931587611, 487967.950083688832819 ], [ 122176.271890430143685, 487960.53033630317077 ] ] ] } },
{ "type": "Feature", "properties": { "sensor": "GASA-02-02", "time": "2025-08-20T14:46:00+02:00", "count_line": 83, "location": "BrugOostertoegang2", "count_area": 136.0, "countline_length": 6 }, "geometry": { "type": "Polygon", "coordinates": [ [ [ 122176.271890430143685, 487960.53033630317077 ], [ 122171.22340251825517, 487951.351267372490838 ], [ 122141.391428493458079, 487962.595626812602859 ], [ 122144.068656931587611, 487967.950083688832819 ], [ 122176.271890430143685, 487960.53033630317077 ] ] ] } },
{ "type": "Feature", "properties": { "sensor": "GASA-02-02", "time": "2025-08-20T14:48:00+02:00", "count_line": 60, "location": "BrugOostertoegang2", "count_area": 106.0, "countline_length": 6 }, "geometry": { "type": "Polygon", "coordinates": [ [ [ 122176.271890430143685, 487960.53033630317077 ], [ 122171.22340251825517, 487951.351267372490838 ], [ 122141.391428493458079, 487962.595626812602859 ], [ 122144.068656931587611, 487967.950083688832819 ], [ 122176.271890430143685, 487960.53033630317077 ] ] ] } },
{ "type": "Feature", "properties": { "sensor": "GASA-02-02", "time": "2025-08-20T14:50:00+02:00", "count_line": 82, "location": "BrugOostertoegang2", "count_area": 141.0, "countline_length": 6 }, "geometry": { "type": "Polygon", "coordinates": [ [ [ 122176.271890430143685, 487960.53033630317077 ], [ 122171.22340251825517, 487951.351267372490838 ], [ 122141.391428493458079, 487962.595626812602859 ], [ 122144.068656931587611, 487967.950083688832819 ], [ 122176.271890430143685, 487960.53033630317077 ] ] ] } },
{ "type": "Feature", "properties": { "sensor": "GASA-02-02", "time": "2025-08-20T14:52:00+02:00", "count_line": 70, "location": "BrugOostertoegang2", "count_area": 122.0, "countline_length": 6 }, "geometry": { "type": "Polygon", "coordinates": [ [ [ 122176.271890430143685, 487960.53033630317077 ], [ 122171.22340251825517, 487951.351267372490838 ], [ 122141.391428493458079, 487962.595626812602859 ], [ 122144.068656931587611, 487967.950083688832819 ], [ 122176.271890430143685, 487960.53033630317077 ] ] ] } },
{ "type": "Feature", "properties": { "sensor": "GASA-02-02", "time": "2025-08-20T14:54:00+02:00", "count_line": 75, "location": "BrugOostertoegang2", "count_area": 131.0, "countline_length": 6 }, "geometry": { "type": "Polygon", "coordinates": [ [ [ 122176.271890430143685, 487960.53033630317077 ], [ 122171.22340251825517, 487951.351267372490838 ], [ 122141.391428493458079, 487962.595626812602859 ], [ 122144.068656931587611, 487967.950083688832819 ], [ 122176.271890430143685, 487960.53033630317077 ] ] ] } },
{ "type": "Feature", "properties": { "sensor": "GASA-02-02", "time": "2025-08-20T14:55:00+02:00", "count_line": 81, "location": "BrugOostertoegang2", "count_area": 132.0, "countline_length": 6 }, "geometry": { "type": "Polygon", "coordinates": [ [ [ 122176.271890430143685, 487960.53033630317077 ], [ 122171.22340251825517, 487951.351267372490838 ], [ 122141.391428493458079, 487962.595626812602859 ], [ 122144.068656931587611, 487967.950083688832819 ], [ 122176.271890430143685, 487960.53033630317077 ] ] ] } },
{ "type": "Feature", "properties": { "sensor": "GASA-02-02", "time": "2025-08-20T14:56:00+02:00", "count_line": 67, "location": "BrugOostertoegang2", "count_area": 114.0, "countline_length": 6 }, "geometry": { "type": "Polygon", "coordinates": [ [ [ 122176.271890430143685, 487960.53033630317077 ], [ 122171.22340251825517, 487951.351267372490838 ], [ 122141.391428493458079, 487962.595626812602859 ], [ 122144.068656931587611, 487967.950083688832819 ], [ 122176.271890430143685, 487960.53033630317077 ] ] ] } },
{ "type": "Feature", "properties": { "sensor": "GASA-02-02", "time": "2025-08-20T14:58:00+02:00", "count_line": 41, "location": "BrugOostertoegang2", "count_area": 78.0, "countline_length": 6 }, "geometry": { "type": "Polygon", "coordinates": [ [ [ 122176.271890430143685, 487960.53033630317077 ], [ 122171.22340251825517, 487951.351267372490838 ], [ 122141.391428493458079, 487962.595626812602859 ], [ 122144.068656931587611, 487967.950083688832819 ], [ 122176.271890430143685, 487960.53033630317077 ] ] ] } },
{ "type": "Feature", "properties": { "sensor": "GASA-02-02", "time": "2025-08-20T15:00:00+02:00", "count_line": 52, "location": "BrugOostertoegang2", "count_area": 99.0, "countline_length": 6 }, "geometry": { "type": "Polygon", "coordinates": [ [ [ 122176.271890430143685, 487960.53033630317077 ], [ 122171.22340251825517, 487951.351267372490838 ], [ 122141.391428493458079, 487962.595626812602859 ], [ 122144.068656931587611, 487967.950083688832819 ], [ 122176.271890430143685, 487960.53033630317077 ] ] ] } },
{ "type": "Feature", "properties": { "sensor": "GASA-02-02", "time": "2025-08-20T15:02:00+02:00", "count_line": 44, "location": "BrugOostertoegang2", "count_area": 67.0, "countline_length": 6 }, "geometry": { "type": "Polygon", "coordinates": [ [ [ 122176.271890430143685, 487960.53033630317077 ], [ 122171.22340251825517, 487951.351267372490838 ], [ 122141.391428493458079, 487962.595626812602859 ], [ 122144.068656931587611, 487967.950083688832819 ], [ 122176.271890430143685, 487960.53033630317077 ] ] ] } },
{ "type": "Feature", "properties": { "sensor": "GASA-02-02", "time": "2025-08-20T15:04:00+02:00", "count_line": 61, "location": "BrugOostertoegang2", "count_area": 107.0, "countline_length": 6 }, "geometry": { "type": "Polygon", "coordinates": [ [ [ 122176.271890430143685, 487960.53033630317077 ], [ 122171.22340251825517, 487951.351267372490838 ], [ 122141.391428493458079, 487962.595626812602859 ], [ 122144.068656931587611, 487967.950083688832819 ], [ 122176.271890430143685, 487960.53033630317077 ] ] ] } },
{ "type": "Feature", "properties": { "sensor": "GASA-02-02", "time": "2025-08-20T15:05:00+02:00", "count_line": 90, "location": "BrugOostertoegang2", "count_area": 155.0, "countline_length": 6 }, "geometry": { "type": "Polygon", "coordinates": [ [ [ 122176.271890430143685, 487960.53033630317077 ], [ 122171.22340251825517, 487951.351267372490838 ], [ 122141.391428493458079, 487962.595626812602859 ], [ 122144.068656931587611, 487967.950083688832819 ], [ 122176.271890430143685, 487960.53033630317077 ] ] ] } },
{ "type": "Feature", "properties": { "sensor": "GASA-02-02", "time": "2025-08-20T15:06:00+02:00", "count_line": 71, "location": "BrugOostertoegang2", "count_area": 133.0, "countline_length": 6 }, "geometry": { "type": "Polygon", "coordinates": [ [ [ 122176.271890430143685, 487960.53033630317077 ], [ 122171.22340251825517, 487951.351267372490838 ], [ 122141.391428493458079, 487962.595626812602859 ], [ 122144.068656931587611, 487967.950083688832819 ], [ 122176.271890430143685, 487960.53033630317077 ] ] ] } },
{ "type": "Feature", "properties": { "sensor": "GASA-02-02", "time": "2025-08-20T15:08:00+02:00", "count_line": 85, "location": "BrugOostertoegang2", "count_area": 143.0, "countline_length": 6 }, "geometry": { "type": "Polygon", "coordinates": [ [ [ 122176.271890430143685, 487960.53033630317077 ], [ 122171.22340251825517, 487951.351267372490838 ], [ 122141.391428493458079, 487962.595626812602859 ], [ 122144.068656931587611, 487967.950083688832819 ], [ 122176.271890430143685, 487960.53033630317077 ] ] ] } },
{ "type": "Feature", "properties": { "sensor": "GASA-02-02", "time": "2025-08-20T15:10:00+02:00", "count_line": 87, "location": "BrugOostertoegang2", "count_area": 149.0, "countline_length": 6 }, "geometry": { "type": "Polygon", "coordinates": [ [ [ 122176.271890430143685, 487960.53033630317077 ], [ 122171.22340251825517, 487951.351267372490838 ], [ 122141.391428493458079, 487962.595626812602859 ], [ 122144.068656931587611, 487967.950083688832819 ], [ 122176.271890430143685, 487960.53033630317077 ] ] ] } },
{ "type": "Feature", "properties": { "sensor": "GASA-02-02", "time": "2025-08-20T15:12:00+02:00", "count_line": 87, "location": "BrugOostertoegang2", "count_area": 173.0, "countline_length": 6 }, "geometry": { "type": "Polygon", "coordinates": [ [ [ 122176.271890430143685, 487960.53033630317077 ], [ 122171.22340251825517, 487951.351267372490838 ], [ 122141.391428493458079, 487962.595626812602859 ], [ 122144.068656931587611, 487967.950083688832819 ], [ 122176.271890430143685, 487960.53033630317077 ] ] ] } },
{ "type": "Feature", "properties": { "sensor": "GASA-02-02", "time": "2025-08-20T15:14:00+02:00", "count_line": 71, "location": "BrugOostertoegang2", "count_area": 109.0, "countline_length": 6 }, "geometry": { "type": "Polygon", "coordinates": [ [ [ 122176.271890430143685, 487960.53033630317077 ], [ 122171.22340251825517, 487951.351267372490838 ], [ 122141.391428493458079, 487962.595626812602859 ], [ 122144.068656931587611, 487967.950083688832819 ], [ 122176.271890430143685, 487960.53033630317077 ] ] ] } },
{ "type": "Feature", "properties": { "sensor": "GASA-02-02", "time": "2025-08-20T15:16:00+02:00", "count_line": 72, "location": "BrugOostertoegang2", "count_area": 111.0, "countline_length": 6 }, "geometry": { "type": "Polygon", "coordinates": [ [ [ 122176.271890430143685, 487960.53033630317077 ], [ 122171.22340251825517, 487951.351267372490838 ], [ 122141.391428493458079, 487962.595626812602859 ], [ 122144.068656931587611, 487967.950083688832819 ], [ 122176.271890430143685, 487960.53033630317077 ] ] ] } },
{ "type": "Feature", "properties": { "sensor": "GASA-02-02", "time": "2025-08-20T15:18:00+02:00", "count_line": 72, "location": "BrugOostertoegang2", "count_area": 137.0, "countline_length": 6 }, "geometry": { "type": "Polygon", "coordinates": [ [ [ 122176.271890430143685, 487960.53033630317077 ], [ 122171.22340251825517, 487951.351267372490838 ], [ 122141.391428493458079, 487962.595626812602859 ], [ 122144.068656931587611, 487967.950083688832819 ], [ 122176.271890430143685, 487960.53033630317077 ] ] ] } },
{ "type": "Feature", "properties": { "sensor": "GASA-02-02", "time": "2025-08-20T15:20:00+02:00", "count_line": 45, "location": "BrugOostertoegang2", "count_area": 72.0, "countline_length": 6 }, "geometry": { "type": "Polygon", "coordinates": [ [ [ 122176.271890430143685, 487960.53033630317077 ], [ 122171.22340251825517, 487951.351267372490838 ], [ 122141.391428493458079, 487962.595626812602859 ], [ 122144.068656931587611, 487967.950083688832819 ], [ 122176.271890430143685, 487960.53033630317077 ] ] ] } },
{ "type": "Feature", "properties": { "sensor": "GASA-02-02", "time": "2025-08-20T15:22:00+02:00", "count_line": 61, "location": "BrugOostertoegang2", "count_area": 96.0, "countline_length": 6 }, "geometry": { "type": "Polygon", "coordinates": [ [ [ 122176.271890430143685, 487960.53033630317077 ], [ 122171.22340251825517, 487951.351267372490838 ], [ 122141.391428493458079, 487962.595626812602859 ], [ 122144.068656931587611, 487967.950083688832819 ], [ 122176.271890430143685, 487960.53033630317077 ] ] ] } },
{ "type": "Feature", "properties": { "sensor": "GASA-02-02", "time": "2025-08-20T15:24:00+02:00", "count_line": 49, "location": "BrugOostertoegang2", "count_area": 85.0, "countline_length": 6 }, "geometry": { "type": "Polygon", "coordinates": [ [ [ 122176.271890430143685, 487960.53033630317077 ], [ 122171.22340251825517, 487951.351267372490838 ], [ 122141.391428493458079, 487962.595626812602859 ], [ 122144.068656931587611, 487967.950083688832819 ], [ 122176.271890430143685, 487960.53033630317077 ] ] ] } },
{ "type": "Feature", "properties": { "sensor": "GASA-02-02", "time": "2025-08-20T15:26:00+02:00", "count_line": 58, "location": "BrugOostertoegang2", "count_area": 89.0, "countline_length": 6 }, "geometry": { "type": "Polygon", "coordinates": [ [ [ 122176.271890430143685, 487960.53033630317077 ], [ 122171.22340251825517, 487951.351267372490838 ], [ 122141.391428493458079, 487962.595626812602859 ], [ 122144.068656931587611, 487967.950083688832819 ], [ 122176.271890430143685, 487960.53033630317077 ] ] ] } },
{ "type": "Feature", "properties": { "sensor": "GASA-02-02", "time": "2025-08-20T15:27:00+02:00", "count_line": 52, "location": "BrugOostertoegang2", "count_area": 81.0, "countline_length": 6 }, "geometry": { "type": "Polygon", "coordinates": [ [ [ 122176.271890430143685, 487960.53033630317077 ], [ 122171.22340251825517, 487951.351267372490838 ], [ 122141.391428493458079, 487962.595626812602859 ], [ 122144.068656931587611, 487967.950083688832819 ], [ 122176.271890430143685, 487960.53033630317077 ] ] ] } },
{ "type": "Feature", "properties": { "sensor": "GASA-02-02", "time": "2025-08-20T15:28:00+02:00", "count_line": 74, "location": "BrugOostertoegang2", "count_area": 146.0, "countline_length": 6 }, "geometry": { "type": "Polygon", "coordinates": [ [ [ 122176.271890430143685, 487960.53033630317077 ], [ 122171.22340251825517, 487951.351267372490838 ], [ 122141.391428493458079, 487962.595626812602859 ], [ 122144.068656931587611, 487967.950083688832819 ], [ 122176.271890430143685, 487960.53033630317077 ] ] ] } },
{ "type": "Feature", "properties": { "sensor": "GASA-02-02", "time": "2025-08-20T15:30:00+02:00", "count_line": 68, "location": "BrugOostertoegang2", "count_area": 104.0, "countline_length": 6 }, "geometry": { "type": "Polygon", "coordinates": [ [ [ 122176.271890430143685, 487960.53033630317077 ], [ 122171.22340251825517, 487951.351267372490838 ], [ 122141.391428493458079, 487962.595626812602859 ], [ 122144.068656931587611, 487967.950083688832819 ], [ 122176.271890430143685, 487960.53033630317077 ] ] ] } },
{ "type": "Feature", "properties": { "sensor": "GASA-02-02", "time": "2025-08-20T15:32:00+02:00", "count_line": 85, "location": "BrugOostertoegang2", "count_area": 165.0, "countline_length": 6 }, "geometry": { "type": "Polygon", "coordinates": [ [ [ 122176.271890430143685, 487960.53033630317077 ], [ 122171.22340251825517, 487951.351267372490838 ], [ 122141.391428493458079, 487962.595626812602859 ], [ 122144.068656931587611, 487967.950083688832819 ], [ 122176.271890430143685, 487960.53033630317077 ] ] ] } },
{ "type": "Feature", "properties": { "sensor": "GASA-02-02", "time": "2025-08-20T15:34:00+02:00", "count_line": 79, "location": "BrugOostertoegang2", "count_area": 127.0, "countline_length": 6 }, "geometry": { "type": "Polygon", "coordinates": [ [ [ 122176.271890430143685, 487960.53033630317077 ], [ 122171.22340251825517, 487951.351267372490838 ], [ 122141.391428493458079, 487962.595626812602859 ], [ 122144.068656931587611, 487967.950083688832819 ], [ 122176.271890430143685, 487960.53033630317077 ] ] ] } },
{ "type": "Feature", "properties": { "sensor": "GASA-02-02", "time": "2025-08-20T15:36:00+02:00", "count_line": 84, "location": "BrugOostertoegang2", "count_area": 131.0, "countline_length": 6 }, "geometry": { "type": "Polygon", "coordinates": [ [ [ 122176.271890430143685, 487960.53033630317077 ], [ 122171.22340251825517, 487951.351267372490838 ], [ 122141.391428493458079, 487962.595626812602859 ], [ 122144.068656931587611, 487967.950083688832819 ], [ 122176.271890430143685, 487960.53033630317077 ] ] ] } },
{ "type": "Feature", "properties": { "sensor": "GASA-02-02", "time": "2025-08-20T15:37:00+02:00", "count_line": 81, "location": "BrugOostertoegang2", "count_area": 138.0, "countline_length": 6 }, "geometry": { "type": "Polygon", "coordinates": [ [ [ 122176.271890430143685, 487960.53033630317077 ], [ 122171.22340251825517, 487951.351267372490838 ], [ 122141.391428493458079, 487962.595626812602859 ], [ 122144.068656931587611, 487967.950083688832819 ], [ 122176.271890430143685, 487960.53033630317077 ] ] ] } },
{ "type": "Feature", "properties": { "sensor": "GASA-02-02", "time": "2025-08-20T15:38:00+02:00", "count_line": 60, "location": "BrugOostertoegang2", "count_area": 109.0, "countline_length": 6 }, "geometry": { "type": "Polygon", "coordinates": [ [ [ 122176.271890430143685, 487960.53033630317077 ], [ 122171.22340251825517, 487951.351267372490838 ], [ 122141.391428493458079, 487962.595626812602859 ], [ 122144.068656931587611, 487967.950083688832819 ], [ 122176.271890430143685, 487960.53033630317077 ] ] ] } },
{ "type": "Feature", "properties": { "sensor": "GASA-02-02", "time": "2025-08-20T15:40:00+02:00", "count_line": 81, "location": "BrugOostertoegang2", "count_area": 129.0, "countline_length": 6 }, "geometry": { "type": "Polygon", "coordinates": [ [ [ 122176.271890430143685, 487960.53033630317077 ], [ 122171.22340251825517, 487951.351267372490838 ], [ 122141.391428493458079, 487962.595626812602859 ], [ 122144.068656931587611, 487967.950083688832819 ], [ 122176.271890430143685, 487960.53033630317077 ] ] ] } },
{ "type": "Feature", "properties": { "sensor": "GASA-02-02", "time": "2025-08-20T15:42:00+02:00", "count_line": 48, "location": "BrugOostertoegang2", "count_area": 87.0, "countline_length": 6 }, "geometry": { "type": "Polygon", "coordinates": [ [ [ 122176.271890430143685, 487960.53033630317077 ], [ 122171.22340251825517, 487951.351267372490838 ], [ 122141.391428493458079, 487962.595626812602859 ], [ 122144.068656931587611, 487967.950083688832819 ], [ 122176.271890430143685, 487960.53033630317077 ] ] ] } },
{ "type": "Feature", "properties": { "sensor": "GASA-02-02", "time": "2025-08-20T15:44:00+02:00", "count_line": 70, "location": "BrugOostertoegang2", "count_area": 128.0, "countline_length": 6 }, "geometry": { "type": "Polygon", "coordinates": [ [ [ 122176.271890430143685, 487960.53033630317077 ], [ 122171.22340251825517, 487951.351267372490838 ], [ 122141.391428493458079, 487962.595626812602859 ], [ 122144.068656931587611, 487967.950083688832819 ], [ 122176.271890430143685, 487960.53033630317077 ] ] ] } },
{ "type": "Feature", "properties": { "sensor": "GASA-02-02", "time": "2025-08-20T15:46:00+02:00", "count_line": 84, "location": "BrugOostertoegang2", "count_area": 158.0, "countline_length": 6 }, "geometry": { "type": "Polygon", "coordinates": [ [ [ 122176.271890430143685, 487960.53033630317077 ], [ 122171.22340251825517, 487951.351267372490838 ], [ 122141.391428493458079, 487962.595626812602859 ], [ 122144.068656931587611, 487967.950083688832819 ], [ 122176.271890430143685, 487960.53033630317077 ] ] ] } },
{ "type": "Feature", "properties": { "sensor": "GASA-02-02", "time": "2025-08-20T15:48:00+02:00", "count_line": 88, "location": "BrugOostertoegang2", "count_area": 145.0, "countline_length": 6 }, "geometry": { "type": "Polygon", "coordinates": [ [ [ 122176.271890430143685, 487960.53033630317077 ], [ 122171.22340251825517, 487951.351267372490838 ], [ 122141.391428493458079, 487962.595626812602859 ], [ 122144.068656931587611, 487967.950083688832819 ], [ 122176.271890430143685, 487960.53033630317077 ] ] ] } },
{ "type": "Feature", "properties": { "sensor": "GASA-02-02", "time": "2025-08-20T15:50:00+02:00", "count_line": 99, "location": "BrugOostertoegang2", "count_area": 157.0, "countline_length": 6 }, "geometry": { "type": "Polygon", "coordinates": [ [ [ 122176.271890430143685, 487960.53033630317077 ], [ 122171.22340251825517, 487951.351267372490838 ], [ 122141.391428493458079, 487962.595626812602859 ], [ 122144.068656931587611, 487967.950083688832819 ], [ 122176.271890430143685, 487960.53033630317077 ] ] ] } },
{ "type": "Feature", "properties": { "sensor": "GASA-02-02", "time": "2025-08-20T15:52:00+02:00", "count_line": 180, "location": "BrugOostertoegang2", "count_area": 326.0, "countline_length": 6 }, "geometry": { "type": "Polygon", "coordinates": [ [ [ 122176.271890430143685, 487960.53033630317077 ], [ 122171.22340251825517, 487951.351267372490838 ], [ 122141.391428493458079, 487962.595626812602859 ], [ 122144.068656931587611, 487967.950083688832819 ], [ 122176.271890430143685, 487960.53033630317077 ] ] ] } },
{ "type": "Feature", "properties": { "sensor": "GASA-02-02", "time": "2025-08-20T15:54:00+02:00", "count_line": 54, "location": "BrugOostertoegang2", "count_area": 87.0, "countline_length": 6 }, "geometry": { "type": "Polygon", "coordinates": [ [ [ 122176.271890430143685, 487960.53033630317077 ], [ 122171.22340251825517, 487951.351267372490838 ], [ 122141.391428493458079, 487962.595626812602859 ], [ 122144.068656931587611, 487967.950083688832819 ], [ 122176.271890430143685, 487960.53033630317077 ] ] ] } },
{ "type": "Feature", "properties": { "sensor": "GASA-02-02", "time": "2025-08-20T15:56:00+02:00", "count_line": 180, "location": "BrugOostertoegang2", "count_area": 309.0, "countline_length": 6 }, "geometry": { "type": "Polygon", "coordinates": [ [ [ 122176.271890430143685, 487960.53033630317077 ], [ 122171.22340251825517, 487951.351267372490838 ], [ 122141.391428493458079, 487962.595626812602859 ], [ 122144.068656931587611, 487967.950083688832819 ], [ 122176.271890430143685, 487960.53033630317077 ] ] ] } },
{ "type": "Feature", "properties": { "sensor": "GASA-02-02", "time": "2025-08-20T15:58:00+02:00", "count_line": 92, "location": "BrugOostertoegang2", "count_area": 160.0, "countline_length": 6 }, "geometry": { "type": "Polygon", "coordinates": [ [ [ 122176.271890430143685, 487960.53033630317077 ], [ 122171.22340251825517, 487951.351267372490838 ], [ 122141.391428493458079, 487962.595626812602859 ], [ 122144.068656931587611, 487967.950083688832819 ], [ 122176.271890430143685, 487960.53033630317077 ] ] ] } },
{ "type": "Feature", "properties": { "sensor": "GASA-02-02", "time": "2025-08-20T15:59:00+02:00", "count_line": 69, "location": "BrugOostertoegang2", "count_area": 133.0, "countline_length": 6 }, "geometry": { "type": "Polygon", "coordinates": [ [ [ 122176.271890430143685, 487960.53033630317077 ], [ 122171.22340251825517, 487951.351267372490838 ], [ 122141.391428493458079, 487962.595626812602859 ], [ 122144.068656931587611, 487967.950083688832819 ], [ 122176.271890430143685, 487960.53033630317077 ] ] ] } },
{ "type": "Feature", "properties": { "sensor": "GASA-02-02", "time": "2025-08-20T16:00:00+02:00", "count_line": 71, "location": "BrugOostertoegang2", "count_area": 137.0, "countline_length": 6 }, "geometry": { "type": "Polygon", "coordinates": [ [ [ 122176.271890430143685, 487960.53033630317077 ], [ 122171.22340251825517, 487951.351267372490838 ], [ 122141.391428493458079, 487962.595626812602859 ], [ 122144.068656931587611, 487967.950083688832819 ], [ 122176.271890430143685, 487960.53033630317077 ] ] ] } },
{ "type": "Feature", "properties": { "sensor": "GASA-02-02", "time": "2025-08-20T16:02:00+02:00", "count_line": 67, "location": "BrugOostertoegang2", "count_area": 128.0, "countline_length": 6 }, "geometry": { "type": "Polygon", "coordinates": [ [ [ 122176.271890430143685, 487960.53033630317077 ], [ 122171.22340251825517, 487951.351267372490838 ], [ 122141.391428493458079, 487962.595626812602859 ], [ 122144.068656931587611, 487967.950083688832819 ], [ 122176.271890430143685, 487960.53033630317077 ] ] ] } },
{ "type": "Feature", "properties": { "sensor": "GASA-02-02", "time": "2025-08-20T16:04:00+02:00", "count_line": 58, "location": "BrugOostertoegang2", "count_area": 111.0, "countline_length": 6 }, "geometry": { "type": "Polygon", "coordinates": [ [ [ 122176.271890430143685, 487960.53033630317077 ], [ 122171.22340251825517, 487951.351267372490838 ], [ 122141.391428493458079, 487962.595626812602859 ], [ 122144.068656931587611, 487967.950083688832819 ], [ 122176.271890430143685, 487960.53033630317077 ] ] ] } },
{ "type": "Feature", "properties": { "sensor": "GASA-02-02", "time": "2025-08-20T16:06:00+02:00", "count_line": 168, "location": "BrugOostertoegang2", "count_area": 289.0, "countline_length": 6 }, "geometry": { "type": "Polygon", "coordinates": [ [ [ 122176.271890430143685, 487960.53033630317077 ], [ 122171.22340251825517, 487951.351267372490838 ], [ 122141.391428493458079, 487962.595626812602859 ], [ 122144.068656931587611, 487967.950083688832819 ], [ 122176.271890430143685, 487960.53033630317077 ] ] ] } },
{ "type": "Feature", "properties": { "sensor": "GASA-02-02", "time": "2025-08-20T16:08:00+02:00", "count_line": 134, "location": "BrugOostertoegang2", "count_area": 219.0, "countline_length": 6 }, "geometry": { "type": "Polygon", "coordinates": [ [ [ 122176.271890430143685, 487960.53033630317077 ], [ 122171.22340251825517, 487951.351267372490838 ], [ 122141.391428493458079, 487962.595626812602859 ], [ 122144.068656931587611, 487967.950083688832819 ], [ 122176.271890430143685, 487960.53033630317077 ] ] ] } },
{ "type": "Feature", "properties": { "sensor": "GASA-02-02", "time": "2025-08-20T16:10:00+02:00", "count_line": 148, "location": "BrugOostertoegang2", "count_area": 280.0, "countline_length": 6 }, "geometry": { "type": "Polygon", "coordinates": [ [ [ 122176.271890430143685, 487960.53033630317077 ], [ 122171.22340251825517, 487951.351267372490838 ], [ 122141.391428493458079, 487962.595626812602859 ], [ 122144.068656931587611, 487967.950083688832819 ], [ 122176.271890430143685, 487960.53033630317077 ] ] ] } },
{ "type": "Feature", "properties": { "sensor": "GASA-02-02", "time": "2025-08-20T16:12:00+02:00", "count_line": 66, "location": "BrugOostertoegang2", "count_area": 119.0, "countline_length": 6 }, "geometry": { "type": "Polygon", "coordinates": [ [ [ 122176.271890430143685, 487960.53033630317077 ], [ 122171.22340251825517, 487951.351267372490838 ], [ 122141.391428493458079, 487962.595626812602859 ], [ 122144.068656931587611, 487967.950083688832819 ], [ 122176.271890430143685, 487960.53033630317077 ] ] ] } },
{ "type": "Feature", "properties": { "sensor": "GASA-02-02", "time": "2025-08-20T16:14:00+02:00", "count_line": 104, "location": "BrugOostertoegang2", "count_area": 203.0, "countline_length": 6 }, "geometry": { "type": "Polygon", "coordinates": [ [ [ 122176.271890430143685, 487960.53033630317077 ], [ 122171.22340251825517, 487951.351267372490838 ], [ 122141.391428493458079, 487962.595626812602859 ], [ 122144.068656931587611, 487967.950083688832819 ], [ 122176.271890430143685, 487960.53033630317077 ] ] ] } },
{ "type": "Feature", "properties": { "sensor": "GASA-02-02", "time": "2025-08-20T16:16:00+02:00", "count_line": 92, "location": "BrugOostertoegang2", "count_area": 173.0, "countline_length": 6 }, "geometry": { "type": "Polygon", "coordinates": [ [ [ 122176.271890430143685, 487960.53033630317077 ], [ 122171.22340251825517, 487951.351267372490838 ], [ 122141.391428493458079, 487962.595626812602859 ], [ 122144.068656931587611, 487967.950083688832819 ], [ 122176.271890430143685, 487960.53033630317077 ] ] ] } },
{ "type": "Feature", "properties": { "sensor": "GASA-02-02", "time": "2025-08-20T16:18:00+02:00", "count_line": 77, "location": "BrugOostertoegang2", "count_area": 134.0, "countline_length": 6 }, "geometry": { "type": "Polygon", "coordinates": [ [ [ 122176.271890430143685, 487960.53033630317077 ], [ 122171.22340251825517, 487951.351267372490838 ], [ 122141.391428493458079, 487962.595626812602859 ], [ 122144.068656931587611, 487967.950083688832819 ], [ 122176.271890430143685, 487960.53033630317077 ] ] ] } },
{ "type": "Feature", "properties": { "sensor": "GASA-02-02", "time": "2025-08-20T16:20:00+02:00", "count_line": 72, "location": "BrugOostertoegang2", "count_area": 116.0, "countline_length": 6 }, "geometry": { "type": "Polygon", "coordinates": [ [ [ 122176.271890430143685, 487960.53033630317077 ], [ 122171.22340251825517, 487951.351267372490838 ], [ 122141.391428493458079, 487962.595626812602859 ], [ 122144.068656931587611, 487967.950083688832819 ], [ 122176.271890430143685, 487960.53033630317077 ] ] ] } },
{ "type": "Feature", "properties": { "sensor": "GASA-02-02", "time": "2025-08-20T16:21:00+02:00", "count_line": 58, "location": "BrugOostertoegang2", "count_area": 100.0, "countline_length": 6 }, "geometry": { "type": "Polygon", "coordinates": [ [ [ 122176.271890430143685, 487960.53033630317077 ], [ 122171.22340251825517, 487951.351267372490838 ], [ 122141.391428493458079, 487962.595626812602859 ], [ 122144.068656931587611, 487967.950083688832819 ], [ 122176.271890430143685, 487960.53033630317077 ] ] ] } },
{ "type": "Feature", "properties": { "sensor": "GASA-02-02", "time": "2025-08-20T16:22:00+02:00", "count_line": 68, "location": "BrugOostertoegang2", "count_area": 112.0, "countline_length": 6 }, "geometry": { "type": "Polygon", "coordinates": [ [ [ 122176.271890430143685, 487960.53033630317077 ], [ 122171.22340251825517, 487951.351267372490838 ], [ 122141.391428493458079, 487962.595626812602859 ], [ 122144.068656931587611, 487967.950083688832819 ], [ 122176.271890430143685, 487960.53033630317077 ] ] ] } },
{ "type": "Feature", "properties": { "sensor": "GASA-02-02", "time": "2025-08-20T16:24:00+02:00", "count_line": 98, "location": "BrugOostertoegang2", "count_area": 180.0, "countline_length": 6 }, "geometry": { "type": "Polygon", "coordinates": [ [ [ 122176.271890430143685, 487960.53033630317077 ], [ 122171.22340251825517, 487951.351267372490838 ], [ 122141.391428493458079, 487962.595626812602859 ], [ 122144.068656931587611, 487967.950083688832819 ], [ 122176.271890430143685, 487960.53033630317077 ] ] ] } },
{ "type": "Feature", "properties": { "sensor": "GASA-02-02", "time": "2025-08-20T16:26:00+02:00", "count_line": 130, "location": "BrugOostertoegang2", "count_area": 240.0, "countline_length": 6 }, "geometry": { "type": "Polygon", "coordinates": [ [ [ 122176.271890430143685, 487960.53033630317077 ], [ 122171.22340251825517, 487951.351267372490838 ], [ 122141.391428493458079, 487962.595626812602859 ], [ 122144.068656931587611, 487967.950083688832819 ], [ 122176.271890430143685, 487960.53033630317077 ] ] ] } },
{ "type": "Feature", "properties": { "sensor": "GASA-02-02", "time": "2025-08-20T16:28:00+02:00", "count_line": 90, "location": "BrugOostertoegang2", "count_area": 148.0, "countline_length": 6 }, "geometry": { "type": "Polygon", "coordinates": [ [ [ 122176.271890430143685, 487960.53033630317077 ], [ 122171.22340251825517, 487951.351267372490838 ], [ 122141.391428493458079, 487962.595626812602859 ], [ 122144.068656931587611, 487967.950083688832819 ], [ 122176.271890430143685, 487960.53033630317077 ] ] ] } },
{ "type": "Feature", "properties": { "sensor": "GASA-03", "time": "2025-08-20T08:10:00+02:00", "count_line": -1, "location": "Oosterdoksbrug", "count_area": -1.0, "countline_length": 8 }, "geometry": { "type": "Polygon", "coordinates": [ [ [ 122579.730216055279016, 487859.025132378330454 ], [ 122578.965293644389021, 487851.069939305016305 ], [ 122559.07731096119096, 487853.823659984220285 ], [ 122561.219093711682945, 487862.237806504068431 ], [ 122579.730216055279016, 487859.025132378330454 ] ] ] } },
{ "type": "Feature", "properties": { "sensor": "GASA-03", "time": "2025-08-20T08:11:00+02:00", "count_line": 7, "location": "Oosterdoksbrug", "count_area": 11.0, "countline_length": 8 }, "geometry": { "type": "Polygon", "coordinates": [ [ [ 122579.730216055279016, 487859.025132378330454 ], [ 122578.965293644389021, 487851.069939305016305 ], [ 122559.07731096119096, 487853.823659984220285 ], [ 122561.219093711682945, 487862.237806504068431 ], [ 122579.730216055279016, 487859.025132378330454 ] ] ] } },
{ "type": "Feature", "properties": { "sensor": "GASA-03", "time": "2025-08-20T08:12:00+02:00", "count_line": 5, "location": "Oosterdoksbrug", "count_area": 8.0, "countline_length": 8 }, "geometry": { "type": "Polygon", "coordinates": [ [ [ 122579.730216055279016, 487859.025132378330454 ], [ 122578.965293644389021, 487851.069939305016305 ], [ 122559.07731096119096, 487853.823659984220285 ], [ 122561.219093711682945, 487862.237806504068431 ], [ 122579.730216055279016, 487859.025132378330454 ] ] ] } },
{ "type": "Feature", "properties": { "sensor": "GASA-03", "time": "2025-08-20T08:13:00+02:00", "count_line": 2, "location": "Oosterdoksbrug", "count_area": 3.0, "countline_length": 8 }, "geometry": { "type": "Polygon", "coordinates": [ [ [ 122579.730216055279016, 487859.025132378330454 ], [ 122578.965293644389021, 487851.069939305016305 ], [ 122559.07731096119096, 487853.823659984220285 ], [ 122561.219093711682945, 487862.237806504068431 ], [ 122579.730216055279016, 487859.025132378330454 ] ] ] } },
{ "type": "Feature", "properties": { "sensor": "GASA-03", "time": "2025-08-20T08:14:00+02:00", "count_line": 8, "location": "Oosterdoksbrug", "count_area": 13.0, "countline_length": 8 }, "geometry": { "type": "Polygon", "coordinates": [ [ [ 122579.730216055279016, 487859.025132378330454 ], [ 122578.965293644389021, 487851.069939305016305 ], [ 122559.07731096119096, 487853.823659984220285 ], [ 122561.219093711682945, 487862.237806504068431 ], [ 122579.730216055279016, 487859.025132378330454 ] ] ] } },
{ "type": "Feature", "properties": { "sensor": "GASA-03", "time": "2025-08-20T08:15:00+02:00", "count_line": 7, "location": "Oosterdoksbrug", "count_area": 12.0, "countline_length": 8 }, "geometry": { "type": "Polygon", "coordinates": [ [ [ 122579.730216055279016, 487859.025132378330454 ], [ 122578.965293644389021, 487851.069939305016305 ], [ 122559.07731096119096, 487853.823659984220285 ], [ 122561.219093711682945, 487862.237806504068431 ], [ 122579.730216055279016, 487859.025132378330454 ] ] ] } },
{ "type": "Feature", "properties": { "sensor": "GASA-03", "time": "2025-08-20T08:16:00+02:00", "count_line": 4, "location": "Oosterdoksbrug", "count_area": 7.0, "countline_length": 8 }, "geometry": { "type": "Polygon", "coordinates": [ [ [ 122579.730216055279016, 487859.025132378330454 ], [ 122578.965293644389021, 487851.069939305016305 ], [ 122559.07731096119096, 487853.823659984220285 ], [ 122561.219093711682945, 487862.237806504068431 ], [ 122579.730216055279016, 487859.025132378330454 ] ] ] } },
{ "type": "Feature", "properties": { "sensor": "GASA-03", "time": "2025-08-20T08:17:00+02:00", "count_line": 4, "location": "Oosterdoksbrug", "count_area": 6.0, "countline_length": 8 }, "geometry": { "type": "Polygon", "coordinates": [ [ [ 122579.730216055279016, 487859.025132378330454 ], [ 122578.965293644389021, 487851.069939305016305 ], [ 122559.07731096119096, 487853.823659984220285 ], [ 122561.219093711682945, 487862.237806504068431 ], [ 122579.730216055279016, 487859.025132378330454 ] ] ] } },
{ "type": "Feature", "properties": { "sensor": "GASA-03", "time": "2025-08-20T08:18:00+02:00", "count_line": 8, "location": "Oosterdoksbrug", "count_area": 14.0, "countline_length": 8 }, "geometry": { "type": "Polygon", "coordinates": [ [ [ 122579.730216055279016, 487859.025132378330454 ], [ 122578.965293644389021, 487851.069939305016305 ], [ 122559.07731096119096, 487853.823659984220285 ], [ 122561.219093711682945, 487862.237806504068431 ], [ 122579.730216055279016, 487859.025132378330454 ] ] ] } },
{ "type": "Feature", "properties": { "sensor": "GASA-03", "time": "2025-08-20T08:19:00+02:00", "count_line": 3, "location": "Oosterdoksbrug", "count_area": 5.0, "countline_length": 8 }, "geometry": { "type": "Polygon", "coordinates": [ [ [ 122579.730216055279016, 487859.025132378330454 ], [ 122578.965293644389021, 487851.069939305016305 ], [ 122559.07731096119096, 487853.823659984220285 ], [ 122561.219093711682945, 487862.237806504068431 ], [ 122579.730216055279016, 487859.025132378330454 ] ] ] } },
{ "type": "Feature", "properties": { "sensor": "GASA-03", "time": "2025-08-20T08:20:00+02:00", "count_line": 7, "location": "Oosterdoksbrug", "count_area": 10.0, "countline_length": 8 }, "geometry": { "type": "Polygon", "coordinates": [ [ [ 122579.730216055279016, 487859.025132378330454 ], [ 122578.965293644389021, 487851.069939305016305 ], [ 122559.07731096119096, 487853.823659984220285 ], [ 122561.219093711682945, 487862.237806504068431 ], [ 122579.730216055279016, 487859.025132378330454 ] ] ] } },
{ "type": "Feature", "properties": { "sensor": "GASA-03", "time": "2025-08-20T08:21:00+02:00", "count_line": 12, "location": "Oosterdoksbrug", "count_area": 18.0, "countline_length": 8 }, "geometry": { "type": "Polygon", "coordinates": [ [ [ 122579.730216055279016, 487859.025132378330454 ], [ 122578.965293644389021, 487851.069939305016305 ], [ 122559.07731096119096, 487853.823659984220285 ], [ 122561.219093711682945, 487862.237806504068431 ], [ 122579.730216055279016, 487859.025132378330454 ] ] ] } },
{ "type": "Feature", "properties": { "sensor": "GASA-03", "time": "2025-08-20T08:22:00+02:00", "count_line": 5, "location": "Oosterdoksbrug", "count_area": 9.0, "countline_length": 8 }, "geometry": { "type": "Polygon", "coordinates": [ [ [ 122579.730216055279016, 487859.025132378330454 ], [ 122578.965293644389021, 487851.069939305016305 ], [ 122559.07731096119096, 487853.823659984220285 ], [ 122561.219093711682945, 487862.237806504068431 ], [ 122579.730216055279016, 487859.025132378330454 ] ] ] } },
{ "type": "Feature", "properties": { "sensor": "GASA-03", "time": "2025-08-20T08:23:00+02:00", "count_line": 17, "location": "Oosterdoksbrug", "count_area": 29.0, "countline_length": 8 }, "geometry": { "type": "Polygon", "coordinates": [ [ [ 122579.730216055279016, 487859.025132378330454 ], [ 122578.965293644389021, 487851.069939305016305 ], [ 122559.07731096119096, 487853.823659984220285 ], [ 122561.219093711682945, 487862.237806504068431 ], [ 122579.730216055279016, 487859.025132378330454 ] ] ] } },
{ "type": "Feature", "properties": { "sensor": "GASA-03", "time": "2025-08-20T08:24:00+02:00", "count_line": 5, "location": "Oosterdoksbrug", "count_area": 7.0, "countline_length": 8 }, "geometry": { "type": "Polygon", "coordinates": [ [ [ 122579.730216055279016, 487859.025132378330454 ], [ 122578.965293644389021, 487851.069939305016305 ], [ 122559.07731096119096, 487853.823659984220285 ], [ 122561.219093711682945, 487862.237806504068431 ], [ 122579.730216055279016, 487859.025132378330454 ] ] ] } },
{ "type": "Feature", "properties": { "sensor": "GASA-03", "time": "2025-08-20T08:25:00+02:00", "count_line": 3, "location": "Oosterdoksbrug", "count_area": 4.0, "countline_length": 8 }, "geometry": { "type": "Polygon", "coordinates": [ [ [ 122579.730216055279016, 487859.025132378330454 ], [ 122578.965293644389021, 487851.069939305016305 ], [ 122559.07731096119096, 487853.823659984220285 ], [ 122561.219093711682945, 487862.237806504068431 ], [ 122579.730216055279016, 487859.025132378330454 ] ] ] } },
{ "type": "Feature", "properties": { "sensor": "GASA-03", "time": "2025-08-20T08:26:00+02:00", "count_line": 5, "location": "Oosterdoksbrug", "count_area": 9.0, "countline_length": 8 }, "geometry": { "type": "Polygon", "coordinates": [ [ [ 122579.730216055279016, 487859.025132378330454 ], [ 122578.965293644389021, 487851.069939305016305 ], [ 122559.07731096119096, 487853.823659984220285 ], [ 122561.219093711682945, 487862.237806504068431 ], [ 122579.730216055279016, 487859.025132378330454 ] ] ] } },
{ "type": "Feature", "properties": { "sensor": "GASA-03", "time": "2025-08-20T08:27:00+02:00", "count_line": 0, "location": "Oosterdoksbrug", "count_area": 0.0, "countline_length": 8 }, "geometry": { "type": "Polygon", "coordinates": [ [ [ 122579.730216055279016, 487859.025132378330454 ], [ 122578.965293644389021, 487851.069939305016305 ], [ 122559.07731096119096, 487853.823659984220285 ], [ 122561.219093711682945, 487862.237806504068431 ], [ 122579.730216055279016, 487859.025132378330454 ] ] ] } },
{ "type": "Feature", "properties": { "sensor": "GASA-03", "time": "2025-08-20T08:28:00+02:00", "count_line": 10, "location": "Oosterdoksbrug", "count_area": 18.0, "countline_length": 8 }, "geometry": { "type": "Polygon", "coordinates": [ [ [ 122579.730216055279016, 487859.025132378330454 ], [ 122578.965293644389021, 487851.069939305016305 ], [ 122559.07731096119096, 487853.823659984220285 ], [ 122561.219093711682945, 487862.237806504068431 ], [ 122579.730216055279016, 487859.025132378330454 ] ] ] } },
{ "type": "Feature", "properties": { "sensor": "GASA-03", "time": "2025-08-20T08:29:00+02:00", "count_line": 11, "location": "Oosterdoksbrug", "count_area": 20.0, "countline_length": 8 }, "geometry": { "type": "Polygon", "coordinates": [ [ [ 122579.730216055279016, 487859.025132378330454 ], [ 122578.965293644389021, 487851.069939305016305 ], [ 122559.07731096119096, 487853.823659984220285 ], [ 122561.219093711682945, 487862.237806504068431 ], [ 122579.730216055279016, 487859.025132378330454 ] ] ] } },
{ "type": "Feature", "properties": { "sensor": "GASA-03", "time": "2025-08-20T08:30:00+02:00", "count_line": 16, "location": "Oosterdoksbrug", "count_area": 29.0, "countline_length": 8 }, "geometry": { "type": "Polygon", "coordinates": [ [ [ 122579.730216055279016, 487859.025132378330454 ], [ 122578.965293644389021, 487851.069939305016305 ], [ 122559.07731096119096, 487853.823659984220285 ], [ 122561.219093711682945, 487862.237806504068431 ], [ 122579.730216055279016, 487859.025132378330454 ] ] ] } },
{ "type": "Feature", "properties": { "sensor": "GASA-03", "time": "2025-08-20T08:31:00+02:00", "count_line": 7, "location": "Oosterdoksbrug", "count_area": 13.0, "countline_length": 8 }, "geometry": { "type": "Polygon", "coordinates": [ [ [ 122579.730216055279016, 487859.025132378330454 ], [ 122578.965293644389021, 487851.069939305016305 ], [ 122559.07731096119096, 487853.823659984220285 ], [ 122561.219093711682945, 487862.237806504068431 ], [ 122579.730216055279016, 487859.025132378330454 ] ] ] } },
{ "type": "Feature", "properties": { "sensor": "GASA-03", "time": "2025-08-20T08:32:00+02:00", "count_line": 26, "location": "Oosterdoksbrug", "count_area": 47.0, "countline_length": 8 }, "geometry": { "type": "Polygon", "coordinates": [ [ [ 122579.730216055279016, 487859.025132378330454 ], [ 122578.965293644389021, 487851.069939305016305 ], [ 122559.07731096119096, 487853.823659984220285 ], [ 122561.219093711682945, 487862.237806504068431 ], [ 122579.730216055279016, 487859.025132378330454 ] ] ] } },
{ "type": "Feature", "properties": { "sensor": "GASA-03", "time": "2025-08-20T08:34:00+02:00", "count_line": 18, "location": "Oosterdoksbrug", "count_area": 27.0, "countline_length": 8 }, "geometry": { "type": "Polygon", "coordinates": [ [ [ 122579.730216055279016, 487859.025132378330454 ], [ 122578.965293644389021, 487851.069939305016305 ], [ 122559.07731096119096, 487853.823659984220285 ], [ 122561.219093711682945, 487862.237806504068431 ], [ 122579.730216055279016, 487859.025132378330454 ] ] ] } },
{ "type": "Feature", "properties": { "sensor": "GASA-03", "time": "2025-08-20T08:35:00+02:00", "count_line": 23, "location": "Oosterdoksbrug", "count_area": 43.0, "countline_length": 8 }, "geometry": { "type": "Polygon", "coordinates": [ [ [ 122579.730216055279016, 487859.025132378330454 ], [ 122578.965293644389021, 487851.069939305016305 ], [ 122559.07731096119096, 487853.823659984220285 ], [ 122561.219093711682945, 487862.237806504068431 ], [ 122579.730216055279016, 487859.025132378330454 ] ] ] } },
{ "type": "Feature", "properties": { "sensor": "GASA-03", "time": "2025-08-20T08:36:00+02:00", "count_line": 19, "location": "Oosterdoksbrug", "count_area": 32.0, "countline_length": 8 }, "geometry": { "type": "Polygon", "coordinates": [ [ [ 122579.730216055279016, 487859.025132378330454 ], [ 122578.965293644389021, 487851.069939305016305 ], [ 122559.07731096119096, 487853.823659984220285 ], [ 122561.219093711682945, 487862.237806504068431 ], [ 122579.730216055279016, 487859.025132378330454 ] ] ] } },
{ "type": "Feature", "properties": { "sensor": "GASA-03", "time": "2025-08-20T08:37:00+02:00", "count_line": 18, "location": "Oosterdoksbrug", "count_area": 29.0, "countline_length": 8 }, "geometry": { "type": "Polygon", "coordinates": [ [ [ 122579.730216055279016, 487859.025132378330454 ], [ 122578.965293644389021, 487851.069939305016305 ], [ 122559.07731096119096, 487853.823659984220285 ], [ 122561.219093711682945, 487862.237806504068431 ], [ 122579.730216055279016, 487859.025132378330454 ] ] ] } },
{ "type": "Feature", "properties": { "sensor": "GASA-03", "time": "2025-08-20T08:38:00+02:00", "count_line": 8, "location": "Oosterdoksbrug", "count_area": 15.0, "countline_length": 8 }, "geometry": { "type": "Polygon", "coordinates": [ [ [ 122579.730216055279016, 487859.025132378330454 ], [ 122578.965293644389021, 487851.069939305016305 ], [ 122559.07731096119096, 487853.823659984220285 ], [ 122561.219093711682945, 487862.237806504068431 ], [ 122579.730216055279016, 487859.025132378330454 ] ] ] } },
{ "type": "Feature", "properties": { "sensor": "GASA-03", "time": "2025-08-20T08:39:00+02:00", "count_line": 23, "location": "Oosterdoksbrug", "count_area": 39.0, "countline_length": 8 }, "geometry": { "type": "Polygon", "coordinates": [ [ [ 122579.730216055279016, 487859.025132378330454 ], [ 122578.965293644389021, 487851.069939305016305 ], [ 122559.07731096119096, 487853.823659984220285 ], [ 122561.219093711682945, 487862.237806504068431 ], [ 122579.730216055279016, 487859.025132378330454 ] ] ] } },
{ "type": "Feature", "properties": { "sensor": "GASA-03", "time": "2025-08-20T08:40:00+02:00", "count_line": 27, "location": "Oosterdoksbrug", "count_area": 47.0, "countline_length": 8 }, "geometry": { "type": "Polygon", "coordinates": [ [ [ 122579.730216055279016, 487859.025132378330454 ], [ 122578.965293644389021, 487851.069939305016305 ], [ 122559.07731096119096, 487853.823659984220285 ], [ 122561.219093711682945, 487862.237806504068431 ], [ 122579.730216055279016, 487859.025132378330454 ] ] ] } },
{ "type": "Feature", "properties": { "sensor": "GASA-03", "time": "2025-08-20T08:41:00+02:00", "count_line": 25, "location": "Oosterdoksbrug", "count_area": 40.0, "countline_length": 8 }, "geometry": { "type": "Polygon", "coordinates": [ [ [ 122579.730216055279016, 487859.025132378330454 ], [ 122578.965293644389021, 487851.069939305016305 ], [ 122559.07731096119096, 487853.823659984220285 ], [ 122561.219093711682945, 487862.237806504068431 ], [ 122579.730216055279016, 487859.025132378330454 ] ] ] } },
{ "type": "Feature", "properties": { "sensor": "GASA-03", "time": "2025-08-20T08:42:00+02:00", "count_line": 19, "location": "Oosterdoksbrug", "count_area": 35.0, "countline_length": 8 }, "geometry": { "type": "Polygon", "coordinates": [ [ [ 122579.730216055279016, 487859.025132378330454 ], [ 122578.965293644389021, 487851.069939305016305 ], [ 122559.07731096119096, 487853.823659984220285 ], [ 122561.219093711682945, 487862.237806504068431 ], [ 122579.730216055279016, 487859.025132378330454 ] ] ] } },
{ "type": "Feature", "properties": { "sensor": "GASA-03", "time": "2025-08-20T08:44:00+02:00", "count_line": 18, "location": "Oosterdoksbrug", "count_area": 35.0, "countline_length": 8 }, "geometry": { "type": "Polygon", "coordinates": [ [ [ 122579.730216055279016, 487859.025132378330454 ], [ 122578.965293644389021, 487851.069939305016305 ], [ 122559.07731096119096, 487853.823659984220285 ], [ 122561.219093711682945, 487862.237806504068431 ], [ 122579.730216055279016, 487859.025132378330454 ] ] ] } },
{ "type": "Feature", "properties": { "sensor": "GASA-03", "time": "2025-08-20T08:45:00+02:00", "count_line": 24, "location": "Oosterdoksbrug", "count_area": 39.0, "countline_length": 8 }, "geometry": { "type": "Polygon", "coordinates": [ [ [ 122579.730216055279016, 487859.025132378330454 ], [ 122578.965293644389021, 487851.069939305016305 ], [ 122559.07731096119096, 487853.823659984220285 ], [ 122561.219093711682945, 487862.237806504068431 ], [ 122579.730216055279016, 487859.025132378330454 ] ] ] } },
{ "type": "Feature", "properties": { "sensor": "GASA-03", "time": "2025-08-20T08:46:00+02:00", "count_line": 18, "location": "Oosterdoksbrug", "count_area": 35.0, "countline_length": 8 }, "geometry": { "type": "Polygon", "coordinates": [ [ [ 122579.730216055279016, 487859.025132378330454 ], [ 122578.965293644389021, 487851.069939305016305 ], [ 122559.07731096119096, 487853.823659984220285 ], [ 122561.219093711682945, 487862.237806504068431 ], [ 122579.730216055279016, 487859.025132378330454 ] ] ] } },
{ "type": "Feature", "properties": { "sensor": "GASA-03", "time": "2025-08-20T08:47:00+02:00", "count_line": 14, "location": "Oosterdoksbrug", "count_area": 21.0, "countline_length": 8 }, "geometry": { "type": "Polygon", "coordinates": [ [ [ 122579.730216055279016, 487859.025132378330454 ], [ 122578.965293644389021, 487851.069939305016305 ], [ 122559.07731096119096, 487853.823659984220285 ], [ 122561.219093711682945, 487862.237806504068431 ], [ 122579.730216055279016, 487859.025132378330454 ] ] ] } },
{ "type": "Feature", "properties": { "sensor": "GASA-03", "time": "2025-08-20T08:48:00+02:00", "count_line": 13, "location": "Oosterdoksbrug", "count_area": 21.0, "countline_length": 8 }, "geometry": { "type": "Polygon", "coordinates": [ [ [ 122579.730216055279016, 487859.025132378330454 ], [ 122578.965293644389021, 487851.069939305016305 ], [ 122559.07731096119096, 487853.823659984220285 ], [ 122561.219093711682945, 487862.237806504068431 ], [ 122579.730216055279016, 487859.025132378330454 ] ] ] } },
{ "type": "Feature", "properties": { "sensor": "GASA-03", "time": "2025-08-20T08:49:00+02:00", "count_line": 19, "location": "Oosterdoksbrug", "count_area": 37.0, "countline_length": 8 }, "geometry": { "type": "Polygon", "coordinates": [ [ [ 122579.730216055279016, 487859.025132378330454 ], [ 122578.965293644389021, 487851.069939305016305 ], [ 122559.07731096119096, 487853.823659984220285 ], [ 122561.219093711682945, 487862.237806504068431 ], [ 122579.730216055279016, 487859.025132378330454 ] ] ] } },
{ "type": "Feature", "properties": { "sensor": "GASA-03", "time": "2025-08-20T08:50:00+02:00", "count_line": 15, "location": "Oosterdoksbrug", "count_area": 22.0, "countline_length": 8 }, "geometry": { "type": "Polygon", "coordinates": [ [ [ 122579.730216055279016, 487859.025132378330454 ], [ 122578.965293644389021, 487851.069939305016305 ], [ 122559.07731096119096, 487853.823659984220285 ], [ 122561.219093711682945, 487862.237806504068431 ], [ 122579.730216055279016, 487859.025132378330454 ] ] ] } },
{ "type": "Feature", "properties": { "sensor": "GASA-03", "time": "2025-08-20T08:51:00+02:00", "count_line": 19, "location": "Oosterdoksbrug", "count_area": 33.0, "countline_length": 8 }, "geometry": { "type": "Polygon", "coordinates": [ [ [ 122579.730216055279016, 487859.025132378330454 ], [ 122578.965293644389021, 487851.069939305016305 ], [ 122559.07731096119096, 487853.823659984220285 ], [ 122561.219093711682945, 487862.237806504068431 ], [ 122579.730216055279016, 487859.025132378330454 ] ] ] } },
{ "type": "Feature", "properties": { "sensor": "GASA-03", "time": "2025-08-20T08:52:00+02:00", "count_line": 16, "location": "Oosterdoksbrug", "count_area": 25.0, "countline_length": 8 }, "geometry": { "type": "Polygon", "coordinates": [ [ [ 122579.730216055279016, 487859.025132378330454 ], [ 122578.965293644389021, 487851.069939305016305 ], [ 122559.07731096119096, 487853.823659984220285 ], [ 122561.219093711682945, 487862.237806504068431 ], [ 122579.730216055279016, 487859.025132378330454 ] ] ] } },
{ "type": "Feature", "properties": { "sensor": "GASA-03", "time": "2025-08-20T08:54:00+02:00", "count_line": 58, "location": "Oosterdoksbrug", "count_area": 89.0, "countline_length": 8 }, "geometry": { "type": "Polygon", "coordinates": [ [ [ 122579.730216055279016, 487859.025132378330454 ], [ 122578.965293644389021, 487851.069939305016305 ], [ 122559.07731096119096, 487853.823659984220285 ], [ 122561.219093711682945, 487862.237806504068431 ], [ 122579.730216055279016, 487859.025132378330454 ] ] ] } },
{ "type": "Feature", "properties": { "sensor": "GASA-03", "time": "2025-08-20T08:55:00+02:00", "count_line": 9, "location": "Oosterdoksbrug", "count_area": 16.0, "countline_length": 8 }, "geometry": { "type": "Polygon", "coordinates": [ [ [ 122579.730216055279016, 487859.025132378330454 ], [ 122578.965293644389021, 487851.069939305016305 ], [ 122559.07731096119096, 487853.823659984220285 ], [ 122561.219093711682945, 487862.237806504068431 ], [ 122579.730216055279016, 487859.025132378330454 ] ] ] } },
{ "type": "Feature", "properties": { "sensor": "GASA-03", "time": "2025-08-20T08:56:00+02:00", "count_line": 25, "location": "Oosterdoksbrug", "count_area": 46.0, "countline_length": 8 }, "geometry": { "type": "Polygon", "coordinates": [ [ [ 122579.730216055279016, 487859.025132378330454 ], [ 122578.965293644389021, 487851.069939305016305 ], [ 122559.07731096119096, 487853.823659984220285 ], [ 122561.219093711682945, 487862.237806504068431 ], [ 122579.730216055279016, 487859.025132378330454 ] ] ] } },
{ "type": "Feature", "properties": { "sensor": "GASA-03", "time": "2025-08-20T08:57:00+02:00", "count_line": 15, "location": "Oosterdoksbrug", "count_area": 28.0, "countline_length": 8 }, "geometry": { "type": "Polygon", "coordinates": [ [ [ 122579.730216055279016, 487859.025132378330454 ], [ 122578.965293644389021, 487851.069939305016305 ], [ 122559.07731096119096, 487853.823659984220285 ], [ 122561.219093711682945, 487862.237806504068431 ], [ 122579.730216055279016, 487859.025132378330454 ] ] ] } },
{ "type": "Feature", "properties": { "sensor": "GASA-03", "time": "2025-08-20T08:58:00+02:00", "count_line": 10, "location": "Oosterdoksbrug", "count_area": 19.0, "countline_length": 8 }, "geometry": { "type": "Polygon", "coordinates": [ [ [ 122579.730216055279016, 487859.025132378330454 ], [ 122578.965293644389021, 487851.069939305016305 ], [ 122559.07731096119096, 487853.823659984220285 ], [ 122561.219093711682945, 487862.237806504068431 ], [ 122579.730216055279016, 487859.025132378330454 ] ] ] } },
{ "type": "Feature", "properties": { "sensor": "GASA-03", "time": "2025-08-20T08:59:00+02:00", "count_line": 23, "location": "Oosterdoksbrug", "count_area": 42.0, "countline_length": 8 }, "geometry": { "type": "Polygon", "coordinates": [ [ [ 122579.730216055279016, 487859.025132378330454 ], [ 122578.965293644389021, 487851.069939305016305 ], [ 122559.07731096119096, 487853.823659984220285 ], [ 122561.219093711682945, 487862.237806504068431 ], [ 122579.730216055279016, 487859.025132378330454 ] ] ] } },
{ "type": "Feature", "properties": { "sensor": "GASA-03", "time": "2025-08-20T09:00:00+02:00", "count_line": 14, "location": "Oosterdoksbrug", "count_area": 21.0, "countline_length": 8 }, "geometry": { "type": "Polygon", "coordinates": [ [ [ 122579.730216055279016, 487859.025132378330454 ], [ 122578.965293644389021, 487851.069939305016305 ], [ 122559.07731096119096, 487853.823659984220285 ], [ 122561.219093711682945, 487862.237806504068431 ], [ 122579.730216055279016, 487859.025132378330454 ] ] ] } },
{ "type": "Feature", "properties": { "sensor": "GASA-03", "time": "2025-08-20T09:01:00+02:00", "count_line": 8, "location": "Oosterdoksbrug", "count_area": 12.0, "countline_length": 8 }, "geometry": { "type": "Polygon", "coordinates": [ [ [ 122579.730216055279016, 487859.025132378330454 ], [ 122578.965293644389021, 487851.069939305016305 ], [ 122559.07731096119096, 487853.823659984220285 ], [ 122561.219093711682945, 487862.237806504068431 ], [ 122579.730216055279016, 487859.025132378330454 ] ] ] } },
{ "type": "Feature", "properties": { "sensor": "GASA-03", "time": "2025-08-20T09:02:00+02:00", "count_line": 15, "location": "Oosterdoksbrug", "count_area": 24.0, "countline_length": 8 }, "geometry": { "type": "Polygon", "coordinates": [ [ [ 122579.730216055279016, 487859.025132378330454 ], [ 122578.965293644389021, 487851.069939305016305 ], [ 122559.07731096119096, 487853.823659984220285 ], [ 122561.219093711682945, 487862.237806504068431 ], [ 122579.730216055279016, 487859.025132378330454 ] ] ] } },
{ "type": "Feature", "properties": { "sensor": "GASA-03", "time": "2025-08-20T09:04:00+02:00", "count_line": 14, "location": "Oosterdoksbrug", "count_area": 22.0, "countline_length": 8 }, "geometry": { "type": "Polygon", "coordinates": [ [ [ 122579.730216055279016, 487859.025132378330454 ], [ 122578.965293644389021, 487851.069939305016305 ], [ 122559.07731096119096, 487853.823659984220285 ], [ 122561.219093711682945, 487862.237806504068431 ], [ 122579.730216055279016, 487859.025132378330454 ] ] ] } },
{ "type": "Feature", "properties": { "sensor": "GASA-03", "time": "2025-08-20T09:05:00+02:00", "count_line": 26, "location": "Oosterdoksbrug", "count_area": 42.0, "countline_length": 8 }, "geometry": { "type": "Polygon", "coordinates": [ [ [ 122579.730216055279016, 487859.025132378330454 ], [ 122578.965293644389021, 487851.069939305016305 ], [ 122559.07731096119096, 487853.823659984220285 ], [ 122561.219093711682945, 487862.237806504068431 ], [ 122579.730216055279016, 487859.025132378330454 ] ] ] } },
{ "type": "Feature", "properties": { "sensor": "GASA-03", "time": "2025-08-20T09:06:00+02:00", "count_line": 12, "location": "Oosterdoksbrug", "count_area": 22.0, "countline_length": 8 }, "geometry": { "type": "Polygon", "coordinates": [ [ [ 122579.730216055279016, 487859.025132378330454 ], [ 122578.965293644389021, 487851.069939305016305 ], [ 122559.07731096119096, 487853.823659984220285 ], [ 122561.219093711682945, 487862.237806504068431 ], [ 122579.730216055279016, 487859.025132378330454 ] ] ] } },
{ "type": "Feature", "properties": { "sensor": "GASA-03", "time": "2025-08-20T09:07:00+02:00", "count_line": 9, "location": "Oosterdoksbrug", "count_area": 14.0, "countline_length": 8 }, "geometry": { "type": "Polygon", "coordinates": [ [ [ 122579.730216055279016, 487859.025132378330454 ], [ 122578.965293644389021, 487851.069939305016305 ], [ 122559.07731096119096, 487853.823659984220285 ], [ 122561.219093711682945, 487862.237806504068431 ], [ 122579.730216055279016, 487859.025132378330454 ] ] ] } },
{ "type": "Feature", "properties": { "sensor": "GASA-03", "time": "2025-08-20T09:08:00+02:00", "count_line": 13, "location": "Oosterdoksbrug", "count_area": 19.0, "countline_length": 8 }, "geometry": { "type": "Polygon", "coordinates": [ [ [ 122579.730216055279016, 487859.025132378330454 ], [ 122578.965293644389021, 487851.069939305016305 ], [ 122559.07731096119096, 487853.823659984220285 ], [ 122561.219093711682945, 487862.237806504068431 ], [ 122579.730216055279016, 487859.025132378330454 ] ] ] } },
{ "type": "Feature", "properties": { "sensor": "GASA-03", "time": "2025-08-20T09:09:00+02:00", "count_line": 8, "location": "Oosterdoksbrug", "count_area": 13.0, "countline_length": 8 }, "geometry": { "type": "Polygon", "coordinates": [ [ [ 122579.730216055279016, 487859.025132378330454 ], [ 122578.965293644389021, 487851.069939305016305 ], [ 122559.07731096119096, 487853.823659984220285 ], [ 122561.219093711682945, 487862.237806504068431 ], [ 122579.730216055279016, 487859.025132378330454 ] ] ] } },
{ "type": "Feature", "properties": { "sensor": "GASA-03", "time": "2025-08-20T09:10:00+02:00", "count_line": 17, "location": "Oosterdoksbrug", "count_area": 27.0, "countline_length": 8 }, "geometry": { "type": "Polygon", "coordinates": [ [ [ 122579.730216055279016, 487859.025132378330454 ], [ 122578.965293644389021, 487851.069939305016305 ], [ 122559.07731096119096, 487853.823659984220285 ], [ 122561.219093711682945, 487862.237806504068431 ], [ 122579.730216055279016, 487859.025132378330454 ] ] ] } },
{ "type": "Feature", "properties": { "sensor": "GASA-03", "time": "2025-08-20T09:11:00+02:00", "count_line": 22, "location": "Oosterdoksbrug", "count_area": 40.0, "countline_length": 8 }, "geometry": { "type": "Polygon", "coordinates": [ [ [ 122579.730216055279016, 487859.025132378330454 ], [ 122578.965293644389021, 487851.069939305016305 ], [ 122559.07731096119096, 487853.823659984220285 ], [ 122561.219093711682945, 487862.237806504068431 ], [ 122579.730216055279016, 487859.025132378330454 ] ] ] } },
{ "type": "Feature", "properties": { "sensor": "GASA-03", "time": "2025-08-20T09:12:00+02:00", "count_line": 22, "location": "Oosterdoksbrug", "count_area": 34.0, "countline_length": 8 }, "geometry": { "type": "Polygon", "coordinates": [ [ [ 122579.730216055279016, 487859.025132378330454 ], [ 122578.965293644389021, 487851.069939305016305 ], [ 122559.07731096119096, 487853.823659984220285 ], [ 122561.219093711682945, 487862.237806504068431 ], [ 122579.730216055279016, 487859.025132378330454 ] ] ] } },
{ "type": "Feature", "properties": { "sensor": "GASA-03", "time": "2025-08-20T09:14:00+02:00", "count_line": 28, "location": "Oosterdoksbrug", "count_area": 46.0, "countline_length": 8 }, "geometry": { "type": "Polygon", "coordinates": [ [ [ 122579.730216055279016, 487859.025132378330454 ], [ 122578.965293644389021, 487851.069939305016305 ], [ 122559.07731096119096, 487853.823659984220285 ], [ 122561.219093711682945, 487862.237806504068431 ], [ 122579.730216055279016, 487859.025132378330454 ] ] ] } },
{ "type": "Feature", "properties": { "sensor": "GASA-03", "time": "2025-08-20T09:15:00+02:00", "count_line": 19, "location": "Oosterdoksbrug", "count_area": 36.0, "countline_length": 8 }, "geometry": { "type": "Polygon", "coordinates": [ [ [ 122579.730216055279016, 487859.025132378330454 ], [ 122578.965293644389021, 487851.069939305016305 ], [ 122559.07731096119096, 487853.823659984220285 ], [ 122561.219093711682945, 487862.237806504068431 ], [ 122579.730216055279016, 487859.025132378330454 ] ] ] } },
{ "type": "Feature", "properties": { "sensor": "GASA-03", "time": "2025-08-20T09:16:00+02:00", "count_line": 15, "location": "Oosterdoksbrug", "count_area": 27.0, "countline_length": 8 }, "geometry": { "type": "Polygon", "coordinates": [ [ [ 122579.730216055279016, 487859.025132378330454 ], [ 122578.965293644389021, 487851.069939305016305 ], [ 122559.07731096119096, 487853.823659984220285 ], [ 122561.219093711682945, 487862.237806504068431 ], [ 122579.730216055279016, 487859.025132378330454 ] ] ] } },
{ "type": "Feature", "properties": { "sensor": "GASA-03", "time": "2025-08-20T09:17:00+02:00", "count_line": 5, "location": "Oosterdoksbrug", "count_area": 8.0, "countline_length": 8 }, "geometry": { "type": "Polygon", "coordinates": [ [ [ 122579.730216055279016, 487859.025132378330454 ], [ 122578.965293644389021, 487851.069939305016305 ], [ 122559.07731096119096, 487853.823659984220285 ], [ 122561.219093711682945, 487862.237806504068431 ], [ 122579.730216055279016, 487859.025132378330454 ] ] ] } },
{ "type": "Feature", "properties": { "sensor": "GASA-03", "time": "2025-08-20T09:18:00+02:00", "count_line": 6, "location": "Oosterdoksbrug", "count_area": 11.0, "countline_length": 8 }, "geometry": { "type": "Polygon", "coordinates": [ [ [ 122579.730216055279016, 487859.025132378330454 ], [ 122578.965293644389021, 487851.069939305016305 ], [ 122559.07731096119096, 487853.823659984220285 ], [ 122561.219093711682945, 487862.237806504068431 ], [ 122579.730216055279016, 487859.025132378330454 ] ] ] } },
{ "type": "Feature", "properties": { "sensor": "GASA-03", "time": "2025-08-20T09:19:00+02:00", "count_line": 17, "location": "Oosterdoksbrug", "count_area": 28.0, "countline_length": 8 }, "geometry": { "type": "Polygon", "coordinates": [ [ [ 122579.730216055279016, 487859.025132378330454 ], [ 122578.965293644389021, 487851.069939305016305 ], [ 122559.07731096119096, 487853.823659984220285 ], [ 122561.219093711682945, 487862.237806504068431 ], [ 122579.730216055279016, 487859.025132378330454 ] ] ] } },
{ "type": "Feature", "properties": { "sensor": "GASA-03", "time": "2025-08-20T09:20:00+02:00", "count_line": 17, "location": "Oosterdoksbrug", "count_area": 33.0, "countline_length": 8 }, "geometry": { "type": "Polygon", "coordinates": [ [ [ 122579.730216055279016, 487859.025132378330454 ], [ 122578.965293644389021, 487851.069939305016305 ], [ 122559.07731096119096, 487853.823659984220285 ], [ 122561.219093711682945, 487862.237806504068431 ], [ 122579.730216055279016, 487859.025132378330454 ] ] ] } },
{ "type": "Feature", "properties": { "sensor": "GASA-03", "time": "2025-08-20T09:21:00+02:00", "count_line": 23, "location": "Oosterdoksbrug", "count_area": 36.0, "countline_length": 8 }, "geometry": { "type": "Polygon", "coordinates": [ [ [ 122579.730216055279016, 487859.025132378330454 ], [ 122578.965293644389021, 487851.069939305016305 ], [ 122559.07731096119096, 487853.823659984220285 ], [ 122561.219093711682945, 487862.237806504068431 ], [ 122579.730216055279016, 487859.025132378330454 ] ] ] } },
{ "type": "Feature", "properties": { "sensor": "GASA-03", "time": "2025-08-20T09:22:00+02:00", "count_line": 13, "location": "Oosterdoksbrug", "count_area": 25.0, "countline_length": 8 }, "geometry": { "type": "Polygon", "coordinates": [ [ [ 122579.730216055279016, 487859.025132378330454 ], [ 122578.965293644389021, 487851.069939305016305 ], [ 122559.07731096119096, 487853.823659984220285 ], [ 122561.219093711682945, 487862.237806504068431 ], [ 122579.730216055279016, 487859.025132378330454 ] ] ] } },
{ "type": "Feature", "properties": { "sensor": "GASA-03", "time": "2025-08-20T09:24:00+02:00", "count_line": 28, "location": "Oosterdoksbrug", "count_area": 47.0, "countline_length": 8 }, "geometry": { "type": "Polygon", "coordinates": [ [ [ 122579.730216055279016, 487859.025132378330454 ], [ 122578.965293644389021, 487851.069939305016305 ], [ 122559.07731096119096, 487853.823659984220285 ], [ 122561.219093711682945, 487862.237806504068431 ], [ 122579.730216055279016, 487859.025132378330454 ] ] ] } },
{ "type": "Feature", "properties": { "sensor": "GASA-03", "time": "2025-08-20T09:25:00+02:00", "count_line": 5, "location": "Oosterdoksbrug", "count_area": 7.0, "countline_length": 8 }, "geometry": { "type": "Polygon", "coordinates": [ [ [ 122579.730216055279016, 487859.025132378330454 ], [ 122578.965293644389021, 487851.069939305016305 ], [ 122559.07731096119096, 487853.823659984220285 ], [ 122561.219093711682945, 487862.237806504068431 ], [ 122579.730216055279016, 487859.025132378330454 ] ] ] } },
{ "type": "Feature", "properties": { "sensor": "GASA-03", "time": "2025-08-20T09:26:00+02:00", "count_line": 6, "location": "Oosterdoksbrug", "count_area": 10.0, "countline_length": 8 }, "geometry": { "type": "Polygon", "coordinates": [ [ [ 122579.730216055279016, 487859.025132378330454 ], [ 122578.965293644389021, 487851.069939305016305 ], [ 122559.07731096119096, 487853.823659984220285 ], [ 122561.219093711682945, 487862.237806504068431 ], [ 122579.730216055279016, 487859.025132378330454 ] ] ] } },
{ "type": "Feature", "properties": { "sensor": "GASA-03", "time": "2025-08-20T09:27:00+02:00", "count_line": 7, "location": "Oosterdoksbrug", "count_area": 10.0, "countline_length": 8 }, "geometry": { "type": "Polygon", "coordinates": [ [ [ 122579.730216055279016, 487859.025132378330454 ], [ 122578.965293644389021, 487851.069939305016305 ], [ 122559.07731096119096, 487853.823659984220285 ], [ 122561.219093711682945, 487862.237806504068431 ], [ 122579.730216055279016, 487859.025132378330454 ] ] ] } },
{ "type": "Feature", "properties": { "sensor": "GASA-03", "time": "2025-08-20T09:28:00+02:00", "count_line": 11, "location": "Oosterdoksbrug", "count_area": 17.0, "countline_length": 8 }, "geometry": { "type": "Polygon", "coordinates": [ [ [ 122579.730216055279016, 487859.025132378330454 ], [ 122578.965293644389021, 487851.069939305016305 ], [ 122559.07731096119096, 487853.823659984220285 ], [ 122561.219093711682945, 487862.237806504068431 ], [ 122579.730216055279016, 487859.025132378330454 ] ] ] } },
{ "type": "Feature", "properties": { "sensor": "GASA-03", "time": "2025-08-20T09:29:00+02:00", "count_line": 9, "location": "Oosterdoksbrug", "count_area": 16.0, "countline_length": 8 }, "geometry": { "type": "Polygon", "coordinates": [ [ [ 122579.730216055279016, 487859.025132378330454 ], [ 122578.965293644389021, 487851.069939305016305 ], [ 122559.07731096119096, 487853.823659984220285 ], [ 122561.219093711682945, 487862.237806504068431 ], [ 122579.730216055279016, 487859.025132378330454 ] ] ] } },
{ "type": "Feature", "properties": { "sensor": "GASA-03", "time": "2025-08-20T09:30:00+02:00", "count_line": 9, "location": "Oosterdoksbrug", "count_area": 17.0, "countline_length": 8 }, "geometry": { "type": "Polygon", "coordinates": [ [ [ 122579.730216055279016, 487859.025132378330454 ], [ 122578.965293644389021, 487851.069939305016305 ], [ 122559.07731096119096, 487853.823659984220285 ], [ 122561.219093711682945, 487862.237806504068431 ], [ 122579.730216055279016, 487859.025132378330454 ] ] ] } },
{ "type": "Feature", "properties": { "sensor": "GASA-03", "time": "2025-08-20T09:31:00+02:00", "count_line": 8, "location": "Oosterdoksbrug", "count_area": 12.0, "countline_length": 8 }, "geometry": { "type": "Polygon", "coordinates": [ [ [ 122579.730216055279016, 487859.025132378330454 ], [ 122578.965293644389021, 487851.069939305016305 ], [ 122559.07731096119096, 487853.823659984220285 ], [ 122561.219093711682945, 487862.237806504068431 ], [ 122579.730216055279016, 487859.025132378330454 ] ] ] } },
{ "type": "Feature", "properties": { "sensor": "GASA-03", "time": "2025-08-20T09:32:00+02:00", "count_line": 21, "location": "Oosterdoksbrug", "count_area": 31.0, "countline_length": 8 }, "geometry": { "type": "Polygon", "coordinates": [ [ [ 122579.730216055279016, 487859.025132378330454 ], [ 122578.965293644389021, 487851.069939305016305 ], [ 122559.07731096119096, 487853.823659984220285 ], [ 122561.219093711682945, 487862.237806504068431 ], [ 122579.730216055279016, 487859.025132378330454 ] ] ] } },
{ "type": "Feature", "properties": { "sensor": "GASA-03", "time": "2025-08-20T09:34:00+02:00", "count_line": 28, "location": "Oosterdoksbrug", "count_area": 51.0, "countline_length": 8 }, "geometry": { "type": "Polygon", "coordinates": [ [ [ 122579.730216055279016, 487859.025132378330454 ], [ 122578.965293644389021, 487851.069939305016305 ], [ 122559.07731096119096, 487853.823659984220285 ], [ 122561.219093711682945, 487862.237806504068431 ], [ 122579.730216055279016, 487859.025132378330454 ] ] ] } },
{ "type": "Feature", "properties": { "sensor": "GASA-03", "time": "2025-08-20T09:35:00+02:00", "count_line": 10, "location": "Oosterdoksbrug", "count_area": 18.0, "countline_length": 8 }, "geometry": { "type": "Polygon", "coordinates": [ [ [ 122579.730216055279016, 487859.025132378330454 ], [ 122578.965293644389021, 487851.069939305016305 ], [ 122559.07731096119096, 487853.823659984220285 ], [ 122561.219093711682945, 487862.237806504068431 ], [ 122579.730216055279016, 487859.025132378330454 ] ] ] } },
{ "type": "Feature", "properties": { "sensor": "GASA-03", "time": "2025-08-20T09:36:00+02:00", "count_line": 26, "location": "Oosterdoksbrug", "count_area": 39.0, "countline_length": 8 }, "geometry": { "type": "Polygon", "coordinates": [ [ [ 122579.730216055279016, 487859.025132378330454 ], [ 122578.965293644389021, 487851.069939305016305 ], [ 122559.07731096119096, 487853.823659984220285 ], [ 122561.219093711682945, 487862.237806504068431 ], [ 122579.730216055279016, 487859.025132378330454 ] ] ] } },
{ "type": "Feature", "properties": { "sensor": "GASA-03", "time": "2025-08-20T09:37:00+02:00", "count_line": 24, "location": "Oosterdoksbrug", "count_area": 44.0, "countline_length": 8 }, "geometry": { "type": "Polygon", "coordinates": [ [ [ 122579.730216055279016, 487859.025132378330454 ], [ 122578.965293644389021, 487851.069939305016305 ], [ 122559.07731096119096, 487853.823659984220285 ], [ 122561.219093711682945, 487862.237806504068431 ], [ 122579.730216055279016, 487859.025132378330454 ] ] ] } },
{ "type": "Feature", "properties": { "sensor": "GASA-03", "time": "2025-08-20T09:38:00+02:00", "count_line": 14, "location": "Oosterdoksbrug", "count_area": 22.0, "countline_length": 8 }, "geometry": { "type": "Polygon", "coordinates": [ [ [ 122579.730216055279016, 487859.025132378330454 ], [ 122578.965293644389021, 487851.069939305016305 ], [ 122559.07731096119096, 487853.823659984220285 ], [ 122561.219093711682945, 487862.237806504068431 ], [ 122579.730216055279016, 487859.025132378330454 ] ] ] } },
{ "type": "Feature", "properties": { "sensor": "GASA-03", "time": "2025-08-20T09:39:00+02:00", "count_line": 17, "location": "Oosterdoksbrug", "count_area": 28.0, "countline_length": 8 }, "geometry": { "type": "Polygon", "coordinates": [ [ [ 122579.730216055279016, 487859.025132378330454 ], [ 122578.965293644389021, 487851.069939305016305 ], [ 122559.07731096119096, 487853.823659984220285 ], [ 122561.219093711682945, 487862.237806504068431 ], [ 122579.730216055279016, 487859.025132378330454 ] ] ] } },
{ "type": "Feature", "properties": { "sensor": "GASA-03", "time": "2025-08-20T09:40:00+02:00", "count_line": 14, "location": "Oosterdoksbrug", "count_area": 26.0, "countline_length": 8 }, "geometry": { "type": "Polygon", "coordinates": [ [ [ 122579.730216055279016, 487859.025132378330454 ], [ 122578.965293644389021, 487851.069939305016305 ], [ 122559.07731096119096, 487853.823659984220285 ], [ 122561.219093711682945, 487862.237806504068431 ], [ 122579.730216055279016, 487859.025132378330454 ] ] ] } },
{ "type": "Feature", "properties": { "sensor": "GASA-03", "time": "2025-08-20T09:41:00+02:00", "count_line": 12, "location": "Oosterdoksbrug", "count_area": 18.0, "countline_length": 8 }, "geometry": { "type": "Polygon", "coordinates": [ [ [ 122579.730216055279016, 487859.025132378330454 ], [ 122578.965293644389021, 487851.069939305016305 ], [ 122559.07731096119096, 487853.823659984220285 ], [ 122561.219093711682945, 487862.237806504068431 ], [ 122579.730216055279016, 487859.025132378330454 ] ] ] } },
{ "type": "Feature", "properties": { "sensor": "GASA-03", "time": "2025-08-20T09:42:00+02:00", "count_line": 11, "location": "Oosterdoksbrug", "count_area": 19.0, "countline_length": 8 }, "geometry": { "type": "Polygon", "coordinates": [ [ [ 122579.730216055279016, 487859.025132378330454 ], [ 122578.965293644389021, 487851.069939305016305 ], [ 122559.07731096119096, 487853.823659984220285 ], [ 122561.219093711682945, 487862.237806504068431 ], [ 122579.730216055279016, 487859.025132378330454 ] ] ] } },
{ "type": "Feature", "properties": { "sensor": "GASA-03", "time": "2025-08-20T09:44:00+02:00", "count_line": 20, "location": "Oosterdoksbrug", "count_area": 39.0, "countline_length": 8 }, "geometry": { "type": "Polygon", "coordinates": [ [ [ 122579.730216055279016, 487859.025132378330454 ], [ 122578.965293644389021, 487851.069939305016305 ], [ 122559.07731096119096, 487853.823659984220285 ], [ 122561.219093711682945, 487862.237806504068431 ], [ 122579.730216055279016, 487859.025132378330454 ] ] ] } },
{ "type": "Feature", "properties": { "sensor": "GASA-03", "time": "2025-08-20T09:45:00+02:00", "count_line": 18, "location": "Oosterdoksbrug", "count_area": 33.0, "countline_length": 8 }, "geometry": { "type": "Polygon", "coordinates": [ [ [ 122579.730216055279016, 487859.025132378330454 ], [ 122578.965293644389021, 487851.069939305016305 ], [ 122559.07731096119096, 487853.823659984220285 ], [ 122561.219093711682945, 487862.237806504068431 ], [ 122579.730216055279016, 487859.025132378330454 ] ] ] } },
{ "type": "Feature", "properties": { "sensor": "GASA-03", "time": "2025-08-20T09:46:00+02:00", "count_line": 23, "location": "Oosterdoksbrug", "count_area": 35.0, "countline_length": 8 }, "geometry": { "type": "Polygon", "coordinates": [ [ [ 122579.730216055279016, 487859.025132378330454 ], [ 122578.965293644389021, 487851.069939305016305 ], [ 122559.07731096119096, 487853.823659984220285 ], [ 122561.219093711682945, 487862.237806504068431 ], [ 122579.730216055279016, 487859.025132378330454 ] ] ] } },
{ "type": "Feature", "properties": { "sensor": "GASA-03", "time": "2025-08-20T09:47:00+02:00", "count_line": 23, "location": "Oosterdoksbrug", "count_area": 40.0, "countline_length": 8 }, "geometry": { "type": "Polygon", "coordinates": [ [ [ 122579.730216055279016, 487859.025132378330454 ], [ 122578.965293644389021, 487851.069939305016305 ], [ 122559.07731096119096, 487853.823659984220285 ], [ 122561.219093711682945, 487862.237806504068431 ], [ 122579.730216055279016, 487859.025132378330454 ] ] ] } },
{ "type": "Feature", "properties": { "sensor": "GASA-03", "time": "2025-08-20T09:48:00+02:00", "count_line": 16, "location": "Oosterdoksbrug", "count_area": 27.0, "countline_length": 8 }, "geometry": { "type": "Polygon", "coordinates": [ [ [ 122579.730216055279016, 487859.025132378330454 ], [ 122578.965293644389021, 487851.069939305016305 ], [ 122559.07731096119096, 487853.823659984220285 ], [ 122561.219093711682945, 487862.237806504068431 ], [ 122579.730216055279016, 487859.025132378330454 ] ] ] } },
{ "type": "Feature", "properties": { "sensor": "GASA-03", "time": "2025-08-20T09:49:00+02:00", "count_line": 12, "location": "Oosterdoksbrug", "count_area": 23.0, "countline_length": 8 }, "geometry": { "type": "Polygon", "coordinates": [ [ [ 122579.730216055279016, 487859.025132378330454 ], [ 122578.965293644389021, 487851.069939305016305 ], [ 122559.07731096119096, 487853.823659984220285 ], [ 122561.219093711682945, 487862.237806504068431 ], [ 122579.730216055279016, 487859.025132378330454 ] ] ] } },
{ "type": "Feature", "properties": { "sensor": "GASA-03", "time": "2025-08-20T09:50:00+02:00", "count_line": 16, "location": "Oosterdoksbrug", "count_area": 30.0, "countline_length": 8 }, "geometry": { "type": "Polygon", "coordinates": [ [ [ 122579.730216055279016, 487859.025132378330454 ], [ 122578.965293644389021, 487851.069939305016305 ], [ 122559.07731096119096, 487853.823659984220285 ], [ 122561.219093711682945, 487862.237806504068431 ], [ 122579.730216055279016, 487859.025132378330454 ] ] ] } },
{ "type": "Feature", "properties": { "sensor": "GASA-03", "time": "2025-08-20T09:51:00+02:00", "count_line": 15, "location": "Oosterdoksbrug", "count_area": 24.0, "countline_length": 8 }, "geometry": { "type": "Polygon", "coordinates": [ [ [ 122579.730216055279016, 487859.025132378330454 ], [ 122578.965293644389021, 487851.069939305016305 ], [ 122559.07731096119096, 487853.823659984220285 ], [ 122561.219093711682945, 487862.237806504068431 ], [ 122579.730216055279016, 487859.025132378330454 ] ] ] } },
{ "type": "Feature", "properties": { "sensor": "GASA-03", "time": "2025-08-20T09:52:00+02:00", "count_line": 18, "location": "Oosterdoksbrug", "count_area": 32.0, "countline_length": 8 }, "geometry": { "type": "Polygon", "coordinates": [ [ [ 122579.730216055279016, 487859.025132378330454 ], [ 122578.965293644389021, 487851.069939305016305 ], [ 122559.07731096119096, 487853.823659984220285 ], [ 122561.219093711682945, 487862.237806504068431 ], [ 122579.730216055279016, 487859.025132378330454 ] ] ] } },
{ "type": "Feature", "properties": { "sensor": "GASA-03", "time": "2025-08-20T09:54:00+02:00", "count_line": 18, "location": "Oosterdoksbrug", "count_area": 34.0, "countline_length": 8 }, "geometry": { "type": "Polygon", "coordinates": [ [ [ 122579.730216055279016, 487859.025132378330454 ], [ 122578.965293644389021, 487851.069939305016305 ], [ 122559.07731096119096, 487853.823659984220285 ], [ 122561.219093711682945, 487862.237806504068431 ], [ 122579.730216055279016, 487859.025132378330454 ] ] ] } },
{ "type": "Feature", "properties": { "sensor": "GASA-03", "time": "2025-08-20T09:55:00+02:00", "count_line": 9, "location": "Oosterdoksbrug", "count_area": 15.0, "countline_length": 8 }, "geometry": { "type": "Polygon", "coordinates": [ [ [ 122579.730216055279016, 487859.025132378330454 ], [ 122578.965293644389021, 487851.069939305016305 ], [ 122559.07731096119096, 487853.823659984220285 ], [ 122561.219093711682945, 487862.237806504068431 ], [ 122579.730216055279016, 487859.025132378330454 ] ] ] } },
{ "type": "Feature", "properties": { "sensor": "GASA-03", "time": "2025-08-20T09:56:00+02:00", "count_line": 27, "location": "Oosterdoksbrug", "count_area": 41.0, "countline_length": 8 }, "geometry": { "type": "Polygon", "coordinates": [ [ [ 122579.730216055279016, 487859.025132378330454 ], [ 122578.965293644389021, 487851.069939305016305 ], [ 122559.07731096119096, 487853.823659984220285 ], [ 122561.219093711682945, 487862.237806504068431 ], [ 122579.730216055279016, 487859.025132378330454 ] ] ] } },
{ "type": "Feature", "properties": { "sensor": "GASA-03", "time": "2025-08-20T09:57:00+02:00", "count_line": 4, "location": "Oosterdoksbrug", "count_area": 7.0, "countline_length": 8 }, "geometry": { "type": "Polygon", "coordinates": [ [ [ 122579.730216055279016, 487859.025132378330454 ], [ 122578.965293644389021, 487851.069939305016305 ], [ 122559.07731096119096, 487853.823659984220285 ], [ 122561.219093711682945, 487862.237806504068431 ], [ 122579.730216055279016, 487859.025132378330454 ] ] ] } },
{ "type": "Feature", "properties": { "sensor": "GASA-03", "time": "2025-08-20T09:58:00+02:00", "count_line": 15, "location": "Oosterdoksbrug", "count_area": 28.0, "countline_length": 8 }, "geometry": { "type": "Polygon", "coordinates": [ [ [ 122579.730216055279016, 487859.025132378330454 ], [ 122578.965293644389021, 487851.069939305016305 ], [ 122559.07731096119096, 487853.823659984220285 ], [ 122561.219093711682945, 487862.237806504068431 ], [ 122579.730216055279016, 487859.025132378330454 ] ] ] } },
{ "type": "Feature", "properties": { "sensor": "GASA-03", "time": "2025-08-20T09:59:00+02:00", "count_line": 23, "location": "Oosterdoksbrug", "count_area": 42.0, "countline_length": 8 }, "geometry": { "type": "Polygon", "coordinates": [ [ [ 122579.730216055279016, 487859.025132378330454 ], [ 122578.965293644389021, 487851.069939305016305 ], [ 122559.07731096119096, 487853.823659984220285 ], [ 122561.219093711682945, 487862.237806504068431 ], [ 122579.730216055279016, 487859.025132378330454 ] ] ] } },
{ "type": "Feature", "properties": { "sensor": "GASA-03", "time": "2025-08-20T10:00:00+02:00", "count_line": 10, "location": "Oosterdoksbrug", "count_area": 15.0, "countline_length": 8 }, "geometry": { "type": "Polygon", "coordinates": [ [ [ 122579.730216055279016, 487859.025132378330454 ], [ 122578.965293644389021, 487851.069939305016305 ], [ 122559.07731096119096, 487853.823659984220285 ], [ 122561.219093711682945, 487862.237806504068431 ], [ 122579.730216055279016, 487859.025132378330454 ] ] ] } },
{ "type": "Feature", "properties": { "sensor": "GASA-03", "time": "2025-08-20T10:01:00+02:00", "count_line": 23, "location": "Oosterdoksbrug", "count_area": 37.0, "countline_length": 8 }, "geometry": { "type": "Polygon", "coordinates": [ [ [ 122579.730216055279016, 487859.025132378330454 ], [ 122578.965293644389021, 487851.069939305016305 ], [ 122559.07731096119096, 487853.823659984220285 ], [ 122561.219093711682945, 487862.237806504068431 ], [ 122579.730216055279016, 487859.025132378330454 ] ] ] } },
{ "type": "Feature", "properties": { "sensor": "GASA-03", "time": "2025-08-20T10:02:00+02:00", "count_line": 17, "location": "Oosterdoksbrug", "count_area": 28.0, "countline_length": 8 }, "geometry": { "type": "Polygon", "coordinates": [ [ [ 122579.730216055279016, 487859.025132378330454 ], [ 122578.965293644389021, 487851.069939305016305 ], [ 122559.07731096119096, 487853.823659984220285 ], [ 122561.219093711682945, 487862.237806504068431 ], [ 122579.730216055279016, 487859.025132378330454 ] ] ] } },
{ "type": "Feature", "properties": { "sensor": "GASA-03", "time": "2025-08-20T10:04:00+02:00", "count_line": 60, "location": "Oosterdoksbrug", "count_area": 102.0, "countline_length": 8 }, "geometry": { "type": "Polygon", "coordinates": [ [ [ 122579.730216055279016, 487859.025132378330454 ], [ 122578.965293644389021, 487851.069939305016305 ], [ 122559.07731096119096, 487853.823659984220285 ], [ 122561.219093711682945, 487862.237806504068431 ], [ 122579.730216055279016, 487859.025132378330454 ] ] ] } },
{ "type": "Feature", "properties": { "sensor": "GASA-03", "time": "2025-08-20T10:05:00+02:00", "count_line": 22, "location": "Oosterdoksbrug", "count_area": 36.0, "countline_length": 8 }, "geometry": { "type": "Polygon", "coordinates": [ [ [ 122579.730216055279016, 487859.025132378330454 ], [ 122578.965293644389021, 487851.069939305016305 ], [ 122559.07731096119096, 487853.823659984220285 ], [ 122561.219093711682945, 487862.237806504068431 ], [ 122579.730216055279016, 487859.025132378330454 ] ] ] } },
{ "type": "Feature", "properties": { "sensor": "GASA-03", "time": "2025-08-20T10:06:00+02:00", "count_line": 19, "location": "Oosterdoksbrug", "count_area": 28.0, "countline_length": 8 }, "geometry": { "type": "Polygon", "coordinates": [ [ [ 122579.730216055279016, 487859.025132378330454 ], [ 122578.965293644389021, 487851.069939305016305 ], [ 122559.07731096119096, 487853.823659984220285 ], [ 122561.219093711682945, 487862.237806504068431 ], [ 122579.730216055279016, 487859.025132378330454 ] ] ] } },
{ "type": "Feature", "properties": { "sensor": "GASA-03", "time": "2025-08-20T10:07:00+02:00", "count_line": 17, "location": "Oosterdoksbrug", "count_area": 26.0, "countline_length": 8 }, "geometry": { "type": "Polygon", "coordinates": [ [ [ 122579.730216055279016, 487859.025132378330454 ], [ 122578.965293644389021, 487851.069939305016305 ], [ 122559.07731096119096, 487853.823659984220285 ], [ 122561.219093711682945, 487862.237806504068431 ], [ 122579.730216055279016, 487859.025132378330454 ] ] ] } },
{ "type": "Feature", "properties": { "sensor": "GASA-03", "time": "2025-08-20T10:08:00+02:00", "count_line": 10, "location": "Oosterdoksbrug", "count_area": 19.0, "countline_length": 8 }, "geometry": { "type": "Polygon", "coordinates": [ [ [ 122579.730216055279016, 487859.025132378330454 ], [ 122578.965293644389021, 487851.069939305016305 ], [ 122559.07731096119096, 487853.823659984220285 ], [ 122561.219093711682945, 487862.237806504068431 ], [ 122579.730216055279016, 487859.025132378330454 ] ] ] } },
{ "type": "Feature", "properties": { "sensor": "GASA-03", "time": "2025-08-20T10:09:00+02:00", "count_line": 12, "location": "Oosterdoksbrug", "count_area": 20.0, "countline_length": 8 }, "geometry": { "type": "Polygon", "coordinates": [ [ [ 122579.730216055279016, 487859.025132378330454 ], [ 122578.965293644389021, 487851.069939305016305 ], [ 122559.07731096119096, 487853.823659984220285 ], [ 122561.219093711682945, 487862.237806504068431 ], [ 122579.730216055279016, 487859.025132378330454 ] ] ] } },
{ "type": "Feature", "properties": { "sensor": "GASA-03", "time": "2025-08-20T10:10:00+02:00", "count_line": 19, "location": "Oosterdoksbrug", "count_area": 33.0, "countline_length": 8 }, "geometry": { "type": "Polygon", "coordinates": [ [ [ 122579.730216055279016, 487859.025132378330454 ], [ 122578.965293644389021, 487851.069939305016305 ], [ 122559.07731096119096, 487853.823659984220285 ], [ 122561.219093711682945, 487862.237806504068431 ], [ 122579.730216055279016, 487859.025132378330454 ] ] ] } },
{ "type": "Feature", "properties": { "sensor": "GASA-03", "time": "2025-08-20T10:11:00+02:00", "count_line": 13, "location": "Oosterdoksbrug", "count_area": 25.0, "countline_length": 8 }, "geometry": { "type": "Polygon", "coordinates": [ [ [ 122579.730216055279016, 487859.025132378330454 ], [ 122578.965293644389021, 487851.069939305016305 ], [ 122559.07731096119096, 487853.823659984220285 ], [ 122561.219093711682945, 487862.237806504068431 ], [ 122579.730216055279016, 487859.025132378330454 ] ] ] } },
{ "type": "Feature", "properties": { "sensor": "GASA-03", "time": "2025-08-20T10:12:00+02:00", "count_line": 19, "location": "Oosterdoksbrug", "count_area": 30.0, "countline_length": 8 }, "geometry": { "type": "Polygon", "coordinates": [ [ [ 122579.730216055279016, 487859.025132378330454 ], [ 122578.965293644389021, 487851.069939305016305 ], [ 122559.07731096119096, 487853.823659984220285 ], [ 122561.219093711682945, 487862.237806504068431 ], [ 122579.730216055279016, 487859.025132378330454 ] ] ] } },
{ "type": "Feature", "properties": { "sensor": "GASA-03", "time": "2025-08-20T10:14:00+02:00", "count_line": 16, "location": "Oosterdoksbrug", "count_area": 30.0, "countline_length": 8 }, "geometry": { "type": "Polygon", "coordinates": [ [ [ 122579.730216055279016, 487859.025132378330454 ], [ 122578.965293644389021, 487851.069939305016305 ], [ 122559.07731096119096, 487853.823659984220285 ], [ 122561.219093711682945, 487862.237806504068431 ], [ 122579.730216055279016, 487859.025132378330454 ] ] ] } },
{ "type": "Feature", "properties": { "sensor": "GASA-03", "time": "2025-08-20T10:15:00+02:00", "count_line": 19, "location": "Oosterdoksbrug", "count_area": 37.0, "countline_length": 8 }, "geometry": { "type": "Polygon", "coordinates": [ [ [ 122579.730216055279016, 487859.025132378330454 ], [ 122578.965293644389021, 487851.069939305016305 ], [ 122559.07731096119096, 487853.823659984220285 ], [ 122561.219093711682945, 487862.237806504068431 ], [ 122579.730216055279016, 487859.025132378330454 ] ] ] } },
{ "type": "Feature", "properties": { "sensor": "GASA-03", "time": "2025-08-20T10:16:00+02:00", "count_line": 19, "location": "Oosterdoksbrug", "count_area": 29.0, "countline_length": 8 }, "geometry": { "type": "Polygon", "coordinates": [ [ [ 122579.730216055279016, 487859.025132378330454 ], [ 122578.965293644389021, 487851.069939305016305 ], [ 122559.07731096119096, 487853.823659984220285 ], [ 122561.219093711682945, 487862.237806504068431 ], [ 122579.730216055279016, 487859.025132378330454 ] ] ] } },
{ "type": "Feature", "properties": { "sensor": "GASA-03", "time": "2025-08-20T10:17:00+02:00", "count_line": 17, "location": "Oosterdoksbrug", "count_area": 27.0, "countline_length": 8 }, "geometry": { "type": "Polygon", "coordinates": [ [ [ 122579.730216055279016, 487859.025132378330454 ], [ 122578.965293644389021, 487851.069939305016305 ], [ 122559.07731096119096, 487853.823659984220285 ], [ 122561.219093711682945, 487862.237806504068431 ], [ 122579.730216055279016, 487859.025132378330454 ] ] ] } },
{ "type": "Feature", "properties": { "sensor": "GASA-03", "time": "2025-08-20T10:18:00+02:00", "count_line": 0, "location": "Oosterdoksbrug", "count_area": 0.0, "countline_length": 8 }, "geometry": { "type": "Polygon", "coordinates": [ [ [ 122579.730216055279016, 487859.025132378330454 ], [ 122578.965293644389021, 487851.069939305016305 ], [ 122559.07731096119096, 487853.823659984220285 ], [ 122561.219093711682945, 487862.237806504068431 ], [ 122579.730216055279016, 487859.025132378330454 ] ] ] } },
{ "type": "Feature", "properties": { "sensor": "GASA-03", "time": "2025-08-20T10:19:00+02:00", "count_line": 14, "location": "Oosterdoksbrug", "count_area": 21.0, "countline_length": 8 }, "geometry": { "type": "Polygon", "coordinates": [ [ [ 122579.730216055279016, 487859.025132378330454 ], [ 122578.965293644389021, 487851.069939305016305 ], [ 122559.07731096119096, 487853.823659984220285 ], [ 122561.219093711682945, 487862.237806504068431 ], [ 122579.730216055279016, 487859.025132378330454 ] ] ] } },
{ "type": "Feature", "properties": { "sensor": "GASA-03", "time": "2025-08-20T10:20:00+02:00", "count_line": 19, "location": "Oosterdoksbrug", "count_area": 33.0, "countline_length": 8 }, "geometry": { "type": "Polygon", "coordinates": [ [ [ 122579.730216055279016, 487859.025132378330454 ], [ 122578.965293644389021, 487851.069939305016305 ], [ 122559.07731096119096, 487853.823659984220285 ], [ 122561.219093711682945, 487862.237806504068431 ], [ 122579.730216055279016, 487859.025132378330454 ] ] ] } },
{ "type": "Feature", "properties": { "sensor": "GASA-03", "time": "2025-08-20T10:21:00+02:00", "count_line": 14, "location": "Oosterdoksbrug", "count_area": 21.0, "countline_length": 8 }, "geometry": { "type": "Polygon", "coordinates": [ [ [ 122579.730216055279016, 487859.025132378330454 ], [ 122578.965293644389021, 487851.069939305016305 ], [ 122559.07731096119096, 487853.823659984220285 ], [ 122561.219093711682945, 487862.237806504068431 ], [ 122579.730216055279016, 487859.025132378330454 ] ] ] } },
{ "type": "Feature", "properties": { "sensor": "GASA-03", "time": "2025-08-20T10:22:00+02:00", "count_line": 13, "location": "Oosterdoksbrug", "count_area": 24.0, "countline_length": 8 }, "geometry": { "type": "Polygon", "coordinates": [ [ [ 122579.730216055279016, 487859.025132378330454 ], [ 122578.965293644389021, 487851.069939305016305 ], [ 122559.07731096119096, 487853.823659984220285 ], [ 122561.219093711682945, 487862.237806504068431 ], [ 122579.730216055279016, 487859.025132378330454 ] ] ] } },
{ "type": "Feature", "properties": { "sensor": "GASA-03", "time": "2025-08-20T10:24:00+02:00", "count_line": 18, "location": "Oosterdoksbrug", "count_area": 34.0, "countline_length": 8 }, "geometry": { "type": "Polygon", "coordinates": [ [ [ 122579.730216055279016, 487859.025132378330454 ], [ 122578.965293644389021, 487851.069939305016305 ], [ 122559.07731096119096, 487853.823659984220285 ], [ 122561.219093711682945, 487862.237806504068431 ], [ 122579.730216055279016, 487859.025132378330454 ] ] ] } },
{ "type": "Feature", "properties": { "sensor": "GASA-03", "time": "2025-08-20T10:25:00+02:00", "count_line": 11, "location": "Oosterdoksbrug", "count_area": 20.0, "countline_length": 8 }, "geometry": { "type": "Polygon", "coordinates": [ [ [ 122579.730216055279016, 487859.025132378330454 ], [ 122578.965293644389021, 487851.069939305016305 ], [ 122559.07731096119096, 487853.823659984220285 ], [ 122561.219093711682945, 487862.237806504068431 ], [ 122579.730216055279016, 487859.025132378330454 ] ] ] } },
{ "type": "Feature", "properties": { "sensor": "GASA-03", "time": "2025-08-20T10:26:00+02:00", "count_line": 19, "location": "Oosterdoksbrug", "count_area": 30.0, "countline_length": 8 }, "geometry": { "type": "Polygon", "coordinates": [ [ [ 122579.730216055279016, 487859.025132378330454 ], [ 122578.965293644389021, 487851.069939305016305 ], [ 122559.07731096119096, 487853.823659984220285 ], [ 122561.219093711682945, 487862.237806504068431 ], [ 122579.730216055279016, 487859.025132378330454 ] ] ] } },
{ "type": "Feature", "properties": { "sensor": "GASA-03", "time": "2025-08-20T10:27:00+02:00", "count_line": 25, "location": "Oosterdoksbrug", "count_area": 42.0, "countline_length": 8 }, "geometry": { "type": "Polygon", "coordinates": [ [ [ 122579.730216055279016, 487859.025132378330454 ], [ 122578.965293644389021, 487851.069939305016305 ], [ 122559.07731096119096, 487853.823659984220285 ], [ 122561.219093711682945, 487862.237806504068431 ], [ 122579.730216055279016, 487859.025132378330454 ] ] ] } },
{ "type": "Feature", "properties": { "sensor": "GASA-03", "time": "2025-08-20T10:28:00+02:00", "count_line": 15, "location": "Oosterdoksbrug", "count_area": 29.0, "countline_length": 8 }, "geometry": { "type": "Polygon", "coordinates": [ [ [ 122579.730216055279016, 487859.025132378330454 ], [ 122578.965293644389021, 487851.069939305016305 ], [ 122559.07731096119096, 487853.823659984220285 ], [ 122561.219093711682945, 487862.237806504068431 ], [ 122579.730216055279016, 487859.025132378330454 ] ] ] } },
{ "type": "Feature", "properties": { "sensor": "GASA-03", "time": "2025-08-20T10:29:00+02:00", "count_line": 13, "location": "Oosterdoksbrug", "count_area": 22.0, "countline_length": 8 }, "geometry": { "type": "Polygon", "coordinates": [ [ [ 122579.730216055279016, 487859.025132378330454 ], [ 122578.965293644389021, 487851.069939305016305 ], [ 122559.07731096119096, 487853.823659984220285 ], [ 122561.219093711682945, 487862.237806504068431 ], [ 122579.730216055279016, 487859.025132378330454 ] ] ] } },
{ "type": "Feature", "properties": { "sensor": "GASA-03", "time": "2025-08-20T10:30:00+02:00", "count_line": 28, "location": "Oosterdoksbrug", "count_area": 44.0, "countline_length": 8 }, "geometry": { "type": "Polygon", "coordinates": [ [ [ 122579.730216055279016, 487859.025132378330454 ], [ 122578.965293644389021, 487851.069939305016305 ], [ 122559.07731096119096, 487853.823659984220285 ], [ 122561.219093711682945, 487862.237806504068431 ], [ 122579.730216055279016, 487859.025132378330454 ] ] ] } },
{ "type": "Feature", "properties": { "sensor": "GASA-03", "time": "2025-08-20T10:31:00+02:00", "count_line": 12, "location": "Oosterdoksbrug", "count_area": 20.0, "countline_length": 8 }, "geometry": { "type": "Polygon", "coordinates": [ [ [ 122579.730216055279016, 487859.025132378330454 ], [ 122578.965293644389021, 487851.069939305016305 ], [ 122559.07731096119096, 487853.823659984220285 ], [ 122561.219093711682945, 487862.237806504068431 ], [ 122579.730216055279016, 487859.025132378330454 ] ] ] } },
{ "type": "Feature", "properties": { "sensor": "GASA-03", "time": "2025-08-20T10:32:00+02:00", "count_line": 19, "location": "Oosterdoksbrug", "count_area": 37.0, "countline_length": 8 }, "geometry": { "type": "Polygon", "coordinates": [ [ [ 122579.730216055279016, 487859.025132378330454 ], [ 122578.965293644389021, 487851.069939305016305 ], [ 122559.07731096119096, 487853.823659984220285 ], [ 122561.219093711682945, 487862.237806504068431 ], [ 122579.730216055279016, 487859.025132378330454 ] ] ] } },
{ "type": "Feature", "properties": { "sensor": "GASA-03", "time": "2025-08-20T10:34:00+02:00", "count_line": 40, "location": "Oosterdoksbrug", "count_area": 66.0, "countline_length": 8 }, "geometry": { "type": "Polygon", "coordinates": [ [ [ 122579.730216055279016, 487859.025132378330454 ], [ 122578.965293644389021, 487851.069939305016305 ], [ 122559.07731096119096, 487853.823659984220285 ], [ 122561.219093711682945, 487862.237806504068431 ], [ 122579.730216055279016, 487859.025132378330454 ] ] ] } },
{ "type": "Feature", "properties": { "sensor": "GASA-03", "time": "2025-08-20T10:35:00+02:00", "count_line": 18, "location": "Oosterdoksbrug", "count_area": 31.0, "countline_length": 8 }, "geometry": { "type": "Polygon", "coordinates": [ [ [ 122579.730216055279016, 487859.025132378330454 ], [ 122578.965293644389021, 487851.069939305016305 ], [ 122559.07731096119096, 487853.823659984220285 ], [ 122561.219093711682945, 487862.237806504068431 ], [ 122579.730216055279016, 487859.025132378330454 ] ] ] } },
{ "type": "Feature", "properties": { "sensor": "GASA-03", "time": "2025-08-20T10:36:00+02:00", "count_line": 19, "location": "Oosterdoksbrug", "count_area": 29.0, "countline_length": 8 }, "geometry": { "type": "Polygon", "coordinates": [ [ [ 122579.730216055279016, 487859.025132378330454 ], [ 122578.965293644389021, 487851.069939305016305 ], [ 122559.07731096119096, 487853.823659984220285 ], [ 122561.219093711682945, 487862.237806504068431 ], [ 122579.730216055279016, 487859.025132378330454 ] ] ] } },
{ "type": "Feature", "properties": { "sensor": "GASA-03", "time": "2025-08-20T10:37:00+02:00", "count_line": 16, "location": "Oosterdoksbrug", "count_area": 24.0, "countline_length": 8 }, "geometry": { "type": "Polygon", "coordinates": [ [ [ 122579.730216055279016, 487859.025132378330454 ], [ 122578.965293644389021, 487851.069939305016305 ], [ 122559.07731096119096, 487853.823659984220285 ], [ 122561.219093711682945, 487862.237806504068431 ], [ 122579.730216055279016, 487859.025132378330454 ] ] ] } },
{ "type": "Feature", "properties": { "sensor": "GASA-03", "time": "2025-08-20T10:38:00+02:00", "count_line": 42, "location": "Oosterdoksbrug", "count_area": 63.0, "countline_length": 8 }, "geometry": { "type": "Polygon", "coordinates": [ [ [ 122579.730216055279016, 487859.025132378330454 ], [ 122578.965293644389021, 487851.069939305016305 ], [ 122559.07731096119096, 487853.823659984220285 ], [ 122561.219093711682945, 487862.237806504068431 ], [ 122579.730216055279016, 487859.025132378330454 ] ] ] } },
{ "type": "Feature", "properties": { "sensor": "GASA-03", "time": "2025-08-20T10:39:00+02:00", "count_line": 17, "location": "Oosterdoksbrug", "count_area": 27.0, "countline_length": 8 }, "geometry": { "type": "Polygon", "coordinates": [ [ [ 122579.730216055279016, 487859.025132378330454 ], [ 122578.965293644389021, 487851.069939305016305 ], [ 122559.07731096119096, 487853.823659984220285 ], [ 122561.219093711682945, 487862.237806504068431 ], [ 122579.730216055279016, 487859.025132378330454 ] ] ] } },
{ "type": "Feature", "properties": { "sensor": "GASA-03", "time": "2025-08-20T10:40:00+02:00", "count_line": 13, "location": "Oosterdoksbrug", "count_area": 25.0, "countline_length": 8 }, "geometry": { "type": "Polygon", "coordinates": [ [ [ 122579.730216055279016, 487859.025132378330454 ], [ 122578.965293644389021, 487851.069939305016305 ], [ 122559.07731096119096, 487853.823659984220285 ], [ 122561.219093711682945, 487862.237806504068431 ], [ 122579.730216055279016, 487859.025132378330454 ] ] ] } },
{ "type": "Feature", "properties": { "sensor": "GASA-03", "time": "2025-08-20T10:41:00+02:00", "count_line": 12, "location": "Oosterdoksbrug", "count_area": 18.0, "countline_length": 8 }, "geometry": { "type": "Polygon", "coordinates": [ [ [ 122579.730216055279016, 487859.025132378330454 ], [ 122578.965293644389021, 487851.069939305016305 ], [ 122559.07731096119096, 487853.823659984220285 ], [ 122561.219093711682945, 487862.237806504068431 ], [ 122579.730216055279016, 487859.025132378330454 ] ] ] } },
{ "type": "Feature", "properties": { "sensor": "GASA-03", "time": "2025-08-20T10:42:00+02:00", "count_line": 22, "location": "Oosterdoksbrug", "count_area": 35.0, "countline_length": 8 }, "geometry": { "type": "Polygon", "coordinates": [ [ [ 122579.730216055279016, 487859.025132378330454 ], [ 122578.965293644389021, 487851.069939305016305 ], [ 122559.07731096119096, 487853.823659984220285 ], [ 122561.219093711682945, 487862.237806504068431 ], [ 122579.730216055279016, 487859.025132378330454 ] ] ] } },
{ "type": "Feature", "properties": { "sensor": "GASA-03", "time": "2025-08-20T10:44:00+02:00", "count_line": 24, "location": "Oosterdoksbrug", "count_area": 39.0, "countline_length": 8 }, "geometry": { "type": "Polygon", "coordinates": [ [ [ 122579.730216055279016, 487859.025132378330454 ], [ 122578.965293644389021, 487851.069939305016305 ], [ 122559.07731096119096, 487853.823659984220285 ], [ 122561.219093711682945, 487862.237806504068431 ], [ 122579.730216055279016, 487859.025132378330454 ] ] ] } },
{ "type": "Feature", "properties": { "sensor": "GASA-03", "time": "2025-08-20T10:45:00+02:00", "count_line": 16, "location": "Oosterdoksbrug", "count_area": 30.0, "countline_length": 8 }, "geometry": { "type": "Polygon", "coordinates": [ [ [ 122579.730216055279016, 487859.025132378330454 ], [ 122578.965293644389021, 487851.069939305016305 ], [ 122559.07731096119096, 487853.823659984220285 ], [ 122561.219093711682945, 487862.237806504068431 ], [ 122579.730216055279016, 487859.025132378330454 ] ] ] } },
{ "type": "Feature", "properties": { "sensor": "GASA-03", "time": "2025-08-20T10:46:00+02:00", "count_line": 23, "location": "Oosterdoksbrug", "count_area": 44.0, "countline_length": 8 }, "geometry": { "type": "Polygon", "coordinates": [ [ [ 122579.730216055279016, 487859.025132378330454 ], [ 122578.965293644389021, 487851.069939305016305 ], [ 122559.07731096119096, 487853.823659984220285 ], [ 122561.219093711682945, 487862.237806504068431 ], [ 122579.730216055279016, 487859.025132378330454 ] ] ] } },
{ "type": "Feature", "properties": { "sensor": "GASA-03", "time": "2025-08-20T10:48:00+02:00", "count_line": 32, "location": "Oosterdoksbrug", "count_area": 52.0, "countline_length": 8 }, "geometry": { "type": "Polygon", "coordinates": [ [ [ 122579.730216055279016, 487859.025132378330454 ], [ 122578.965293644389021, 487851.069939305016305 ], [ 122559.07731096119096, 487853.823659984220285 ], [ 122561.219093711682945, 487862.237806504068431 ], [ 122579.730216055279016, 487859.025132378330454 ] ] ] } },
{ "type": "Feature", "properties": { "sensor": "GASA-03", "time": "2025-08-20T10:50:00+02:00", "count_line": 56, "location": "Oosterdoksbrug", "count_area": 110.0, "countline_length": 8 }, "geometry": { "type": "Polygon", "coordinates": [ [ [ 122579.730216055279016, 487859.025132378330454 ], [ 122578.965293644389021, 487851.069939305016305 ], [ 122559.07731096119096, 487853.823659984220285 ], [ 122561.219093711682945, 487862.237806504068431 ], [ 122579.730216055279016, 487859.025132378330454 ] ] ] } },
{ "type": "Feature", "properties": { "sensor": "GASA-03", "time": "2025-08-20T10:51:00+02:00", "count_line": 31, "location": "Oosterdoksbrug", "count_area": 47.0, "countline_length": 8 }, "geometry": { "type": "Polygon", "coordinates": [ [ [ 122579.730216055279016, 487859.025132378330454 ], [ 122578.965293644389021, 487851.069939305016305 ], [ 122559.07731096119096, 487853.823659984220285 ], [ 122561.219093711682945, 487862.237806504068431 ], [ 122579.730216055279016, 487859.025132378330454 ] ] ] } },
{ "type": "Feature", "properties": { "sensor": "GASA-03", "time": "2025-08-20T10:52:00+02:00", "count_line": 14, "location": "Oosterdoksbrug", "count_area": 21.0, "countline_length": 8 }, "geometry": { "type": "Polygon", "coordinates": [ [ [ 122579.730216055279016, 487859.025132378330454 ], [ 122578.965293644389021, 487851.069939305016305 ], [ 122559.07731096119096, 487853.823659984220285 ], [ 122561.219093711682945, 487862.237806504068431 ], [ 122579.730216055279016, 487859.025132378330454 ] ] ] } },
{ "type": "Feature", "properties": { "sensor": "GASA-03", "time": "2025-08-20T10:54:00+02:00", "count_line": 36, "location": "Oosterdoksbrug", "count_area": 57.0, "countline_length": 8 }, "geometry": { "type": "Polygon", "coordinates": [ [ [ 122579.730216055279016, 487859.025132378330454 ], [ 122578.965293644389021, 487851.069939305016305 ], [ 122559.07731096119096, 487853.823659984220285 ], [ 122561.219093711682945, 487862.237806504068431 ], [ 122579.730216055279016, 487859.025132378330454 ] ] ] } },
{ "type": "Feature", "properties": { "sensor": "GASA-03", "time": "2025-08-20T10:55:00+02:00", "count_line": 17, "location": "Oosterdoksbrug", "count_area": 32.0, "countline_length": 8 }, "geometry": { "type": "Polygon", "coordinates": [ [ [ 122579.730216055279016, 487859.025132378330454 ], [ 122578.965293644389021, 487851.069939305016305 ], [ 122559.07731096119096, 487853.823659984220285 ], [ 122561.219093711682945, 487862.237806504068431 ], [ 122579.730216055279016, 487859.025132378330454 ] ] ] } },
{ "type": "Feature", "properties": { "sensor": "GASA-03", "time": "2025-08-20T10:56:00+02:00", "count_line": 25, "location": "Oosterdoksbrug", "count_area": 38.0, "countline_length": 8 }, "geometry": { "type": "Polygon", "coordinates": [ [ [ 122579.730216055279016, 487859.025132378330454 ], [ 122578.965293644389021, 487851.069939305016305 ], [ 122559.07731096119096, 487853.823659984220285 ], [ 122561.219093711682945, 487862.237806504068431 ], [ 122579.730216055279016, 487859.025132378330454 ] ] ] } },
{ "type": "Feature", "properties": { "sensor": "GASA-03", "time": "2025-08-20T10:58:00+02:00", "count_line": 76, "location": "Oosterdoksbrug", "count_area": 137.0, "countline_length": 8 }, "geometry": { "type": "Polygon", "coordinates": [ [ [ 122579.730216055279016, 487859.025132378330454 ], [ 122578.965293644389021, 487851.069939305016305 ], [ 122559.07731096119096, 487853.823659984220285 ], [ 122561.219093711682945, 487862.237806504068431 ], [ 122579.730216055279016, 487859.025132378330454 ] ] ] } },
{ "type": "Feature", "properties": { "sensor": "GASA-03", "time": "2025-08-20T11:00:00+02:00", "count_line": 32, "location": "Oosterdoksbrug", "count_area": 55.0, "countline_length": 8 }, "geometry": { "type": "Polygon", "coordinates": [ [ [ 122579.730216055279016, 487859.025132378330454 ], [ 122578.965293644389021, 487851.069939305016305 ], [ 122559.07731096119096, 487853.823659984220285 ], [ 122561.219093711682945, 487862.237806504068431 ], [ 122579.730216055279016, 487859.025132378330454 ] ] ] } },
{ "type": "Feature", "properties": { "sensor": "GASA-03", "time": "2025-08-20T11:02:00+02:00", "count_line": 28, "location": "Oosterdoksbrug", "count_area": 52.0, "countline_length": 8 }, "geometry": { "type": "Polygon", "coordinates": [ [ [ 122579.730216055279016, 487859.025132378330454 ], [ 122578.965293644389021, 487851.069939305016305 ], [ 122559.07731096119096, 487853.823659984220285 ], [ 122561.219093711682945, 487862.237806504068431 ], [ 122579.730216055279016, 487859.025132378330454 ] ] ] } },
{ "type": "Feature", "properties": { "sensor": "GASA-03", "time": "2025-08-20T11:04:00+02:00", "count_line": 38, "location": "Oosterdoksbrug", "count_area": 58.0, "countline_length": 8 }, "geometry": { "type": "Polygon", "coordinates": [ [ [ 122579.730216055279016, 487859.025132378330454 ], [ 122578.965293644389021, 487851.069939305016305 ], [ 122559.07731096119096, 487853.823659984220285 ], [ 122561.219093711682945, 487862.237806504068431 ], [ 122579.730216055279016, 487859.025132378330454 ] ] ] } },
{ "type": "Feature", "properties": { "sensor": "GASA-03", "time": "2025-08-20T11:05:00+02:00", "count_line": 33, "location": "Oosterdoksbrug", "count_area": 55.0, "countline_length": 8 }, "geometry": { "type": "Polygon", "coordinates": [ [ [ 122579.730216055279016, 487859.025132378330454 ], [ 122578.965293644389021, 487851.069939305016305 ], [ 122559.07731096119096, 487853.823659984220285 ], [ 122561.219093711682945, 487862.237806504068431 ], [ 122579.730216055279016, 487859.025132378330454 ] ] ] } },
{ "type": "Feature", "properties": { "sensor": "GASA-03", "time": "2025-08-20T11:06:00+02:00", "count_line": 31, "location": "Oosterdoksbrug", "count_area": 61.0, "countline_length": 8 }, "geometry": { "type": "Polygon", "coordinates": [ [ [ 122579.730216055279016, 487859.025132378330454 ], [ 122578.965293644389021, 487851.069939305016305 ], [ 122559.07731096119096, 487853.823659984220285 ], [ 122561.219093711682945, 487862.237806504068431 ], [ 122579.730216055279016, 487859.025132378330454 ] ] ] } },
{ "type": "Feature", "properties": { "sensor": "GASA-03", "time": "2025-08-20T11:08:00+02:00", "count_line": 56, "location": "Oosterdoksbrug", "count_area": 107.0, "countline_length": 8 }, "geometry": { "type": "Polygon", "coordinates": [ [ [ 122579.730216055279016, 487859.025132378330454 ], [ 122578.965293644389021, 487851.069939305016305 ], [ 122559.07731096119096, 487853.823659984220285 ], [ 122561.219093711682945, 487862.237806504068431 ], [ 122579.730216055279016, 487859.025132378330454 ] ] ] } },
{ "type": "Feature", "properties": { "sensor": "GASA-03", "time": "2025-08-20T11:10:00+02:00", "count_line": 34, "location": "Oosterdoksbrug", "count_area": 58.0, "countline_length": 8 }, "geometry": { "type": "Polygon", "coordinates": [ [ [ 122579.730216055279016, 487859.025132378330454 ], [ 122578.965293644389021, 487851.069939305016305 ], [ 122559.07731096119096, 487853.823659984220285 ], [ 122561.219093711682945, 487862.237806504068431 ], [ 122579.730216055279016, 487859.025132378330454 ] ] ] } },
{ "type": "Feature", "properties": { "sensor": "GASA-03", "time": "2025-08-20T11:12:00+02:00", "count_line": 50, "location": "Oosterdoksbrug", "count_area": 95.0, "countline_length": 8 }, "geometry": { "type": "Polygon", "coordinates": [ [ [ 122579.730216055279016, 487859.025132378330454 ], [ 122578.965293644389021, 487851.069939305016305 ], [ 122559.07731096119096, 487853.823659984220285 ], [ 122561.219093711682945, 487862.237806504068431 ], [ 122579.730216055279016, 487859.025132378330454 ] ] ] } },
{ "type": "Feature", "properties": { "sensor": "GASA-03", "time": "2025-08-20T11:14:00+02:00", "count_line": 64, "location": "Oosterdoksbrug", "count_area": 112.0, "countline_length": 8 }, "geometry": { "type": "Polygon", "coordinates": [ [ [ 122579.730216055279016, 487859.025132378330454 ], [ 122578.965293644389021, 487851.069939305016305 ], [ 122559.07731096119096, 487853.823659984220285 ], [ 122561.219093711682945, 487862.237806504068431 ], [ 122579.730216055279016, 487859.025132378330454 ] ] ] } },
{ "type": "Feature", "properties": { "sensor": "GASA-03", "time": "2025-08-20T11:15:00+02:00", "count_line": 18, "location": "Oosterdoksbrug", "count_area": 32.0, "countline_length": 8 }, "geometry": { "type": "Polygon", "coordinates": [ [ [ 122579.730216055279016, 487859.025132378330454 ], [ 122578.965293644389021, 487851.069939305016305 ], [ 122559.07731096119096, 487853.823659984220285 ], [ 122561.219093711682945, 487862.237806504068431 ], [ 122579.730216055279016, 487859.025132378330454 ] ] ] } },
{ "type": "Feature", "properties": { "sensor": "GASA-03", "time": "2025-08-20T11:16:00+02:00", "count_line": 18, "location": "Oosterdoksbrug", "count_area": 29.0, "countline_length": 8 }, "geometry": { "type": "Polygon", "coordinates": [ [ [ 122579.730216055279016, 487859.025132378330454 ], [ 122578.965293644389021, 487851.069939305016305 ], [ 122559.07731096119096, 487853.823659984220285 ], [ 122561.219093711682945, 487862.237806504068431 ], [ 122579.730216055279016, 487859.025132378330454 ] ] ] } },
{ "type": "Feature", "properties": { "sensor": "GASA-03", "time": "2025-08-20T11:18:00+02:00", "count_line": 78, "location": "Oosterdoksbrug", "count_area": 144.0, "countline_length": 8 }, "geometry": { "type": "Polygon", "coordinates": [ [ [ 122579.730216055279016, 487859.025132378330454 ], [ 122578.965293644389021, 487851.069939305016305 ], [ 122559.07731096119096, 487853.823659984220285 ], [ 122561.219093711682945, 487862.237806504068431 ], [ 122579.730216055279016, 487859.025132378330454 ] ] ] } },
{ "type": "Feature", "properties": { "sensor": "GASA-03", "time": "2025-08-20T11:20:00+02:00", "count_line": 74, "location": "Oosterdoksbrug", "count_area": 124.0, "countline_length": 8 }, "geometry": { "type": "Polygon", "coordinates": [ [ [ 122579.730216055279016, 487859.025132378330454 ], [ 122578.965293644389021, 487851.069939305016305 ], [ 122559.07731096119096, 487853.823659984220285 ], [ 122561.219093711682945, 487862.237806504068431 ], [ 122579.730216055279016, 487859.025132378330454 ] ] ] } },
{ "type": "Feature", "properties": { "sensor": "GASA-03", "time": "2025-08-20T11:22:00+02:00", "count_line": 102, "location": "Oosterdoksbrug", "count_area": 196.0, "countline_length": 8 }, "geometry": { "type": "Polygon", "coordinates": [ [ [ 122579.730216055279016, 487859.025132378330454 ], [ 122578.965293644389021, 487851.069939305016305 ], [ 122559.07731096119096, 487853.823659984220285 ], [ 122561.219093711682945, 487862.237806504068431 ], [ 122579.730216055279016, 487859.025132378330454 ] ] ] } },
{ "type": "Feature", "properties": { "sensor": "GASA-03", "time": "2025-08-20T11:24:00+02:00", "count_line": 62, "location": "Oosterdoksbrug", "count_area": 115.0, "countline_length": 8 }, "geometry": { "type": "Polygon", "coordinates": [ [ [ 122579.730216055279016, 487859.025132378330454 ], [ 122578.965293644389021, 487851.069939305016305 ], [ 122559.07731096119096, 487853.823659984220285 ], [ 122561.219093711682945, 487862.237806504068431 ], [ 122579.730216055279016, 487859.025132378330454 ] ] ] } },
{ "type": "Feature", "properties": { "sensor": "GASA-03", "time": "2025-08-20T11:25:00+02:00", "count_line": 12, "location": "Oosterdoksbrug", "count_area": 19.0, "countline_length": 8 }, "geometry": { "type": "Polygon", "coordinates": [ [ [ 122579.730216055279016, 487859.025132378330454 ], [ 122578.965293644389021, 487851.069939305016305 ], [ 122559.07731096119096, 487853.823659984220285 ], [ 122561.219093711682945, 487862.237806504068431 ], [ 122579.730216055279016, 487859.025132378330454 ] ] ] } },
{ "type": "Feature", "properties": { "sensor": "GASA-03", "time": "2025-08-20T11:26:00+02:00", "count_line": 25, "location": "Oosterdoksbrug", "count_area": 44.0, "countline_length": 8 }, "geometry": { "type": "Polygon", "coordinates": [ [ [ 122579.730216055279016, 487859.025132378330454 ], [ 122578.965293644389021, 487851.069939305016305 ], [ 122559.07731096119096, 487853.823659984220285 ], [ 122561.219093711682945, 487862.237806504068431 ], [ 122579.730216055279016, 487859.025132378330454 ] ] ] } },
{ "type": "Feature", "properties": { "sensor": "GASA-03", "time": "2025-08-20T11:28:00+02:00", "count_line": 60, "location": "Oosterdoksbrug", "count_area": 99.0, "countline_length": 8 }, "geometry": { "type": "Polygon", "coordinates": [ [ [ 122579.730216055279016, 487859.025132378330454 ], [ 122578.965293644389021, 487851.069939305016305 ], [ 122559.07731096119096, 487853.823659984220285 ], [ 122561.219093711682945, 487862.237806504068431 ], [ 122579.730216055279016, 487859.025132378330454 ] ] ] } },
{ "type": "Feature", "properties": { "sensor": "GASA-03", "time": "2025-08-20T11:30:00+02:00", "count_line": 42, "location": "Oosterdoksbrug", "count_area": 77.0, "countline_length": 8 }, "geometry": { "type": "Polygon", "coordinates": [ [ [ 122579.730216055279016, 487859.025132378330454 ], [ 122578.965293644389021, 487851.069939305016305 ], [ 122559.07731096119096, 487853.823659984220285 ], [ 122561.219093711682945, 487862.237806504068431 ], [ 122579.730216055279016, 487859.025132378330454 ] ] ] } },
{ "type": "Feature", "properties": { "sensor": "GASA-03", "time": "2025-08-20T11:32:00+02:00", "count_line": 30, "location": "Oosterdoksbrug", "count_area": 50.0, "countline_length": 8 }, "geometry": { "type": "Polygon", "coordinates": [ [ [ 122579.730216055279016, 487859.025132378330454 ], [ 122578.965293644389021, 487851.069939305016305 ], [ 122559.07731096119096, 487853.823659984220285 ], [ 122561.219093711682945, 487862.237806504068431 ], [ 122579.730216055279016, 487859.025132378330454 ] ] ] } },
{ "type": "Feature", "properties": { "sensor": "GASA-03", "time": "2025-08-20T11:34:00+02:00", "count_line": 18, "location": "Oosterdoksbrug", "count_area": 30.0, "countline_length": 8 }, "geometry": { "type": "Polygon", "coordinates": [ [ [ 122579.730216055279016, 487859.025132378330454 ], [ 122578.965293644389021, 487851.069939305016305 ], [ 122559.07731096119096, 487853.823659984220285 ], [ 122561.219093711682945, 487862.237806504068431 ], [ 122579.730216055279016, 487859.025132378330454 ] ] ] } },
{ "type": "Feature", "properties": { "sensor": "GASA-03", "time": "2025-08-20T11:36:00+02:00", "count_line": 80, "location": "Oosterdoksbrug", "count_area": 151.0, "countline_length": 8 }, "geometry": { "type": "Polygon", "coordinates": [ [ [ 122579.730216055279016, 487859.025132378330454 ], [ 122578.965293644389021, 487851.069939305016305 ], [ 122559.07731096119096, 487853.823659984220285 ], [ 122561.219093711682945, 487862.237806504068431 ], [ 122579.730216055279016, 487859.025132378330454 ] ] ] } },
{ "type": "Feature", "properties": { "sensor": "GASA-03", "time": "2025-08-20T11:38:00+02:00", "count_line": 44, "location": "Oosterdoksbrug", "count_area": 84.0, "countline_length": 8 }, "geometry": { "type": "Polygon", "coordinates": [ [ [ 122579.730216055279016, 487859.025132378330454 ], [ 122578.965293644389021, 487851.069939305016305 ], [ 122559.07731096119096, 487853.823659984220285 ], [ 122561.219093711682945, 487862.237806504068431 ], [ 122579.730216055279016, 487859.025132378330454 ] ] ] } },
{ "type": "Feature", "properties": { "sensor": "GASA-03", "time": "2025-08-20T11:40:00+02:00", "count_line": 64, "location": "Oosterdoksbrug", "count_area": 126.0, "countline_length": 8 }, "geometry": { "type": "Polygon", "coordinates": [ [ [ 122579.730216055279016, 487859.025132378330454 ], [ 122578.965293644389021, 487851.069939305016305 ], [ 122559.07731096119096, 487853.823659984220285 ], [ 122561.219093711682945, 487862.237806504068431 ], [ 122579.730216055279016, 487859.025132378330454 ] ] ] } },
{ "type": "Feature", "properties": { "sensor": "GASA-03", "time": "2025-08-20T11:42:00+02:00", "count_line": 58, "location": "Oosterdoksbrug", "count_area": 111.0, "countline_length": 8 }, "geometry": { "type": "Polygon", "coordinates": [ [ [ 122579.730216055279016, 487859.025132378330454 ], [ 122578.965293644389021, 487851.069939305016305 ], [ 122559.07731096119096, 487853.823659984220285 ], [ 122561.219093711682945, 487862.237806504068431 ], [ 122579.730216055279016, 487859.025132378330454 ] ] ] } },
{ "type": "Feature", "properties": { "sensor": "GASA-03", "time": "2025-08-20T11:44:00+02:00", "count_line": 86, "location": "Oosterdoksbrug", "count_area": 168.0, "countline_length": 8 }, "geometry": { "type": "Polygon", "coordinates": [ [ [ 122579.730216055279016, 487859.025132378330454 ], [ 122578.965293644389021, 487851.069939305016305 ], [ 122559.07731096119096, 487853.823659984220285 ], [ 122561.219093711682945, 487862.237806504068431 ], [ 122579.730216055279016, 487859.025132378330454 ] ] ] } },
{ "type": "Feature", "properties": { "sensor": "GASA-03", "time": "2025-08-20T11:46:00+02:00", "count_line": 50, "location": "Oosterdoksbrug", "count_area": 87.0, "countline_length": 8 }, "geometry": { "type": "Polygon", "coordinates": [ [ [ 122579.730216055279016, 487859.025132378330454 ], [ 122578.965293644389021, 487851.069939305016305 ], [ 122559.07731096119096, 487853.823659984220285 ], [ 122561.219093711682945, 487862.237806504068431 ], [ 122579.730216055279016, 487859.025132378330454 ] ] ] } },
{ "type": "Feature", "properties": { "sensor": "GASA-03", "time": "2025-08-20T11:48:00+02:00", "count_line": 46, "location": "Oosterdoksbrug", "count_area": 76.0, "countline_length": 8 }, "geometry": { "type": "Polygon", "coordinates": [ [ [ 122579.730216055279016, 487859.025132378330454 ], [ 122578.965293644389021, 487851.069939305016305 ], [ 122559.07731096119096, 487853.823659984220285 ], [ 122561.219093711682945, 487862.237806504068431 ], [ 122579.730216055279016, 487859.025132378330454 ] ] ] } },
{ "type": "Feature", "properties": { "sensor": "GASA-03", "time": "2025-08-20T11:50:00+02:00", "count_line": 80, "location": "Oosterdoksbrug", "count_area": 134.0, "countline_length": 8 }, "geometry": { "type": "Polygon", "coordinates": [ [ [ 122579.730216055279016, 487859.025132378330454 ], [ 122578.965293644389021, 487851.069939305016305 ], [ 122559.07731096119096, 487853.823659984220285 ], [ 122561.219093711682945, 487862.237806504068431 ], [ 122579.730216055279016, 487859.025132378330454 ] ] ] } },
{ "type": "Feature", "properties": { "sensor": "GASA-03", "time": "2025-08-20T11:52:00+02:00", "count_line": 46, "location": "Oosterdoksbrug", "count_area": 85.0, "countline_length": 8 }, "geometry": { "type": "Polygon", "coordinates": [ [ [ 122579.730216055279016, 487859.025132378330454 ], [ 122578.965293644389021, 487851.069939305016305 ], [ 122559.07731096119096, 487853.823659984220285 ], [ 122561.219093711682945, 487862.237806504068431 ], [ 122579.730216055279016, 487859.025132378330454 ] ] ] } },
{ "type": "Feature", "properties": { "sensor": "GASA-03", "time": "2025-08-20T11:54:00+02:00", "count_line": 50, "location": "Oosterdoksbrug", "count_area": 92.0, "countline_length": 8 }, "geometry": { "type": "Polygon", "coordinates": [ [ [ 122579.730216055279016, 487859.025132378330454 ], [ 122578.965293644389021, 487851.069939305016305 ], [ 122559.07731096119096, 487853.823659984220285 ], [ 122561.219093711682945, 487862.237806504068431 ], [ 122579.730216055279016, 487859.025132378330454 ] ] ] } },
{ "type": "Feature", "properties": { "sensor": "GASA-03", "time": "2025-08-20T11:56:00+02:00", "count_line": 48, "location": "Oosterdoksbrug", "count_area": 95.0, "countline_length": 8 }, "geometry": { "type": "Polygon", "coordinates": [ [ [ 122579.730216055279016, 487859.025132378330454 ], [ 122578.965293644389021, 487851.069939305016305 ], [ 122559.07731096119096, 487853.823659984220285 ], [ 122561.219093711682945, 487862.237806504068431 ], [ 122579.730216055279016, 487859.025132378330454 ] ] ] } },
{ "type": "Feature", "properties": { "sensor": "GASA-03", "time": "2025-08-20T11:58:00+02:00", "count_line": 52, "location": "Oosterdoksbrug", "count_area": 78.0, "countline_length": 8 }, "geometry": { "type": "Polygon", "coordinates": [ [ [ 122579.730216055279016, 487859.025132378330454 ], [ 122578.965293644389021, 487851.069939305016305 ], [ 122559.07731096119096, 487853.823659984220285 ], [ 122561.219093711682945, 487862.237806504068431 ], [ 122579.730216055279016, 487859.025132378330454 ] ] ] } },
{ "type": "Feature", "properties": { "sensor": "GASA-03", "time": "2025-08-20T12:00:00+02:00", "count_line": 62, "location": "Oosterdoksbrug", "count_area": 120.0, "countline_length": 8 }, "geometry": { "type": "Polygon", "coordinates": [ [ [ 122579.730216055279016, 487859.025132378330454 ], [ 122578.965293644389021, 487851.069939305016305 ], [ 122559.07731096119096, 487853.823659984220285 ], [ 122561.219093711682945, 487862.237806504068431 ], [ 122579.730216055279016, 487859.025132378330454 ] ] ] } },
{ "type": "Feature", "properties": { "sensor": "GASA-03", "time": "2025-08-20T12:02:00+02:00", "count_line": 78, "location": "Oosterdoksbrug", "count_area": 124.0, "countline_length": 8 }, "geometry": { "type": "Polygon", "coordinates": [ [ [ 122579.730216055279016, 487859.025132378330454 ], [ 122578.965293644389021, 487851.069939305016305 ], [ 122559.07731096119096, 487853.823659984220285 ], [ 122561.219093711682945, 487862.237806504068431 ], [ 122579.730216055279016, 487859.025132378330454 ] ] ] } },
{ "type": "Feature", "properties": { "sensor": "GASA-03", "time": "2025-08-20T12:04:00+02:00", "count_line": 56, "location": "Oosterdoksbrug", "count_area": 90.0, "countline_length": 8 }, "geometry": { "type": "Polygon", "coordinates": [ [ [ 122579.730216055279016, 487859.025132378330454 ], [ 122578.965293644389021, 487851.069939305016305 ], [ 122559.07731096119096, 487853.823659984220285 ], [ 122561.219093711682945, 487862.237806504068431 ], [ 122579.730216055279016, 487859.025132378330454 ] ] ] } },
{ "type": "Feature", "properties": { "sensor": "GASA-03", "time": "2025-08-20T12:06:00+02:00", "count_line": 48, "location": "Oosterdoksbrug", "count_area": 76.0, "countline_length": 8 }, "geometry": { "type": "Polygon", "coordinates": [ [ [ 122579.730216055279016, 487859.025132378330454 ], [ 122578.965293644389021, 487851.069939305016305 ], [ 122559.07731096119096, 487853.823659984220285 ], [ 122561.219093711682945, 487862.237806504068431 ], [ 122579.730216055279016, 487859.025132378330454 ] ] ] } },
{ "type": "Feature", "properties": { "sensor": "GASA-03", "time": "2025-08-20T12:08:00+02:00", "count_line": 82, "location": "Oosterdoksbrug", "count_area": 144.0, "countline_length": 8 }, "geometry": { "type": "Polygon", "coordinates": [ [ [ 122579.730216055279016, 487859.025132378330454 ], [ 122578.965293644389021, 487851.069939305016305 ], [ 122559.07731096119096, 487853.823659984220285 ], [ 122561.219093711682945, 487862.237806504068431 ], [ 122579.730216055279016, 487859.025132378330454 ] ] ] } },
{ "type": "Feature", "properties": { "sensor": "GASA-03", "time": "2025-08-20T12:10:00+02:00", "count_line": 64, "location": "Oosterdoksbrug", "count_area": 109.0, "countline_length": 8 }, "geometry": { "type": "Polygon", "coordinates": [ [ [ 122579.730216055279016, 487859.025132378330454 ], [ 122578.965293644389021, 487851.069939305016305 ], [ 122559.07731096119096, 487853.823659984220285 ], [ 122561.219093711682945, 487862.237806504068431 ], [ 122579.730216055279016, 487859.025132378330454 ] ] ] } },
{ "type": "Feature", "properties": { "sensor": "GASA-03", "time": "2025-08-20T12:12:00+02:00", "count_line": 56, "location": "Oosterdoksbrug", "count_area": 111.0, "countline_length": 8 }, "geometry": { "type": "Polygon", "coordinates": [ [ [ 122579.730216055279016, 487859.025132378330454 ], [ 122578.965293644389021, 487851.069939305016305 ], [ 122559.07731096119096, 487853.823659984220285 ], [ 122561.219093711682945, 487862.237806504068431 ], [ 122579.730216055279016, 487859.025132378330454 ] ] ] } },
{ "type": "Feature", "properties": { "sensor": "GASA-03", "time": "2025-08-20T12:14:00+02:00", "count_line": 54, "location": "Oosterdoksbrug", "count_area": 90.0, "countline_length": 8 }, "geometry": { "type": "Polygon", "coordinates": [ [ [ 122579.730216055279016, 487859.025132378330454 ], [ 122578.965293644389021, 487851.069939305016305 ], [ 122559.07731096119096, 487853.823659984220285 ], [ 122561.219093711682945, 487862.237806504068431 ], [ 122579.730216055279016, 487859.025132378330454 ] ] ] } },
{ "type": "Feature", "properties": { "sensor": "GASA-03", "time": "2025-08-20T12:15:00+02:00", "count_line": 24, "location": "Oosterdoksbrug", "count_area": 46.0, "countline_length": 8 }, "geometry": { "type": "Polygon", "coordinates": [ [ [ 122579.730216055279016, 487859.025132378330454 ], [ 122578.965293644389021, 487851.069939305016305 ], [ 122559.07731096119096, 487853.823659984220285 ], [ 122561.219093711682945, 487862.237806504068431 ], [ 122579.730216055279016, 487859.025132378330454 ] ] ] } },
{ "type": "Feature", "properties": { "sensor": "GASA-03", "time": "2025-08-20T12:18:00+02:00", "count_line": 66, "location": "Oosterdoksbrug", "count_area": 99.0, "countline_length": 8 }, "geometry": { "type": "Polygon", "coordinates": [ [ [ 122579.730216055279016, 487859.025132378330454 ], [ 122578.965293644389021, 487851.069939305016305 ], [ 122559.07731096119096, 487853.823659984220285 ], [ 122561.219093711682945, 487862.237806504068431 ], [ 122579.730216055279016, 487859.025132378330454 ] ] ] } },
{ "type": "Feature", "properties": { "sensor": "GASA-03", "time": "2025-08-20T12:20:00+02:00", "count_line": 28, "location": "Oosterdoksbrug", "count_area": 50.0, "countline_length": 8 }, "geometry": { "type": "Polygon", "coordinates": [ [ [ 122579.730216055279016, 487859.025132378330454 ], [ 122578.965293644389021, 487851.069939305016305 ], [ 122559.07731096119096, 487853.823659984220285 ], [ 122561.219093711682945, 487862.237806504068431 ], [ 122579.730216055279016, 487859.025132378330454 ] ] ] } },
{ "type": "Feature", "properties": { "sensor": "GASA-03", "time": "2025-08-20T12:22:00+02:00", "count_line": 36, "location": "Oosterdoksbrug", "count_area": 60.0, "countline_length": 8 }, "geometry": { "type": "Polygon", "coordinates": [ [ [ 122579.730216055279016, 487859.025132378330454 ], [ 122578.965293644389021, 487851.069939305016305 ], [ 122559.07731096119096, 487853.823659984220285 ], [ 122561.219093711682945, 487862.237806504068431 ], [ 122579.730216055279016, 487859.025132378330454 ] ] ] } },
{ "type": "Feature", "properties": { "sensor": "GASA-03", "time": "2025-08-20T12:24:00+02:00", "count_line": 76, "location": "Oosterdoksbrug", "count_area": 149.0, "countline_length": 8 }, "geometry": { "type": "Polygon", "coordinates": [ [ [ 122579.730216055279016, 487859.025132378330454 ], [ 122578.965293644389021, 487851.069939305016305 ], [ 122559.07731096119096, 487853.823659984220285 ], [ 122561.219093711682945, 487862.237806504068431 ], [ 122579.730216055279016, 487859.025132378330454 ] ] ] } },
{ "type": "Feature", "properties": { "sensor": "GASA-03", "time": "2025-08-20T12:26:00+02:00", "count_line": 66, "location": "Oosterdoksbrug", "count_area": 102.0, "countline_length": 8 }, "geometry": { "type": "Polygon", "coordinates": [ [ [ 122579.730216055279016, 487859.025132378330454 ], [ 122578.965293644389021, 487851.069939305016305 ], [ 122559.07731096119096, 487853.823659984220285 ], [ 122561.219093711682945, 487862.237806504068431 ], [ 122579.730216055279016, 487859.025132378330454 ] ] ] } },
{ "type": "Feature", "properties": { "sensor": "GASA-03", "time": "2025-08-20T12:28:00+02:00", "count_line": 58, "location": "Oosterdoksbrug", "count_area": 106.0, "countline_length": 8 }, "geometry": { "type": "Polygon", "coordinates": [ [ [ 122579.730216055279016, 487859.025132378330454 ], [ 122578.965293644389021, 487851.069939305016305 ], [ 122559.07731096119096, 487853.823659984220285 ], [ 122561.219093711682945, 487862.237806504068431 ], [ 122579.730216055279016, 487859.025132378330454 ] ] ] } },
{ "type": "Feature", "properties": { "sensor": "GASA-03", "time": "2025-08-20T12:30:00+02:00", "count_line": 42, "location": "Oosterdoksbrug", "count_area": 81.0, "countline_length": 8 }, "geometry": { "type": "Polygon", "coordinates": [ [ [ 122579.730216055279016, 487859.025132378330454 ], [ 122578.965293644389021, 487851.069939305016305 ], [ 122559.07731096119096, 487853.823659984220285 ], [ 122561.219093711682945, 487862.237806504068431 ], [ 122579.730216055279016, 487859.025132378330454 ] ] ] } },
{ "type": "Feature", "properties": { "sensor": "GASA-03", "time": "2025-08-20T12:32:00+02:00", "count_line": 104, "location": "Oosterdoksbrug", "count_area": 157.0, "countline_length": 8 }, "geometry": { "type": "Polygon", "coordinates": [ [ [ 122579.730216055279016, 487859.025132378330454 ], [ 122578.965293644389021, 487851.069939305016305 ], [ 122559.07731096119096, 487853.823659984220285 ], [ 122561.219093711682945, 487862.237806504068431 ], [ 122579.730216055279016, 487859.025132378330454 ] ] ] } },
{ "type": "Feature", "properties": { "sensor": "GASA-03", "time": "2025-08-20T12:34:00+02:00", "count_line": 80, "location": "Oosterdoksbrug", "count_area": 136.0, "countline_length": 8 }, "geometry": { "type": "Polygon", "coordinates": [ [ [ 122579.730216055279016, 487859.025132378330454 ], [ 122578.965293644389021, 487851.069939305016305 ], [ 122559.07731096119096, 487853.823659984220285 ], [ 122561.219093711682945, 487862.237806504068431 ], [ 122579.730216055279016, 487859.025132378330454 ] ] ] } },
{ "type": "Feature", "properties": { "sensor": "GASA-03", "time": "2025-08-20T12:36:00+02:00", "count_line": 84, "location": "Oosterdoksbrug", "count_area": 137.0, "countline_length": 8 }, "geometry": { "type": "Polygon", "coordinates": [ [ [ 122579.730216055279016, 487859.025132378330454 ], [ 122578.965293644389021, 487851.069939305016305 ], [ 122559.07731096119096, 487853.823659984220285 ], [ 122561.219093711682945, 487862.237806504068431 ], [ 122579.730216055279016, 487859.025132378330454 ] ] ] } },
{ "type": "Feature", "properties": { "sensor": "GASA-03", "time": "2025-08-20T12:38:00+02:00", "count_line": 70, "location": "Oosterdoksbrug", "count_area": 107.0, "countline_length": 8 }, "geometry": { "type": "Polygon", "coordinates": [ [ [ 122579.730216055279016, 487859.025132378330454 ], [ 122578.965293644389021, 487851.069939305016305 ], [ 122559.07731096119096, 487853.823659984220285 ], [ 122561.219093711682945, 487862.237806504068431 ], [ 122579.730216055279016, 487859.025132378330454 ] ] ] } },
{ "type": "Feature", "properties": { "sensor": "GASA-03", "time": "2025-08-20T12:40:00+02:00", "count_line": 60, "location": "Oosterdoksbrug", "count_area": 112.0, "countline_length": 8 }, "geometry": { "type": "Polygon", "coordinates": [ [ [ 122579.730216055279016, 487859.025132378330454 ], [ 122578.965293644389021, 487851.069939305016305 ], [ 122559.07731096119096, 487853.823659984220285 ], [ 122561.219093711682945, 487862.237806504068431 ], [ 122579.730216055279016, 487859.025132378330454 ] ] ] } },
{ "type": "Feature", "properties": { "sensor": "GASA-03", "time": "2025-08-20T12:42:00+02:00", "count_line": 82, "location": "Oosterdoksbrug", "count_area": 131.0, "countline_length": 8 }, "geometry": { "type": "Polygon", "coordinates": [ [ [ 122579.730216055279016, 487859.025132378330454 ], [ 122578.965293644389021, 487851.069939305016305 ], [ 122559.07731096119096, 487853.823659984220285 ], [ 122561.219093711682945, 487862.237806504068431 ], [ 122579.730216055279016, 487859.025132378330454 ] ] ] } },
{ "type": "Feature", "properties": { "sensor": "GASA-03", "time": "2025-08-20T12:44:00+02:00", "count_line": 72, "location": "Oosterdoksbrug", "count_area": 112.0, "countline_length": 8 }, "geometry": { "type": "Polygon", "coordinates": [ [ [ 122579.730216055279016, 487859.025132378330454 ], [ 122578.965293644389021, 487851.069939305016305 ], [ 122559.07731096119096, 487853.823659984220285 ], [ 122561.219093711682945, 487862.237806504068431 ], [ 122579.730216055279016, 487859.025132378330454 ] ] ] } },
{ "type": "Feature", "properties": { "sensor": "GASA-03", "time": "2025-08-20T12:46:00+02:00", "count_line": 62, "location": "Oosterdoksbrug", "count_area": 109.0, "countline_length": 8 }, "geometry": { "type": "Polygon", "coordinates": [ [ [ 122579.730216055279016, 487859.025132378330454 ], [ 122578.965293644389021, 487851.069939305016305 ], [ 122559.07731096119096, 487853.823659984220285 ], [ 122561.219093711682945, 487862.237806504068431 ], [ 122579.730216055279016, 487859.025132378330454 ] ] ] } },
{ "type": "Feature", "properties": { "sensor": "GASA-03", "time": "2025-08-20T12:48:00+02:00", "count_line": 72, "location": "Oosterdoksbrug", "count_area": 117.0, "countline_length": 8 }, "geometry": { "type": "Polygon", "coordinates": [ [ [ 122579.730216055279016, 487859.025132378330454 ], [ 122578.965293644389021, 487851.069939305016305 ], [ 122559.07731096119096, 487853.823659984220285 ], [ 122561.219093711682945, 487862.237806504068431 ], [ 122579.730216055279016, 487859.025132378330454 ] ] ] } },
{ "type": "Feature", "properties": { "sensor": "GASA-03", "time": "2025-08-20T12:50:00+02:00", "count_line": 100, "location": "Oosterdoksbrug", "count_area": 153.0, "countline_length": 8 }, "geometry": { "type": "Polygon", "coordinates": [ [ [ 122579.730216055279016, 487859.025132378330454 ], [ 122578.965293644389021, 487851.069939305016305 ], [ 122559.07731096119096, 487853.823659984220285 ], [ 122561.219093711682945, 487862.237806504068431 ], [ 122579.730216055279016, 487859.025132378330454 ] ] ] } },
{ "type": "Feature", "properties": { "sensor": "GASA-03", "time": "2025-08-20T12:52:00+02:00", "count_line": 102, "location": "Oosterdoksbrug", "count_area": 169.0, "countline_length": 8 }, "geometry": { "type": "Polygon", "coordinates": [ [ [ 122579.730216055279016, 487859.025132378330454 ], [ 122578.965293644389021, 487851.069939305016305 ], [ 122559.07731096119096, 487853.823659984220285 ], [ 122561.219093711682945, 487862.237806504068431 ], [ 122579.730216055279016, 487859.025132378330454 ] ] ] } },
{ "type": "Feature", "properties": { "sensor": "GASA-03", "time": "2025-08-20T12:54:00+02:00", "count_line": 29, "location": "Oosterdoksbrug", "count_area": 44.0, "countline_length": 8 }, "geometry": { "type": "Polygon", "coordinates": [ [ [ 122579.730216055279016, 487859.025132378330454 ], [ 122578.965293644389021, 487851.069939305016305 ], [ 122559.07731096119096, 487853.823659984220285 ], [ 122561.219093711682945, 487862.237806504068431 ], [ 122579.730216055279016, 487859.025132378330454 ] ] ] } },
{ "type": "Feature", "properties": { "sensor": "GASA-03", "time": "2025-08-20T12:56:00+02:00", "count_line": 62, "location": "Oosterdoksbrug", "count_area": 96.0, "countline_length": 8 }, "geometry": { "type": "Polygon", "coordinates": [ [ [ 122579.730216055279016, 487859.025132378330454 ], [ 122578.965293644389021, 487851.069939305016305 ], [ 122559.07731096119096, 487853.823659984220285 ], [ 122561.219093711682945, 487862.237806504068431 ], [ 122579.730216055279016, 487859.025132378330454 ] ] ] } },
{ "type": "Feature", "properties": { "sensor": "GASA-03", "time": "2025-08-20T12:58:00+02:00", "count_line": 112, "location": "Oosterdoksbrug", "count_area": 173.0, "countline_length": 8 }, "geometry": { "type": "Polygon", "coordinates": [ [ [ 122579.730216055279016, 487859.025132378330454 ], [ 122578.965293644389021, 487851.069939305016305 ], [ 122559.07731096119096, 487853.823659984220285 ], [ 122561.219093711682945, 487862.237806504068431 ], [ 122579.730216055279016, 487859.025132378330454 ] ] ] } },
{ "type": "Feature", "properties": { "sensor": "GASA-03", "time": "2025-08-20T13:00:00+02:00", "count_line": 74, "location": "Oosterdoksbrug", "count_area": 116.0, "countline_length": 8 }, "geometry": { "type": "Polygon", "coordinates": [ [ [ 122579.730216055279016, 487859.025132378330454 ], [ 122578.965293644389021, 487851.069939305016305 ], [ 122559.07731096119096, 487853.823659984220285 ], [ 122561.219093711682945, 487862.237806504068431 ], [ 122579.730216055279016, 487859.025132378330454 ] ] ] } },
{ "type": "Feature", "properties": { "sensor": "GASA-03", "time": "2025-08-20T13:02:00+02:00", "count_line": 70, "location": "Oosterdoksbrug", "count_area": 110.0, "countline_length": 8 }, "geometry": { "type": "Polygon", "coordinates": [ [ [ 122579.730216055279016, 487859.025132378330454 ], [ 122578.965293644389021, 487851.069939305016305 ], [ 122559.07731096119096, 487853.823659984220285 ], [ 122561.219093711682945, 487862.237806504068431 ], [ 122579.730216055279016, 487859.025132378330454 ] ] ] } },
{ "type": "Feature", "properties": { "sensor": "GASA-03", "time": "2025-08-20T13:04:00+02:00", "count_line": 28, "location": "Oosterdoksbrug", "count_area": 42.0, "countline_length": 8 }, "geometry": { "type": "Polygon", "coordinates": [ [ [ 122579.730216055279016, 487859.025132378330454 ], [ 122578.965293644389021, 487851.069939305016305 ], [ 122559.07731096119096, 487853.823659984220285 ], [ 122561.219093711682945, 487862.237806504068431 ], [ 122579.730216055279016, 487859.025132378330454 ] ] ] } },
{ "type": "Feature", "properties": { "sensor": "GASA-03", "time": "2025-08-20T13:06:00+02:00", "count_line": 82, "location": "Oosterdoksbrug", "count_area": 143.0, "countline_length": 8 }, "geometry": { "type": "Polygon", "coordinates": [ [ [ 122579.730216055279016, 487859.025132378330454 ], [ 122578.965293644389021, 487851.069939305016305 ], [ 122559.07731096119096, 487853.823659984220285 ], [ 122561.219093711682945, 487862.237806504068431 ], [ 122579.730216055279016, 487859.025132378330454 ] ] ] } },
{ "type": "Feature", "properties": { "sensor": "GASA-03", "time": "2025-08-20T13:08:00+02:00", "count_line": 92, "location": "Oosterdoksbrug", "count_area": 156.0, "countline_length": 8 }, "geometry": { "type": "Polygon", "coordinates": [ [ [ 122579.730216055279016, 487859.025132378330454 ], [ 122578.965293644389021, 487851.069939305016305 ], [ 122559.07731096119096, 487853.823659984220285 ], [ 122561.219093711682945, 487862.237806504068431 ], [ 122579.730216055279016, 487859.025132378330454 ] ] ] } },
{ "type": "Feature", "properties": { "sensor": "GASA-03", "time": "2025-08-20T13:10:00+02:00", "count_line": 38, "location": "Oosterdoksbrug", "count_area": 73.0, "countline_length": 8 }, "geometry": { "type": "Polygon", "coordinates": [ [ [ 122579.730216055279016, 487859.025132378330454 ], [ 122578.965293644389021, 487851.069939305016305 ], [ 122559.07731096119096, 487853.823659984220285 ], [ 122561.219093711682945, 487862.237806504068431 ], [ 122579.730216055279016, 487859.025132378330454 ] ] ] } },
{ "type": "Feature", "properties": { "sensor": "GASA-03", "time": "2025-08-20T13:12:00+02:00", "count_line": 14, "location": "Oosterdoksbrug", "count_area": 24.0, "countline_length": 8 }, "geometry": { "type": "Polygon", "coordinates": [ [ [ 122579.730216055279016, 487859.025132378330454 ], [ 122578.965293644389021, 487851.069939305016305 ], [ 122559.07731096119096, 487853.823659984220285 ], [ 122561.219093711682945, 487862.237806504068431 ], [ 122579.730216055279016, 487859.025132378330454 ] ] ] } },
{ "type": "Feature", "properties": { "sensor": "GASA-03", "time": "2025-08-20T13:14:00+02:00", "count_line": 129, "location": "Oosterdoksbrug", "count_area": 244.0, "countline_length": 8 }, "geometry": { "type": "Polygon", "coordinates": [ [ [ 122579.730216055279016, 487859.025132378330454 ], [ 122578.965293644389021, 487851.069939305016305 ], [ 122559.07731096119096, 487853.823659984220285 ], [ 122561.219093711682945, 487862.237806504068431 ], [ 122579.730216055279016, 487859.025132378330454 ] ] ] } },
{ "type": "Feature", "properties": { "sensor": "GASA-03", "time": "2025-08-20T13:16:00+02:00", "count_line": 102, "location": "Oosterdoksbrug", "count_area": 160.0, "countline_length": 8 }, "geometry": { "type": "Polygon", "coordinates": [ [ [ 122579.730216055279016, 487859.025132378330454 ], [ 122578.965293644389021, 487851.069939305016305 ], [ 122559.07731096119096, 487853.823659984220285 ], [ 122561.219093711682945, 487862.237806504068431 ], [ 122579.730216055279016, 487859.025132378330454 ] ] ] } },
{ "type": "Feature", "properties": { "sensor": "GASA-03", "time": "2025-08-20T13:18:00+02:00", "count_line": 110, "location": "Oosterdoksbrug", "count_area": 211.0, "countline_length": 8 }, "geometry": { "type": "Polygon", "coordinates": [ [ [ 122579.730216055279016, 487859.025132378330454 ], [ 122578.965293644389021, 487851.069939305016305 ], [ 122559.07731096119096, 487853.823659984220285 ], [ 122561.219093711682945, 487862.237806504068431 ], [ 122579.730216055279016, 487859.025132378330454 ] ] ] } },
{ "type": "Feature", "properties": { "sensor": "GASA-03", "time": "2025-08-20T13:20:00+02:00", "count_line": 56, "location": "Oosterdoksbrug", "count_area": 106.0, "countline_length": 8 }, "geometry": { "type": "Polygon", "coordinates": [ [ [ 122579.730216055279016, 487859.025132378330454 ], [ 122578.965293644389021, 487851.069939305016305 ], [ 122559.07731096119096, 487853.823659984220285 ], [ 122561.219093711682945, 487862.237806504068431 ], [ 122579.730216055279016, 487859.025132378330454 ] ] ] } },
{ "type": "Feature", "properties": { "sensor": "GASA-03", "time": "2025-08-20T13:22:00+02:00", "count_line": 57, "location": "Oosterdoksbrug", "count_area": 95.0, "countline_length": 8 }, "geometry": { "type": "Polygon", "coordinates": [ [ [ 122579.730216055279016, 487859.025132378330454 ], [ 122578.965293644389021, 487851.069939305016305 ], [ 122559.07731096119096, 487853.823659984220285 ], [ 122561.219093711682945, 487862.237806504068431 ], [ 122579.730216055279016, 487859.025132378330454 ] ] ] } },
{ "type": "Feature", "properties": { "sensor": "GASA-03", "time": "2025-08-20T13:24:00+02:00", "count_line": 41, "location": "Oosterdoksbrug", "count_area": 74.0, "countline_length": 8 }, "geometry": { "type": "Polygon", "coordinates": [ [ [ 122579.730216055279016, 487859.025132378330454 ], [ 122578.965293644389021, 487851.069939305016305 ], [ 122559.07731096119096, 487853.823659984220285 ], [ 122561.219093711682945, 487862.237806504068431 ], [ 122579.730216055279016, 487859.025132378330454 ] ] ] } },
{ "type": "Feature", "properties": { "sensor": "GASA-03", "time": "2025-08-20T13:26:00+02:00", "count_line": 88, "location": "Oosterdoksbrug", "count_area": 138.0, "countline_length": 8 }, "geometry": { "type": "Polygon", "coordinates": [ [ [ 122579.730216055279016, 487859.025132378330454 ], [ 122578.965293644389021, 487851.069939305016305 ], [ 122559.07731096119096, 487853.823659984220285 ], [ 122561.219093711682945, 487862.237806504068431 ], [ 122579.730216055279016, 487859.025132378330454 ] ] ] } },
{ "type": "Feature", "properties": { "sensor": "GASA-03", "time": "2025-08-20T13:28:00+02:00", "count_line": 74, "location": "Oosterdoksbrug", "count_area": 113.0, "countline_length": 8 }, "geometry": { "type": "Polygon", "coordinates": [ [ [ 122579.730216055279016, 487859.025132378330454 ], [ 122578.965293644389021, 487851.069939305016305 ], [ 122559.07731096119096, 487853.823659984220285 ], [ 122561.219093711682945, 487862.237806504068431 ], [ 122579.730216055279016, 487859.025132378330454 ] ] ] } },
{ "type": "Feature", "properties": { "sensor": "GASA-03", "time": "2025-08-20T13:30:00+02:00", "count_line": 30, "location": "Oosterdoksbrug", "count_area": 59.0, "countline_length": 8 }, "geometry": { "type": "Polygon", "coordinates": [ [ [ 122579.730216055279016, 487859.025132378330454 ], [ 122578.965293644389021, 487851.069939305016305 ], [ 122559.07731096119096, 487853.823659984220285 ], [ 122561.219093711682945, 487862.237806504068431 ], [ 122579.730216055279016, 487859.025132378330454 ] ] ] } },
{ "type": "Feature", "properties": { "sensor": "GASA-03", "time": "2025-08-20T13:32:00+02:00", "count_line": 84, "location": "Oosterdoksbrug", "count_area": 158.0, "countline_length": 8 }, "geometry": { "type": "Polygon", "coordinates": [ [ [ 122579.730216055279016, 487859.025132378330454 ], [ 122578.965293644389021, 487851.069939305016305 ], [ 122559.07731096119096, 487853.823659984220285 ], [ 122561.219093711682945, 487862.237806504068431 ], [ 122579.730216055279016, 487859.025132378330454 ] ] ] } },
{ "type": "Feature", "properties": { "sensor": "GASA-03", "time": "2025-08-20T13:34:00+02:00", "count_line": 57, "location": "Oosterdoksbrug", "count_area": 111.0, "countline_length": 8 }, "geometry": { "type": "Polygon", "coordinates": [ [ [ 122579.730216055279016, 487859.025132378330454 ], [ 122578.965293644389021, 487851.069939305016305 ], [ 122559.07731096119096, 487853.823659984220285 ], [ 122561.219093711682945, 487862.237806504068431 ], [ 122579.730216055279016, 487859.025132378330454 ] ] ] } },
{ "type": "Feature", "properties": { "sensor": "GASA-03", "time": "2025-08-20T13:36:00+02:00", "count_line": 70, "location": "Oosterdoksbrug", "count_area": 105.0, "countline_length": 8 }, "geometry": { "type": "Polygon", "coordinates": [ [ [ 122579.730216055279016, 487859.025132378330454 ], [ 122578.965293644389021, 487851.069939305016305 ], [ 122559.07731096119096, 487853.823659984220285 ], [ 122561.219093711682945, 487862.237806504068431 ], [ 122579.730216055279016, 487859.025132378330454 ] ] ] } },
{ "type": "Feature", "properties": { "sensor": "GASA-03", "time": "2025-08-20T13:38:00+02:00", "count_line": 76, "location": "Oosterdoksbrug", "count_area": 130.0, "countline_length": 8 }, "geometry": { "type": "Polygon", "coordinates": [ [ [ 122579.730216055279016, 487859.025132378330454 ], [ 122578.965293644389021, 487851.069939305016305 ], [ 122559.07731096119096, 487853.823659984220285 ], [ 122561.219093711682945, 487862.237806504068431 ], [ 122579.730216055279016, 487859.025132378330454 ] ] ] } },
{ "type": "Feature", "properties": { "sensor": "GASA-03", "time": "2025-08-20T13:40:00+02:00", "count_line": 96, "location": "Oosterdoksbrug", "count_area": 170.0, "countline_length": 8 }, "geometry": { "type": "Polygon", "coordinates": [ [ [ 122579.730216055279016, 487859.025132378330454 ], [ 122578.965293644389021, 487851.069939305016305 ], [ 122559.07731096119096, 487853.823659984220285 ], [ 122561.219093711682945, 487862.237806504068431 ], [ 122579.730216055279016, 487859.025132378330454 ] ] ] } },
{ "type": "Feature", "properties": { "sensor": "GASA-03", "time": "2025-08-20T13:42:00+02:00", "count_line": 56, "location": "Oosterdoksbrug", "count_area": 94.0, "countline_length": 8 }, "geometry": { "type": "Polygon", "coordinates": [ [ [ 122579.730216055279016, 487859.025132378330454 ], [ 122578.965293644389021, 487851.069939305016305 ], [ 122559.07731096119096, 487853.823659984220285 ], [ 122561.219093711682945, 487862.237806504068431 ], [ 122579.730216055279016, 487859.025132378330454 ] ] ] } },
{ "type": "Feature", "properties": { "sensor": "GASA-03", "time": "2025-08-20T13:44:00+02:00", "count_line": 26, "location": "Oosterdoksbrug", "count_area": 39.0, "countline_length": 8 }, "geometry": { "type": "Polygon", "coordinates": [ [ [ 122579.730216055279016, 487859.025132378330454 ], [ 122578.965293644389021, 487851.069939305016305 ], [ 122559.07731096119096, 487853.823659984220285 ], [ 122561.219093711682945, 487862.237806504068431 ], [ 122579.730216055279016, 487859.025132378330454 ] ] ] } },
{ "type": "Feature", "properties": { "sensor": "GASA-03", "time": "2025-08-20T13:46:00+02:00", "count_line": 102, "location": "Oosterdoksbrug", "count_area": 189.0, "countline_length": 8 }, "geometry": { "type": "Polygon", "coordinates": [ [ [ 122579.730216055279016, 487859.025132378330454 ], [ 122578.965293644389021, 487851.069939305016305 ], [ 122559.07731096119096, 487853.823659984220285 ], [ 122561.219093711682945, 487862.237806504068431 ], [ 122579.730216055279016, 487859.025132378330454 ] ] ] } },
{ "type": "Feature", "properties": { "sensor": "GASA-03", "time": "2025-08-20T13:56:00+02:00", "count_line": 20, "location": "Oosterdoksbrug", "count_area": 38.0, "countline_length": 8 }, "geometry": { "type": "Polygon", "coordinates": [ [ [ 122579.730216055279016, 487859.025132378330454 ], [ 122578.965293644389021, 487851.069939305016305 ], [ 122559.07731096119096, 487853.823659984220285 ], [ 122561.219093711682945, 487862.237806504068431 ], [ 122579.730216055279016, 487859.025132378330454 ] ] ] } },
{ "type": "Feature", "properties": { "sensor": "GASA-03", "time": "2025-08-20T13:58:00+02:00", "count_line": 40, "location": "Oosterdoksbrug", "count_area": 63.0, "countline_length": 8 }, "geometry": { "type": "Polygon", "coordinates": [ [ [ 122579.730216055279016, 487859.025132378330454 ], [ 122578.965293644389021, 487851.069939305016305 ], [ 122559.07731096119096, 487853.823659984220285 ], [ 122561.219093711682945, 487862.237806504068431 ], [ 122579.730216055279016, 487859.025132378330454 ] ] ] } },
{ "type": "Feature", "properties": { "sensor": "GASA-03", "time": "2025-08-20T14:00:00+02:00", "count_line": 34, "location": "Oosterdoksbrug", "count_area": 55.0, "countline_length": 8 }, "geometry": { "type": "Polygon", "coordinates": [ [ [ 122579.730216055279016, 487859.025132378330454 ], [ 122578.965293644389021, 487851.069939305016305 ], [ 122559.07731096119096, 487853.823659984220285 ], [ 122561.219093711682945, 487862.237806504068431 ], [ 122579.730216055279016, 487859.025132378330454 ] ] ] } },
{ "type": "Feature", "properties": { "sensor": "GASA-03", "time": "2025-08-20T14:01:00+02:00", "count_line": 39, "location": "Oosterdoksbrug", "count_area": 58.0, "countline_length": 8 }, "geometry": { "type": "Polygon", "coordinates": [ [ [ 122579.730216055279016, 487859.025132378330454 ], [ 122578.965293644389021, 487851.069939305016305 ], [ 122559.07731096119096, 487853.823659984220285 ], [ 122561.219093711682945, 487862.237806504068431 ], [ 122579.730216055279016, 487859.025132378330454 ] ] ] } },
{ "type": "Feature", "properties": { "sensor": "GASA-03", "time": "2025-08-20T14:02:00+02:00", "count_line": 26, "location": "Oosterdoksbrug", "count_area": 45.0, "countline_length": 8 }, "geometry": { "type": "Polygon", "coordinates": [ [ [ 122579.730216055279016, 487859.025132378330454 ], [ 122578.965293644389021, 487851.069939305016305 ], [ 122559.07731096119096, 487853.823659984220285 ], [ 122561.219093711682945, 487862.237806504068431 ], [ 122579.730216055279016, 487859.025132378330454 ] ] ] } },
{ "type": "Feature", "properties": { "sensor": "GASA-03", "time": "2025-08-20T14:04:00+02:00", "count_line": 46, "location": "Oosterdoksbrug", "count_area": 90.0, "countline_length": 8 }, "geometry": { "type": "Polygon", "coordinates": [ [ [ 122579.730216055279016, 487859.025132378330454 ], [ 122578.965293644389021, 487851.069939305016305 ], [ 122559.07731096119096, 487853.823659984220285 ], [ 122561.219093711682945, 487862.237806504068431 ], [ 122579.730216055279016, 487859.025132378330454 ] ] ] } },
{ "type": "Feature", "properties": { "sensor": "GASA-03", "time": "2025-08-20T14:06:00+02:00", "count_line": 34, "location": "Oosterdoksbrug", "count_area": 66.0, "countline_length": 8 }, "geometry": { "type": "Polygon", "coordinates": [ [ [ 122579.730216055279016, 487859.025132378330454 ], [ 122578.965293644389021, 487851.069939305016305 ], [ 122559.07731096119096, 487853.823659984220285 ], [ 122561.219093711682945, 487862.237806504068431 ], [ 122579.730216055279016, 487859.025132378330454 ] ] ] } },
{ "type": "Feature", "properties": { "sensor": "GASA-03", "time": "2025-08-20T14:08:00+02:00", "count_line": 36, "location": "Oosterdoksbrug", "count_area": 59.0, "countline_length": 8 }, "geometry": { "type": "Polygon", "coordinates": [ [ [ 122579.730216055279016, 487859.025132378330454 ], [ 122578.965293644389021, 487851.069939305016305 ], [ 122559.07731096119096, 487853.823659984220285 ], [ 122561.219093711682945, 487862.237806504068431 ], [ 122579.730216055279016, 487859.025132378330454 ] ] ] } },
{ "type": "Feature", "properties": { "sensor": "GASA-03", "time": "2025-08-20T14:10:00+02:00", "count_line": 30, "location": "Oosterdoksbrug", "count_area": 57.0, "countline_length": 8 }, "geometry": { "type": "Polygon", "coordinates": [ [ [ 122579.730216055279016, 487859.025132378330454 ], [ 122578.965293644389021, 487851.069939305016305 ], [ 122559.07731096119096, 487853.823659984220285 ], [ 122561.219093711682945, 487862.237806504068431 ], [ 122579.730216055279016, 487859.025132378330454 ] ] ] } },
{ "type": "Feature", "properties": { "sensor": "GASA-03", "time": "2025-08-20T14:12:00+02:00", "count_line": 44, "location": "Oosterdoksbrug", "count_area": 74.0, "countline_length": 8 }, "geometry": { "type": "Polygon", "coordinates": [ [ [ 122579.730216055279016, 487859.025132378330454 ], [ 122578.965293644389021, 487851.069939305016305 ], [ 122559.07731096119096, 487853.823659984220285 ], [ 122561.219093711682945, 487862.237806504068431 ], [ 122579.730216055279016, 487859.025132378330454 ] ] ] } },
{ "type": "Feature", "properties": { "sensor": "GASA-03", "time": "2025-08-20T14:14:00+02:00", "count_line": 16, "location": "Oosterdoksbrug", "count_area": 26.0, "countline_length": 8 }, "geometry": { "type": "Polygon", "coordinates": [ [ [ 122579.730216055279016, 487859.025132378330454 ], [ 122578.965293644389021, 487851.069939305016305 ], [ 122559.07731096119096, 487853.823659984220285 ], [ 122561.219093711682945, 487862.237806504068431 ], [ 122579.730216055279016, 487859.025132378330454 ] ] ] } },
{ "type": "Feature", "properties": { "sensor": "GASA-03", "time": "2025-08-20T14:16:00+02:00", "count_line": 24, "location": "Oosterdoksbrug", "count_area": 36.0, "countline_length": 8 }, "geometry": { "type": "Polygon", "coordinates": [ [ [ 122579.730216055279016, 487859.025132378330454 ], [ 122578.965293644389021, 487851.069939305016305 ], [ 122559.07731096119096, 487853.823659984220285 ], [ 122561.219093711682945, 487862.237806504068431 ], [ 122579.730216055279016, 487859.025132378330454 ] ] ] } },
{ "type": "Feature", "properties": { "sensor": "GASA-03", "time": "2025-08-20T14:18:00+02:00", "count_line": 59, "location": "Oosterdoksbrug", "count_area": 111.0, "countline_length": 8 }, "geometry": { "type": "Polygon", "coordinates": [ [ [ 122579.730216055279016, 487859.025132378330454 ], [ 122578.965293644389021, 487851.069939305016305 ], [ 122559.07731096119096, 487853.823659984220285 ], [ 122561.219093711682945, 487862.237806504068431 ], [ 122579.730216055279016, 487859.025132378330454 ] ] ] } },
{ "type": "Feature", "properties": { "sensor": "GASA-03", "time": "2025-08-20T14:20:00+02:00", "count_line": 37, "location": "Oosterdoksbrug", "count_area": 72.0, "countline_length": 8 }, "geometry": { "type": "Polygon", "coordinates": [ [ [ 122579.730216055279016, 487859.025132378330454 ], [ 122578.965293644389021, 487851.069939305016305 ], [ 122559.07731096119096, 487853.823659984220285 ], [ 122561.219093711682945, 487862.237806504068431 ], [ 122579.730216055279016, 487859.025132378330454 ] ] ] } },
{ "type": "Feature", "properties": { "sensor": "GASA-03", "time": "2025-08-20T14:22:00+02:00", "count_line": 23, "location": "Oosterdoksbrug", "count_area": 42.0, "countline_length": 8 }, "geometry": { "type": "Polygon", "coordinates": [ [ [ 122579.730216055279016, 487859.025132378330454 ], [ 122578.965293644389021, 487851.069939305016305 ], [ 122559.07731096119096, 487853.823659984220285 ], [ 122561.219093711682945, 487862.237806504068431 ], [ 122579.730216055279016, 487859.025132378330454 ] ] ] } },
{ "type": "Feature", "properties": { "sensor": "GASA-03", "time": "2025-08-20T14:23:00+02:00", "count_line": 23, "location": "Oosterdoksbrug", "count_area": 40.0, "countline_length": 8 }, "geometry": { "type": "Polygon", "coordinates": [ [ [ 122579.730216055279016, 487859.025132378330454 ], [ 122578.965293644389021, 487851.069939305016305 ], [ 122559.07731096119096, 487853.823659984220285 ], [ 122561.219093711682945, 487862.237806504068431 ], [ 122579.730216055279016, 487859.025132378330454 ] ] ] } },
{ "type": "Feature", "properties": { "sensor": "GASA-03", "time": "2025-08-20T14:24:00+02:00", "count_line": 15, "location": "Oosterdoksbrug", "count_area": 25.0, "countline_length": 8 }, "geometry": { "type": "Polygon", "coordinates": [ [ [ 122579.730216055279016, 487859.025132378330454 ], [ 122578.965293644389021, 487851.069939305016305 ], [ 122559.07731096119096, 487853.823659984220285 ], [ 122561.219093711682945, 487862.237806504068431 ], [ 122579.730216055279016, 487859.025132378330454 ] ] ] } },
{ "type": "Feature", "properties": { "sensor": "GASA-03", "time": "2025-08-20T14:26:00+02:00", "count_line": 36, "location": "Oosterdoksbrug", "count_area": 64.0, "countline_length": 8 }, "geometry": { "type": "Polygon", "coordinates": [ [ [ 122579.730216055279016, 487859.025132378330454 ], [ 122578.965293644389021, 487851.069939305016305 ], [ 122559.07731096119096, 487853.823659984220285 ], [ 122561.219093711682945, 487862.237806504068431 ], [ 122579.730216055279016, 487859.025132378330454 ] ] ] } },
{ "type": "Feature", "properties": { "sensor": "GASA-03", "time": "2025-08-20T14:28:00+02:00", "count_line": 46, "location": "Oosterdoksbrug", "count_area": 89.0, "countline_length": 8 }, "geometry": { "type": "Polygon", "coordinates": [ [ [ 122579.730216055279016, 487859.025132378330454 ], [ 122578.965293644389021, 487851.069939305016305 ], [ 122559.07731096119096, 487853.823659984220285 ], [ 122561.219093711682945, 487862.237806504068431 ], [ 122579.730216055279016, 487859.025132378330454 ] ] ] } },
{ "type": "Feature", "properties": { "sensor": "GASA-03", "time": "2025-08-20T14:30:00+02:00", "count_line": 23, "location": "Oosterdoksbrug", "count_area": 35.0, "countline_length": 8 }, "geometry": { "type": "Polygon", "coordinates": [ [ [ 122579.730216055279016, 487859.025132378330454 ], [ 122578.965293644389021, 487851.069939305016305 ], [ 122559.07731096119096, 487853.823659984220285 ], [ 122561.219093711682945, 487862.237806504068431 ], [ 122579.730216055279016, 487859.025132378330454 ] ] ] } },
{ "type": "Feature", "properties": { "sensor": "GASA-03", "time": "2025-08-20T14:32:00+02:00", "count_line": 20, "location": "Oosterdoksbrug", "count_area": 31.0, "countline_length": 8 }, "geometry": { "type": "Polygon", "coordinates": [ [ [ 122579.730216055279016, 487859.025132378330454 ], [ 122578.965293644389021, 487851.069939305016305 ], [ 122559.07731096119096, 487853.823659984220285 ], [ 122561.219093711682945, 487862.237806504068431 ], [ 122579.730216055279016, 487859.025132378330454 ] ] ] } },
{ "type": "Feature", "properties": { "sensor": "GASA-03", "time": "2025-08-20T14:34:00+02:00", "count_line": 23, "location": "Oosterdoksbrug", "count_area": 34.0, "countline_length": 8 }, "geometry": { "type": "Polygon", "coordinates": [ [ [ 122579.730216055279016, 487859.025132378330454 ], [ 122578.965293644389021, 487851.069939305016305 ], [ 122559.07731096119096, 487853.823659984220285 ], [ 122561.219093711682945, 487862.237806504068431 ], [ 122579.730216055279016, 487859.025132378330454 ] ] ] } },
{ "type": "Feature", "properties": { "sensor": "GASA-03", "time": "2025-08-20T14:36:00+02:00", "count_line": 33, "location": "Oosterdoksbrug", "count_area": 51.0, "countline_length": 8 }, "geometry": { "type": "Polygon", "coordinates": [ [ [ 122579.730216055279016, 487859.025132378330454 ], [ 122578.965293644389021, 487851.069939305016305 ], [ 122559.07731096119096, 487853.823659984220285 ], [ 122561.219093711682945, 487862.237806504068431 ], [ 122579.730216055279016, 487859.025132378330454 ] ] ] } },
{ "type": "Feature", "properties": { "sensor": "GASA-03", "time": "2025-08-20T14:38:00+02:00", "count_line": 8, "location": "Oosterdoksbrug", "count_area": 14.0, "countline_length": 8 }, "geometry": { "type": "Polygon", "coordinates": [ [ [ 122579.730216055279016, 487859.025132378330454 ], [ 122578.965293644389021, 487851.069939305016305 ], [ 122559.07731096119096, 487853.823659984220285 ], [ 122561.219093711682945, 487862.237806504068431 ], [ 122579.730216055279016, 487859.025132378330454 ] ] ] } },
{ "type": "Feature", "properties": { "sensor": "GASA-03", "time": "2025-08-20T14:40:00+02:00", "count_line": 24, "location": "Oosterdoksbrug", "count_area": 38.0, "countline_length": 8 }, "geometry": { "type": "Polygon", "coordinates": [ [ [ 122579.730216055279016, 487859.025132378330454 ], [ 122578.965293644389021, 487851.069939305016305 ], [ 122559.07731096119096, 487853.823659984220285 ], [ 122561.219093711682945, 487862.237806504068431 ], [ 122579.730216055279016, 487859.025132378330454 ] ] ] } },
{ "type": "Feature", "properties": { "sensor": "GASA-03", "time": "2025-08-20T14:42:00+02:00", "count_line": 32, "location": "Oosterdoksbrug", "count_area": 63.0, "countline_length": 8 }, "geometry": { "type": "Polygon", "coordinates": [ [ [ 122579.730216055279016, 487859.025132378330454 ], [ 122578.965293644389021, 487851.069939305016305 ], [ 122559.07731096119096, 487853.823659984220285 ], [ 122561.219093711682945, 487862.237806504068431 ], [ 122579.730216055279016, 487859.025132378330454 ] ] ] } },
{ "type": "Feature", "properties": { "sensor": "GASA-03", "time": "2025-08-20T14:44:00+02:00", "count_line": 36, "location": "Oosterdoksbrug", "count_area": 70.0, "countline_length": 8 }, "geometry": { "type": "Polygon", "coordinates": [ [ [ 122579.730216055279016, 487859.025132378330454 ], [ 122578.965293644389021, 487851.069939305016305 ], [ 122559.07731096119096, 487853.823659984220285 ], [ 122561.219093711682945, 487862.237806504068431 ], [ 122579.730216055279016, 487859.025132378330454 ] ] ] } },
{ "type": "Feature", "properties": { "sensor": "GASA-03", "time": "2025-08-20T14:46:00+02:00", "count_line": 18, "location": "Oosterdoksbrug", "count_area": 28.0, "countline_length": 8 }, "geometry": { "type": "Polygon", "coordinates": [ [ [ 122579.730216055279016, 487859.025132378330454 ], [ 122578.965293644389021, 487851.069939305016305 ], [ 122559.07731096119096, 487853.823659984220285 ], [ 122561.219093711682945, 487862.237806504068431 ], [ 122579.730216055279016, 487859.025132378330454 ] ] ] } },
{ "type": "Feature", "properties": { "sensor": "GASA-03", "time": "2025-08-20T14:48:00+02:00", "count_line": 37, "location": "Oosterdoksbrug", "count_area": 69.0, "countline_length": 8 }, "geometry": { "type": "Polygon", "coordinates": [ [ [ 122579.730216055279016, 487859.025132378330454 ], [ 122578.965293644389021, 487851.069939305016305 ], [ 122559.07731096119096, 487853.823659984220285 ], [ 122561.219093711682945, 487862.237806504068431 ], [ 122579.730216055279016, 487859.025132378330454 ] ] ] } },
{ "type": "Feature", "properties": { "sensor": "GASA-03", "time": "2025-08-20T14:50:00+02:00", "count_line": 41, "location": "Oosterdoksbrug", "count_area": 79.0, "countline_length": 8 }, "geometry": { "type": "Polygon", "coordinates": [ [ [ 122579.730216055279016, 487859.025132378330454 ], [ 122578.965293644389021, 487851.069939305016305 ], [ 122559.07731096119096, 487853.823659984220285 ], [ 122561.219093711682945, 487862.237806504068431 ], [ 122579.730216055279016, 487859.025132378330454 ] ] ] } },
{ "type": "Feature", "properties": { "sensor": "GASA-03", "time": "2025-08-20T14:52:00+02:00", "count_line": 37, "location": "Oosterdoksbrug", "count_area": 58.0, "countline_length": 8 }, "geometry": { "type": "Polygon", "coordinates": [ [ [ 122579.730216055279016, 487859.025132378330454 ], [ 122578.965293644389021, 487851.069939305016305 ], [ 122559.07731096119096, 487853.823659984220285 ], [ 122561.219093711682945, 487862.237806504068431 ], [ 122579.730216055279016, 487859.025132378330454 ] ] ] } },
{ "type": "Feature", "properties": { "sensor": "GASA-03", "time": "2025-08-20T14:54:00+02:00", "count_line": 48, "location": "Oosterdoksbrug", "count_area": 76.0, "countline_length": 8 }, "geometry": { "type": "Polygon", "coordinates": [ [ [ 122579.730216055279016, 487859.025132378330454 ], [ 122578.965293644389021, 487851.069939305016305 ], [ 122559.07731096119096, 487853.823659984220285 ], [ 122561.219093711682945, 487862.237806504068431 ], [ 122579.730216055279016, 487859.025132378330454 ] ] ] } },
{ "type": "Feature", "properties": { "sensor": "GASA-03", "time": "2025-08-20T14:55:00+02:00", "count_line": 23, "location": "Oosterdoksbrug", "count_area": 36.0, "countline_length": 8 }, "geometry": { "type": "Polygon", "coordinates": [ [ [ 122579.730216055279016, 487859.025132378330454 ], [ 122578.965293644389021, 487851.069939305016305 ], [ 122559.07731096119096, 487853.823659984220285 ], [ 122561.219093711682945, 487862.237806504068431 ], [ 122579.730216055279016, 487859.025132378330454 ] ] ] } },
{ "type": "Feature", "properties": { "sensor": "GASA-03", "time": "2025-08-20T14:56:00+02:00", "count_line": 31, "location": "Oosterdoksbrug", "count_area": 50.0, "countline_length": 8 }, "geometry": { "type": "Polygon", "coordinates": [ [ [ 122579.730216055279016, 487859.025132378330454 ], [ 122578.965293644389021, 487851.069939305016305 ], [ 122559.07731096119096, 487853.823659984220285 ], [ 122561.219093711682945, 487862.237806504068431 ], [ 122579.730216055279016, 487859.025132378330454 ] ] ] } },
{ "type": "Feature", "properties": { "sensor": "GASA-03", "time": "2025-08-20T14:58:00+02:00", "count_line": 32, "location": "Oosterdoksbrug", "count_area": 62.0, "countline_length": 8 }, "geometry": { "type": "Polygon", "coordinates": [ [ [ 122579.730216055279016, 487859.025132378330454 ], [ 122578.965293644389021, 487851.069939305016305 ], [ 122559.07731096119096, 487853.823659984220285 ], [ 122561.219093711682945, 487862.237806504068431 ], [ 122579.730216055279016, 487859.025132378330454 ] ] ] } },
{ "type": "Feature", "properties": { "sensor": "GASA-03", "time": "2025-08-20T15:00:00+02:00", "count_line": 40, "location": "Oosterdoksbrug", "count_area": 75.0, "countline_length": 8 }, "geometry": { "type": "Polygon", "coordinates": [ [ [ 122579.730216055279016, 487859.025132378330454 ], [ 122578.965293644389021, 487851.069939305016305 ], [ 122559.07731096119096, 487853.823659984220285 ], [ 122561.219093711682945, 487862.237806504068431 ], [ 122579.730216055279016, 487859.025132378330454 ] ] ] } },
{ "type": "Feature", "properties": { "sensor": "GASA-03", "time": "2025-08-20T15:02:00+02:00", "count_line": 66, "location": "Oosterdoksbrug", "count_area": 117.0, "countline_length": 8 }, "geometry": { "type": "Polygon", "coordinates": [ [ [ 122579.730216055279016, 487859.025132378330454 ], [ 122578.965293644389021, 487851.069939305016305 ], [ 122559.07731096119096, 487853.823659984220285 ], [ 122561.219093711682945, 487862.237806504068431 ], [ 122579.730216055279016, 487859.025132378330454 ] ] ] } },
{ "type": "Feature", "properties": { "sensor": "GASA-03", "time": "2025-08-20T15:04:00+02:00", "count_line": 36, "location": "Oosterdoksbrug", "count_area": 66.0, "countline_length": 8 }, "geometry": { "type": "Polygon", "coordinates": [ [ [ 122579.730216055279016, 487859.025132378330454 ], [ 122578.965293644389021, 487851.069939305016305 ], [ 122559.07731096119096, 487853.823659984220285 ], [ 122561.219093711682945, 487862.237806504068431 ], [ 122579.730216055279016, 487859.025132378330454 ] ] ] } },
{ "type": "Feature", "properties": { "sensor": "GASA-03", "time": "2025-08-20T15:05:00+02:00", "count_line": 52, "location": "Oosterdoksbrug", "count_area": 95.0, "countline_length": 8 }, "geometry": { "type": "Polygon", "coordinates": [ [ [ 122579.730216055279016, 487859.025132378330454 ], [ 122578.965293644389021, 487851.069939305016305 ], [ 122559.07731096119096, 487853.823659984220285 ], [ 122561.219093711682945, 487862.237806504068431 ], [ 122579.730216055279016, 487859.025132378330454 ] ] ] } },
{ "type": "Feature", "properties": { "sensor": "GASA-03", "time": "2025-08-20T15:06:00+02:00", "count_line": 41, "location": "Oosterdoksbrug", "count_area": 65.0, "countline_length": 8 }, "geometry": { "type": "Polygon", "coordinates": [ [ [ 122579.730216055279016, 487859.025132378330454 ], [ 122578.965293644389021, 487851.069939305016305 ], [ 122559.07731096119096, 487853.823659984220285 ], [ 122561.219093711682945, 487862.237806504068431 ], [ 122579.730216055279016, 487859.025132378330454 ] ] ] } },
{ "type": "Feature", "properties": { "sensor": "GASA-03", "time": "2025-08-20T15:08:00+02:00", "count_line": 38, "location": "Oosterdoksbrug", "count_area": 68.0, "countline_length": 8 }, "geometry": { "type": "Polygon", "coordinates": [ [ [ 122579.730216055279016, 487859.025132378330454 ], [ 122578.965293644389021, 487851.069939305016305 ], [ 122559.07731096119096, 487853.823659984220285 ], [ 122561.219093711682945, 487862.237806504068431 ], [ 122579.730216055279016, 487859.025132378330454 ] ] ] } },
{ "type": "Feature", "properties": { "sensor": "GASA-03", "time": "2025-08-20T15:10:00+02:00", "count_line": 44, "location": "Oosterdoksbrug", "count_area": 67.0, "countline_length": 8 }, "geometry": { "type": "Polygon", "coordinates": [ [ [ 122579.730216055279016, 487859.025132378330454 ], [ 122578.965293644389021, 487851.069939305016305 ], [ 122559.07731096119096, 487853.823659984220285 ], [ 122561.219093711682945, 487862.237806504068431 ], [ 122579.730216055279016, 487859.025132378330454 ] ] ] } },
{ "type": "Feature", "properties": { "sensor": "GASA-03", "time": "2025-08-20T15:12:00+02:00", "count_line": 61, "location": "Oosterdoksbrug", "count_area": 120.0, "countline_length": 8 }, "geometry": { "type": "Polygon", "coordinates": [ [ [ 122579.730216055279016, 487859.025132378330454 ], [ 122578.965293644389021, 487851.069939305016305 ], [ 122559.07731096119096, 487853.823659984220285 ], [ 122561.219093711682945, 487862.237806504068431 ], [ 122579.730216055279016, 487859.025132378330454 ] ] ] } },
{ "type": "Feature", "properties": { "sensor": "GASA-03", "time": "2025-08-20T15:14:00+02:00", "count_line": 52, "location": "Oosterdoksbrug", "count_area": 94.0, "countline_length": 8 }, "geometry": { "type": "Polygon", "coordinates": [ [ [ 122579.730216055279016, 487859.025132378330454 ], [ 122578.965293644389021, 487851.069939305016305 ], [ 122559.07731096119096, 487853.823659984220285 ], [ 122561.219093711682945, 487862.237806504068431 ], [ 122579.730216055279016, 487859.025132378330454 ] ] ] } },
{ "type": "Feature", "properties": { "sensor": "GASA-03", "time": "2025-08-20T15:16:00+02:00", "count_line": 79, "location": "Oosterdoksbrug", "count_area": 129.0, "countline_length": 8 }, "geometry": { "type": "Polygon", "coordinates": [ [ [ 122579.730216055279016, 487859.025132378330454 ], [ 122578.965293644389021, 487851.069939305016305 ], [ 122559.07731096119096, 487853.823659984220285 ], [ 122561.219093711682945, 487862.237806504068431 ], [ 122579.730216055279016, 487859.025132378330454 ] ] ] } },
{ "type": "Feature", "properties": { "sensor": "GASA-03", "time": "2025-08-20T15:18:00+02:00", "count_line": 50, "location": "Oosterdoksbrug", "count_area": 81.0, "countline_length": 8 }, "geometry": { "type": "Polygon", "coordinates": [ [ [ 122579.730216055279016, 487859.025132378330454 ], [ 122578.965293644389021, 487851.069939305016305 ], [ 122559.07731096119096, 487853.823659984220285 ], [ 122561.219093711682945, 487862.237806504068431 ], [ 122579.730216055279016, 487859.025132378330454 ] ] ] } },
{ "type": "Feature", "properties": { "sensor": "GASA-03", "time": "2025-08-20T15:20:00+02:00", "count_line": 37, "location": "Oosterdoksbrug", "count_area": 65.0, "countline_length": 8 }, "geometry": { "type": "Polygon", "coordinates": [ [ [ 122579.730216055279016, 487859.025132378330454 ], [ 122578.965293644389021, 487851.069939305016305 ], [ 122559.07731096119096, 487853.823659984220285 ], [ 122561.219093711682945, 487862.237806504068431 ], [ 122579.730216055279016, 487859.025132378330454 ] ] ] } },
{ "type": "Feature", "properties": { "sensor": "GASA-03", "time": "2025-08-20T15:22:00+02:00", "count_line": 52, "location": "Oosterdoksbrug", "count_area": 85.0, "countline_length": 8 }, "geometry": { "type": "Polygon", "coordinates": [ [ [ 122579.730216055279016, 487859.025132378330454 ], [ 122578.965293644389021, 487851.069939305016305 ], [ 122559.07731096119096, 487853.823659984220285 ], [ 122561.219093711682945, 487862.237806504068431 ], [ 122579.730216055279016, 487859.025132378330454 ] ] ] } },
{ "type": "Feature", "properties": { "sensor": "GASA-03", "time": "2025-08-20T15:24:00+02:00", "count_line": 54, "location": "Oosterdoksbrug", "count_area": 98.0, "countline_length": 8 }, "geometry": { "type": "Polygon", "coordinates": [ [ [ 122579.730216055279016, 487859.025132378330454 ], [ 122578.965293644389021, 487851.069939305016305 ], [ 122559.07731096119096, 487853.823659984220285 ], [ 122561.219093711682945, 487862.237806504068431 ], [ 122579.730216055279016, 487859.025132378330454 ] ] ] } },
{ "type": "Feature", "properties": { "sensor": "GASA-03", "time": "2025-08-20T15:26:00+02:00", "count_line": 70, "location": "Oosterdoksbrug", "count_area": 125.0, "countline_length": 8 }, "geometry": { "type": "Polygon", "coordinates": [ [ [ 122579.730216055279016, 487859.025132378330454 ], [ 122578.965293644389021, 487851.069939305016305 ], [ 122559.07731096119096, 487853.823659984220285 ], [ 122561.219093711682945, 487862.237806504068431 ], [ 122579.730216055279016, 487859.025132378330454 ] ] ] } },
{ "type": "Feature", "properties": { "sensor": "GASA-03", "time": "2025-08-20T15:27:00+02:00", "count_line": 75, "location": "Oosterdoksbrug", "count_area": 131.0, "countline_length": 8 }, "geometry": { "type": "Polygon", "coordinates": [ [ [ 122579.730216055279016, 487859.025132378330454 ], [ 122578.965293644389021, 487851.069939305016305 ], [ 122559.07731096119096, 487853.823659984220285 ], [ 122561.219093711682945, 487862.237806504068431 ], [ 122579.730216055279016, 487859.025132378330454 ] ] ] } },
{ "type": "Feature", "properties": { "sensor": "GASA-03", "time": "2025-08-20T15:28:00+02:00", "count_line": 54, "location": "Oosterdoksbrug", "count_area": 101.0, "countline_length": 8 }, "geometry": { "type": "Polygon", "coordinates": [ [ [ 122579.730216055279016, 487859.025132378330454 ], [ 122578.965293644389021, 487851.069939305016305 ], [ 122559.07731096119096, 487853.823659984220285 ], [ 122561.219093711682945, 487862.237806504068431 ], [ 122579.730216055279016, 487859.025132378330454 ] ] ] } },
{ "type": "Feature", "properties": { "sensor": "GASA-03", "time": "2025-08-20T15:30:00+02:00", "count_line": 68, "location": "Oosterdoksbrug", "count_area": 126.0, "countline_length": 8 }, "geometry": { "type": "Polygon", "coordinates": [ [ [ 122579.730216055279016, 487859.025132378330454 ], [ 122578.965293644389021, 487851.069939305016305 ], [ 122559.07731096119096, 487853.823659984220285 ], [ 122561.219093711682945, 487862.237806504068431 ], [ 122579.730216055279016, 487859.025132378330454 ] ] ] } },
{ "type": "Feature", "properties": { "sensor": "GASA-03", "time": "2025-08-20T15:32:00+02:00", "count_line": 66, "location": "Oosterdoksbrug", "count_area": 117.0, "countline_length": 8 }, "geometry": { "type": "Polygon", "coordinates": [ [ [ 122579.730216055279016, 487859.025132378330454 ], [ 122578.965293644389021, 487851.069939305016305 ], [ 122559.07731096119096, 487853.823659984220285 ], [ 122561.219093711682945, 487862.237806504068431 ], [ 122579.730216055279016, 487859.025132378330454 ] ] ] } },
{ "type": "Feature", "properties": { "sensor": "GASA-03", "time": "2025-08-20T15:34:00+02:00", "count_line": 82, "location": "Oosterdoksbrug", "count_area": 156.0, "countline_length": 8 }, "geometry": { "type": "Polygon", "coordinates": [ [ [ 122579.730216055279016, 487859.025132378330454 ], [ 122578.965293644389021, 487851.069939305016305 ], [ 122559.07731096119096, 487853.823659984220285 ], [ 122561.219093711682945, 487862.237806504068431 ], [ 122579.730216055279016, 487859.025132378330454 ] ] ] } },
{ "type": "Feature", "properties": { "sensor": "GASA-03", "time": "2025-08-20T15:36:00+02:00", "count_line": 74, "location": "Oosterdoksbrug", "count_area": 115.0, "countline_length": 8 }, "geometry": { "type": "Polygon", "coordinates": [ [ [ 122579.730216055279016, 487859.025132378330454 ], [ 122578.965293644389021, 487851.069939305016305 ], [ 122559.07731096119096, 487853.823659984220285 ], [ 122561.219093711682945, 487862.237806504068431 ], [ 122579.730216055279016, 487859.025132378330454 ] ] ] } },
{ "type": "Feature", "properties": { "sensor": "GASA-03", "time": "2025-08-20T15:37:00+02:00", "count_line": 94, "location": "Oosterdoksbrug", "count_area": 185.0, "countline_length": 8 }, "geometry": { "type": "Polygon", "coordinates": [ [ [ 122579.730216055279016, 487859.025132378330454 ], [ 122578.965293644389021, 487851.069939305016305 ], [ 122559.07731096119096, 487853.823659984220285 ], [ 122561.219093711682945, 487862.237806504068431 ], [ 122579.730216055279016, 487859.025132378330454 ] ] ] } },
{ "type": "Feature", "properties": { "sensor": "GASA-03", "time": "2025-08-20T15:38:00+02:00", "count_line": 63, "location": "Oosterdoksbrug", "count_area": 109.0, "countline_length": 8 }, "geometry": { "type": "Polygon", "coordinates": [ [ [ 122579.730216055279016, 487859.025132378330454 ], [ 122578.965293644389021, 487851.069939305016305 ], [ 122559.07731096119096, 487853.823659984220285 ], [ 122561.219093711682945, 487862.237806504068431 ], [ 122579.730216055279016, 487859.025132378330454 ] ] ] } },
{ "type": "Feature", "properties": { "sensor": "GASA-03", "time": "2025-08-20T15:40:00+02:00", "count_line": 66, "location": "Oosterdoksbrug", "count_area": 114.0, "countline_length": 8 }, "geometry": { "type": "Polygon", "coordinates": [ [ [ 122579.730216055279016, 487859.025132378330454 ], [ 122578.965293644389021, 487851.069939305016305 ], [ 122559.07731096119096, 487853.823659984220285 ], [ 122561.219093711682945, 487862.237806504068431 ], [ 122579.730216055279016, 487859.025132378330454 ] ] ] } },
{ "type": "Feature", "properties": { "sensor": "GASA-03", "time": "2025-08-20T15:42:00+02:00", "count_line": 67, "location": "Oosterdoksbrug", "count_area": 129.0, "countline_length": 8 }, "geometry": { "type": "Polygon", "coordinates": [ [ [ 122579.730216055279016, 487859.025132378330454 ], [ 122578.965293644389021, 487851.069939305016305 ], [ 122559.07731096119096, 487853.823659984220285 ], [ 122561.219093711682945, 487862.237806504068431 ], [ 122579.730216055279016, 487859.025132378330454 ] ] ] } },
{ "type": "Feature", "properties": { "sensor": "GASA-03", "time": "2025-08-20T15:44:00+02:00", "count_line": 64, "location": "Oosterdoksbrug", "count_area": 97.0, "countline_length": 8 }, "geometry": { "type": "Polygon", "coordinates": [ [ [ 122579.730216055279016, 487859.025132378330454 ], [ 122578.965293644389021, 487851.069939305016305 ], [ 122559.07731096119096, 487853.823659984220285 ], [ 122561.219093711682945, 487862.237806504068431 ], [ 122579.730216055279016, 487859.025132378330454 ] ] ] } },
{ "type": "Feature", "properties": { "sensor": "GASA-03", "time": "2025-08-20T15:46:00+02:00", "count_line": 59, "location": "Oosterdoksbrug", "count_area": 105.0, "countline_length": 8 }, "geometry": { "type": "Polygon", "coordinates": [ [ [ 122579.730216055279016, 487859.025132378330454 ], [ 122578.965293644389021, 487851.069939305016305 ], [ 122559.07731096119096, 487853.823659984220285 ], [ 122561.219093711682945, 487862.237806504068431 ], [ 122579.730216055279016, 487859.025132378330454 ] ] ] } },
{ "type": "Feature", "properties": { "sensor": "GASA-03", "time": "2025-08-20T15:48:00+02:00", "count_line": 78, "location": "Oosterdoksbrug", "count_area": 129.0, "countline_length": 8 }, "geometry": { "type": "Polygon", "coordinates": [ [ [ 122579.730216055279016, 487859.025132378330454 ], [ 122578.965293644389021, 487851.069939305016305 ], [ 122559.07731096119096, 487853.823659984220285 ], [ 122561.219093711682945, 487862.237806504068431 ], [ 122579.730216055279016, 487859.025132378330454 ] ] ] } },
{ "type": "Feature", "properties": { "sensor": "GASA-03", "time": "2025-08-20T15:50:00+02:00", "count_line": 63, "location": "Oosterdoksbrug", "count_area": 105.0, "countline_length": 8 }, "geometry": { "type": "Polygon", "coordinates": [ [ [ 122579.730216055279016, 487859.025132378330454 ], [ 122578.965293644389021, 487851.069939305016305 ], [ 122559.07731096119096, 487853.823659984220285 ], [ 122561.219093711682945, 487862.237806504068431 ], [ 122579.730216055279016, 487859.025132378330454 ] ] ] } },
{ "type": "Feature", "properties": { "sensor": "GASA-03", "time": "2025-08-20T15:52:00+02:00", "count_line": 114, "location": "Oosterdoksbrug", "count_area": 194.0, "countline_length": 8 }, "geometry": { "type": "Polygon", "coordinates": [ [ [ 122579.730216055279016, 487859.025132378330454 ], [ 122578.965293644389021, 487851.069939305016305 ], [ 122559.07731096119096, 487853.823659984220285 ], [ 122561.219093711682945, 487862.237806504068431 ], [ 122579.730216055279016, 487859.025132378330454 ] ] ] } },
{ "type": "Feature", "properties": { "sensor": "GASA-03", "time": "2025-08-20T15:54:00+02:00", "count_line": 55, "location": "Oosterdoksbrug", "count_area": 102.0, "countline_length": 8 }, "geometry": { "type": "Polygon", "coordinates": [ [ [ 122579.730216055279016, 487859.025132378330454 ], [ 122578.965293644389021, 487851.069939305016305 ], [ 122559.07731096119096, 487853.823659984220285 ], [ 122561.219093711682945, 487862.237806504068431 ], [ 122579.730216055279016, 487859.025132378330454 ] ] ] } },
{ "type": "Feature", "properties": { "sensor": "GASA-03", "time": "2025-08-20T15:56:00+02:00", "count_line": 180, "location": "Oosterdoksbrug", "count_area": 358.0, "countline_length": 8 }, "geometry": { "type": "Polygon", "coordinates": [ [ [ 122579.730216055279016, 487859.025132378330454 ], [ 122578.965293644389021, 487851.069939305016305 ], [ 122559.07731096119096, 487853.823659984220285 ], [ 122561.219093711682945, 487862.237806504068431 ], [ 122579.730216055279016, 487859.025132378330454 ] ] ] } },
{ "type": "Feature", "properties": { "sensor": "GASA-03", "time": "2025-08-20T15:58:00+02:00", "count_line": 104, "location": "Oosterdoksbrug", "count_area": 172.0, "countline_length": 8 }, "geometry": { "type": "Polygon", "coordinates": [ [ [ 122579.730216055279016, 487859.025132378330454 ], [ 122578.965293644389021, 487851.069939305016305 ], [ 122559.07731096119096, 487853.823659984220285 ], [ 122561.219093711682945, 487862.237806504068431 ], [ 122579.730216055279016, 487859.025132378330454 ] ] ] } },
{ "type": "Feature", "properties": { "sensor": "GASA-03", "time": "2025-08-20T15:59:00+02:00", "count_line": 48, "location": "Oosterdoksbrug", "count_area": 76.0, "countline_length": 8 }, "geometry": { "type": "Polygon", "coordinates": [ [ [ 122579.730216055279016, 487859.025132378330454 ], [ 122578.965293644389021, 487851.069939305016305 ], [ 122559.07731096119096, 487853.823659984220285 ], [ 122561.219093711682945, 487862.237806504068431 ], [ 122579.730216055279016, 487859.025132378330454 ] ] ] } },
{ "type": "Feature", "properties": { "sensor": "GASA-03", "time": "2025-08-20T16:00:00+02:00", "count_line": 48, "location": "Oosterdoksbrug", "count_area": 72.0, "countline_length": 8 }, "geometry": { "type": "Polygon", "coordinates": [ [ [ 122579.730216055279016, 487859.025132378330454 ], [ 122578.965293644389021, 487851.069939305016305 ], [ 122559.07731096119096, 487853.823659984220285 ], [ 122561.219093711682945, 487862.237806504068431 ], [ 122579.730216055279016, 487859.025132378330454 ] ] ] } },
{ "type": "Feature", "properties": { "sensor": "GASA-03", "time": "2025-08-20T16:02:00+02:00", "count_line": 73, "location": "Oosterdoksbrug", "count_area": 114.0, "countline_length": 8 }, "geometry": { "type": "Polygon", "coordinates": [ [ [ 122579.730216055279016, 487859.025132378330454 ], [ 122578.965293644389021, 487851.069939305016305 ], [ 122559.07731096119096, 487853.823659984220285 ], [ 122561.219093711682945, 487862.237806504068431 ], [ 122579.730216055279016, 487859.025132378330454 ] ] ] } },
{ "type": "Feature", "properties": { "sensor": "GASA-03", "time": "2025-08-20T16:04:00+02:00", "count_line": 65, "location": "Oosterdoksbrug", "count_area": 114.0, "countline_length": 8 }, "geometry": { "type": "Polygon", "coordinates": [ [ [ 122579.730216055279016, 487859.025132378330454 ], [ 122578.965293644389021, 487851.069939305016305 ], [ 122559.07731096119096, 487853.823659984220285 ], [ 122561.219093711682945, 487862.237806504068431 ], [ 122579.730216055279016, 487859.025132378330454 ] ] ] } },
{ "type": "Feature", "properties": { "sensor": "GASA-03", "time": "2025-08-20T16:06:00+02:00", "count_line": 154, "location": "Oosterdoksbrug", "count_area": 289.0, "countline_length": 8 }, "geometry": { "type": "Polygon", "coordinates": [ [ [ 122579.730216055279016, 487859.025132378330454 ], [ 122578.965293644389021, 487851.069939305016305 ], [ 122559.07731096119096, 487853.823659984220285 ], [ 122561.219093711682945, 487862.237806504068431 ], [ 122579.730216055279016, 487859.025132378330454 ] ] ] } },
{ "type": "Feature", "properties": { "sensor": "GASA-03", "time": "2025-08-20T16:08:00+02:00", "count_line": 132, "location": "Oosterdoksbrug", "count_area": 225.0, "countline_length": 8 }, "geometry": { "type": "Polygon", "coordinates": [ [ [ 122579.730216055279016, 487859.025132378330454 ], [ 122578.965293644389021, 487851.069939305016305 ], [ 122559.07731096119096, 487853.823659984220285 ], [ 122561.219093711682945, 487862.237806504068431 ], [ 122579.730216055279016, 487859.025132378330454 ] ] ] } },
{ "type": "Feature", "properties": { "sensor": "GASA-03", "time": "2025-08-20T16:10:00+02:00", "count_line": 132, "location": "Oosterdoksbrug", "count_area": 200.0, "countline_length": 8 }, "geometry": { "type": "Polygon", "coordinates": [ [ [ 122579.730216055279016, 487859.025132378330454 ], [ 122578.965293644389021, 487851.069939305016305 ], [ 122559.07731096119096, 487853.823659984220285 ], [ 122561.219093711682945, 487862.237806504068431 ], [ 122579.730216055279016, 487859.025132378330454 ] ] ] } },
{ "type": "Feature", "properties": { "sensor": "GASA-03", "time": "2025-08-20T16:12:00+02:00", "count_line": 56, "location": "Oosterdoksbrug", "count_area": 97.0, "countline_length": 8 }, "geometry": { "type": "Polygon", "coordinates": [ [ [ 122579.730216055279016, 487859.025132378330454 ], [ 122578.965293644389021, 487851.069939305016305 ], [ 122559.07731096119096, 487853.823659984220285 ], [ 122561.219093711682945, 487862.237806504068431 ], [ 122579.730216055279016, 487859.025132378330454 ] ] ] } },
{ "type": "Feature", "properties": { "sensor": "GASA-03", "time": "2025-08-20T16:14:00+02:00", "count_line": 61, "location": "Oosterdoksbrug", "count_area": 119.0, "countline_length": 8 }, "geometry": { "type": "Polygon", "coordinates": [ [ [ 122579.730216055279016, 487859.025132378330454 ], [ 122578.965293644389021, 487851.069939305016305 ], [ 122559.07731096119096, 487853.823659984220285 ], [ 122561.219093711682945, 487862.237806504068431 ], [ 122579.730216055279016, 487859.025132378330454 ] ] ] } },
{ "type": "Feature", "properties": { "sensor": "GASA-03", "time": "2025-08-20T16:16:00+02:00", "count_line": 48, "location": "Oosterdoksbrug", "count_area": 87.0, "countline_length": 8 }, "geometry": { "type": "Polygon", "coordinates": [ [ [ 122579.730216055279016, 487859.025132378330454 ], [ 122578.965293644389021, 487851.069939305016305 ], [ 122559.07731096119096, 487853.823659984220285 ], [ 122561.219093711682945, 487862.237806504068431 ], [ 122579.730216055279016, 487859.025132378330454 ] ] ] } },
{ "type": "Feature", "properties": { "sensor": "GASA-03", "time": "2025-08-20T16:18:00+02:00", "count_line": 88, "location": "Oosterdoksbrug", "count_area": 152.0, "countline_length": 8 }, "geometry": { "type": "Polygon", "coordinates": [ [ [ 122579.730216055279016, 487859.025132378330454 ], [ 122578.965293644389021, 487851.069939305016305 ], [ 122559.07731096119096, 487853.823659984220285 ], [ 122561.219093711682945, 487862.237806504068431 ], [ 122579.730216055279016, 487859.025132378330454 ] ] ] } },
{ "type": "Feature", "properties": { "sensor": "GASA-03", "time": "2025-08-20T16:20:00+02:00", "count_line": 73, "location": "Oosterdoksbrug", "count_area": 119.0, "countline_length": 8 }, "geometry": { "type": "Polygon", "coordinates": [ [ [ 122579.730216055279016, 487859.025132378330454 ], [ 122578.965293644389021, 487851.069939305016305 ], [ 122559.07731096119096, 487853.823659984220285 ], [ 122561.219093711682945, 487862.237806504068431 ], [ 122579.730216055279016, 487859.025132378330454 ] ] ] } },
{ "type": "Feature", "properties": { "sensor": "GASA-03", "time": "2025-08-20T16:21:00+02:00", "count_line": 88, "location": "Oosterdoksbrug", "count_area": 157.0, "countline_length": 8 }, "geometry": { "type": "Polygon", "coordinates": [ [ [ 122579.730216055279016, 487859.025132378330454 ], [ 122578.965293644389021, 487851.069939305016305 ], [ 122559.07731096119096, 487853.823659984220285 ], [ 122561.219093711682945, 487862.237806504068431 ], [ 122579.730216055279016, 487859.025132378330454 ] ] ] } },
{ "type": "Feature", "properties": { "sensor": "GASA-03", "time": "2025-08-20T16:22:00+02:00", "count_line": 49, "location": "Oosterdoksbrug", "count_area": 90.0, "countline_length": 8 }, "geometry": { "type": "Polygon", "coordinates": [ [ [ 122579.730216055279016, 487859.025132378330454 ], [ 122578.965293644389021, 487851.069939305016305 ], [ 122559.07731096119096, 487853.823659984220285 ], [ 122561.219093711682945, 487862.237806504068431 ], [ 122579.730216055279016, 487859.025132378330454 ] ] ] } },
{ "type": "Feature", "properties": { "sensor": "GASA-03", "time": "2025-08-20T16:24:00+02:00", "count_line": 216, "location": "Oosterdoksbrug", "count_area": 388.0, "countline_length": 8 }, "geometry": { "type": "Polygon", "coordinates": [ [ [ 122579.730216055279016, 487859.025132378330454 ], [ 122578.965293644389021, 487851.069939305016305 ], [ 122559.07731096119096, 487853.823659984220285 ], [ 122561.219093711682945, 487862.237806504068431 ], [ 122579.730216055279016, 487859.025132378330454 ] ] ] } },
{ "type": "Feature", "properties": { "sensor": "GASA-03", "time": "2025-08-20T16:26:00+02:00", "count_line": 124, "location": "Oosterdoksbrug", "count_area": 194.0, "countline_length": 8 }, "geometry": { "type": "Polygon", "coordinates": [ [ [ 122579.730216055279016, 487859.025132378330454 ], [ 122578.965293644389021, 487851.069939305016305 ], [ 122559.07731096119096, 487853.823659984220285 ], [ 122561.219093711682945, 487862.237806504068431 ], [ 122579.730216055279016, 487859.025132378330454 ] ] ] } },
{ "type": "Feature", "properties": { "sensor": "GASA-03", "time": "2025-08-20T16:28:00+02:00", "count_line": 116, "location": "Oosterdoksbrug", "count_area": 202.0, "countline_length": 8 }, "geometry": { "type": "Polygon", "coordinates": [ [ [ 122579.730216055279016, 487859.025132378330454 ], [ 122578.965293644389021, 487851.069939305016305 ], [ 122559.07731096119096, 487853.823659984220285 ], [ 122561.219093711682945, 487862.237806504068431 ], [ 122579.730216055279016, 487859.025132378330454 ] ] ] } },
{ "type": "Feature", "properties": { "sensor": "GASA-04", "time": "2025-08-20T08:10:00+02:00", "count_line": 1, "location": "CSriOosterdokskade", "count_area": 1.0, "countline_length": 7 }, "geometry": { "type": "Polygon", "coordinates": [ [ [ 122048.376863329031039, 487807.469361883937381 ], [ 122071.01856669143308, 487793.318297282443382 ], [ 122066.505524467182113, 487786.586980066611432 ], [ 122043.86382110476552, 487800.049614498275332 ], [ 122048.376863329031039, 487807.469361883937381 ] ] ] } },
{ "type": "Feature", "properties": { "sensor": "GASA-04", "time": "2025-08-20T08:11:00+02:00", "count_line": 18, "location": "CSriOosterdokskade", "count_area": 29.0, "countline_length": 7 }, "geometry": { "type": "Polygon", "coordinates": [ [ [ 122048.376863329031039, 487807.469361883937381 ], [ 122071.01856669143308, 487793.318297282443382 ], [ 122066.505524467182113, 487786.586980066611432 ], [ 122043.86382110476552, 487800.049614498275332 ], [ 122048.376863329031039, 487807.469361883937381 ] ] ] } },
{ "type": "Feature", "properties": { "sensor": "GASA-04", "time": "2025-08-20T08:12:00+02:00", "count_line": 27, "location": "CSriOosterdokskade", "count_area": 40.0, "countline_length": 7 }, "geometry": { "type": "Polygon", "coordinates": [ [ [ 122048.376863329031039, 487807.469361883937381 ], [ 122071.01856669143308, 487793.318297282443382 ], [ 122066.505524467182113, 487786.586980066611432 ], [ 122043.86382110476552, 487800.049614498275332 ], [ 122048.376863329031039, 487807.469361883937381 ] ] ] } },
{ "type": "Feature", "properties": { "sensor": "GASA-04", "time": "2025-08-20T08:13:00+02:00", "count_line": 33, "location": "CSriOosterdokskade", "count_area": 55.0, "countline_length": 7 }, "geometry": { "type": "Polygon", "coordinates": [ [ [ 122048.376863329031039, 487807.469361883937381 ], [ 122071.01856669143308, 487793.318297282443382 ], [ 122066.505524467182113, 487786.586980066611432 ], [ 122043.86382110476552, 487800.049614498275332 ], [ 122048.376863329031039, 487807.469361883937381 ] ] ] } },
{ "type": "Feature", "properties": { "sensor": "GASA-04", "time": "2025-08-20T08:14:00+02:00", "count_line": 12, "location": "CSriOosterdokskade", "count_area": 20.0, "countline_length": 7 }, "geometry": { "type": "Polygon", "coordinates": [ [ [ 122048.376863329031039, 487807.469361883937381 ], [ 122071.01856669143308, 487793.318297282443382 ], [ 122066.505524467182113, 487786.586980066611432 ], [ 122043.86382110476552, 487800.049614498275332 ], [ 122048.376863329031039, 487807.469361883937381 ] ] ] } },
{ "type": "Feature", "properties": { "sensor": "GASA-04", "time": "2025-08-20T08:15:00+02:00", "count_line": 17, "location": "CSriOosterdokskade", "count_area": 29.0, "countline_length": 7 }, "geometry": { "type": "Polygon", "coordinates": [ [ [ 122048.376863329031039, 487807.469361883937381 ], [ 122071.01856669143308, 487793.318297282443382 ], [ 122066.505524467182113, 487786.586980066611432 ], [ 122043.86382110476552, 487800.049614498275332 ], [ 122048.376863329031039, 487807.469361883937381 ] ] ] } },
{ "type": "Feature", "properties": { "sensor": "GASA-04", "time": "2025-08-20T08:16:00+02:00", "count_line": 17, "location": "CSriOosterdokskade", "count_area": 32.0, "countline_length": 7 }, "geometry": { "type": "Polygon", "coordinates": [ [ [ 122048.376863329031039, 487807.469361883937381 ], [ 122071.01856669143308, 487793.318297282443382 ], [ 122066.505524467182113, 487786.586980066611432 ], [ 122043.86382110476552, 487800.049614498275332 ], [ 122048.376863329031039, 487807.469361883937381 ] ] ] } },
{ "type": "Feature", "properties": { "sensor": "GASA-04", "time": "2025-08-20T08:17:00+02:00", "count_line": 10, "location": "CSriOosterdokskade", "count_area": 15.0, "countline_length": 7 }, "geometry": { "type": "Polygon", "coordinates": [ [ [ 122048.376863329031039, 487807.469361883937381 ], [ 122071.01856669143308, 487793.318297282443382 ], [ 122066.505524467182113, 487786.586980066611432 ], [ 122043.86382110476552, 487800.049614498275332 ], [ 122048.376863329031039, 487807.469361883937381 ] ] ] } },
{ "type": "Feature", "properties": { "sensor": "GASA-04", "time": "2025-08-20T08:18:00+02:00", "count_line": 13, "location": "CSriOosterdokskade", "count_area": 25.0, "countline_length": 7 }, "geometry": { "type": "Polygon", "coordinates": [ [ [ 122048.376863329031039, 487807.469361883937381 ], [ 122071.01856669143308, 487793.318297282443382 ], [ 122066.505524467182113, 487786.586980066611432 ], [ 122043.86382110476552, 487800.049614498275332 ], [ 122048.376863329031039, 487807.469361883937381 ] ] ] } },
{ "type": "Feature", "properties": { "sensor": "GASA-04", "time": "2025-08-20T08:19:00+02:00", "count_line": 7, "location": "CSriOosterdokskade", "count_area": 12.0, "countline_length": 7 }, "geometry": { "type": "Polygon", "coordinates": [ [ [ 122048.376863329031039, 487807.469361883937381 ], [ 122071.01856669143308, 487793.318297282443382 ], [ 122066.505524467182113, 487786.586980066611432 ], [ 122043.86382110476552, 487800.049614498275332 ], [ 122048.376863329031039, 487807.469361883937381 ] ] ] } },
{ "type": "Feature", "properties": { "sensor": "GASA-04", "time": "2025-08-20T08:20:00+02:00", "count_line": 9, "location": "CSriOosterdokskade", "count_area": 17.0, "countline_length": 7 }, "geometry": { "type": "Polygon", "coordinates": [ [ [ 122048.376863329031039, 487807.469361883937381 ], [ 122071.01856669143308, 487793.318297282443382 ], [ 122066.505524467182113, 487786.586980066611432 ], [ 122043.86382110476552, 487800.049614498275332 ], [ 122048.376863329031039, 487807.469361883937381 ] ] ] } },
{ "type": "Feature", "properties": { "sensor": "GASA-04", "time": "2025-08-20T08:21:00+02:00", "count_line": 8, "location": "CSriOosterdokskade", "count_area": 12.0, "countline_length": 7 }, "geometry": { "type": "Polygon", "coordinates": [ [ [ 122048.376863329031039, 487807.469361883937381 ], [ 122071.01856669143308, 487793.318297282443382 ], [ 122066.505524467182113, 487786.586980066611432 ], [ 122043.86382110476552, 487800.049614498275332 ], [ 122048.376863329031039, 487807.469361883937381 ] ] ] } },
{ "type": "Feature", "properties": { "sensor": "GASA-04", "time": "2025-08-20T08:22:00+02:00", "count_line": 20, "location": "CSriOosterdokskade", "count_area": 37.0, "countline_length": 7 }, "geometry": { "type": "Polygon", "coordinates": [ [ [ 122048.376863329031039, 487807.469361883937381 ], [ 122071.01856669143308, 487793.318297282443382 ], [ 122066.505524467182113, 487786.586980066611432 ], [ 122043.86382110476552, 487800.049614498275332 ], [ 122048.376863329031039, 487807.469361883937381 ] ] ] } },
{ "type": "Feature", "properties": { "sensor": "GASA-04", "time": "2025-08-20T08:23:00+02:00", "count_line": 9, "location": "CSriOosterdokskade", "count_area": 14.0, "countline_length": 7 }, "geometry": { "type": "Polygon", "coordinates": [ [ [ 122048.376863329031039, 487807.469361883937381 ], [ 122071.01856669143308, 487793.318297282443382 ], [ 122066.505524467182113, 487786.586980066611432 ], [ 122043.86382110476552, 487800.049614498275332 ], [ 122048.376863329031039, 487807.469361883937381 ] ] ] } },
{ "type": "Feature", "properties": { "sensor": "GASA-04", "time": "2025-08-20T08:24:00+02:00", "count_line": 8, "location": "CSriOosterdokskade", "count_area": 13.0, "countline_length": 7 }, "geometry": { "type": "Polygon", "coordinates": [ [ [ 122048.376863329031039, 487807.469361883937381 ], [ 122071.01856669143308, 487793.318297282443382 ], [ 122066.505524467182113, 487786.586980066611432 ], [ 122043.86382110476552, 487800.049614498275332 ], [ 122048.376863329031039, 487807.469361883937381 ] ] ] } },
{ "type": "Feature", "properties": { "sensor": "GASA-04", "time": "2025-08-20T08:25:00+02:00", "count_line": 13, "location": "CSriOosterdokskade", "count_area": 21.0, "countline_length": 7 }, "geometry": { "type": "Polygon", "coordinates": [ [ [ 122048.376863329031039, 487807.469361883937381 ], [ 122071.01856669143308, 487793.318297282443382 ], [ 122066.505524467182113, 487786.586980066611432 ], [ 122043.86382110476552, 487800.049614498275332 ], [ 122048.376863329031039, 487807.469361883937381 ] ] ] } },
{ "type": "Feature", "properties": { "sensor": "GASA-04", "time": "2025-08-20T08:26:00+02:00", "count_line": 16, "location": "CSriOosterdokskade", "count_area": 31.0, "countline_length": 7 }, "geometry": { "type": "Polygon", "coordinates": [ [ [ 122048.376863329031039, 487807.469361883937381 ], [ 122071.01856669143308, 487793.318297282443382 ], [ 122066.505524467182113, 487786.586980066611432 ], [ 122043.86382110476552, 487800.049614498275332 ], [ 122048.376863329031039, 487807.469361883937381 ] ] ] } },
{ "type": "Feature", "properties": { "sensor": "GASA-04", "time": "2025-08-20T08:27:00+02:00", "count_line": 19, "location": "CSriOosterdokskade", "count_area": 33.0, "countline_length": 7 }, "geometry": { "type": "Polygon", "coordinates": [ [ [ 122048.376863329031039, 487807.469361883937381 ], [ 122071.01856669143308, 487793.318297282443382 ], [ 122066.505524467182113, 487786.586980066611432 ], [ 122043.86382110476552, 487800.049614498275332 ], [ 122048.376863329031039, 487807.469361883937381 ] ] ] } },
{ "type": "Feature", "properties": { "sensor": "GASA-04", "time": "2025-08-20T08:28:00+02:00", "count_line": 24, "location": "CSriOosterdokskade", "count_area": 46.0, "countline_length": 7 }, "geometry": { "type": "Polygon", "coordinates": [ [ [ 122048.376863329031039, 487807.469361883937381 ], [ 122071.01856669143308, 487793.318297282443382 ], [ 122066.505524467182113, 487786.586980066611432 ], [ 122043.86382110476552, 487800.049614498275332 ], [ 122048.376863329031039, 487807.469361883937381 ] ] ] } },
{ "type": "Feature", "properties": { "sensor": "GASA-04", "time": "2025-08-20T08:29:00+02:00", "count_line": 34, "location": "CSriOosterdokskade", "count_area": 60.0, "countline_length": 7 }, "geometry": { "type": "Polygon", "coordinates": [ [ [ 122048.376863329031039, 487807.469361883937381 ], [ 122071.01856669143308, 487793.318297282443382 ], [ 122066.505524467182113, 487786.586980066611432 ], [ 122043.86382110476552, 487800.049614498275332 ], [ 122048.376863329031039, 487807.469361883937381 ] ] ] } },
{ "type": "Feature", "properties": { "sensor": "GASA-04", "time": "2025-08-20T08:30:00+02:00", "count_line": 29, "location": "CSriOosterdokskade", "count_area": 45.0, "countline_length": 7 }, "geometry": { "type": "Polygon", "coordinates": [ [ [ 122048.376863329031039, 487807.469361883937381 ], [ 122071.01856669143308, 487793.318297282443382 ], [ 122066.505524467182113, 487786.586980066611432 ], [ 122043.86382110476552, 487800.049614498275332 ], [ 122048.376863329031039, 487807.469361883937381 ] ] ] } },
{ "type": "Feature", "properties": { "sensor": "GASA-04", "time": "2025-08-20T08:31:00+02:00", "count_line": 20, "location": "CSriOosterdokskade", "count_area": 35.0, "countline_length": 7 }, "geometry": { "type": "Polygon", "coordinates": [ [ [ 122048.376863329031039, 487807.469361883937381 ], [ 122071.01856669143308, 487793.318297282443382 ], [ 122066.505524467182113, 487786.586980066611432 ], [ 122043.86382110476552, 487800.049614498275332 ], [ 122048.376863329031039, 487807.469361883937381 ] ] ] } },
{ "type": "Feature", "properties": { "sensor": "GASA-04", "time": "2025-08-20T08:32:00+02:00", "count_line": 20, "location": "CSriOosterdokskade", "count_area": 34.0, "countline_length": 7 }, "geometry": { "type": "Polygon", "coordinates": [ [ [ 122048.376863329031039, 487807.469361883937381 ], [ 122071.01856669143308, 487793.318297282443382 ], [ 122066.505524467182113, 487786.586980066611432 ], [ 122043.86382110476552, 487800.049614498275332 ], [ 122048.376863329031039, 487807.469361883937381 ] ] ] } },
{ "type": "Feature", "properties": { "sensor": "GASA-04", "time": "2025-08-20T08:34:00+02:00", "count_line": 26, "location": "CSriOosterdokskade", "count_area": 45.0, "countline_length": 7 }, "geometry": { "type": "Polygon", "coordinates": [ [ [ 122048.376863329031039, 487807.469361883937381 ], [ 122071.01856669143308, 487793.318297282443382 ], [ 122066.505524467182113, 487786.586980066611432 ], [ 122043.86382110476552, 487800.049614498275332 ], [ 122048.376863329031039, 487807.469361883937381 ] ] ] } },
{ "type": "Feature", "properties": { "sensor": "GASA-04", "time": "2025-08-20T08:35:00+02:00", "count_line": 10, "location": "CSriOosterdokskade", "count_area": 15.0, "countline_length": 7 }, "geometry": { "type": "Polygon", "coordinates": [ [ [ 122048.376863329031039, 487807.469361883937381 ], [ 122071.01856669143308, 487793.318297282443382 ], [ 122066.505524467182113, 487786.586980066611432 ], [ 122043.86382110476552, 487800.049614498275332 ], [ 122048.376863329031039, 487807.469361883937381 ] ] ] } },
{ "type": "Feature", "properties": { "sensor": "GASA-04", "time": "2025-08-20T08:36:00+02:00", "count_line": 11, "location": "CSriOosterdokskade", "count_area": 21.0, "countline_length": 7 }, "geometry": { "type": "Polygon", "coordinates": [ [ [ 122048.376863329031039, 487807.469361883937381 ], [ 122071.01856669143308, 487793.318297282443382 ], [ 122066.505524467182113, 487786.586980066611432 ], [ 122043.86382110476552, 487800.049614498275332 ], [ 122048.376863329031039, 487807.469361883937381 ] ] ] } },
{ "type": "Feature", "properties": { "sensor": "GASA-04", "time": "2025-08-20T08:37:00+02:00", "count_line": 26, "location": "CSriOosterdokskade", "count_area": 47.0, "countline_length": 7 }, "geometry": { "type": "Polygon", "coordinates": [ [ [ 122048.376863329031039, 487807.469361883937381 ], [ 122071.01856669143308, 487793.318297282443382 ], [ 122066.505524467182113, 487786.586980066611432 ], [ 122043.86382110476552, 487800.049614498275332 ], [ 122048.376863329031039, 487807.469361883937381 ] ] ] } },
{ "type": "Feature", "properties": { "sensor": "GASA-04", "time": "2025-08-20T08:38:00+02:00", "count_line": 15, "location": "CSriOosterdokskade", "count_area": 23.0, "countline_length": 7 }, "geometry": { "type": "Polygon", "coordinates": [ [ [ 122048.376863329031039, 487807.469361883937381 ], [ 122071.01856669143308, 487793.318297282443382 ], [ 122066.505524467182113, 487786.586980066611432 ], [ 122043.86382110476552, 487800.049614498275332 ], [ 122048.376863329031039, 487807.469361883937381 ] ] ] } },
{ "type": "Feature", "properties": { "sensor": "GASA-04", "time": "2025-08-20T08:39:00+02:00", "count_line": 12, "location": "CSriOosterdokskade", "count_area": 20.0, "countline_length": 7 }, "geometry": { "type": "Polygon", "coordinates": [ [ [ 122048.376863329031039, 487807.469361883937381 ], [ 122071.01856669143308, 487793.318297282443382 ], [ 122066.505524467182113, 487786.586980066611432 ], [ 122043.86382110476552, 487800.049614498275332 ], [ 122048.376863329031039, 487807.469361883937381 ] ] ] } },
{ "type": "Feature", "properties": { "sensor": "GASA-04", "time": "2025-08-20T08:40:00+02:00", "count_line": 18, "location": "CSriOosterdokskade", "count_area": 33.0, "countline_length": 7 }, "geometry": { "type": "Polygon", "coordinates": [ [ [ 122048.376863329031039, 487807.469361883937381 ], [ 122071.01856669143308, 487793.318297282443382 ], [ 122066.505524467182113, 487786.586980066611432 ], [ 122043.86382110476552, 487800.049614498275332 ], [ 122048.376863329031039, 487807.469361883937381 ] ] ] } },
{ "type": "Feature", "properties": { "sensor": "GASA-04", "time": "2025-08-20T08:41:00+02:00", "count_line": 18, "location": "CSriOosterdokskade", "count_area": 27.0, "countline_length": 7 }, "geometry": { "type": "Polygon", "coordinates": [ [ [ 122048.376863329031039, 487807.469361883937381 ], [ 122071.01856669143308, 487793.318297282443382 ], [ 122066.505524467182113, 487786.586980066611432 ], [ 122043.86382110476552, 487800.049614498275332 ], [ 122048.376863329031039, 487807.469361883937381 ] ] ] } },
{ "type": "Feature", "properties": { "sensor": "GASA-04", "time": "2025-08-20T08:42:00+02:00", "count_line": 46, "location": "CSriOosterdokskade", "count_area": 76.0, "countline_length": 7 }, "geometry": { "type": "Polygon", "coordinates": [ [ [ 122048.376863329031039, 487807.469361883937381 ], [ 122071.01856669143308, 487793.318297282443382 ], [ 122066.505524467182113, 487786.586980066611432 ], [ 122043.86382110476552, 487800.049614498275332 ], [ 122048.376863329031039, 487807.469361883937381 ] ] ] } },
{ "type": "Feature", "properties": { "sensor": "GASA-04", "time": "2025-08-20T08:44:00+02:00", "count_line": 50, "location": "CSriOosterdokskade", "count_area": 86.0, "countline_length": 7 }, "geometry": { "type": "Polygon", "coordinates": [ [ [ 122048.376863329031039, 487807.469361883937381 ], [ 122071.01856669143308, 487793.318297282443382 ], [ 122066.505524467182113, 487786.586980066611432 ], [ 122043.86382110476552, 487800.049614498275332 ], [ 122048.376863329031039, 487807.469361883937381 ] ] ] } },
{ "type": "Feature", "properties": { "sensor": "GASA-04", "time": "2025-08-20T08:45:00+02:00", "count_line": 36, "location": "CSriOosterdokskade", "count_area": 62.0, "countline_length": 7 }, "geometry": { "type": "Polygon", "coordinates": [ [ [ 122048.376863329031039, 487807.469361883937381 ], [ 122071.01856669143308, 487793.318297282443382 ], [ 122066.505524467182113, 487786.586980066611432 ], [ 122043.86382110476552, 487800.049614498275332 ], [ 122048.376863329031039, 487807.469361883937381 ] ] ] } },
{ "type": "Feature", "properties": { "sensor": "GASA-04", "time": "2025-08-20T08:46:00+02:00", "count_line": 28, "location": "CSriOosterdokskade", "count_area": 55.0, "countline_length": 7 }, "geometry": { "type": "Polygon", "coordinates": [ [ [ 122048.376863329031039, 487807.469361883937381 ], [ 122071.01856669143308, 487793.318297282443382 ], [ 122066.505524467182113, 487786.586980066611432 ], [ 122043.86382110476552, 487800.049614498275332 ], [ 122048.376863329031039, 487807.469361883937381 ] ] ] } },
{ "type": "Feature", "properties": { "sensor": "GASA-04", "time": "2025-08-20T08:47:00+02:00", "count_line": 21, "location": "CSriOosterdokskade", "count_area": 34.0, "countline_length": 7 }, "geometry": { "type": "Polygon", "coordinates": [ [ [ 122048.376863329031039, 487807.469361883937381 ], [ 122071.01856669143308, 487793.318297282443382 ], [ 122066.505524467182113, 487786.586980066611432 ], [ 122043.86382110476552, 487800.049614498275332 ], [ 122048.376863329031039, 487807.469361883937381 ] ] ] } },
{ "type": "Feature", "properties": { "sensor": "GASA-04", "time": "2025-08-20T08:48:00+02:00", "count_line": 28, "location": "CSriOosterdokskade", "count_area": 44.0, "countline_length": 7 }, "geometry": { "type": "Polygon", "coordinates": [ [ [ 122048.376863329031039, 487807.469361883937381 ], [ 122071.01856669143308, 487793.318297282443382 ], [ 122066.505524467182113, 487786.586980066611432 ], [ 122043.86382110476552, 487800.049614498275332 ], [ 122048.376863329031039, 487807.469361883937381 ] ] ] } },
{ "type": "Feature", "properties": { "sensor": "GASA-04", "time": "2025-08-20T08:49:00+02:00", "count_line": 35, "location": "CSriOosterdokskade", "count_area": 67.0, "countline_length": 7 }, "geometry": { "type": "Polygon", "coordinates": [ [ [ 122048.376863329031039, 487807.469361883937381 ], [ 122071.01856669143308, 487793.318297282443382 ], [ 122066.505524467182113, 487786.586980066611432 ], [ 122043.86382110476552, 487800.049614498275332 ], [ 122048.376863329031039, 487807.469361883937381 ] ] ] } },
{ "type": "Feature", "properties": { "sensor": "GASA-04", "time": "2025-08-20T08:50:00+02:00", "count_line": 32, "location": "CSriOosterdokskade", "count_area": 52.0, "countline_length": 7 }, "geometry": { "type": "Polygon", "coordinates": [ [ [ 122048.376863329031039, 487807.469361883937381 ], [ 122071.01856669143308, 487793.318297282443382 ], [ 122066.505524467182113, 487786.586980066611432 ], [ 122043.86382110476552, 487800.049614498275332 ], [ 122048.376863329031039, 487807.469361883937381 ] ] ] } },
{ "type": "Feature", "properties": { "sensor": "GASA-04", "time": "2025-08-20T08:51:00+02:00", "count_line": 17, "location": "CSriOosterdokskade", "count_area": 26.0, "countline_length": 7 }, "geometry": { "type": "Polygon", "coordinates": [ [ [ 122048.376863329031039, 487807.469361883937381 ], [ 122071.01856669143308, 487793.318297282443382 ], [ 122066.505524467182113, 487786.586980066611432 ], [ 122043.86382110476552, 487800.049614498275332 ], [ 122048.376863329031039, 487807.469361883937381 ] ] ] } },
{ "type": "Feature", "properties": { "sensor": "GASA-04", "time": "2025-08-20T08:52:00+02:00", "count_line": 20, "location": "CSriOosterdokskade", "count_area": 38.0, "countline_length": 7 }, "geometry": { "type": "Polygon", "coordinates": [ [ [ 122048.376863329031039, 487807.469361883937381 ], [ 122071.01856669143308, 487793.318297282443382 ], [ 122066.505524467182113, 487786.586980066611432 ], [ 122043.86382110476552, 487800.049614498275332 ], [ 122048.376863329031039, 487807.469361883937381 ] ] ] } },
{ "type": "Feature", "properties": { "sensor": "GASA-04", "time": "2025-08-20T08:54:00+02:00", "count_line": 78, "location": "CSriOosterdokskade", "count_area": 142.0, "countline_length": 7 }, "geometry": { "type": "Polygon", "coordinates": [ [ [ 122048.376863329031039, 487807.469361883937381 ], [ 122071.01856669143308, 487793.318297282443382 ], [ 122066.505524467182113, 487786.586980066611432 ], [ 122043.86382110476552, 487800.049614498275332 ], [ 122048.376863329031039, 487807.469361883937381 ] ] ] } },
{ "type": "Feature", "properties": { "sensor": "GASA-04", "time": "2025-08-20T08:55:00+02:00", "count_line": 18, "location": "CSriOosterdokskade", "count_area": 34.0, "countline_length": 7 }, "geometry": { "type": "Polygon", "coordinates": [ [ [ 122048.376863329031039, 487807.469361883937381 ], [ 122071.01856669143308, 487793.318297282443382 ], [ 122066.505524467182113, 487786.586980066611432 ], [ 122043.86382110476552, 487800.049614498275332 ], [ 122048.376863329031039, 487807.469361883937381 ] ] ] } },
{ "type": "Feature", "properties": { "sensor": "GASA-04", "time": "2025-08-20T08:56:00+02:00", "count_line": 18, "location": "CSriOosterdokskade", "count_area": 31.0, "countline_length": 7 }, "geometry": { "type": "Polygon", "coordinates": [ [ [ 122048.376863329031039, 487807.469361883937381 ], [ 122071.01856669143308, 487793.318297282443382 ], [ 122066.505524467182113, 487786.586980066611432 ], [ 122043.86382110476552, 487800.049614498275332 ], [ 122048.376863329031039, 487807.469361883937381 ] ] ] } },
{ "type": "Feature", "properties": { "sensor": "GASA-04", "time": "2025-08-20T08:57:00+02:00", "count_line": 30, "location": "CSriOosterdokskade", "count_area": 48.0, "countline_length": 7 }, "geometry": { "type": "Polygon", "coordinates": [ [ [ 122048.376863329031039, 487807.469361883937381 ], [ 122071.01856669143308, 487793.318297282443382 ], [ 122066.505524467182113, 487786.586980066611432 ], [ 122043.86382110476552, 487800.049614498275332 ], [ 122048.376863329031039, 487807.469361883937381 ] ] ] } },
{ "type": "Feature", "properties": { "sensor": "GASA-04", "time": "2025-08-20T08:58:00+02:00", "count_line": 15, "location": "CSriOosterdokskade", "count_area": 25.0, "countline_length": 7 }, "geometry": { "type": "Polygon", "coordinates": [ [ [ 122048.376863329031039, 487807.469361883937381 ], [ 122071.01856669143308, 487793.318297282443382 ], [ 122066.505524467182113, 487786.586980066611432 ], [ 122043.86382110476552, 487800.049614498275332 ], [ 122048.376863329031039, 487807.469361883937381 ] ] ] } },
{ "type": "Feature", "properties": { "sensor": "GASA-04", "time": "2025-08-20T08:59:00+02:00", "count_line": 30, "location": "CSriOosterdokskade", "count_area": 45.0, "countline_length": 7 }, "geometry": { "type": "Polygon", "coordinates": [ [ [ 122048.376863329031039, 487807.469361883937381 ], [ 122071.01856669143308, 487793.318297282443382 ], [ 122066.505524467182113, 487786.586980066611432 ], [ 122043.86382110476552, 487800.049614498275332 ], [ 122048.376863329031039, 487807.469361883937381 ] ] ] } },
{ "type": "Feature", "properties": { "sensor": "GASA-04", "time": "2025-08-20T09:00:00+02:00", "count_line": 14, "location": "CSriOosterdokskade", "count_area": 25.0, "countline_length": 7 }, "geometry": { "type": "Polygon", "coordinates": [ [ [ 122048.376863329031039, 487807.469361883937381 ], [ 122071.01856669143308, 487793.318297282443382 ], [ 122066.505524467182113, 487786.586980066611432 ], [ 122043.86382110476552, 487800.049614498275332 ], [ 122048.376863329031039, 487807.469361883937381 ] ] ] } },
{ "type": "Feature", "properties": { "sensor": "GASA-04", "time": "2025-08-20T09:01:00+02:00", "count_line": 31, "location": "CSriOosterdokskade", "count_area": 48.0, "countline_length": 7 }, "geometry": { "type": "Polygon", "coordinates": [ [ [ 122048.376863329031039, 487807.469361883937381 ], [ 122071.01856669143308, 487793.318297282443382 ], [ 122066.505524467182113, 487786.586980066611432 ], [ 122043.86382110476552, 487800.049614498275332 ], [ 122048.376863329031039, 487807.469361883937381 ] ] ] } },
{ "type": "Feature", "properties": { "sensor": "GASA-04", "time": "2025-08-20T09:02:00+02:00", "count_line": 28, "location": "CSriOosterdokskade", "count_area": 52.0, "countline_length": 7 }, "geometry": { "type": "Polygon", "coordinates": [ [ [ 122048.376863329031039, 487807.469361883937381 ], [ 122071.01856669143308, 487793.318297282443382 ], [ 122066.505524467182113, 487786.586980066611432 ], [ 122043.86382110476552, 487800.049614498275332 ], [ 122048.376863329031039, 487807.469361883937381 ] ] ] } },
{ "type": "Feature", "properties": { "sensor": "GASA-04", "time": "2025-08-20T09:04:00+02:00", "count_line": 58, "location": "CSriOosterdokskade", "count_area": 94.0, "countline_length": 7 }, "geometry": { "type": "Polygon", "coordinates": [ [ [ 122048.376863329031039, 487807.469361883937381 ], [ 122071.01856669143308, 487793.318297282443382 ], [ 122066.505524467182113, 487786.586980066611432 ], [ 122043.86382110476552, 487800.049614498275332 ], [ 122048.376863329031039, 487807.469361883937381 ] ] ] } },
{ "type": "Feature", "properties": { "sensor": "GASA-04", "time": "2025-08-20T09:05:00+02:00", "count_line": 37, "location": "CSriOosterdokskade", "count_area": 61.0, "countline_length": 7 }, "geometry": { "type": "Polygon", "coordinates": [ [ [ 122048.376863329031039, 487807.469361883937381 ], [ 122071.01856669143308, 487793.318297282443382 ], [ 122066.505524467182113, 487786.586980066611432 ], [ 122043.86382110476552, 487800.049614498275332 ], [ 122048.376863329031039, 487807.469361883937381 ] ] ] } },
{ "type": "Feature", "properties": { "sensor": "GASA-04", "time": "2025-08-20T09:06:00+02:00", "count_line": 26, "location": "CSriOosterdokskade", "count_area": 45.0, "countline_length": 7 }, "geometry": { "type": "Polygon", "coordinates": [ [ [ 122048.376863329031039, 487807.469361883937381 ], [ 122071.01856669143308, 487793.318297282443382 ], [ 122066.505524467182113, 487786.586980066611432 ], [ 122043.86382110476552, 487800.049614498275332 ], [ 122048.376863329031039, 487807.469361883937381 ] ] ] } },
{ "type": "Feature", "properties": { "sensor": "GASA-04", "time": "2025-08-20T09:07:00+02:00", "count_line": 21, "location": "CSriOosterdokskade", "count_area": 36.0, "countline_length": 7 }, "geometry": { "type": "Polygon", "coordinates": [ [ [ 122048.376863329031039, 487807.469361883937381 ], [ 122071.01856669143308, 487793.318297282443382 ], [ 122066.505524467182113, 487786.586980066611432 ], [ 122043.86382110476552, 487800.049614498275332 ], [ 122048.376863329031039, 487807.469361883937381 ] ] ] } },
{ "type": "Feature", "properties": { "sensor": "GASA-04", "time": "2025-08-20T09:08:00+02:00", "count_line": 29, "location": "CSriOosterdokskade", "count_area": 48.0, "countline_length": 7 }, "geometry": { "type": "Polygon", "coordinates": [ [ [ 122048.376863329031039, 487807.469361883937381 ], [ 122071.01856669143308, 487793.318297282443382 ], [ 122066.505524467182113, 487786.586980066611432 ], [ 122043.86382110476552, 487800.049614498275332 ], [ 122048.376863329031039, 487807.469361883937381 ] ] ] } },
{ "type": "Feature", "properties": { "sensor": "GASA-04", "time": "2025-08-20T09:09:00+02:00", "count_line": 19, "location": "CSriOosterdokskade", "count_area": 36.0, "countline_length": 7 }, "geometry": { "type": "Polygon", "coordinates": [ [ [ 122048.376863329031039, 487807.469361883937381 ], [ 122071.01856669143308, 487793.318297282443382 ], [ 122066.505524467182113, 487786.586980066611432 ], [ 122043.86382110476552, 487800.049614498275332 ], [ 122048.376863329031039, 487807.469361883937381 ] ] ] } },
{ "type": "Feature", "properties": { "sensor": "GASA-04", "time": "2025-08-20T09:10:00+02:00", "count_line": 24, "location": "CSriOosterdokskade", "count_area": 40.0, "countline_length": 7 }, "geometry": { "type": "Polygon", "coordinates": [ [ [ 122048.376863329031039, 487807.469361883937381 ], [ 122071.01856669143308, 487793.318297282443382 ], [ 122066.505524467182113, 487786.586980066611432 ], [ 122043.86382110476552, 487800.049614498275332 ], [ 122048.376863329031039, 487807.469361883937381 ] ] ] } },
{ "type": "Feature", "properties": { "sensor": "GASA-04", "time": "2025-08-20T09:11:00+02:00", "count_line": 31, "location": "CSriOosterdokskade", "count_area": 48.0, "countline_length": 7 }, "geometry": { "type": "Polygon", "coordinates": [ [ [ 122048.376863329031039, 487807.469361883937381 ], [ 122071.01856669143308, 487793.318297282443382 ], [ 122066.505524467182113, 487786.586980066611432 ], [ 122043.86382110476552, 487800.049614498275332 ], [ 122048.376863329031039, 487807.469361883937381 ] ] ] } },
{ "type": "Feature", "properties": { "sensor": "GASA-04", "time": "2025-08-20T09:12:00+02:00", "count_line": 28, "location": "CSriOosterdokskade", "count_area": 43.0, "countline_length": 7 }, "geometry": { "type": "Polygon", "coordinates": [ [ [ 122048.376863329031039, 487807.469361883937381 ], [ 122071.01856669143308, 487793.318297282443382 ], [ 122066.505524467182113, 487786.586980066611432 ], [ 122043.86382110476552, 487800.049614498275332 ], [ 122048.376863329031039, 487807.469361883937381 ] ] ] } },
{ "type": "Feature", "properties": { "sensor": "GASA-04", "time": "2025-08-20T09:14:00+02:00", "count_line": 62, "location": "CSriOosterdokskade", "count_area": 93.0, "countline_length": 7 }, "geometry": { "type": "Polygon", "coordinates": [ [ [ 122048.376863329031039, 487807.469361883937381 ], [ 122071.01856669143308, 487793.318297282443382 ], [ 122066.505524467182113, 487786.586980066611432 ], [ 122043.86382110476552, 487800.049614498275332 ], [ 122048.376863329031039, 487807.469361883937381 ] ] ] } },
{ "type": "Feature", "properties": { "sensor": "GASA-04", "time": "2025-08-20T09:15:00+02:00", "count_line": 19, "location": "CSriOosterdokskade", "count_area": 34.0, "countline_length": 7 }, "geometry": { "type": "Polygon", "coordinates": [ [ [ 122048.376863329031039, 487807.469361883937381 ], [ 122071.01856669143308, 487793.318297282443382 ], [ 122066.505524467182113, 487786.586980066611432 ], [ 122043.86382110476552, 487800.049614498275332 ], [ 122048.376863329031039, 487807.469361883937381 ] ] ] } },
{ "type": "Feature", "properties": { "sensor": "GASA-04", "time": "2025-08-20T09:16:00+02:00", "count_line": 28, "location": "CSriOosterdokskade", "count_area": 45.0, "countline_length": 7 }, "geometry": { "type": "Polygon", "coordinates": [ [ [ 122048.376863329031039, 487807.469361883937381 ], [ 122071.01856669143308, 487793.318297282443382 ], [ 122066.505524467182113, 487786.586980066611432 ], [ 122043.86382110476552, 487800.049614498275332 ], [ 122048.376863329031039, 487807.469361883937381 ] ] ] } },
{ "type": "Feature", "properties": { "sensor": "GASA-04", "time": "2025-08-20T09:17:00+02:00", "count_line": 34, "location": "CSriOosterdokskade", "count_area": 63.0, "countline_length": 7 }, "geometry": { "type": "Polygon", "coordinates": [ [ [ 122048.376863329031039, 487807.469361883937381 ], [ 122071.01856669143308, 487793.318297282443382 ], [ 122066.505524467182113, 487786.586980066611432 ], [ 122043.86382110476552, 487800.049614498275332 ], [ 122048.376863329031039, 487807.469361883937381 ] ] ] } },
{ "type": "Feature", "properties": { "sensor": "GASA-04", "time": "2025-08-20T09:18:00+02:00", "count_line": 34, "location": "CSriOosterdokskade", "count_area": 61.0, "countline_length": 7 }, "geometry": { "type": "Polygon", "coordinates": [ [ [ 122048.376863329031039, 487807.469361883937381 ], [ 122071.01856669143308, 487793.318297282443382 ], [ 122066.505524467182113, 487786.586980066611432 ], [ 122043.86382110476552, 487800.049614498275332 ], [ 122048.376863329031039, 487807.469361883937381 ] ] ] } },
{ "type": "Feature", "properties": { "sensor": "GASA-04", "time": "2025-08-20T09:19:00+02:00", "count_line": 32, "location": "CSriOosterdokskade", "count_area": 62.0, "countline_length": 7 }, "geometry": { "type": "Polygon", "coordinates": [ [ [ 122048.376863329031039, 487807.469361883937381 ], [ 122071.01856669143308, 487793.318297282443382 ], [ 122066.505524467182113, 487786.586980066611432 ], [ 122043.86382110476552, 487800.049614498275332 ], [ 122048.376863329031039, 487807.469361883937381 ] ] ] } },
{ "type": "Feature", "properties": { "sensor": "GASA-04", "time": "2025-08-20T09:20:00+02:00", "count_line": 25, "location": "CSriOosterdokskade", "count_area": 41.0, "countline_length": 7 }, "geometry": { "type": "Polygon", "coordinates": [ [ [ 122048.376863329031039, 487807.469361883937381 ], [ 122071.01856669143308, 487793.318297282443382 ], [ 122066.505524467182113, 487786.586980066611432 ], [ 122043.86382110476552, 487800.049614498275332 ], [ 122048.376863329031039, 487807.469361883937381 ] ] ] } },
{ "type": "Feature", "properties": { "sensor": "GASA-04", "time": "2025-08-20T09:21:00+02:00", "count_line": 33, "location": "CSriOosterdokskade", "count_area": 65.0, "countline_length": 7 }, "geometry": { "type": "Polygon", "coordinates": [ [ [ 122048.376863329031039, 487807.469361883937381 ], [ 122071.01856669143308, 487793.318297282443382 ], [ 122066.505524467182113, 487786.586980066611432 ], [ 122043.86382110476552, 487800.049614498275332 ], [ 122048.376863329031039, 487807.469361883937381 ] ] ] } },
{ "type": "Feature", "properties": { "sensor": "GASA-04", "time": "2025-08-20T09:22:00+02:00", "count_line": 16, "location": "CSriOosterdokskade", "count_area": 27.0, "countline_length": 7 }, "geometry": { "type": "Polygon", "coordinates": [ [ [ 122048.376863329031039, 487807.469361883937381 ], [ 122071.01856669143308, 487793.318297282443382 ], [ 122066.505524467182113, 487786.586980066611432 ], [ 122043.86382110476552, 487800.049614498275332 ], [ 122048.376863329031039, 487807.469361883937381 ] ] ] } },
{ "type": "Feature", "properties": { "sensor": "GASA-04", "time": "2025-08-20T09:24:00+02:00", "count_line": 58, "location": "CSriOosterdokskade", "count_area": 87.0, "countline_length": 7 }, "geometry": { "type": "Polygon", "coordinates": [ [ [ 122048.376863329031039, 487807.469361883937381 ], [ 122071.01856669143308, 487793.318297282443382 ], [ 122066.505524467182113, 487786.586980066611432 ], [ 122043.86382110476552, 487800.049614498275332 ], [ 122048.376863329031039, 487807.469361883937381 ] ] ] } },
{ "type": "Feature", "properties": { "sensor": "GASA-04", "time": "2025-08-20T09:25:00+02:00", "count_line": 34, "location": "CSriOosterdokskade", "count_area": 53.0, "countline_length": 7 }, "geometry": { "type": "Polygon", "coordinates": [ [ [ 122048.376863329031039, 487807.469361883937381 ], [ 122071.01856669143308, 487793.318297282443382 ], [ 122066.505524467182113, 487786.586980066611432 ], [ 122043.86382110476552, 487800.049614498275332 ], [ 122048.376863329031039, 487807.469361883937381 ] ] ] } },
{ "type": "Feature", "properties": { "sensor": "GASA-04", "time": "2025-08-20T09:26:00+02:00", "count_line": 39, "location": "CSriOosterdokskade", "count_area": 65.0, "countline_length": 7 }, "geometry": { "type": "Polygon", "coordinates": [ [ [ 122048.376863329031039, 487807.469361883937381 ], [ 122071.01856669143308, 487793.318297282443382 ], [ 122066.505524467182113, 487786.586980066611432 ], [ 122043.86382110476552, 487800.049614498275332 ], [ 122048.376863329031039, 487807.469361883937381 ] ] ] } },
{ "type": "Feature", "properties": { "sensor": "GASA-04", "time": "2025-08-20T09:27:00+02:00", "count_line": 40, "location": "CSriOosterdokskade", "count_area": 66.0, "countline_length": 7 }, "geometry": { "type": "Polygon", "coordinates": [ [ [ 122048.376863329031039, 487807.469361883937381 ], [ 122071.01856669143308, 487793.318297282443382 ], [ 122066.505524467182113, 487786.586980066611432 ], [ 122043.86382110476552, 487800.049614498275332 ], [ 122048.376863329031039, 487807.469361883937381 ] ] ] } },
{ "type": "Feature", "properties": { "sensor": "GASA-04", "time": "2025-08-20T09:28:00+02:00", "count_line": 33, "location": "CSriOosterdokskade", "count_area": 56.0, "countline_length": 7 }, "geometry": { "type": "Polygon", "coordinates": [ [ [ 122048.376863329031039, 487807.469361883937381 ], [ 122071.01856669143308, 487793.318297282443382 ], [ 122066.505524467182113, 487786.586980066611432 ], [ 122043.86382110476552, 487800.049614498275332 ], [ 122048.376863329031039, 487807.469361883937381 ] ] ] } },
{ "type": "Feature", "properties": { "sensor": "GASA-04", "time": "2025-08-20T09:29:00+02:00", "count_line": 24, "location": "CSriOosterdokskade", "count_area": 44.0, "countline_length": 7 }, "geometry": { "type": "Polygon", "coordinates": [ [ [ 122048.376863329031039, 487807.469361883937381 ], [ 122071.01856669143308, 487793.318297282443382 ], [ 122066.505524467182113, 487786.586980066611432 ], [ 122043.86382110476552, 487800.049614498275332 ], [ 122048.376863329031039, 487807.469361883937381 ] ] ] } },
{ "type": "Feature", "properties": { "sensor": "GASA-04", "time": "2025-08-20T09:30:00+02:00", "count_line": 29, "location": "CSriOosterdokskade", "count_area": 45.0, "countline_length": 7 }, "geometry": { "type": "Polygon", "coordinates": [ [ [ 122048.376863329031039, 487807.469361883937381 ], [ 122071.01856669143308, 487793.318297282443382 ], [ 122066.505524467182113, 487786.586980066611432 ], [ 122043.86382110476552, 487800.049614498275332 ], [ 122048.376863329031039, 487807.469361883937381 ] ] ] } },
{ "type": "Feature", "properties": { "sensor": "GASA-04", "time": "2025-08-20T09:31:00+02:00", "count_line": 43, "location": "CSriOosterdokskade", "count_area": 81.0, "countline_length": 7 }, "geometry": { "type": "Polygon", "coordinates": [ [ [ 122048.376863329031039, 487807.469361883937381 ], [ 122071.01856669143308, 487793.318297282443382 ], [ 122066.505524467182113, 487786.586980066611432 ], [ 122043.86382110476552, 487800.049614498275332 ], [ 122048.376863329031039, 487807.469361883937381 ] ] ] } },
{ "type": "Feature", "properties": { "sensor": "GASA-04", "time": "2025-08-20T09:32:00+02:00", "count_line": 19, "location": "CSriOosterdokskade", "count_area": 35.0, "countline_length": 7 }, "geometry": { "type": "Polygon", "coordinates": [ [ [ 122048.376863329031039, 487807.469361883937381 ], [ 122071.01856669143308, 487793.318297282443382 ], [ 122066.505524467182113, 487786.586980066611432 ], [ 122043.86382110476552, 487800.049614498275332 ], [ 122048.376863329031039, 487807.469361883937381 ] ] ] } },
{ "type": "Feature", "properties": { "sensor": "GASA-04", "time": "2025-08-20T09:34:00+02:00", "count_line": 54, "location": "CSriOosterdokskade", "count_area": 104.0, "countline_length": 7 }, "geometry": { "type": "Polygon", "coordinates": [ [ [ 122048.376863329031039, 487807.469361883937381 ], [ 122071.01856669143308, 487793.318297282443382 ], [ 122066.505524467182113, 487786.586980066611432 ], [ 122043.86382110476552, 487800.049614498275332 ], [ 122048.376863329031039, 487807.469361883937381 ] ] ] } },
{ "type": "Feature", "properties": { "sensor": "GASA-04", "time": "2025-08-20T09:35:00+02:00", "count_line": 17, "location": "CSriOosterdokskade", "count_area": 29.0, "countline_length": 7 }, "geometry": { "type": "Polygon", "coordinates": [ [ [ 122048.376863329031039, 487807.469361883937381 ], [ 122071.01856669143308, 487793.318297282443382 ], [ 122066.505524467182113, 487786.586980066611432 ], [ 122043.86382110476552, 487800.049614498275332 ], [ 122048.376863329031039, 487807.469361883937381 ] ] ] } },
{ "type": "Feature", "properties": { "sensor": "GASA-04", "time": "2025-08-20T09:36:00+02:00", "count_line": 21, "location": "CSriOosterdokskade", "count_area": 39.0, "countline_length": 7 }, "geometry": { "type": "Polygon", "coordinates": [ [ [ 122048.376863329031039, 487807.469361883937381 ], [ 122071.01856669143308, 487793.318297282443382 ], [ 122066.505524467182113, 487786.586980066611432 ], [ 122043.86382110476552, 487800.049614498275332 ], [ 122048.376863329031039, 487807.469361883937381 ] ] ] } },
{ "type": "Feature", "properties": { "sensor": "GASA-04", "time": "2025-08-20T09:37:00+02:00", "count_line": 29, "location": "CSriOosterdokskade", "count_area": 51.0, "countline_length": 7 }, "geometry": { "type": "Polygon", "coordinates": [ [ [ 122048.376863329031039, 487807.469361883937381 ], [ 122071.01856669143308, 487793.318297282443382 ], [ 122066.505524467182113, 487786.586980066611432 ], [ 122043.86382110476552, 487800.049614498275332 ], [ 122048.376863329031039, 487807.469361883937381 ] ] ] } },
{ "type": "Feature", "properties": { "sensor": "GASA-04", "time": "2025-08-20T09:38:00+02:00", "count_line": 22, "location": "CSriOosterdokskade", "count_area": 38.0, "countline_length": 7 }, "geometry": { "type": "Polygon", "coordinates": [ [ [ 122048.376863329031039, 487807.469361883937381 ], [ 122071.01856669143308, 487793.318297282443382 ], [ 122066.505524467182113, 487786.586980066611432 ], [ 122043.86382110476552, 487800.049614498275332 ], [ 122048.376863329031039, 487807.469361883937381 ] ] ] } },
{ "type": "Feature", "properties": { "sensor": "GASA-04", "time": "2025-08-20T09:39:00+02:00", "count_line": 31, "location": "CSriOosterdokskade", "count_area": 56.0, "countline_length": 7 }, "geometry": { "type": "Polygon", "coordinates": [ [ [ 122048.376863329031039, 487807.469361883937381 ], [ 122071.01856669143308, 487793.318297282443382 ], [ 122066.505524467182113, 487786.586980066611432 ], [ 122043.86382110476552, 487800.049614498275332 ], [ 122048.376863329031039, 487807.469361883937381 ] ] ] } },
{ "type": "Feature", "properties": { "sensor": "GASA-04", "time": "2025-08-20T09:40:00+02:00", "count_line": 14, "location": "CSriOosterdokskade", "count_area": 23.0, "countline_length": 7 }, "geometry": { "type": "Polygon", "coordinates": [ [ [ 122048.376863329031039, 487807.469361883937381 ], [ 122071.01856669143308, 487793.318297282443382 ], [ 122066.505524467182113, 487786.586980066611432 ], [ 122043.86382110476552, 487800.049614498275332 ], [ 122048.376863329031039, 487807.469361883937381 ] ] ] } },
{ "type": "Feature", "properties": { "sensor": "GASA-04", "time": "2025-08-20T09:41:00+02:00", "count_line": 19, "location": "CSriOosterdokskade", "count_area": 29.0, "countline_length": 7 }, "geometry": { "type": "Polygon", "coordinates": [ [ [ 122048.376863329031039, 487807.469361883937381 ], [ 122071.01856669143308, 487793.318297282443382 ], [ 122066.505524467182113, 487786.586980066611432 ], [ 122043.86382110476552, 487800.049614498275332 ], [ 122048.376863329031039, 487807.469361883937381 ] ] ] } },
{ "type": "Feature", "properties": { "sensor": "GASA-04", "time": "2025-08-20T09:42:00+02:00", "count_line": 22, "location": "CSriOosterdokskade", "count_area": 39.0, "countline_length": 7 }, "geometry": { "type": "Polygon", "coordinates": [ [ [ 122048.376863329031039, 487807.469361883937381 ], [ 122071.01856669143308, 487793.318297282443382 ], [ 122066.505524467182113, 487786.586980066611432 ], [ 122043.86382110476552, 487800.049614498275332 ], [ 122048.376863329031039, 487807.469361883937381 ] ] ] } },
{ "type": "Feature", "properties": { "sensor": "GASA-04", "time": "2025-08-20T09:44:00+02:00", "count_line": 68, "location": "CSriOosterdokskade", "count_area": 121.0, "countline_length": 7 }, "geometry": { "type": "Polygon", "coordinates": [ [ [ 122048.376863329031039, 487807.469361883937381 ], [ 122071.01856669143308, 487793.318297282443382 ], [ 122066.505524467182113, 487786.586980066611432 ], [ 122043.86382110476552, 487800.049614498275332 ], [ 122048.376863329031039, 487807.469361883937381 ] ] ] } },
{ "type": "Feature", "properties": { "sensor": "GASA-04", "time": "2025-08-20T09:45:00+02:00", "count_line": 35, "location": "CSriOosterdokskade", "count_area": 61.0, "countline_length": 7 }, "geometry": { "type": "Polygon", "coordinates": [ [ [ 122048.376863329031039, 487807.469361883937381 ], [ 122071.01856669143308, 487793.318297282443382 ], [ 122066.505524467182113, 487786.586980066611432 ], [ 122043.86382110476552, 487800.049614498275332 ], [ 122048.376863329031039, 487807.469361883937381 ] ] ] } },
{ "type": "Feature", "properties": { "sensor": "GASA-04", "time": "2025-08-20T09:46:00+02:00", "count_line": 37, "location": "CSriOosterdokskade", "count_area": 73.0, "countline_length": 7 }, "geometry": { "type": "Polygon", "coordinates": [ [ [ 122048.376863329031039, 487807.469361883937381 ], [ 122071.01856669143308, 487793.318297282443382 ], [ 122066.505524467182113, 487786.586980066611432 ], [ 122043.86382110476552, 487800.049614498275332 ], [ 122048.376863329031039, 487807.469361883937381 ] ] ] } },
{ "type": "Feature", "properties": { "sensor": "GASA-04", "time": "2025-08-20T09:47:00+02:00", "count_line": 43, "location": "CSriOosterdokskade", "count_area": 80.0, "countline_length": 7 }, "geometry": { "type": "Polygon", "coordinates": [ [ [ 122048.376863329031039, 487807.469361883937381 ], [ 122071.01856669143308, 487793.318297282443382 ], [ 122066.505524467182113, 487786.586980066611432 ], [ 122043.86382110476552, 487800.049614498275332 ], [ 122048.376863329031039, 487807.469361883937381 ] ] ] } },
{ "type": "Feature", "properties": { "sensor": "GASA-04", "time": "2025-08-20T09:48:00+02:00", "count_line": 27, "location": "CSriOosterdokskade", "count_area": 41.0, "countline_length": 7 }, "geometry": { "type": "Polygon", "coordinates": [ [ [ 122048.376863329031039, 487807.469361883937381 ], [ 122071.01856669143308, 487793.318297282443382 ], [ 122066.505524467182113, 487786.586980066611432 ], [ 122043.86382110476552, 487800.049614498275332 ], [ 122048.376863329031039, 487807.469361883937381 ] ] ] } },
{ "type": "Feature", "properties": { "sensor": "GASA-04", "time": "2025-08-20T09:49:00+02:00", "count_line": 43, "location": "CSriOosterdokskade", "count_area": 77.0, "countline_length": 7 }, "geometry": { "type": "Polygon", "coordinates": [ [ [ 122048.376863329031039, 487807.469361883937381 ], [ 122071.01856669143308, 487793.318297282443382 ], [ 122066.505524467182113, 487786.586980066611432 ], [ 122043.86382110476552, 487800.049614498275332 ], [ 122048.376863329031039, 487807.469361883937381 ] ] ] } },
{ "type": "Feature", "properties": { "sensor": "GASA-04", "time": "2025-08-20T09:50:00+02:00", "count_line": 25, "location": "CSriOosterdokskade", "count_area": 46.0, "countline_length": 7 }, "geometry": { "type": "Polygon", "coordinates": [ [ [ 122048.376863329031039, 487807.469361883937381 ], [ 122071.01856669143308, 487793.318297282443382 ], [ 122066.505524467182113, 487786.586980066611432 ], [ 122043.86382110476552, 487800.049614498275332 ], [ 122048.376863329031039, 487807.469361883937381 ] ] ] } },
{ "type": "Feature", "properties": { "sensor": "GASA-04", "time": "2025-08-20T09:51:00+02:00", "count_line": 25, "location": "CSriOosterdokskade", "count_area": 42.0, "countline_length": 7 }, "geometry": { "type": "Polygon", "coordinates": [ [ [ 122048.376863329031039, 487807.469361883937381 ], [ 122071.01856669143308, 487793.318297282443382 ], [ 122066.505524467182113, 487786.586980066611432 ], [ 122043.86382110476552, 487800.049614498275332 ], [ 122048.376863329031039, 487807.469361883937381 ] ] ] } },
{ "type": "Feature", "properties": { "sensor": "GASA-04", "time": "2025-08-20T09:52:00+02:00", "count_line": 26, "location": "CSriOosterdokskade", "count_area": 39.0, "countline_length": 7 }, "geometry": { "type": "Polygon", "coordinates": [ [ [ 122048.376863329031039, 487807.469361883937381 ], [ 122071.01856669143308, 487793.318297282443382 ], [ 122066.505524467182113, 487786.586980066611432 ], [ 122043.86382110476552, 487800.049614498275332 ], [ 122048.376863329031039, 487807.469361883937381 ] ] ] } },
{ "type": "Feature", "properties": { "sensor": "GASA-04", "time": "2025-08-20T09:54:00+02:00", "count_line": 30, "location": "CSriOosterdokskade", "count_area": 59.0, "countline_length": 7 }, "geometry": { "type": "Polygon", "coordinates": [ [ [ 122048.376863329031039, 487807.469361883937381 ], [ 122071.01856669143308, 487793.318297282443382 ], [ 122066.505524467182113, 487786.586980066611432 ], [ 122043.86382110476552, 487800.049614498275332 ], [ 122048.376863329031039, 487807.469361883937381 ] ] ] } },
{ "type": "Feature", "properties": { "sensor": "GASA-04", "time": "2025-08-20T09:55:00+02:00", "count_line": 17, "location": "CSriOosterdokskade", "count_area": 31.0, "countline_length": 7 }, "geometry": { "type": "Polygon", "coordinates": [ [ [ 122048.376863329031039, 487807.469361883937381 ], [ 122071.01856669143308, 487793.318297282443382 ], [ 122066.505524467182113, 487786.586980066611432 ], [ 122043.86382110476552, 487800.049614498275332 ], [ 122048.376863329031039, 487807.469361883937381 ] ] ] } },
{ "type": "Feature", "properties": { "sensor": "GASA-04", "time": "2025-08-20T09:56:00+02:00", "count_line": 20, "location": "CSriOosterdokskade", "count_area": 34.0, "countline_length": 7 }, "geometry": { "type": "Polygon", "coordinates": [ [ [ 122048.376863329031039, 487807.469361883937381 ], [ 122071.01856669143308, 487793.318297282443382 ], [ 122066.505524467182113, 487786.586980066611432 ], [ 122043.86382110476552, 487800.049614498275332 ], [ 122048.376863329031039, 487807.469361883937381 ] ] ] } },
{ "type": "Feature", "properties": { "sensor": "GASA-04", "time": "2025-08-20T09:57:00+02:00", "count_line": 53, "location": "CSriOosterdokskade", "count_area": 98.0, "countline_length": 7 }, "geometry": { "type": "Polygon", "coordinates": [ [ [ 122048.376863329031039, 487807.469361883937381 ], [ 122071.01856669143308, 487793.318297282443382 ], [ 122066.505524467182113, 487786.586980066611432 ], [ 122043.86382110476552, 487800.049614498275332 ], [ 122048.376863329031039, 487807.469361883937381 ] ] ] } },
{ "type": "Feature", "properties": { "sensor": "GASA-04", "time": "2025-08-20T09:58:00+02:00", "count_line": 38, "location": "CSriOosterdokskade", "count_area": 75.0, "countline_length": 7 }, "geometry": { "type": "Polygon", "coordinates": [ [ [ 122048.376863329031039, 487807.469361883937381 ], [ 122071.01856669143308, 487793.318297282443382 ], [ 122066.505524467182113, 487786.586980066611432 ], [ 122043.86382110476552, 487800.049614498275332 ], [ 122048.376863329031039, 487807.469361883937381 ] ] ] } },
{ "type": "Feature", "properties": { "sensor": "GASA-04", "time": "2025-08-20T09:59:00+02:00", "count_line": 24, "location": "CSriOosterdokskade", "count_area": 36.0, "countline_length": 7 }, "geometry": { "type": "Polygon", "coordinates": [ [ [ 122048.376863329031039, 487807.469361883937381 ], [ 122071.01856669143308, 487793.318297282443382 ], [ 122066.505524467182113, 487786.586980066611432 ], [ 122043.86382110476552, 487800.049614498275332 ], [ 122048.376863329031039, 487807.469361883937381 ] ] ] } },
{ "type": "Feature", "properties": { "sensor": "GASA-04", "time": "2025-08-20T10:00:00+02:00", "count_line": 36, "location": "CSriOosterdokskade", "count_area": 59.0, "countline_length": 7 }, "geometry": { "type": "Polygon", "coordinates": [ [ [ 122048.376863329031039, 487807.469361883937381 ], [ 122071.01856669143308, 487793.318297282443382 ], [ 122066.505524467182113, 487786.586980066611432 ], [ 122043.86382110476552, 487800.049614498275332 ], [ 122048.376863329031039, 487807.469361883937381 ] ] ] } },
{ "type": "Feature", "properties": { "sensor": "GASA-04", "time": "2025-08-20T10:01:00+02:00", "count_line": 29, "location": "CSriOosterdokskade", "count_area": 49.0, "countline_length": 7 }, "geometry": { "type": "Polygon", "coordinates": [ [ [ 122048.376863329031039, 487807.469361883937381 ], [ 122071.01856669143308, 487793.318297282443382 ], [ 122066.505524467182113, 487786.586980066611432 ], [ 122043.86382110476552, 487800.049614498275332 ], [ 122048.376863329031039, 487807.469361883937381 ] ] ] } },
{ "type": "Feature", "properties": { "sensor": "GASA-04", "time": "2025-08-20T10:02:00+02:00", "count_line": 36, "location": "CSriOosterdokskade", "count_area": 66.0, "countline_length": 7 }, "geometry": { "type": "Polygon", "coordinates": [ [ [ 122048.376863329031039, 487807.469361883937381 ], [ 122071.01856669143308, 487793.318297282443382 ], [ 122066.505524467182113, 487786.586980066611432 ], [ 122043.86382110476552, 487800.049614498275332 ], [ 122048.376863329031039, 487807.469361883937381 ] ] ] } },
{ "type": "Feature", "properties": { "sensor": "GASA-04", "time": "2025-08-20T10:04:00+02:00", "count_line": 86, "location": "CSriOosterdokskade", "count_area": 167.0, "countline_length": 7 }, "geometry": { "type": "Polygon", "coordinates": [ [ [ 122048.376863329031039, 487807.469361883937381 ], [ 122071.01856669143308, 487793.318297282443382 ], [ 122066.505524467182113, 487786.586980066611432 ], [ 122043.86382110476552, 487800.049614498275332 ], [ 122048.376863329031039, 487807.469361883937381 ] ] ] } },
{ "type": "Feature", "properties": { "sensor": "GASA-04", "time": "2025-08-20T10:05:00+02:00", "count_line": 34, "location": "CSriOosterdokskade", "count_area": 67.0, "countline_length": 7 }, "geometry": { "type": "Polygon", "coordinates": [ [ [ 122048.376863329031039, 487807.469361883937381 ], [ 122071.01856669143308, 487793.318297282443382 ], [ 122066.505524467182113, 487786.586980066611432 ], [ 122043.86382110476552, 487800.049614498275332 ], [ 122048.376863329031039, 487807.469361883937381 ] ] ] } },
{ "type": "Feature", "properties": { "sensor": "GASA-04", "time": "2025-08-20T10:06:00+02:00", "count_line": 22, "location": "CSriOosterdokskade", "count_area": 33.0, "countline_length": 7 }, "geometry": { "type": "Polygon", "coordinates": [ [ [ 122048.376863329031039, 487807.469361883937381 ], [ 122071.01856669143308, 487793.318297282443382 ], [ 122066.505524467182113, 487786.586980066611432 ], [ 122043.86382110476552, 487800.049614498275332 ], [ 122048.376863329031039, 487807.469361883937381 ] ] ] } },
{ "type": "Feature", "properties": { "sensor": "GASA-04", "time": "2025-08-20T10:07:00+02:00", "count_line": 43, "location": "CSriOosterdokskade", "count_area": 71.0, "countline_length": 7 }, "geometry": { "type": "Polygon", "coordinates": [ [ [ 122048.376863329031039, 487807.469361883937381 ], [ 122071.01856669143308, 487793.318297282443382 ], [ 122066.505524467182113, 487786.586980066611432 ], [ 122043.86382110476552, 487800.049614498275332 ], [ 122048.376863329031039, 487807.469361883937381 ] ] ] } },
{ "type": "Feature", "properties": { "sensor": "GASA-04", "time": "2025-08-20T10:08:00+02:00", "count_line": 16, "location": "CSriOosterdokskade", "count_area": 31.0, "countline_length": 7 }, "geometry": { "type": "Polygon", "coordinates": [ [ [ 122048.376863329031039, 487807.469361883937381 ], [ 122071.01856669143308, 487793.318297282443382 ], [ 122066.505524467182113, 487786.586980066611432 ], [ 122043.86382110476552, 487800.049614498275332 ], [ 122048.376863329031039, 487807.469361883937381 ] ] ] } },
{ "type": "Feature", "properties": { "sensor": "GASA-04", "time": "2025-08-20T10:09:00+02:00", "count_line": 12, "location": "CSriOosterdokskade", "count_area": 22.0, "countline_length": 7 }, "geometry": { "type": "Polygon", "coordinates": [ [ [ 122048.376863329031039, 487807.469361883937381 ], [ 122071.01856669143308, 487793.318297282443382 ], [ 122066.505524467182113, 487786.586980066611432 ], [ 122043.86382110476552, 487800.049614498275332 ], [ 122048.376863329031039, 487807.469361883937381 ] ] ] } },
{ "type": "Feature", "properties": { "sensor": "GASA-04", "time": "2025-08-20T10:10:00+02:00", "count_line": 32, "location": "CSriOosterdokskade", "count_area": 62.0, "countline_length": 7 }, "geometry": { "type": "Polygon", "coordinates": [ [ [ 122048.376863329031039, 487807.469361883937381 ], [ 122071.01856669143308, 487793.318297282443382 ], [ 122066.505524467182113, 487786.586980066611432 ], [ 122043.86382110476552, 487800.049614498275332 ], [ 122048.376863329031039, 487807.469361883937381 ] ] ] } },
{ "type": "Feature", "properties": { "sensor": "GASA-04", "time": "2025-08-20T10:11:00+02:00", "count_line": 32, "location": "CSriOosterdokskade", "count_area": 55.0, "countline_length": 7 }, "geometry": { "type": "Polygon", "coordinates": [ [ [ 122048.376863329031039, 487807.469361883937381 ], [ 122071.01856669143308, 487793.318297282443382 ], [ 122066.505524467182113, 487786.586980066611432 ], [ 122043.86382110476552, 487800.049614498275332 ], [ 122048.376863329031039, 487807.469361883937381 ] ] ] } },
{ "type": "Feature", "properties": { "sensor": "GASA-04", "time": "2025-08-20T10:12:00+02:00", "count_line": 19, "location": "CSriOosterdokskade", "count_area": 36.0, "countline_length": 7 }, "geometry": { "type": "Polygon", "coordinates": [ [ [ 122048.376863329031039, 487807.469361883937381 ], [ 122071.01856669143308, 487793.318297282443382 ], [ 122066.505524467182113, 487786.586980066611432 ], [ 122043.86382110476552, 487800.049614498275332 ], [ 122048.376863329031039, 487807.469361883937381 ] ] ] } },
{ "type": "Feature", "properties": { "sensor": "GASA-04", "time": "2025-08-20T10:14:00+02:00", "count_line": 98, "location": "CSriOosterdokskade", "count_area": 152.0, "countline_length": 7 }, "geometry": { "type": "Polygon", "coordinates": [ [ [ 122048.376863329031039, 487807.469361883937381 ], [ 122071.01856669143308, 487793.318297282443382 ], [ 122066.505524467182113, 487786.586980066611432 ], [ 122043.86382110476552, 487800.049614498275332 ], [ 122048.376863329031039, 487807.469361883937381 ] ] ] } },
{ "type": "Feature", "properties": { "sensor": "GASA-04", "time": "2025-08-20T10:15:00+02:00", "count_line": 53, "location": "CSriOosterdokskade", "count_area": 80.0, "countline_length": 7 }, "geometry": { "type": "Polygon", "coordinates": [ [ [ 122048.376863329031039, 487807.469361883937381 ], [ 122071.01856669143308, 487793.318297282443382 ], [ 122066.505524467182113, 487786.586980066611432 ], [ 122043.86382110476552, 487800.049614498275332 ], [ 122048.376863329031039, 487807.469361883937381 ] ] ] } },
{ "type": "Feature", "properties": { "sensor": "GASA-04", "time": "2025-08-20T10:16:00+02:00", "count_line": 26, "location": "CSriOosterdokskade", "count_area": 41.0, "countline_length": 7 }, "geometry": { "type": "Polygon", "coordinates": [ [ [ 122048.376863329031039, 487807.469361883937381 ], [ 122071.01856669143308, 487793.318297282443382 ], [ 122066.505524467182113, 487786.586980066611432 ], [ 122043.86382110476552, 487800.049614498275332 ], [ 122048.376863329031039, 487807.469361883937381 ] ] ] } },
{ "type": "Feature", "properties": { "sensor": "GASA-04", "time": "2025-08-20T10:17:00+02:00", "count_line": 34, "location": "CSriOosterdokskade", "count_area": 55.0, "countline_length": 7 }, "geometry": { "type": "Polygon", "coordinates": [ [ [ 122048.376863329031039, 487807.469361883937381 ], [ 122071.01856669143308, 487793.318297282443382 ], [ 122066.505524467182113, 487786.586980066611432 ], [ 122043.86382110476552, 487800.049614498275332 ], [ 122048.376863329031039, 487807.469361883937381 ] ] ] } },
{ "type": "Feature", "properties": { "sensor": "GASA-04", "time": "2025-08-20T10:18:00+02:00", "count_line": 15, "location": "CSriOosterdokskade", "count_area": 28.0, "countline_length": 7 }, "geometry": { "type": "Polygon", "coordinates": [ [ [ 122048.376863329031039, 487807.469361883937381 ], [ 122071.01856669143308, 487793.318297282443382 ], [ 122066.505524467182113, 487786.586980066611432 ], [ 122043.86382110476552, 487800.049614498275332 ], [ 122048.376863329031039, 487807.469361883937381 ] ] ] } },
{ "type": "Feature", "properties": { "sensor": "GASA-04", "time": "2025-08-20T10:19:00+02:00", "count_line": 29, "location": "CSriOosterdokskade", "count_area": 48.0, "countline_length": 7 }, "geometry": { "type": "Polygon", "coordinates": [ [ [ 122048.376863329031039, 487807.469361883937381 ], [ 122071.01856669143308, 487793.318297282443382 ], [ 122066.505524467182113, 487786.586980066611432 ], [ 122043.86382110476552, 487800.049614498275332 ], [ 122048.376863329031039, 487807.469361883937381 ] ] ] } },
{ "type": "Feature", "properties": { "sensor": "GASA-04", "time": "2025-08-20T10:20:00+02:00", "count_line": 21, "location": "CSriOosterdokskade", "count_area": 32.0, "countline_length": 7 }, "geometry": { "type": "Polygon", "coordinates": [ [ [ 122048.376863329031039, 487807.469361883937381 ], [ 122071.01856669143308, 487793.318297282443382 ], [ 122066.505524467182113, 487786.586980066611432 ], [ 122043.86382110476552, 487800.049614498275332 ], [ 122048.376863329031039, 487807.469361883937381 ] ] ] } },
{ "type": "Feature", "properties": { "sensor": "GASA-04", "time": "2025-08-20T10:21:00+02:00", "count_line": 29, "location": "CSriOosterdokskade", "count_area": 49.0, "countline_length": 7 }, "geometry": { "type": "Polygon", "coordinates": [ [ [ 122048.376863329031039, 487807.469361883937381 ], [ 122071.01856669143308, 487793.318297282443382 ], [ 122066.505524467182113, 487786.586980066611432 ], [ 122043.86382110476552, 487800.049614498275332 ], [ 122048.376863329031039, 487807.469361883937381 ] ] ] } },
{ "type": "Feature", "properties": { "sensor": "GASA-04", "time": "2025-08-20T10:22:00+02:00", "count_line": 25, "location": "CSriOosterdokskade", "count_area": 48.0, "countline_length": 7 }, "geometry": { "type": "Polygon", "coordinates": [ [ [ 122048.376863329031039, 487807.469361883937381 ], [ 122071.01856669143308, 487793.318297282443382 ], [ 122066.505524467182113, 487786.586980066611432 ], [ 122043.86382110476552, 487800.049614498275332 ], [ 122048.376863329031039, 487807.469361883937381 ] ] ] } },
{ "type": "Feature", "properties": { "sensor": "GASA-04", "time": "2025-08-20T10:24:00+02:00", "count_line": 24, "location": "CSriOosterdokskade", "count_area": 42.0, "countline_length": 7 }, "geometry": { "type": "Polygon", "coordinates": [ [ [ 122048.376863329031039, 487807.469361883937381 ], [ 122071.01856669143308, 487793.318297282443382 ], [ 122066.505524467182113, 487786.586980066611432 ], [ 122043.86382110476552, 487800.049614498275332 ], [ 122048.376863329031039, 487807.469361883937381 ] ] ] } },
{ "type": "Feature", "properties": { "sensor": "GASA-04", "time": "2025-08-20T10:25:00+02:00", "count_line": 17, "location": "CSriOosterdokskade", "count_area": 27.0, "countline_length": 7 }, "geometry": { "type": "Polygon", "coordinates": [ [ [ 122048.376863329031039, 487807.469361883937381 ], [ 122071.01856669143308, 487793.318297282443382 ], [ 122066.505524467182113, 487786.586980066611432 ], [ 122043.86382110476552, 487800.049614498275332 ], [ 122048.376863329031039, 487807.469361883937381 ] ] ] } },
{ "type": "Feature", "properties": { "sensor": "GASA-04", "time": "2025-08-20T10:26:00+02:00", "count_line": 32, "location": "CSriOosterdokskade", "count_area": 55.0, "countline_length": 7 }, "geometry": { "type": "Polygon", "coordinates": [ [ [ 122048.376863329031039, 487807.469361883937381 ], [ 122071.01856669143308, 487793.318297282443382 ], [ 122066.505524467182113, 487786.586980066611432 ], [ 122043.86382110476552, 487800.049614498275332 ], [ 122048.376863329031039, 487807.469361883937381 ] ] ] } },
{ "type": "Feature", "properties": { "sensor": "GASA-04", "time": "2025-08-20T10:27:00+02:00", "count_line": 15, "location": "CSriOosterdokskade", "count_area": 29.0, "countline_length": 7 }, "geometry": { "type": "Polygon", "coordinates": [ [ [ 122048.376863329031039, 487807.469361883937381 ], [ 122071.01856669143308, 487793.318297282443382 ], [ 122066.505524467182113, 487786.586980066611432 ], [ 122043.86382110476552, 487800.049614498275332 ], [ 122048.376863329031039, 487807.469361883937381 ] ] ] } },
{ "type": "Feature", "properties": { "sensor": "GASA-04", "time": "2025-08-20T10:28:00+02:00", "count_line": 53, "location": "CSriOosterdokskade", "count_area": 83.0, "countline_length": 7 }, "geometry": { "type": "Polygon", "coordinates": [ [ [ 122048.376863329031039, 487807.469361883937381 ], [ 122071.01856669143308, 487793.318297282443382 ], [ 122066.505524467182113, 487786.586980066611432 ], [ 122043.86382110476552, 487800.049614498275332 ], [ 122048.376863329031039, 487807.469361883937381 ] ] ] } },
{ "type": "Feature", "properties": { "sensor": "GASA-04", "time": "2025-08-20T10:29:00+02:00", "count_line": 31, "location": "CSriOosterdokskade", "count_area": 47.0, "countline_length": 7 }, "geometry": { "type": "Polygon", "coordinates": [ [ [ 122048.376863329031039, 487807.469361883937381 ], [ 122071.01856669143308, 487793.318297282443382 ], [ 122066.505524467182113, 487786.586980066611432 ], [ 122043.86382110476552, 487800.049614498275332 ], [ 122048.376863329031039, 487807.469361883937381 ] ] ] } },
{ "type": "Feature", "properties": { "sensor": "GASA-04", "time": "2025-08-20T10:30:00+02:00", "count_line": 74, "location": "CSriOosterdokskade", "count_area": 128.0, "countline_length": 7 }, "geometry": { "type": "Polygon", "coordinates": [ [ [ 122048.376863329031039, 487807.469361883937381 ], [ 122071.01856669143308, 487793.318297282443382 ], [ 122066.505524467182113, 487786.586980066611432 ], [ 122043.86382110476552, 487800.049614498275332 ], [ 122048.376863329031039, 487807.469361883937381 ] ] ] } },
{ "type": "Feature", "properties": { "sensor": "GASA-04", "time": "2025-08-20T10:31:00+02:00", "count_line": 80, "location": "CSriOosterdokskade", "count_area": 158.0, "countline_length": 7 }, "geometry": { "type": "Polygon", "coordinates": [ [ [ 122048.376863329031039, 487807.469361883937381 ], [ 122071.01856669143308, 487793.318297282443382 ], [ 122066.505524467182113, 487786.586980066611432 ], [ 122043.86382110476552, 487800.049614498275332 ], [ 122048.376863329031039, 487807.469361883937381 ] ] ] } },
{ "type": "Feature", "properties": { "sensor": "GASA-04", "time": "2025-08-20T10:32:00+02:00", "count_line": 36, "location": "CSriOosterdokskade", "count_area": 68.0, "countline_length": 7 }, "geometry": { "type": "Polygon", "coordinates": [ [ [ 122048.376863329031039, 487807.469361883937381 ], [ 122071.01856669143308, 487793.318297282443382 ], [ 122066.505524467182113, 487786.586980066611432 ], [ 122043.86382110476552, 487800.049614498275332 ], [ 122048.376863329031039, 487807.469361883937381 ] ] ] } },
{ "type": "Feature", "properties": { "sensor": "GASA-04", "time": "2025-08-20T10:34:00+02:00", "count_line": 92, "location": "CSriOosterdokskade", "count_area": 145.0, "countline_length": 7 }, "geometry": { "type": "Polygon", "coordinates": [ [ [ 122048.376863329031039, 487807.469361883937381 ], [ 122071.01856669143308, 487793.318297282443382 ], [ 122066.505524467182113, 487786.586980066611432 ], [ 122043.86382110476552, 487800.049614498275332 ], [ 122048.376863329031039, 487807.469361883937381 ] ] ] } },
{ "type": "Feature", "properties": { "sensor": "GASA-04", "time": "2025-08-20T10:35:00+02:00", "count_line": 38, "location": "CSriOosterdokskade", "count_area": 73.0, "countline_length": 7 }, "geometry": { "type": "Polygon", "coordinates": [ [ [ 122048.376863329031039, 487807.469361883937381 ], [ 122071.01856669143308, 487793.318297282443382 ], [ 122066.505524467182113, 487786.586980066611432 ], [ 122043.86382110476552, 487800.049614498275332 ], [ 122048.376863329031039, 487807.469361883937381 ] ] ] } },
{ "type": "Feature", "properties": { "sensor": "GASA-04", "time": "2025-08-20T10:36:00+02:00", "count_line": 39, "location": "CSriOosterdokskade", "count_area": 71.0, "countline_length": 7 }, "geometry": { "type": "Polygon", "coordinates": [ [ [ 122048.376863329031039, 487807.469361883937381 ], [ 122071.01856669143308, 487793.318297282443382 ], [ 122066.505524467182113, 487786.586980066611432 ], [ 122043.86382110476552, 487800.049614498275332 ], [ 122048.376863329031039, 487807.469361883937381 ] ] ] } },
{ "type": "Feature", "properties": { "sensor": "GASA-04", "time": "2025-08-20T10:37:00+02:00", "count_line": 32, "location": "CSriOosterdokskade", "count_area": 50.0, "countline_length": 7 }, "geometry": { "type": "Polygon", "coordinates": [ [ [ 122048.376863329031039, 487807.469361883937381 ], [ 122071.01856669143308, 487793.318297282443382 ], [ 122066.505524467182113, 487786.586980066611432 ], [ 122043.86382110476552, 487800.049614498275332 ], [ 122048.376863329031039, 487807.469361883937381 ] ] ] } },
{ "type": "Feature", "properties": { "sensor": "GASA-04", "time": "2025-08-20T10:38:00+02:00", "count_line": 37, "location": "CSriOosterdokskade", "count_area": 72.0, "countline_length": 7 }, "geometry": { "type": "Polygon", "coordinates": [ [ [ 122048.376863329031039, 487807.469361883937381 ], [ 122071.01856669143308, 487793.318297282443382 ], [ 122066.505524467182113, 487786.586980066611432 ], [ 122043.86382110476552, 487800.049614498275332 ], [ 122048.376863329031039, 487807.469361883937381 ] ] ] } },
{ "type": "Feature", "properties": { "sensor": "GASA-04", "time": "2025-08-20T10:39:00+02:00", "count_line": 30, "location": "CSriOosterdokskade", "count_area": 56.0, "countline_length": 7 }, "geometry": { "type": "Polygon", "coordinates": [ [ [ 122048.376863329031039, 487807.469361883937381 ], [ 122071.01856669143308, 487793.318297282443382 ], [ 122066.505524467182113, 487786.586980066611432 ], [ 122043.86382110476552, 487800.049614498275332 ], [ 122048.376863329031039, 487807.469361883937381 ] ] ] } },
{ "type": "Feature", "properties": { "sensor": "GASA-04", "time": "2025-08-20T10:40:00+02:00", "count_line": 25, "location": "CSriOosterdokskade", "count_area": 42.0, "countline_length": 7 }, "geometry": { "type": "Polygon", "coordinates": [ [ [ 122048.376863329031039, 487807.469361883937381 ], [ 122071.01856669143308, 487793.318297282443382 ], [ 122066.505524467182113, 487786.586980066611432 ], [ 122043.86382110476552, 487800.049614498275332 ], [ 122048.376863329031039, 487807.469361883937381 ] ] ] } },
{ "type": "Feature", "properties": { "sensor": "GASA-04", "time": "2025-08-20T10:41:00+02:00", "count_line": 31, "location": "CSriOosterdokskade", "count_area": 52.0, "countline_length": 7 }, "geometry": { "type": "Polygon", "coordinates": [ [ [ 122048.376863329031039, 487807.469361883937381 ], [ 122071.01856669143308, 487793.318297282443382 ], [ 122066.505524467182113, 487786.586980066611432 ], [ 122043.86382110476552, 487800.049614498275332 ], [ 122048.376863329031039, 487807.469361883937381 ] ] ] } },
{ "type": "Feature", "properties": { "sensor": "GASA-04", "time": "2025-08-20T10:42:00+02:00", "count_line": 34, "location": "CSriOosterdokskade", "count_area": 64.0, "countline_length": 7 }, "geometry": { "type": "Polygon", "coordinates": [ [ [ 122048.376863329031039, 487807.469361883937381 ], [ 122071.01856669143308, 487793.318297282443382 ], [ 122066.505524467182113, 487786.586980066611432 ], [ 122043.86382110476552, 487800.049614498275332 ], [ 122048.376863329031039, 487807.469361883937381 ] ] ] } },
{ "type": "Feature", "properties": { "sensor": "GASA-04", "time": "2025-08-20T10:44:00+02:00", "count_line": 98, "location": "CSriOosterdokskade", "count_area": 173.0, "countline_length": 7 }, "geometry": { "type": "Polygon", "coordinates": [ [ [ 122048.376863329031039, 487807.469361883937381 ], [ 122071.01856669143308, 487793.318297282443382 ], [ 122066.505524467182113, 487786.586980066611432 ], [ 122043.86382110476552, 487800.049614498275332 ], [ 122048.376863329031039, 487807.469361883937381 ] ] ] } },
{ "type": "Feature", "properties": { "sensor": "GASA-04", "time": "2025-08-20T10:45:00+02:00", "count_line": 37, "location": "CSriOosterdokskade", "count_area": 70.0, "countline_length": 7 }, "geometry": { "type": "Polygon", "coordinates": [ [ [ 122048.376863329031039, 487807.469361883937381 ], [ 122071.01856669143308, 487793.318297282443382 ], [ 122066.505524467182113, 487786.586980066611432 ], [ 122043.86382110476552, 487800.049614498275332 ], [ 122048.376863329031039, 487807.469361883937381 ] ] ] } },
{ "type": "Feature", "properties": { "sensor": "GASA-04", "time": "2025-08-20T10:46:00+02:00", "count_line": 37, "location": "CSriOosterdokskade", "count_area": 65.0, "countline_length": 7 }, "geometry": { "type": "Polygon", "coordinates": [ [ [ 122048.376863329031039, 487807.469361883937381 ], [ 122071.01856669143308, 487793.318297282443382 ], [ 122066.505524467182113, 487786.586980066611432 ], [ 122043.86382110476552, 487800.049614498275332 ], [ 122048.376863329031039, 487807.469361883937381 ] ] ] } },
{ "type": "Feature", "properties": { "sensor": "GASA-04", "time": "2025-08-20T10:48:00+02:00", "count_line": 84, "location": "CSriOosterdokskade", "count_area": 154.0, "countline_length": 7 }, "geometry": { "type": "Polygon", "coordinates": [ [ [ 122048.376863329031039, 487807.469361883937381 ], [ 122071.01856669143308, 487793.318297282443382 ], [ 122066.505524467182113, 487786.586980066611432 ], [ 122043.86382110476552, 487800.049614498275332 ], [ 122048.376863329031039, 487807.469361883937381 ] ] ] } },
{ "type": "Feature", "properties": { "sensor": "GASA-04", "time": "2025-08-20T10:50:00+02:00", "count_line": 96, "location": "CSriOosterdokskade", "count_area": 149.0, "countline_length": 7 }, "geometry": { "type": "Polygon", "coordinates": [ [ [ 122048.376863329031039, 487807.469361883937381 ], [ 122071.01856669143308, 487793.318297282443382 ], [ 122066.505524467182113, 487786.586980066611432 ], [ 122043.86382110476552, 487800.049614498275332 ], [ 122048.376863329031039, 487807.469361883937381 ] ] ] } },
{ "type": "Feature", "properties": { "sensor": "GASA-04", "time": "2025-08-20T10:51:00+02:00", "count_line": 32, "location": "CSriOosterdokskade", "count_area": 56.0, "countline_length": 7 }, "geometry": { "type": "Polygon", "coordinates": [ [ [ 122048.376863329031039, 487807.469361883937381 ], [ 122071.01856669143308, 487793.318297282443382 ], [ 122066.505524467182113, 487786.586980066611432 ], [ 122043.86382110476552, 487800.049614498275332 ], [ 122048.376863329031039, 487807.469361883937381 ] ] ] } },
{ "type": "Feature", "properties": { "sensor": "GASA-04", "time": "2025-08-20T10:52:00+02:00", "count_line": 34, "location": "CSriOosterdokskade", "count_area": 62.0, "countline_length": 7 }, "geometry": { "type": "Polygon", "coordinates": [ [ [ 122048.376863329031039, 487807.469361883937381 ], [ 122071.01856669143308, 487793.318297282443382 ], [ 122066.505524467182113, 487786.586980066611432 ], [ 122043.86382110476552, 487800.049614498275332 ], [ 122048.376863329031039, 487807.469361883937381 ] ] ] } },
{ "type": "Feature", "properties": { "sensor": "GASA-04", "time": "2025-08-20T10:54:00+02:00", "count_line": 90, "location": "CSriOosterdokskade", "count_area": 141.0, "countline_length": 7 }, "geometry": { "type": "Polygon", "coordinates": [ [ [ 122048.376863329031039, 487807.469361883937381 ], [ 122071.01856669143308, 487793.318297282443382 ], [ 122066.505524467182113, 487786.586980066611432 ], [ 122043.86382110476552, 487800.049614498275332 ], [ 122048.376863329031039, 487807.469361883937381 ] ] ] } },
{ "type": "Feature", "properties": { "sensor": "GASA-04", "time": "2025-08-20T10:55:00+02:00", "count_line": 28, "location": "CSriOosterdokskade", "count_area": 42.0, "countline_length": 7 }, "geometry": { "type": "Polygon", "coordinates": [ [ [ 122048.376863329031039, 487807.469361883937381 ], [ 122071.01856669143308, 487793.318297282443382 ], [ 122066.505524467182113, 487786.586980066611432 ], [ 122043.86382110476552, 487800.049614498275332 ], [ 122048.376863329031039, 487807.469361883937381 ] ] ] } },
{ "type": "Feature", "properties": { "sensor": "GASA-04", "time": "2025-08-20T10:56:00+02:00", "count_line": 47, "location": "CSriOosterdokskade", "count_area": 80.0, "countline_length": 7 }, "geometry": { "type": "Polygon", "coordinates": [ [ [ 122048.376863329031039, 487807.469361883937381 ], [ 122071.01856669143308, 487793.318297282443382 ], [ 122066.505524467182113, 487786.586980066611432 ], [ 122043.86382110476552, 487800.049614498275332 ], [ 122048.376863329031039, 487807.469361883937381 ] ] ] } },
{ "type": "Feature", "properties": { "sensor": "GASA-04", "time": "2025-08-20T10:58:00+02:00", "count_line": 108, "location": "CSriOosterdokskade", "count_area": 206.0, "countline_length": 7 }, "geometry": { "type": "Polygon", "coordinates": [ [ [ 122048.376863329031039, 487807.469361883937381 ], [ 122071.01856669143308, 487793.318297282443382 ], [ 122066.505524467182113, 487786.586980066611432 ], [ 122043.86382110476552, 487800.049614498275332 ], [ 122048.376863329031039, 487807.469361883937381 ] ] ] } },
{ "type": "Feature", "properties": { "sensor": "GASA-04", "time": "2025-08-20T11:00:00+02:00", "count_line": 88, "location": "CSriOosterdokskade", "count_area": 148.0, "countline_length": 7 }, "geometry": { "type": "Polygon", "coordinates": [ [ [ 122048.376863329031039, 487807.469361883937381 ], [ 122071.01856669143308, 487793.318297282443382 ], [ 122066.505524467182113, 487786.586980066611432 ], [ 122043.86382110476552, 487800.049614498275332 ], [ 122048.376863329031039, 487807.469361883937381 ] ] ] } },
{ "type": "Feature", "properties": { "sensor": "GASA-04", "time": "2025-08-20T11:02:00+02:00", "count_line": 64, "location": "CSriOosterdokskade", "count_area": 103.0, "countline_length": 7 }, "geometry": { "type": "Polygon", "coordinates": [ [ [ 122048.376863329031039, 487807.469361883937381 ], [ 122071.01856669143308, 487793.318297282443382 ], [ 122066.505524467182113, 487786.586980066611432 ], [ 122043.86382110476552, 487800.049614498275332 ], [ 122048.376863329031039, 487807.469361883937381 ] ] ] } },
{ "type": "Feature", "properties": { "sensor": "GASA-04", "time": "2025-08-20T11:04:00+02:00", "count_line": 50, "location": "CSriOosterdokskade", "count_area": 99.0, "countline_length": 7 }, "geometry": { "type": "Polygon", "coordinates": [ [ [ 122048.376863329031039, 487807.469361883937381 ], [ 122071.01856669143308, 487793.318297282443382 ], [ 122066.505524467182113, 487786.586980066611432 ], [ 122043.86382110476552, 487800.049614498275332 ], [ 122048.376863329031039, 487807.469361883937381 ] ] ] } },
{ "type": "Feature", "properties": { "sensor": "GASA-04", "time": "2025-08-20T11:05:00+02:00", "count_line": 15, "location": "CSriOosterdokskade", "count_area": 28.0, "countline_length": 7 }, "geometry": { "type": "Polygon", "coordinates": [ [ [ 122048.376863329031039, 487807.469361883937381 ], [ 122071.01856669143308, 487793.318297282443382 ], [ 122066.505524467182113, 487786.586980066611432 ], [ 122043.86382110476552, 487800.049614498275332 ], [ 122048.376863329031039, 487807.469361883937381 ] ] ] } },
{ "type": "Feature", "properties": { "sensor": "GASA-04", "time": "2025-08-20T11:06:00+02:00", "count_line": 34, "location": "CSriOosterdokskade", "count_area": 53.0, "countline_length": 7 }, "geometry": { "type": "Polygon", "coordinates": [ [ [ 122048.376863329031039, 487807.469361883937381 ], [ 122071.01856669143308, 487793.318297282443382 ], [ 122066.505524467182113, 487786.586980066611432 ], [ 122043.86382110476552, 487800.049614498275332 ], [ 122048.376863329031039, 487807.469361883937381 ] ] ] } },
{ "type": "Feature", "properties": { "sensor": "GASA-04", "time": "2025-08-20T11:08:00+02:00", "count_line": 86, "location": "CSriOosterdokskade", "count_area": 150.0, "countline_length": 7 }, "geometry": { "type": "Polygon", "coordinates": [ [ [ 122048.376863329031039, 487807.469361883937381 ], [ 122071.01856669143308, 487793.318297282443382 ], [ 122066.505524467182113, 487786.586980066611432 ], [ 122043.86382110476552, 487800.049614498275332 ], [ 122048.376863329031039, 487807.469361883937381 ] ] ] } },
{ "type": "Feature", "properties": { "sensor": "GASA-04", "time": "2025-08-20T11:10:00+02:00", "count_line": 108, "location": "CSriOosterdokskade", "count_area": 197.0, "countline_length": 7 }, "geometry": { "type": "Polygon", "coordinates": [ [ [ 122048.376863329031039, 487807.469361883937381 ], [ 122071.01856669143308, 487793.318297282443382 ], [ 122066.505524467182113, 487786.586980066611432 ], [ 122043.86382110476552, 487800.049614498275332 ], [ 122048.376863329031039, 487807.469361883937381 ] ] ] } },
{ "type": "Feature", "properties": { "sensor": "GASA-04", "time": "2025-08-20T11:12:00+02:00", "count_line": 58, "location": "CSriOosterdokskade", "count_area": 112.0, "countline_length": 7 }, "geometry": { "type": "Polygon", "coordinates": [ [ [ 122048.376863329031039, 487807.469361883937381 ], [ 122071.01856669143308, 487793.318297282443382 ], [ 122066.505524467182113, 487786.586980066611432 ], [ 122043.86382110476552, 487800.049614498275332 ], [ 122048.376863329031039, 487807.469361883937381 ] ] ] } },
{ "type": "Feature", "properties": { "sensor": "GASA-04", "time": "2025-08-20T11:14:00+02:00", "count_line": 68, "location": "CSriOosterdokskade", "count_area": 127.0, "countline_length": 7 }, "geometry": { "type": "Polygon", "coordinates": [ [ [ 122048.376863329031039, 487807.469361883937381 ], [ 122071.01856669143308, 487793.318297282443382 ], [ 122066.505524467182113, 487786.586980066611432 ], [ 122043.86382110476552, 487800.049614498275332 ], [ 122048.376863329031039, 487807.469361883937381 ] ] ] } },
{ "type": "Feature", "properties": { "sensor": "GASA-04", "time": "2025-08-20T11:15:00+02:00", "count_line": 23, "location": "CSriOosterdokskade", "count_area": 37.0, "countline_length": 7 }, "geometry": { "type": "Polygon", "coordinates": [ [ [ 122048.376863329031039, 487807.469361883937381 ], [ 122071.01856669143308, 487793.318297282443382 ], [ 122066.505524467182113, 487786.586980066611432 ], [ 122043.86382110476552, 487800.049614498275332 ], [ 122048.376863329031039, 487807.469361883937381 ] ] ] } },
{ "type": "Feature", "properties": { "sensor": "GASA-04", "time": "2025-08-20T11:16:00+02:00", "count_line": 44, "location": "CSriOosterdokskade", "count_area": 83.0, "countline_length": 7 }, "geometry": { "type": "Polygon", "coordinates": [ [ [ 122048.376863329031039, 487807.469361883937381 ], [ 122071.01856669143308, 487793.318297282443382 ], [ 122066.505524467182113, 487786.586980066611432 ], [ 122043.86382110476552, 487800.049614498275332 ], [ 122048.376863329031039, 487807.469361883937381 ] ] ] } },
{ "type": "Feature", "properties": { "sensor": "GASA-04", "time": "2025-08-20T11:18:00+02:00", "count_line": 138, "location": "CSriOosterdokskade", "count_area": 231.0, "countline_length": 7 }, "geometry": { "type": "Polygon", "coordinates": [ [ [ 122048.376863329031039, 487807.469361883937381 ], [ 122071.01856669143308, 487793.318297282443382 ], [ 122066.505524467182113, 487786.586980066611432 ], [ 122043.86382110476552, 487800.049614498275332 ], [ 122048.376863329031039, 487807.469361883937381 ] ] ] } },
{ "type": "Feature", "properties": { "sensor": "GASA-04", "time": "2025-08-20T11:20:00+02:00", "count_line": 86, "location": "CSriOosterdokskade", "count_area": 158.0, "countline_length": 7 }, "geometry": { "type": "Polygon", "coordinates": [ [ [ 122048.376863329031039, 487807.469361883937381 ], [ 122071.01856669143308, 487793.318297282443382 ], [ 122066.505524467182113, 487786.586980066611432 ], [ 122043.86382110476552, 487800.049614498275332 ], [ 122048.376863329031039, 487807.469361883937381 ] ] ] } },
{ "type": "Feature", "properties": { "sensor": "GASA-04", "time": "2025-08-20T11:22:00+02:00", "count_line": 76, "location": "CSriOosterdokskade", "count_area": 144.0, "countline_length": 7 }, "geometry": { "type": "Polygon", "coordinates": [ [ [ 122048.376863329031039, 487807.469361883937381 ], [ 122071.01856669143308, 487793.318297282443382 ], [ 122066.505524467182113, 487786.586980066611432 ], [ 122043.86382110476552, 487800.049614498275332 ], [ 122048.376863329031039, 487807.469361883937381 ] ] ] } },
{ "type": "Feature", "properties": { "sensor": "GASA-04", "time": "2025-08-20T11:24:00+02:00", "count_line": 92, "location": "CSriOosterdokskade", "count_area": 151.0, "countline_length": 7 }, "geometry": { "type": "Polygon", "coordinates": [ [ [ 122048.376863329031039, 487807.469361883937381 ], [ 122071.01856669143308, 487793.318297282443382 ], [ 122066.505524467182113, 487786.586980066611432 ], [ 122043.86382110476552, 487800.049614498275332 ], [ 122048.376863329031039, 487807.469361883937381 ] ] ] } },
{ "type": "Feature", "properties": { "sensor": "GASA-04", "time": "2025-08-20T11:25:00+02:00", "count_line": 41, "location": "CSriOosterdokskade", "count_area": 80.0, "countline_length": 7 }, "geometry": { "type": "Polygon", "coordinates": [ [ [ 122048.376863329031039, 487807.469361883937381 ], [ 122071.01856669143308, 487793.318297282443382 ], [ 122066.505524467182113, 487786.586980066611432 ], [ 122043.86382110476552, 487800.049614498275332 ], [ 122048.376863329031039, 487807.469361883937381 ] ] ] } },
{ "type": "Feature", "properties": { "sensor": "GASA-04", "time": "2025-08-20T11:26:00+02:00", "count_line": 44, "location": "CSriOosterdokskade", "count_area": 72.0, "countline_length": 7 }, "geometry": { "type": "Polygon", "coordinates": [ [ [ 122048.376863329031039, 487807.469361883937381 ], [ 122071.01856669143308, 487793.318297282443382 ], [ 122066.505524467182113, 487786.586980066611432 ], [ 122043.86382110476552, 487800.049614498275332 ], [ 122048.376863329031039, 487807.469361883937381 ] ] ] } },
{ "type": "Feature", "properties": { "sensor": "GASA-04", "time": "2025-08-20T11:28:00+02:00", "count_line": 104, "location": "CSriOosterdokskade", "count_area": 203.0, "countline_length": 7 }, "geometry": { "type": "Polygon", "coordinates": [ [ [ 122048.376863329031039, 487807.469361883937381 ], [ 122071.01856669143308, 487793.318297282443382 ], [ 122066.505524467182113, 487786.586980066611432 ], [ 122043.86382110476552, 487800.049614498275332 ], [ 122048.376863329031039, 487807.469361883937381 ] ] ] } },
{ "type": "Feature", "properties": { "sensor": "GASA-04", "time": "2025-08-20T11:30:00+02:00", "count_line": 132, "location": "CSriOosterdokskade", "count_area": 259.0, "countline_length": 7 }, "geometry": { "type": "Polygon", "coordinates": [ [ [ 122048.376863329031039, 487807.469361883937381 ], [ 122071.01856669143308, 487793.318297282443382 ], [ 122066.505524467182113, 487786.586980066611432 ], [ 122043.86382110476552, 487800.049614498275332 ], [ 122048.376863329031039, 487807.469361883937381 ] ] ] } },
{ "type": "Feature", "properties": { "sensor": "GASA-04", "time": "2025-08-20T11:32:00+02:00", "count_line": 66, "location": "CSriOosterdokskade", "count_area": 106.0, "countline_length": 7 }, "geometry": { "type": "Polygon", "coordinates": [ [ [ 122048.376863329031039, 487807.469361883937381 ], [ 122071.01856669143308, 487793.318297282443382 ], [ 122066.505524467182113, 487786.586980066611432 ], [ 122043.86382110476552, 487800.049614498275332 ], [ 122048.376863329031039, 487807.469361883937381 ] ] ] } },
{ "type": "Feature", "properties": { "sensor": "GASA-04", "time": "2025-08-20T11:34:00+02:00", "count_line": 56, "location": "CSriOosterdokskade", "count_area": 108.0, "countline_length": 7 }, "geometry": { "type": "Polygon", "coordinates": [ [ [ 122048.376863329031039, 487807.469361883937381 ], [ 122071.01856669143308, 487793.318297282443382 ], [ 122066.505524467182113, 487786.586980066611432 ], [ 122043.86382110476552, 487800.049614498275332 ], [ 122048.376863329031039, 487807.469361883937381 ] ] ] } },
{ "type": "Feature", "properties": { "sensor": "GASA-04", "time": "2025-08-20T11:36:00+02:00", "count_line": 98, "location": "CSriOosterdokskade", "count_area": 158.0, "countline_length": 7 }, "geometry": { "type": "Polygon", "coordinates": [ [ [ 122048.376863329031039, 487807.469361883937381 ], [ 122071.01856669143308, 487793.318297282443382 ], [ 122066.505524467182113, 487786.586980066611432 ], [ 122043.86382110476552, 487800.049614498275332 ], [ 122048.376863329031039, 487807.469361883937381 ] ] ] } },
{ "type": "Feature", "properties": { "sensor": "GASA-04", "time": "2025-08-20T11:38:00+02:00", "count_line": 48, "location": "CSriOosterdokskade", "count_area": 86.0, "countline_length": 7 }, "geometry": { "type": "Polygon", "coordinates": [ [ [ 122048.376863329031039, 487807.469361883937381 ], [ 122071.01856669143308, 487793.318297282443382 ], [ 122066.505524467182113, 487786.586980066611432 ], [ 122043.86382110476552, 487800.049614498275332 ], [ 122048.376863329031039, 487807.469361883937381 ] ] ] } },
{ "type": "Feature", "properties": { "sensor": "GASA-04", "time": "2025-08-20T11:40:00+02:00", "count_line": 128, "location": "CSriOosterdokskade", "count_area": 242.0, "countline_length": 7 }, "geometry": { "type": "Polygon", "coordinates": [ [ [ 122048.376863329031039, 487807.469361883937381 ], [ 122071.01856669143308, 487793.318297282443382 ], [ 122066.505524467182113, 487786.586980066611432 ], [ 122043.86382110476552, 487800.049614498275332 ], [ 122048.376863329031039, 487807.469361883937381 ] ] ] } },
{ "type": "Feature", "properties": { "sensor": "GASA-04", "time": "2025-08-20T11:42:00+02:00", "count_line": 126, "location": "CSriOosterdokskade", "count_area": 197.0, "countline_length": 7 }, "geometry": { "type": "Polygon", "coordinates": [ [ [ 122048.376863329031039, 487807.469361883937381 ], [ 122071.01856669143308, 487793.318297282443382 ], [ 122066.505524467182113, 487786.586980066611432 ], [ 122043.86382110476552, 487800.049614498275332 ], [ 122048.376863329031039, 487807.469361883937381 ] ] ] } },
{ "type": "Feature", "properties": { "sensor": "GASA-04", "time": "2025-08-20T11:44:00+02:00", "count_line": 58, "location": "CSriOosterdokskade", "count_area": 90.0, "countline_length": 7 }, "geometry": { "type": "Polygon", "coordinates": [ [ [ 122048.376863329031039, 487807.469361883937381 ], [ 122071.01856669143308, 487793.318297282443382 ], [ 122066.505524467182113, 487786.586980066611432 ], [ 122043.86382110476552, 487800.049614498275332 ], [ 122048.376863329031039, 487807.469361883937381 ] ] ] } },
{ "type": "Feature", "properties": { "sensor": "GASA-04", "time": "2025-08-20T11:46:00+02:00", "count_line": 98, "location": "CSriOosterdokskade", "count_area": 189.0, "countline_length": 7 }, "geometry": { "type": "Polygon", "coordinates": [ [ [ 122048.376863329031039, 487807.469361883937381 ], [ 122071.01856669143308, 487793.318297282443382 ], [ 122066.505524467182113, 487786.586980066611432 ], [ 122043.86382110476552, 487800.049614498275332 ], [ 122048.376863329031039, 487807.469361883937381 ] ] ] } },
{ "type": "Feature", "properties": { "sensor": "GASA-04", "time": "2025-08-20T11:48:00+02:00", "count_line": 72, "location": "CSriOosterdokskade", "count_area": 120.0, "countline_length": 7 }, "geometry": { "type": "Polygon", "coordinates": [ [ [ 122048.376863329031039, 487807.469361883937381 ], [ 122071.01856669143308, 487793.318297282443382 ], [ 122066.505524467182113, 487786.586980066611432 ], [ 122043.86382110476552, 487800.049614498275332 ], [ 122048.376863329031039, 487807.469361883937381 ] ] ] } },
{ "type": "Feature", "properties": { "sensor": "GASA-04", "time": "2025-08-20T11:50:00+02:00", "count_line": 92, "location": "CSriOosterdokskade", "count_area": 163.0, "countline_length": 7 }, "geometry": { "type": "Polygon", "coordinates": [ [ [ 122048.376863329031039, 487807.469361883937381 ], [ 122071.01856669143308, 487793.318297282443382 ], [ 122066.505524467182113, 487786.586980066611432 ], [ 122043.86382110476552, 487800.049614498275332 ], [ 122048.376863329031039, 487807.469361883937381 ] ] ] } },
{ "type": "Feature", "properties": { "sensor": "GASA-04", "time": "2025-08-20T11:52:00+02:00", "count_line": 84, "location": "CSriOosterdokskade", "count_area": 162.0, "countline_length": 7 }, "geometry": { "type": "Polygon", "coordinates": [ [ [ 122048.376863329031039, 487807.469361883937381 ], [ 122071.01856669143308, 487793.318297282443382 ], [ 122066.505524467182113, 487786.586980066611432 ], [ 122043.86382110476552, 487800.049614498275332 ], [ 122048.376863329031039, 487807.469361883937381 ] ] ] } },
{ "type": "Feature", "properties": { "sensor": "GASA-04", "time": "2025-08-20T11:54:00+02:00", "count_line": 78, "location": "CSriOosterdokskade", "count_area": 142.0, "countline_length": 7 }, "geometry": { "type": "Polygon", "coordinates": [ [ [ 122048.376863329031039, 487807.469361883937381 ], [ 122071.01856669143308, 487793.318297282443382 ], [ 122066.505524467182113, 487786.586980066611432 ], [ 122043.86382110476552, 487800.049614498275332 ], [ 122048.376863329031039, 487807.469361883937381 ] ] ] } },
{ "type": "Feature", "properties": { "sensor": "GASA-04", "time": "2025-08-20T11:56:00+02:00", "count_line": 116, "location": "CSriOosterdokskade", "count_area": 194.0, "countline_length": 7 }, "geometry": { "type": "Polygon", "coordinates": [ [ [ 122048.376863329031039, 487807.469361883937381 ], [ 122071.01856669143308, 487793.318297282443382 ], [ 122066.505524467182113, 487786.586980066611432 ], [ 122043.86382110476552, 487800.049614498275332 ], [ 122048.376863329031039, 487807.469361883937381 ] ] ] } },
{ "type": "Feature", "properties": { "sensor": "GASA-04", "time": "2025-08-20T11:58:00+02:00", "count_line": 66, "location": "CSriOosterdokskade", "count_area": 115.0, "countline_length": 7 }, "geometry": { "type": "Polygon", "coordinates": [ [ [ 122048.376863329031039, 487807.469361883937381 ], [ 122071.01856669143308, 487793.318297282443382 ], [ 122066.505524467182113, 487786.586980066611432 ], [ 122043.86382110476552, 487800.049614498275332 ], [ 122048.376863329031039, 487807.469361883937381 ] ] ] } },
{ "type": "Feature", "properties": { "sensor": "GASA-04", "time": "2025-08-20T12:00:00+02:00", "count_line": 104, "location": "CSriOosterdokskade", "count_area": 160.0, "countline_length": 7 }, "geometry": { "type": "Polygon", "coordinates": [ [ [ 122048.376863329031039, 487807.469361883937381 ], [ 122071.01856669143308, 487793.318297282443382 ], [ 122066.505524467182113, 487786.586980066611432 ], [ 122043.86382110476552, 487800.049614498275332 ], [ 122048.376863329031039, 487807.469361883937381 ] ] ] } },
{ "type": "Feature", "properties": { "sensor": "GASA-04", "time": "2025-08-20T12:02:00+02:00", "count_line": 96, "location": "CSriOosterdokskade", "count_area": 180.0, "countline_length": 7 }, "geometry": { "type": "Polygon", "coordinates": [ [ [ 122048.376863329031039, 487807.469361883937381 ], [ 122071.01856669143308, 487793.318297282443382 ], [ 122066.505524467182113, 487786.586980066611432 ], [ 122043.86382110476552, 487800.049614498275332 ], [ 122048.376863329031039, 487807.469361883937381 ] ] ] } },
{ "type": "Feature", "properties": { "sensor": "GASA-04", "time": "2025-08-20T12:04:00+02:00", "count_line": 100, "location": "CSriOosterdokskade", "count_area": 152.0, "countline_length": 7 }, "geometry": { "type": "Polygon", "coordinates": [ [ [ 122048.376863329031039, 487807.469361883937381 ], [ 122071.01856669143308, 487793.318297282443382 ], [ 122066.505524467182113, 487786.586980066611432 ], [ 122043.86382110476552, 487800.049614498275332 ], [ 122048.376863329031039, 487807.469361883937381 ] ] ] } },
{ "type": "Feature", "properties": { "sensor": "GASA-04", "time": "2025-08-20T12:06:00+02:00", "count_line": 64, "location": "CSriOosterdokskade", "count_area": 109.0, "countline_length": 7 }, "geometry": { "type": "Polygon", "coordinates": [ [ [ 122048.376863329031039, 487807.469361883937381 ], [ 122071.01856669143308, 487793.318297282443382 ], [ 122066.505524467182113, 487786.586980066611432 ], [ 122043.86382110476552, 487800.049614498275332 ], [ 122048.376863329031039, 487807.469361883937381 ] ] ] } },
{ "type": "Feature", "properties": { "sensor": "GASA-04", "time": "2025-08-20T12:08:00+02:00", "count_line": 100, "location": "CSriOosterdokskade", "count_area": 159.0, "countline_length": 7 }, "geometry": { "type": "Polygon", "coordinates": [ [ [ 122048.376863329031039, 487807.469361883937381 ], [ 122071.01856669143308, 487793.318297282443382 ], [ 122066.505524467182113, 487786.586980066611432 ], [ 122043.86382110476552, 487800.049614498275332 ], [ 122048.376863329031039, 487807.469361883937381 ] ] ] } },
{ "type": "Feature", "properties": { "sensor": "GASA-04", "time": "2025-08-20T12:10:00+02:00", "count_line": 56, "location": "CSriOosterdokskade", "count_area": 95.0, "countline_length": 7 }, "geometry": { "type": "Polygon", "coordinates": [ [ [ 122048.376863329031039, 487807.469361883937381 ], [ 122071.01856669143308, 487793.318297282443382 ], [ 122066.505524467182113, 487786.586980066611432 ], [ 122043.86382110476552, 487800.049614498275332 ], [ 122048.376863329031039, 487807.469361883937381 ] ] ] } },
{ "type": "Feature", "properties": { "sensor": "GASA-04", "time": "2025-08-20T12:12:00+02:00", "count_line": 84, "location": "CSriOosterdokskade", "count_area": 144.0, "countline_length": 7 }, "geometry": { "type": "Polygon", "coordinates": [ [ [ 122048.376863329031039, 487807.469361883937381 ], [ 122071.01856669143308, 487793.318297282443382 ], [ 122066.505524467182113, 487786.586980066611432 ], [ 122043.86382110476552, 487800.049614498275332 ], [ 122048.376863329031039, 487807.469361883937381 ] ] ] } },
{ "type": "Feature", "properties": { "sensor": "GASA-04", "time": "2025-08-20T12:14:00+02:00", "count_line": 124, "location": "CSriOosterdokskade", "count_area": 203.0, "countline_length": 7 }, "geometry": { "type": "Polygon", "coordinates": [ [ [ 122048.376863329031039, 487807.469361883937381 ], [ 122071.01856669143308, 487793.318297282443382 ], [ 122066.505524467182113, 487786.586980066611432 ], [ 122043.86382110476552, 487800.049614498275332 ], [ 122048.376863329031039, 487807.469361883937381 ] ] ] } },
{ "type": "Feature", "properties": { "sensor": "GASA-04", "time": "2025-08-20T12:16:00+02:00", "count_line": 98, "location": "CSriOosterdokskade", "count_area": 171.0, "countline_length": 7 }, "geometry": { "type": "Polygon", "coordinates": [ [ [ 122048.376863329031039, 487807.469361883937381 ], [ 122071.01856669143308, 487793.318297282443382 ], [ 122066.505524467182113, 487786.586980066611432 ], [ 122043.86382110476552, 487800.049614498275332 ], [ 122048.376863329031039, 487807.469361883937381 ] ] ] } },
{ "type": "Feature", "properties": { "sensor": "GASA-04", "time": "2025-08-20T12:18:00+02:00", "count_line": 100, "location": "CSriOosterdokskade", "count_area": 199.0, "countline_length": 7 }, "geometry": { "type": "Polygon", "coordinates": [ [ [ 122048.376863329031039, 487807.469361883937381 ], [ 122071.01856669143308, 487793.318297282443382 ], [ 122066.505524467182113, 487786.586980066611432 ], [ 122043.86382110476552, 487800.049614498275332 ], [ 122048.376863329031039, 487807.469361883937381 ] ] ] } },
{ "type": "Feature", "properties": { "sensor": "GASA-04", "time": "2025-08-20T12:20:00+02:00", "count_line": 66, "location": "CSriOosterdokskade", "count_area": 116.0, "countline_length": 7 }, "geometry": { "type": "Polygon", "coordinates": [ [ [ 122048.376863329031039, 487807.469361883937381 ], [ 122071.01856669143308, 487793.318297282443382 ], [ 122066.505524467182113, 487786.586980066611432 ], [ 122043.86382110476552, 487800.049614498275332 ], [ 122048.376863329031039, 487807.469361883937381 ] ] ] } },
{ "type": "Feature", "properties": { "sensor": "GASA-04", "time": "2025-08-20T12:22:00+02:00", "count_line": 98, "location": "CSriOosterdokskade", "count_area": 192.0, "countline_length": 7 }, "geometry": { "type": "Polygon", "coordinates": [ [ [ 122048.376863329031039, 487807.469361883937381 ], [ 122071.01856669143308, 487793.318297282443382 ], [ 122066.505524467182113, 487786.586980066611432 ], [ 122043.86382110476552, 487800.049614498275332 ], [ 122048.376863329031039, 487807.469361883937381 ] ] ] } },
{ "type": "Feature", "properties": { "sensor": "GASA-04", "time": "2025-08-20T12:24:00+02:00", "count_line": 66, "location": "CSriOosterdokskade", "count_area": 128.0, "countline_length": 7 }, "geometry": { "type": "Polygon", "coordinates": [ [ [ 122048.376863329031039, 487807.469361883937381 ], [ 122071.01856669143308, 487793.318297282443382 ], [ 122066.505524467182113, 487786.586980066611432 ], [ 122043.86382110476552, 487800.049614498275332 ], [ 122048.376863329031039, 487807.469361883937381 ] ] ] } },
{ "type": "Feature", "properties": { "sensor": "GASA-04", "time": "2025-08-20T12:26:00+02:00", "count_line": 118, "location": "CSriOosterdokskade", "count_area": 230.0, "countline_length": 7 }, "geometry": { "type": "Polygon", "coordinates": [ [ [ 122048.376863329031039, 487807.469361883937381 ], [ 122071.01856669143308, 487793.318297282443382 ], [ 122066.505524467182113, 487786.586980066611432 ], [ 122043.86382110476552, 487800.049614498275332 ], [ 122048.376863329031039, 487807.469361883937381 ] ] ] } },
{ "type": "Feature", "properties": { "sensor": "GASA-04", "time": "2025-08-20T12:28:00+02:00", "count_line": 88, "location": "CSriOosterdokskade", "count_area": 148.0, "countline_length": 7 }, "geometry": { "type": "Polygon", "coordinates": [ [ [ 122048.376863329031039, 487807.469361883937381 ], [ 122071.01856669143308, 487793.318297282443382 ], [ 122066.505524467182113, 487786.586980066611432 ], [ 122043.86382110476552, 487800.049614498275332 ], [ 122048.376863329031039, 487807.469361883937381 ] ] ] } },
{ "type": "Feature", "properties": { "sensor": "GASA-04", "time": "2025-08-20T12:30:00+02:00", "count_line": 158, "location": "CSriOosterdokskade", "count_area": 267.0, "countline_length": 7 }, "geometry": { "type": "Polygon", "coordinates": [ [ [ 122048.376863329031039, 487807.469361883937381 ], [ 122071.01856669143308, 487793.318297282443382 ], [ 122066.505524467182113, 487786.586980066611432 ], [ 122043.86382110476552, 487800.049614498275332 ], [ 122048.376863329031039, 487807.469361883937381 ] ] ] } },
{ "type": "Feature", "properties": { "sensor": "GASA-04", "time": "2025-08-20T12:32:00+02:00", "count_line": 62, "location": "CSriOosterdokskade", "count_area": 119.0, "countline_length": 7 }, "geometry": { "type": "Polygon", "coordinates": [ [ [ 122048.376863329031039, 487807.469361883937381 ], [ 122071.01856669143308, 487793.318297282443382 ], [ 122066.505524467182113, 487786.586980066611432 ], [ 122043.86382110476552, 487800.049614498275332 ], [ 122048.376863329031039, 487807.469361883937381 ] ] ] } },
{ "type": "Feature", "properties": { "sensor": "GASA-04", "time": "2025-08-20T12:34:00+02:00", "count_line": 100, "location": "CSriOosterdokskade", "count_area": 194.0, "countline_length": 7 }, "geometry": { "type": "Polygon", "coordinates": [ [ [ 122048.376863329031039, 487807.469361883937381 ], [ 122071.01856669143308, 487793.318297282443382 ], [ 122066.505524467182113, 487786.586980066611432 ], [ 122043.86382110476552, 487800.049614498275332 ], [ 122048.376863329031039, 487807.469361883937381 ] ] ] } },
{ "type": "Feature", "properties": { "sensor": "GASA-04", "time": "2025-08-20T12:36:00+02:00", "count_line": 76, "location": "CSriOosterdokskade", "count_area": 137.0, "countline_length": 7 }, "geometry": { "type": "Polygon", "coordinates": [ [ [ 122048.376863329031039, 487807.469361883937381 ], [ 122071.01856669143308, 487793.318297282443382 ], [ 122066.505524467182113, 487786.586980066611432 ], [ 122043.86382110476552, 487800.049614498275332 ], [ 122048.376863329031039, 487807.469361883937381 ] ] ] } },
{ "type": "Feature", "properties": { "sensor": "GASA-04", "time": "2025-08-20T12:38:00+02:00", "count_line": 128, "location": "CSriOosterdokskade", "count_area": 196.0, "countline_length": 7 }, "geometry": { "type": "Polygon", "coordinates": [ [ [ 122048.376863329031039, 487807.469361883937381 ], [ 122071.01856669143308, 487793.318297282443382 ], [ 122066.505524467182113, 487786.586980066611432 ], [ 122043.86382110476552, 487800.049614498275332 ], [ 122048.376863329031039, 487807.469361883937381 ] ] ] } },
{ "type": "Feature", "properties": { "sensor": "GASA-04", "time": "2025-08-20T12:40:00+02:00", "count_line": 108, "location": "CSriOosterdokskade", "count_area": 182.0, "countline_length": 7 }, "geometry": { "type": "Polygon", "coordinates": [ [ [ 122048.376863329031039, 487807.469361883937381 ], [ 122071.01856669143308, 487793.318297282443382 ], [ 122066.505524467182113, 487786.586980066611432 ], [ 122043.86382110476552, 487800.049614498275332 ], [ 122048.376863329031039, 487807.469361883937381 ] ] ] } },
{ "type": "Feature", "properties": { "sensor": "GASA-04", "time": "2025-08-20T12:42:00+02:00", "count_line": 144, "location": "CSriOosterdokskade", "count_area": 239.0, "countline_length": 7 }, "geometry": { "type": "Polygon", "coordinates": [ [ [ 122048.376863329031039, 487807.469361883937381 ], [ 122071.01856669143308, 487793.318297282443382 ], [ 122066.505524467182113, 487786.586980066611432 ], [ 122043.86382110476552, 487800.049614498275332 ], [ 122048.376863329031039, 487807.469361883937381 ] ] ] } },
{ "type": "Feature", "properties": { "sensor": "GASA-04", "time": "2025-08-20T12:44:00+02:00", "count_line": 96, "location": "CSriOosterdokskade", "count_area": 169.0, "countline_length": 7 }, "geometry": { "type": "Polygon", "coordinates": [ [ [ 122048.376863329031039, 487807.469361883937381 ], [ 122071.01856669143308, 487793.318297282443382 ], [ 122066.505524467182113, 487786.586980066611432 ], [ 122043.86382110476552, 487800.049614498275332 ], [ 122048.376863329031039, 487807.469361883937381 ] ] ] } },
{ "type": "Feature", "properties": { "sensor": "GASA-04", "time": "2025-08-20T12:46:00+02:00", "count_line": 86, "location": "CSriOosterdokskade", "count_area": 143.0, "countline_length": 7 }, "geometry": { "type": "Polygon", "coordinates": [ [ [ 122048.376863329031039, 487807.469361883937381 ], [ 122071.01856669143308, 487793.318297282443382 ], [ 122066.505524467182113, 487786.586980066611432 ], [ 122043.86382110476552, 487800.049614498275332 ], [ 122048.376863329031039, 487807.469361883937381 ] ] ] } },
{ "type": "Feature", "properties": { "sensor": "GASA-04", "time": "2025-08-20T12:48:00+02:00", "count_line": 84, "location": "CSriOosterdokskade", "count_area": 153.0, "countline_length": 7 }, "geometry": { "type": "Polygon", "coordinates": [ [ [ 122048.376863329031039, 487807.469361883937381 ], [ 122071.01856669143308, 487793.318297282443382 ], [ 122066.505524467182113, 487786.586980066611432 ], [ 122043.86382110476552, 487800.049614498275332 ], [ 122048.376863329031039, 487807.469361883937381 ] ] ] } },
{ "type": "Feature", "properties": { "sensor": "GASA-04", "time": "2025-08-20T12:50:00+02:00", "count_line": 84, "location": "CSriOosterdokskade", "count_area": 146.0, "countline_length": 7 }, "geometry": { "type": "Polygon", "coordinates": [ [ [ 122048.376863329031039, 487807.469361883937381 ], [ 122071.01856669143308, 487793.318297282443382 ], [ 122066.505524467182113, 487786.586980066611432 ], [ 122043.86382110476552, 487800.049614498275332 ], [ 122048.376863329031039, 487807.469361883937381 ] ] ] } },
{ "type": "Feature", "properties": { "sensor": "GASA-04", "time": "2025-08-20T12:52:00+02:00", "count_line": 90, "location": "CSriOosterdokskade", "count_area": 165.0, "countline_length": 7 }, "geometry": { "type": "Polygon", "coordinates": [ [ [ 122048.376863329031039, 487807.469361883937381 ], [ 122071.01856669143308, 487793.318297282443382 ], [ 122066.505524467182113, 487786.586980066611432 ], [ 122043.86382110476552, 487800.049614498275332 ], [ 122048.376863329031039, 487807.469361883937381 ] ] ] } },
{ "type": "Feature", "properties": { "sensor": "GASA-04", "time": "2025-08-20T12:54:00+02:00", "count_line": 38, "location": "CSriOosterdokskade", "count_area": 74.0, "countline_length": 7 }, "geometry": { "type": "Polygon", "coordinates": [ [ [ 122048.376863329031039, 487807.469361883937381 ], [ 122071.01856669143308, 487793.318297282443382 ], [ 122066.505524467182113, 487786.586980066611432 ], [ 122043.86382110476552, 487800.049614498275332 ], [ 122048.376863329031039, 487807.469361883937381 ] ] ] } },
{ "type": "Feature", "properties": { "sensor": "GASA-04", "time": "2025-08-20T12:56:00+02:00", "count_line": 48, "location": "CSriOosterdokskade", "count_area": 92.0, "countline_length": 7 }, "geometry": { "type": "Polygon", "coordinates": [ [ [ 122048.376863329031039, 487807.469361883937381 ], [ 122071.01856669143308, 487793.318297282443382 ], [ 122066.505524467182113, 487786.586980066611432 ], [ 122043.86382110476552, 487800.049614498275332 ], [ 122048.376863329031039, 487807.469361883937381 ] ] ] } },
{ "type": "Feature", "properties": { "sensor": "GASA-04", "time": "2025-08-20T12:58:00+02:00", "count_line": 104, "location": "CSriOosterdokskade", "count_area": 190.0, "countline_length": 7 }, "geometry": { "type": "Polygon", "coordinates": [ [ [ 122048.376863329031039, 487807.469361883937381 ], [ 122071.01856669143308, 487793.318297282443382 ], [ 122066.505524467182113, 487786.586980066611432 ], [ 122043.86382110476552, 487800.049614498275332 ], [ 122048.376863329031039, 487807.469361883937381 ] ] ] } },
{ "type": "Feature", "properties": { "sensor": "GASA-04", "time": "2025-08-20T13:00:00+02:00", "count_line": 130, "location": "CSriOosterdokskade", "count_area": 204.0, "countline_length": 7 }, "geometry": { "type": "Polygon", "coordinates": [ [ [ 122048.376863329031039, 487807.469361883937381 ], [ 122071.01856669143308, 487793.318297282443382 ], [ 122066.505524467182113, 487786.586980066611432 ], [ 122043.86382110476552, 487800.049614498275332 ], [ 122048.376863329031039, 487807.469361883937381 ] ] ] } },
{ "type": "Feature", "properties": { "sensor": "GASA-04", "time": "2025-08-20T13:02:00+02:00", "count_line": 124, "location": "CSriOosterdokskade", "count_area": 214.0, "countline_length": 7 }, "geometry": { "type": "Polygon", "coordinates": [ [ [ 122048.376863329031039, 487807.469361883937381 ], [ 122071.01856669143308, 487793.318297282443382 ], [ 122066.505524467182113, 487786.586980066611432 ], [ 122043.86382110476552, 487800.049614498275332 ], [ 122048.376863329031039, 487807.469361883937381 ] ] ] } },
{ "type": "Feature", "properties": { "sensor": "GASA-04", "time": "2025-08-20T13:04:00+02:00", "count_line": 61, "location": "CSriOosterdokskade", "count_area": 112.0, "countline_length": 7 }, "geometry": { "type": "Polygon", "coordinates": [ [ [ 122048.376863329031039, 487807.469361883937381 ], [ 122071.01856669143308, 487793.318297282443382 ], [ 122066.505524467182113, 487786.586980066611432 ], [ 122043.86382110476552, 487800.049614498275332 ], [ 122048.376863329031039, 487807.469361883937381 ] ] ] } },
{ "type": "Feature", "properties": { "sensor": "GASA-04", "time": "2025-08-20T13:06:00+02:00", "count_line": 70, "location": "CSriOosterdokskade", "count_area": 117.0, "countline_length": 7 }, "geometry": { "type": "Polygon", "coordinates": [ [ [ 122048.376863329031039, 487807.469361883937381 ], [ 122071.01856669143308, 487793.318297282443382 ], [ 122066.505524467182113, 487786.586980066611432 ], [ 122043.86382110476552, 487800.049614498275332 ], [ 122048.376863329031039, 487807.469361883937381 ] ] ] } },
{ "type": "Feature", "properties": { "sensor": "GASA-04", "time": "2025-08-20T13:08:00+02:00", "count_line": 100, "location": "CSriOosterdokskade", "count_area": 165.0, "countline_length": 7 }, "geometry": { "type": "Polygon", "coordinates": [ [ [ 122048.376863329031039, 487807.469361883937381 ], [ 122071.01856669143308, 487793.318297282443382 ], [ 122066.505524467182113, 487786.586980066611432 ], [ 122043.86382110476552, 487800.049614498275332 ], [ 122048.376863329031039, 487807.469361883937381 ] ] ] } },
{ "type": "Feature", "properties": { "sensor": "GASA-04", "time": "2025-08-20T13:10:00+02:00", "count_line": 46, "location": "CSriOosterdokskade", "count_area": 84.0, "countline_length": 7 }, "geometry": { "type": "Polygon", "coordinates": [ [ [ 122048.376863329031039, 487807.469361883937381 ], [ 122071.01856669143308, 487793.318297282443382 ], [ 122066.505524467182113, 487786.586980066611432 ], [ 122043.86382110476552, 487800.049614498275332 ], [ 122048.376863329031039, 487807.469361883937381 ] ] ] } },
{ "type": "Feature", "properties": { "sensor": "GASA-04", "time": "2025-08-20T13:12:00+02:00", "count_line": 108, "location": "CSriOosterdokskade", "count_area": 173.0, "countline_length": 7 }, "geometry": { "type": "Polygon", "coordinates": [ [ [ 122048.376863329031039, 487807.469361883937381 ], [ 122071.01856669143308, 487793.318297282443382 ], [ 122066.505524467182113, 487786.586980066611432 ], [ 122043.86382110476552, 487800.049614498275332 ], [ 122048.376863329031039, 487807.469361883937381 ] ] ] } },
{ "type": "Feature", "properties": { "sensor": "GASA-04", "time": "2025-08-20T13:14:00+02:00", "count_line": 171, "location": "CSriOosterdokskade", "count_area": 326.0, "countline_length": 7 }, "geometry": { "type": "Polygon", "coordinates": [ [ [ 122048.376863329031039, 487807.469361883937381 ], [ 122071.01856669143308, 487793.318297282443382 ], [ 122066.505524467182113, 487786.586980066611432 ], [ 122043.86382110476552, 487800.049614498275332 ], [ 122048.376863329031039, 487807.469361883937381 ] ] ] } },
{ "type": "Feature", "properties": { "sensor": "GASA-04", "time": "2025-08-20T13:16:00+02:00", "count_line": 90, "location": "CSriOosterdokskade", "count_area": 156.0, "countline_length": 7 }, "geometry": { "type": "Polygon", "coordinates": [ [ [ 122048.376863329031039, 487807.469361883937381 ], [ 122071.01856669143308, 487793.318297282443382 ], [ 122066.505524467182113, 487786.586980066611432 ], [ 122043.86382110476552, 487800.049614498275332 ], [ 122048.376863329031039, 487807.469361883937381 ] ] ] } },
{ "type": "Feature", "properties": { "sensor": "GASA-04", "time": "2025-08-20T13:18:00+02:00", "count_line": 134, "location": "CSriOosterdokskade", "count_area": 261.0, "countline_length": 7 }, "geometry": { "type": "Polygon", "coordinates": [ [ [ 122048.376863329031039, 487807.469361883937381 ], [ 122071.01856669143308, 487793.318297282443382 ], [ 122066.505524467182113, 487786.586980066611432 ], [ 122043.86382110476552, 487800.049614498275332 ], [ 122048.376863329031039, 487807.469361883937381 ] ] ] } },
{ "type": "Feature", "properties": { "sensor": "GASA-04", "time": "2025-08-20T13:20:00+02:00", "count_line": 106, "location": "CSriOosterdokskade", "count_area": 195.0, "countline_length": 7 }, "geometry": { "type": "Polygon", "coordinates": [ [ [ 122048.376863329031039, 487807.469361883937381 ], [ 122071.01856669143308, 487793.318297282443382 ], [ 122066.505524467182113, 487786.586980066611432 ], [ 122043.86382110476552, 487800.049614498275332 ], [ 122048.376863329031039, 487807.469361883937381 ] ] ] } },
{ "type": "Feature", "properties": { "sensor": "GASA-04", "time": "2025-08-20T13:22:00+02:00", "count_line": 49, "location": "CSriOosterdokskade", "count_area": 87.0, "countline_length": 7 }, "geometry": { "type": "Polygon", "coordinates": [ [ [ 122048.376863329031039, 487807.469361883937381 ], [ 122071.01856669143308, 487793.318297282443382 ], [ 122066.505524467182113, 487786.586980066611432 ], [ 122043.86382110476552, 487800.049614498275332 ], [ 122048.376863329031039, 487807.469361883937381 ] ] ] } },
{ "type": "Feature", "properties": { "sensor": "GASA-04", "time": "2025-08-20T13:24:00+02:00", "count_line": 63, "location": "CSriOosterdokskade", "count_area": 125.0, "countline_length": 7 }, "geometry": { "type": "Polygon", "coordinates": [ [ [ 122048.376863329031039, 487807.469361883937381 ], [ 122071.01856669143308, 487793.318297282443382 ], [ 122066.505524467182113, 487786.586980066611432 ], [ 122043.86382110476552, 487800.049614498275332 ], [ 122048.376863329031039, 487807.469361883937381 ] ] ] } },
{ "type": "Feature", "properties": { "sensor": "GASA-04", "time": "2025-08-20T13:26:00+02:00", "count_line": 136, "location": "CSriOosterdokskade", "count_area": 220.0, "countline_length": 7 }, "geometry": { "type": "Polygon", "coordinates": [ [ [ 122048.376863329031039, 487807.469361883937381 ], [ 122071.01856669143308, 487793.318297282443382 ], [ 122066.505524467182113, 487786.586980066611432 ], [ 122043.86382110476552, 487800.049614498275332 ], [ 122048.376863329031039, 487807.469361883937381 ] ] ] } },
{ "type": "Feature", "properties": { "sensor": "GASA-04", "time": "2025-08-20T13:28:00+02:00", "count_line": 108, "location": "CSriOosterdokskade", "count_area": 163.0, "countline_length": 7 }, "geometry": { "type": "Polygon", "coordinates": [ [ [ 122048.376863329031039, 487807.469361883937381 ], [ 122071.01856669143308, 487793.318297282443382 ], [ 122066.505524467182113, 487786.586980066611432 ], [ 122043.86382110476552, 487800.049614498275332 ], [ 122048.376863329031039, 487807.469361883937381 ] ] ] } },
{ "type": "Feature", "properties": { "sensor": "GASA-04", "time": "2025-08-20T13:30:00+02:00", "count_line": 41, "location": "CSriOosterdokskade", "count_area": 79.0, "countline_length": 7 }, "geometry": { "type": "Polygon", "coordinates": [ [ [ 122048.376863329031039, 487807.469361883937381 ], [ 122071.01856669143308, 487793.318297282443382 ], [ 122066.505524467182113, 487786.586980066611432 ], [ 122043.86382110476552, 487800.049614498275332 ], [ 122048.376863329031039, 487807.469361883937381 ] ] ] } },
{ "type": "Feature", "properties": { "sensor": "GASA-04", "time": "2025-08-20T13:32:00+02:00", "count_line": 108, "location": "CSriOosterdokskade", "count_area": 184.0, "countline_length": 7 }, "geometry": { "type": "Polygon", "coordinates": [ [ [ 122048.376863329031039, 487807.469361883937381 ], [ 122071.01856669143308, 487793.318297282443382 ], [ 122066.505524467182113, 487786.586980066611432 ], [ 122043.86382110476552, 487800.049614498275332 ], [ 122048.376863329031039, 487807.469361883937381 ] ] ] } },
{ "type": "Feature", "properties": { "sensor": "GASA-04", "time": "2025-08-20T13:34:00+02:00", "count_line": 38, "location": "CSriOosterdokskade", "count_area": 74.0, "countline_length": 7 }, "geometry": { "type": "Polygon", "coordinates": [ [ [ 122048.376863329031039, 487807.469361883937381 ], [ 122071.01856669143308, 487793.318297282443382 ], [ 122066.505524467182113, 487786.586980066611432 ], [ 122043.86382110476552, 487800.049614498275332 ], [ 122048.376863329031039, 487807.469361883937381 ] ] ] } },
{ "type": "Feature", "properties": { "sensor": "GASA-04", "time": "2025-08-20T13:36:00+02:00", "count_line": 94, "location": "CSriOosterdokskade", "count_area": 151.0, "countline_length": 7 }, "geometry": { "type": "Polygon", "coordinates": [ [ [ 122048.376863329031039, 487807.469361883937381 ], [ 122071.01856669143308, 487793.318297282443382 ], [ 122066.505524467182113, 487786.586980066611432 ], [ 122043.86382110476552, 487800.049614498275332 ], [ 122048.376863329031039, 487807.469361883937381 ] ] ] } },
{ "type": "Feature", "properties": { "sensor": "GASA-04", "time": "2025-08-20T13:38:00+02:00", "count_line": 106, "location": "CSriOosterdokskade", "count_area": 165.0, "countline_length": 7 }, "geometry": { "type": "Polygon", "coordinates": [ [ [ 122048.376863329031039, 487807.469361883937381 ], [ 122071.01856669143308, 487793.318297282443382 ], [ 122066.505524467182113, 487786.586980066611432 ], [ 122043.86382110476552, 487800.049614498275332 ], [ 122048.376863329031039, 487807.469361883937381 ] ] ] } },
{ "type": "Feature", "properties": { "sensor": "GASA-04", "time": "2025-08-20T13:40:00+02:00", "count_line": 108, "location": "CSriOosterdokskade", "count_area": 200.0, "countline_length": 7 }, "geometry": { "type": "Polygon", "coordinates": [ [ [ 122048.376863329031039, 487807.469361883937381 ], [ 122071.01856669143308, 487793.318297282443382 ], [ 122066.505524467182113, 487786.586980066611432 ], [ 122043.86382110476552, 487800.049614498275332 ], [ 122048.376863329031039, 487807.469361883937381 ] ] ] } },
{ "type": "Feature", "properties": { "sensor": "GASA-04", "time": "2025-08-20T13:42:00+02:00", "count_line": 82, "location": "CSriOosterdokskade", "count_area": 153.0, "countline_length": 7 }, "geometry": { "type": "Polygon", "coordinates": [ [ [ 122048.376863329031039, 487807.469361883937381 ], [ 122071.01856669143308, 487793.318297282443382 ], [ 122066.505524467182113, 487786.586980066611432 ], [ 122043.86382110476552, 487800.049614498275332 ], [ 122048.376863329031039, 487807.469361883937381 ] ] ] } },
{ "type": "Feature", "properties": { "sensor": "GASA-04", "time": "2025-08-20T13:44:00+02:00", "count_line": 32, "location": "CSriOosterdokskade", "count_area": 58.0, "countline_length": 7 }, "geometry": { "type": "Polygon", "coordinates": [ [ [ 122048.376863329031039, 487807.469361883937381 ], [ 122071.01856669143308, 487793.318297282443382 ], [ 122066.505524467182113, 487786.586980066611432 ], [ 122043.86382110476552, 487800.049614498275332 ], [ 122048.376863329031039, 487807.469361883937381 ] ] ] } },
{ "type": "Feature", "properties": { "sensor": "GASA-04", "time": "2025-08-20T13:46:00+02:00", "count_line": 104, "location": "CSriOosterdokskade", "count_area": 190.0, "countline_length": 7 }, "geometry": { "type": "Polygon", "coordinates": [ [ [ 122048.376863329031039, 487807.469361883937381 ], [ 122071.01856669143308, 487793.318297282443382 ], [ 122066.505524467182113, 487786.586980066611432 ], [ 122043.86382110476552, 487800.049614498275332 ], [ 122048.376863329031039, 487807.469361883937381 ] ] ] } },
{ "type": "Feature", "properties": { "sensor": "GASA-04", "time": "2025-08-20T13:56:00+02:00", "count_line": 64, "location": "CSriOosterdokskade", "count_area": 98.0, "countline_length": 7 }, "geometry": { "type": "Polygon", "coordinates": [ [ [ 122048.376863329031039, 487807.469361883937381 ], [ 122071.01856669143308, 487793.318297282443382 ], [ 122066.505524467182113, 487786.586980066611432 ], [ 122043.86382110476552, 487800.049614498275332 ], [ 122048.376863329031039, 487807.469361883937381 ] ] ] } },
{ "type": "Feature", "properties": { "sensor": "GASA-04", "time": "2025-08-20T13:58:00+02:00", "count_line": 53, "location": "CSriOosterdokskade", "count_area": 98.0, "countline_length": 7 }, "geometry": { "type": "Polygon", "coordinates": [ [ [ 122048.376863329031039, 487807.469361883937381 ], [ 122071.01856669143308, 487793.318297282443382 ], [ 122066.505524467182113, 487786.586980066611432 ], [ 122043.86382110476552, 487800.049614498275332 ], [ 122048.376863329031039, 487807.469361883937381 ] ] ] } },
{ "type": "Feature", "properties": { "sensor": "GASA-04", "time": "2025-08-20T14:00:00+02:00", "count_line": 70, "location": "CSriOosterdokskade", "count_area": 138.0, "countline_length": 7 }, "geometry": { "type": "Polygon", "coordinates": [ [ [ 122048.376863329031039, 487807.469361883937381 ], [ 122071.01856669143308, 487793.318297282443382 ], [ 122066.505524467182113, 487786.586980066611432 ], [ 122043.86382110476552, 487800.049614498275332 ], [ 122048.376863329031039, 487807.469361883937381 ] ] ] } },
{ "type": "Feature", "properties": { "sensor": "GASA-04", "time": "2025-08-20T14:01:00+02:00", "count_line": 55, "location": "CSriOosterdokskade", "count_area": 85.0, "countline_length": 7 }, "geometry": { "type": "Polygon", "coordinates": [ [ [ 122048.376863329031039, 487807.469361883937381 ], [ 122071.01856669143308, 487793.318297282443382 ], [ 122066.505524467182113, 487786.586980066611432 ], [ 122043.86382110476552, 487800.049614498275332 ], [ 122048.376863329031039, 487807.469361883937381 ] ] ] } },
{ "type": "Feature", "properties": { "sensor": "GASA-04", "time": "2025-08-20T14:02:00+02:00", "count_line": 72, "location": "CSriOosterdokskade", "count_area": 127.0, "countline_length": 7 }, "geometry": { "type": "Polygon", "coordinates": [ [ [ 122048.376863329031039, 487807.469361883937381 ], [ 122071.01856669143308, 487793.318297282443382 ], [ 122066.505524467182113, 487786.586980066611432 ], [ 122043.86382110476552, 487800.049614498275332 ], [ 122048.376863329031039, 487807.469361883937381 ] ] ] } },
{ "type": "Feature", "properties": { "sensor": "GASA-04", "time": "2025-08-20T14:04:00+02:00", "count_line": 76, "location": "CSriOosterdokskade", "count_area": 151.0, "countline_length": 7 }, "geometry": { "type": "Polygon", "coordinates": [ [ [ 122048.376863329031039, 487807.469361883937381 ], [ 122071.01856669143308, 487793.318297282443382 ], [ 122066.505524467182113, 487786.586980066611432 ], [ 122043.86382110476552, 487800.049614498275332 ], [ 122048.376863329031039, 487807.469361883937381 ] ] ] } },
{ "type": "Feature", "properties": { "sensor": "GASA-04", "time": "2025-08-20T14:06:00+02:00", "count_line": 50, "location": "CSriOosterdokskade", "count_area": 84.0, "countline_length": 7 }, "geometry": { "type": "Polygon", "coordinates": [ [ [ 122048.376863329031039, 487807.469361883937381 ], [ 122071.01856669143308, 487793.318297282443382 ], [ 122066.505524467182113, 487786.586980066611432 ], [ 122043.86382110476552, 487800.049614498275332 ], [ 122048.376863329031039, 487807.469361883937381 ] ] ] } },
{ "type": "Feature", "properties": { "sensor": "GASA-04", "time": "2025-08-20T14:08:00+02:00", "count_line": 62, "location": "CSriOosterdokskade", "count_area": 111.0, "countline_length": 7 }, "geometry": { "type": "Polygon", "coordinates": [ [ [ 122048.376863329031039, 487807.469361883937381 ], [ 122071.01856669143308, 487793.318297282443382 ], [ 122066.505524467182113, 487786.586980066611432 ], [ 122043.86382110476552, 487800.049614498275332 ], [ 122048.376863329031039, 487807.469361883937381 ] ] ] } },
{ "type": "Feature", "properties": { "sensor": "GASA-04", "time": "2025-08-20T14:10:00+02:00", "count_line": 63, "location": "CSriOosterdokskade", "count_area": 108.0, "countline_length": 7 }, "geometry": { "type": "Polygon", "coordinates": [ [ [ 122048.376863329031039, 487807.469361883937381 ], [ 122071.01856669143308, 487793.318297282443382 ], [ 122066.505524467182113, 487786.586980066611432 ], [ 122043.86382110476552, 487800.049614498275332 ], [ 122048.376863329031039, 487807.469361883937381 ] ] ] } },
{ "type": "Feature", "properties": { "sensor": "GASA-04", "time": "2025-08-20T14:12:00+02:00", "count_line": 49, "location": "CSriOosterdokskade", "count_area": 95.0, "countline_length": 7 }, "geometry": { "type": "Polygon", "coordinates": [ [ [ 122048.376863329031039, 487807.469361883937381 ], [ 122071.01856669143308, 487793.318297282443382 ], [ 122066.505524467182113, 487786.586980066611432 ], [ 122043.86382110476552, 487800.049614498275332 ], [ 122048.376863329031039, 487807.469361883937381 ] ] ] } },
{ "type": "Feature", "properties": { "sensor": "GASA-04", "time": "2025-08-20T14:14:00+02:00", "count_line": 67, "location": "CSriOosterdokskade", "count_area": 120.0, "countline_length": 7 }, "geometry": { "type": "Polygon", "coordinates": [ [ [ 122048.376863329031039, 487807.469361883937381 ], [ 122071.01856669143308, 487793.318297282443382 ], [ 122066.505524467182113, 487786.586980066611432 ], [ 122043.86382110476552, 487800.049614498275332 ], [ 122048.376863329031039, 487807.469361883937381 ] ] ] } },
{ "type": "Feature", "properties": { "sensor": "GASA-04", "time": "2025-08-20T14:16:00+02:00", "count_line": 70, "location": "CSriOosterdokskade", "count_area": 105.0, "countline_length": 7 }, "geometry": { "type": "Polygon", "coordinates": [ [ [ 122048.376863329031039, 487807.469361883937381 ], [ 122071.01856669143308, 487793.318297282443382 ], [ 122066.505524467182113, 487786.586980066611432 ], [ 122043.86382110476552, 487800.049614498275332 ], [ 122048.376863329031039, 487807.469361883937381 ] ] ] } },
{ "type": "Feature", "properties": { "sensor": "GASA-04", "time": "2025-08-20T14:18:00+02:00", "count_line": 36, "location": "CSriOosterdokskade", "count_area": 57.0, "countline_length": 7 }, "geometry": { "type": "Polygon", "coordinates": [ [ [ 122048.376863329031039, 487807.469361883937381 ], [ 122071.01856669143308, 487793.318297282443382 ], [ 122066.505524467182113, 487786.586980066611432 ], [ 122043.86382110476552, 487800.049614498275332 ], [ 122048.376863329031039, 487807.469361883937381 ] ] ] } },
{ "type": "Feature", "properties": { "sensor": "GASA-04", "time": "2025-08-20T14:20:00+02:00", "count_line": 42, "location": "CSriOosterdokskade", "count_area": 76.0, "countline_length": 7 }, "geometry": { "type": "Polygon", "coordinates": [ [ [ 122048.376863329031039, 487807.469361883937381 ], [ 122071.01856669143308, 487793.318297282443382 ], [ 122066.505524467182113, 487786.586980066611432 ], [ 122043.86382110476552, 487800.049614498275332 ], [ 122048.376863329031039, 487807.469361883937381 ] ] ] } },
{ "type": "Feature", "properties": { "sensor": "GASA-04", "time": "2025-08-20T14:22:00+02:00", "count_line": 28, "location": "CSriOosterdokskade", "count_area": 42.0, "countline_length": 7 }, "geometry": { "type": "Polygon", "coordinates": [ [ [ 122048.376863329031039, 487807.469361883937381 ], [ 122071.01856669143308, 487793.318297282443382 ], [ 122066.505524467182113, 487786.586980066611432 ], [ 122043.86382110476552, 487800.049614498275332 ], [ 122048.376863329031039, 487807.469361883937381 ] ] ] } },
{ "type": "Feature", "properties": { "sensor": "GASA-04", "time": "2025-08-20T14:23:00+02:00", "count_line": 51, "location": "CSriOosterdokskade", "count_area": 76.0, "countline_length": 7 }, "geometry": { "type": "Polygon", "coordinates": [ [ [ 122048.376863329031039, 487807.469361883937381 ], [ 122071.01856669143308, 487793.318297282443382 ], [ 122066.505524467182113, 487786.586980066611432 ], [ 122043.86382110476552, 487800.049614498275332 ], [ 122048.376863329031039, 487807.469361883937381 ] ] ] } },
{ "type": "Feature", "properties": { "sensor": "GASA-04", "time": "2025-08-20T14:24:00+02:00", "count_line": 41, "location": "CSriOosterdokskade", "count_area": 65.0, "countline_length": 7 }, "geometry": { "type": "Polygon", "coordinates": [ [ [ 122048.376863329031039, 487807.469361883937381 ], [ 122071.01856669143308, 487793.318297282443382 ], [ 122066.505524467182113, 487786.586980066611432 ], [ 122043.86382110476552, 487800.049614498275332 ], [ 122048.376863329031039, 487807.469361883937381 ] ] ] } },
{ "type": "Feature", "properties": { "sensor": "GASA-04", "time": "2025-08-20T14:26:00+02:00", "count_line": 53, "location": "CSriOosterdokskade", "count_area": 89.0, "countline_length": 7 }, "geometry": { "type": "Polygon", "coordinates": [ [ [ 122048.376863329031039, 487807.469361883937381 ], [ 122071.01856669143308, 487793.318297282443382 ], [ 122066.505524467182113, 487786.586980066611432 ], [ 122043.86382110476552, 487800.049614498275332 ], [ 122048.376863329031039, 487807.469361883937381 ] ] ] } },
{ "type": "Feature", "properties": { "sensor": "GASA-04", "time": "2025-08-20T14:28:00+02:00", "count_line": 31, "location": "CSriOosterdokskade", "count_area": 50.0, "countline_length": 7 }, "geometry": { "type": "Polygon", "coordinates": [ [ [ 122048.376863329031039, 487807.469361883937381 ], [ 122071.01856669143308, 487793.318297282443382 ], [ 122066.505524467182113, 487786.586980066611432 ], [ 122043.86382110476552, 487800.049614498275332 ], [ 122048.376863329031039, 487807.469361883937381 ] ] ] } },
{ "type": "Feature", "properties": { "sensor": "GASA-04", "time": "2025-08-20T14:30:00+02:00", "count_line": 38, "location": "CSriOosterdokskade", "count_area": 70.0, "countline_length": 7 }, "geometry": { "type": "Polygon", "coordinates": [ [ [ 122048.376863329031039, 487807.469361883937381 ], [ 122071.01856669143308, 487793.318297282443382 ], [ 122066.505524467182113, 487786.586980066611432 ], [ 122043.86382110476552, 487800.049614498275332 ], [ 122048.376863329031039, 487807.469361883937381 ] ] ] } },
{ "type": "Feature", "properties": { "sensor": "GASA-04", "time": "2025-08-20T14:32:00+02:00", "count_line": 54, "location": "CSriOosterdokskade", "count_area": 87.0, "countline_length": 7 }, "geometry": { "type": "Polygon", "coordinates": [ [ [ 122048.376863329031039, 487807.469361883937381 ], [ 122071.01856669143308, 487793.318297282443382 ], [ 122066.505524467182113, 487786.586980066611432 ], [ 122043.86382110476552, 487800.049614498275332 ], [ 122048.376863329031039, 487807.469361883937381 ] ] ] } },
{ "type": "Feature", "properties": { "sensor": "GASA-04", "time": "2025-08-20T14:34:00+02:00", "count_line": 44, "location": "CSriOosterdokskade", "count_area": 70.0, "countline_length": 7 }, "geometry": { "type": "Polygon", "coordinates": [ [ [ 122048.376863329031039, 487807.469361883937381 ], [ 122071.01856669143308, 487793.318297282443382 ], [ 122066.505524467182113, 487786.586980066611432 ], [ 122043.86382110476552, 487800.049614498275332 ], [ 122048.376863329031039, 487807.469361883937381 ] ] ] } },
{ "type": "Feature", "properties": { "sensor": "GASA-04", "time": "2025-08-20T14:36:00+02:00", "count_line": 35, "location": "CSriOosterdokskade", "count_area": 55.0, "countline_length": 7 }, "geometry": { "type": "Polygon", "coordinates": [ [ [ 122048.376863329031039, 487807.469361883937381 ], [ 122071.01856669143308, 487793.318297282443382 ], [ 122066.505524467182113, 487786.586980066611432 ], [ 122043.86382110476552, 487800.049614498275332 ], [ 122048.376863329031039, 487807.469361883937381 ] ] ] } },
{ "type": "Feature", "properties": { "sensor": "GASA-04", "time": "2025-08-20T14:38:00+02:00", "count_line": 82, "location": "CSriOosterdokskade", "count_area": 142.0, "countline_length": 7 }, "geometry": { "type": "Polygon", "coordinates": [ [ [ 122048.376863329031039, 487807.469361883937381 ], [ 122071.01856669143308, 487793.318297282443382 ], [ 122066.505524467182113, 487786.586980066611432 ], [ 122043.86382110476552, 487800.049614498275332 ], [ 122048.376863329031039, 487807.469361883937381 ] ] ] } },
{ "type": "Feature", "properties": { "sensor": "GASA-04", "time": "2025-08-20T14:40:00+02:00", "count_line": 40, "location": "CSriOosterdokskade", "count_area": 66.0, "countline_length": 7 }, "geometry": { "type": "Polygon", "coordinates": [ [ [ 122048.376863329031039, 487807.469361883937381 ], [ 122071.01856669143308, 487793.318297282443382 ], [ 122066.505524467182113, 487786.586980066611432 ], [ 122043.86382110476552, 487800.049614498275332 ], [ 122048.376863329031039, 487807.469361883937381 ] ] ] } },
{ "type": "Feature", "properties": { "sensor": "GASA-04", "time": "2025-08-20T14:42:00+02:00", "count_line": 59, "location": "CSriOosterdokskade", "count_area": 95.0, "countline_length": 7 }, "geometry": { "type": "Polygon", "coordinates": [ [ [ 122048.376863329031039, 487807.469361883937381 ], [ 122071.01856669143308, 487793.318297282443382 ], [ 122066.505524467182113, 487786.586980066611432 ], [ 122043.86382110476552, 487800.049614498275332 ], [ 122048.376863329031039, 487807.469361883937381 ] ] ] } },
{ "type": "Feature", "properties": { "sensor": "GASA-04", "time": "2025-08-20T14:44:00+02:00", "count_line": 49, "location": "CSriOosterdokskade", "count_area": 87.0, "countline_length": 7 }, "geometry": { "type": "Polygon", "coordinates": [ [ [ 122048.376863329031039, 487807.469361883937381 ], [ 122071.01856669143308, 487793.318297282443382 ], [ 122066.505524467182113, 487786.586980066611432 ], [ 122043.86382110476552, 487800.049614498275332 ], [ 122048.376863329031039, 487807.469361883937381 ] ] ] } },
{ "type": "Feature", "properties": { "sensor": "GASA-04", "time": "2025-08-20T14:46:00+02:00", "count_line": 59, "location": "CSriOosterdokskade", "count_area": 99.0, "countline_length": 7 }, "geometry": { "type": "Polygon", "coordinates": [ [ [ 122048.376863329031039, 487807.469361883937381 ], [ 122071.01856669143308, 487793.318297282443382 ], [ 122066.505524467182113, 487786.586980066611432 ], [ 122043.86382110476552, 487800.049614498275332 ], [ 122048.376863329031039, 487807.469361883937381 ] ] ] } },
{ "type": "Feature", "properties": { "sensor": "GASA-04", "time": "2025-08-20T14:48:00+02:00", "count_line": 50, "location": "CSriOosterdokskade", "count_area": 78.0, "countline_length": 7 }, "geometry": { "type": "Polygon", "coordinates": [ [ [ 122048.376863329031039, 487807.469361883937381 ], [ 122071.01856669143308, 487793.318297282443382 ], [ 122066.505524467182113, 487786.586980066611432 ], [ 122043.86382110476552, 487800.049614498275332 ], [ 122048.376863329031039, 487807.469361883937381 ] ] ] } },
{ "type": "Feature", "properties": { "sensor": "GASA-04", "time": "2025-08-20T14:50:00+02:00", "count_line": 58, "location": "CSriOosterdokskade", "count_area": 95.0, "countline_length": 7 }, "geometry": { "type": "Polygon", "coordinates": [ [ [ 122048.376863329031039, 487807.469361883937381 ], [ 122071.01856669143308, 487793.318297282443382 ], [ 122066.505524467182113, 487786.586980066611432 ], [ 122043.86382110476552, 487800.049614498275332 ], [ 122048.376863329031039, 487807.469361883937381 ] ] ] } },
{ "type": "Feature", "properties": { "sensor": "GASA-04", "time": "2025-08-20T14:52:00+02:00", "count_line": 47, "location": "CSriOosterdokskade", "count_area": 71.0, "countline_length": 7 }, "geometry": { "type": "Polygon", "coordinates": [ [ [ 122048.376863329031039, 487807.469361883937381 ], [ 122071.01856669143308, 487793.318297282443382 ], [ 122066.505524467182113, 487786.586980066611432 ], [ 122043.86382110476552, 487800.049614498275332 ], [ 122048.376863329031039, 487807.469361883937381 ] ] ] } },
{ "type": "Feature", "properties": { "sensor": "GASA-04", "time": "2025-08-20T14:54:00+02:00", "count_line": 44, "location": "CSriOosterdokskade", "count_area": 69.0, "countline_length": 7 }, "geometry": { "type": "Polygon", "coordinates": [ [ [ 122048.376863329031039, 487807.469361883937381 ], [ 122071.01856669143308, 487793.318297282443382 ], [ 122066.505524467182113, 487786.586980066611432 ], [ 122043.86382110476552, 487800.049614498275332 ], [ 122048.376863329031039, 487807.469361883937381 ] ] ] } },
{ "type": "Feature", "properties": { "sensor": "GASA-04", "time": "2025-08-20T14:55:00+02:00", "count_line": 57, "location": "CSriOosterdokskade", "count_area": 111.0, "countline_length": 7 }, "geometry": { "type": "Polygon", "coordinates": [ [ [ 122048.376863329031039, 487807.469361883937381 ], [ 122071.01856669143308, 487793.318297282443382 ], [ 122066.505524467182113, 487786.586980066611432 ], [ 122043.86382110476552, 487800.049614498275332 ], [ 122048.376863329031039, 487807.469361883937381 ] ] ] } },
{ "type": "Feature", "properties": { "sensor": "GASA-04", "time": "2025-08-20T14:56:00+02:00", "count_line": 62, "location": "CSriOosterdokskade", "count_area": 120.0, "countline_length": 7 }, "geometry": { "type": "Polygon", "coordinates": [ [ [ 122048.376863329031039, 487807.469361883937381 ], [ 122071.01856669143308, 487793.318297282443382 ], [ 122066.505524467182113, 487786.586980066611432 ], [ 122043.86382110476552, 487800.049614498275332 ], [ 122048.376863329031039, 487807.469361883937381 ] ] ] } },
{ "type": "Feature", "properties": { "sensor": "GASA-04", "time": "2025-08-20T14:58:00+02:00", "count_line": 52, "location": "CSriOosterdokskade", "count_area": 88.0, "countline_length": 7 }, "geometry": { "type": "Polygon", "coordinates": [ [ [ 122048.376863329031039, 487807.469361883937381 ], [ 122071.01856669143308, 487793.318297282443382 ], [ 122066.505524467182113, 487786.586980066611432 ], [ 122043.86382110476552, 487800.049614498275332 ], [ 122048.376863329031039, 487807.469361883937381 ] ] ] } },
{ "type": "Feature", "properties": { "sensor": "GASA-04", "time": "2025-08-20T15:00:00+02:00", "count_line": 72, "location": "CSriOosterdokskade", "count_area": 128.0, "countline_length": 7 }, "geometry": { "type": "Polygon", "coordinates": [ [ [ 122048.376863329031039, 487807.469361883937381 ], [ 122071.01856669143308, 487793.318297282443382 ], [ 122066.505524467182113, 487786.586980066611432 ], [ 122043.86382110476552, 487800.049614498275332 ], [ 122048.376863329031039, 487807.469361883937381 ] ] ] } },
{ "type": "Feature", "properties": { "sensor": "GASA-04", "time": "2025-08-20T15:02:00+02:00", "count_line": 57, "location": "CSriOosterdokskade", "count_area": 111.0, "countline_length": 7 }, "geometry": { "type": "Polygon", "coordinates": [ [ [ 122048.376863329031039, 487807.469361883937381 ], [ 122071.01856669143308, 487793.318297282443382 ], [ 122066.505524467182113, 487786.586980066611432 ], [ 122043.86382110476552, 487800.049614498275332 ], [ 122048.376863329031039, 487807.469361883937381 ] ] ] } },
{ "type": "Feature", "properties": { "sensor": "GASA-04", "time": "2025-08-20T15:04:00+02:00", "count_line": 63, "location": "CSriOosterdokskade", "count_area": 120.0, "countline_length": 7 }, "geometry": { "type": "Polygon", "coordinates": [ [ [ 122048.376863329031039, 487807.469361883937381 ], [ 122071.01856669143308, 487793.318297282443382 ], [ 122066.505524467182113, 487786.586980066611432 ], [ 122043.86382110476552, 487800.049614498275332 ], [ 122048.376863329031039, 487807.469361883937381 ] ] ] } },
{ "type": "Feature", "properties": { "sensor": "GASA-04", "time": "2025-08-20T15:05:00+02:00", "count_line": 50, "location": "CSriOosterdokskade", "count_area": 90.0, "countline_length": 7 }, "geometry": { "type": "Polygon", "coordinates": [ [ [ 122048.376863329031039, 487807.469361883937381 ], [ 122071.01856669143308, 487793.318297282443382 ], [ 122066.505524467182113, 487786.586980066611432 ], [ 122043.86382110476552, 487800.049614498275332 ], [ 122048.376863329031039, 487807.469361883937381 ] ] ] } },
{ "type": "Feature", "properties": { "sensor": "GASA-04", "time": "2025-08-20T15:06:00+02:00", "count_line": 83, "location": "CSriOosterdokskade", "count_area": 153.0, "countline_length": 7 }, "geometry": { "type": "Polygon", "coordinates": [ [ [ 122048.376863329031039, 487807.469361883937381 ], [ 122071.01856669143308, 487793.318297282443382 ], [ 122066.505524467182113, 487786.586980066611432 ], [ 122043.86382110476552, 487800.049614498275332 ], [ 122048.376863329031039, 487807.469361883937381 ] ] ] } },
{ "type": "Feature", "properties": { "sensor": "GASA-04", "time": "2025-08-20T15:08:00+02:00", "count_line": 55, "location": "CSriOosterdokskade", "count_area": 92.0, "countline_length": 7 }, "geometry": { "type": "Polygon", "coordinates": [ [ [ 122048.376863329031039, 487807.469361883937381 ], [ 122071.01856669143308, 487793.318297282443382 ], [ 122066.505524467182113, 487786.586980066611432 ], [ 122043.86382110476552, 487800.049614498275332 ], [ 122048.376863329031039, 487807.469361883937381 ] ] ] } },
{ "type": "Feature", "properties": { "sensor": "GASA-04", "time": "2025-08-20T15:10:00+02:00", "count_line": 112, "location": "CSriOosterdokskade", "count_area": 168.0, "countline_length": 7 }, "geometry": { "type": "Polygon", "coordinates": [ [ [ 122048.376863329031039, 487807.469361883937381 ], [ 122071.01856669143308, 487793.318297282443382 ], [ 122066.505524467182113, 487786.586980066611432 ], [ 122043.86382110476552, 487800.049614498275332 ], [ 122048.376863329031039, 487807.469361883937381 ] ] ] } },
{ "type": "Feature", "properties": { "sensor": "GASA-04", "time": "2025-08-20T15:12:00+02:00", "count_line": 35, "location": "CSriOosterdokskade", "count_area": 53.0, "countline_length": 7 }, "geometry": { "type": "Polygon", "coordinates": [ [ [ 122048.376863329031039, 487807.469361883937381 ], [ 122071.01856669143308, 487793.318297282443382 ], [ 122066.505524467182113, 487786.586980066611432 ], [ 122043.86382110476552, 487800.049614498275332 ], [ 122048.376863329031039, 487807.469361883937381 ] ] ] } },
{ "type": "Feature", "properties": { "sensor": "GASA-04", "time": "2025-08-20T15:14:00+02:00", "count_line": 111, "location": "CSriOosterdokskade", "count_area": 171.0, "countline_length": 7 }, "geometry": { "type": "Polygon", "coordinates": [ [ [ 122048.376863329031039, 487807.469361883937381 ], [ 122071.01856669143308, 487793.318297282443382 ], [ 122066.505524467182113, 487786.586980066611432 ], [ 122043.86382110476552, 487800.049614498275332 ], [ 122048.376863329031039, 487807.469361883937381 ] ] ] } },
{ "type": "Feature", "properties": { "sensor": "GASA-04", "time": "2025-08-20T15:16:00+02:00", "count_line": 34, "location": "CSriOosterdokskade", "count_area": 61.0, "countline_length": 7 }, "geometry": { "type": "Polygon", "coordinates": [ [ [ 122048.376863329031039, 487807.469361883937381 ], [ 122071.01856669143308, 487793.318297282443382 ], [ 122066.505524467182113, 487786.586980066611432 ], [ 122043.86382110476552, 487800.049614498275332 ], [ 122048.376863329031039, 487807.469361883937381 ] ] ] } },
{ "type": "Feature", "properties": { "sensor": "GASA-04", "time": "2025-08-20T15:18:00+02:00", "count_line": 41, "location": "CSriOosterdokskade", "count_area": 63.0, "countline_length": 7 }, "geometry": { "type": "Polygon", "coordinates": [ [ [ 122048.376863329031039, 487807.469361883937381 ], [ 122071.01856669143308, 487793.318297282443382 ], [ 122066.505524467182113, 487786.586980066611432 ], [ 122043.86382110476552, 487800.049614498275332 ], [ 122048.376863329031039, 487807.469361883937381 ] ] ] } },
{ "type": "Feature", "properties": { "sensor": "GASA-04", "time": "2025-08-20T15:20:00+02:00", "count_line": 66, "location": "CSriOosterdokskade", "count_area": 109.0, "countline_length": 7 }, "geometry": { "type": "Polygon", "coordinates": [ [ [ 122048.376863329031039, 487807.469361883937381 ], [ 122071.01856669143308, 487793.318297282443382 ], [ 122066.505524467182113, 487786.586980066611432 ], [ 122043.86382110476552, 487800.049614498275332 ], [ 122048.376863329031039, 487807.469361883937381 ] ] ] } },
{ "type": "Feature", "properties": { "sensor": "GASA-04", "time": "2025-08-20T15:22:00+02:00", "count_line": 50, "location": "CSriOosterdokskade", "count_area": 94.0, "countline_length": 7 }, "geometry": { "type": "Polygon", "coordinates": [ [ [ 122048.376863329031039, 487807.469361883937381 ], [ 122071.01856669143308, 487793.318297282443382 ], [ 122066.505524467182113, 487786.586980066611432 ], [ 122043.86382110476552, 487800.049614498275332 ], [ 122048.376863329031039, 487807.469361883937381 ] ] ] } },
{ "type": "Feature", "properties": { "sensor": "GASA-04", "time": "2025-08-20T15:24:00+02:00", "count_line": 85, "location": "CSriOosterdokskade", "count_area": 153.0, "countline_length": 7 }, "geometry": { "type": "Polygon", "coordinates": [ [ [ 122048.376863329031039, 487807.469361883937381 ], [ 122071.01856669143308, 487793.318297282443382 ], [ 122066.505524467182113, 487786.586980066611432 ], [ 122043.86382110476552, 487800.049614498275332 ], [ 122048.376863329031039, 487807.469361883937381 ] ] ] } },
{ "type": "Feature", "properties": { "sensor": "GASA-04", "time": "2025-08-20T15:26:00+02:00", "count_line": 62, "location": "CSriOosterdokskade", "count_area": 116.0, "countline_length": 7 }, "geometry": { "type": "Polygon", "coordinates": [ [ [ 122048.376863329031039, 487807.469361883937381 ], [ 122071.01856669143308, 487793.318297282443382 ], [ 122066.505524467182113, 487786.586980066611432 ], [ 122043.86382110476552, 487800.049614498275332 ], [ 122048.376863329031039, 487807.469361883937381 ] ] ] } },
{ "type": "Feature", "properties": { "sensor": "GASA-04", "time": "2025-08-20T15:27:00+02:00", "count_line": 50, "location": "CSriOosterdokskade", "count_area": 75.0, "countline_length": 7 }, "geometry": { "type": "Polygon", "coordinates": [ [ [ 122048.376863329031039, 487807.469361883937381 ], [ 122071.01856669143308, 487793.318297282443382 ], [ 122066.505524467182113, 487786.586980066611432 ], [ 122043.86382110476552, 487800.049614498275332 ], [ 122048.376863329031039, 487807.469361883937381 ] ] ] } },
{ "type": "Feature", "properties": { "sensor": "GASA-04", "time": "2025-08-20T15:28:00+02:00", "count_line": 91, "location": "CSriOosterdokskade", "count_area": 173.0, "countline_length": 7 }, "geometry": { "type": "Polygon", "coordinates": [ [ [ 122048.376863329031039, 487807.469361883937381 ], [ 122071.01856669143308, 487793.318297282443382 ], [ 122066.505524467182113, 487786.586980066611432 ], [ 122043.86382110476552, 487800.049614498275332 ], [ 122048.376863329031039, 487807.469361883937381 ] ] ] } },
{ "type": "Feature", "properties": { "sensor": "GASA-04", "time": "2025-08-20T15:30:00+02:00", "count_line": 74, "location": "CSriOosterdokskade", "count_area": 116.0, "countline_length": 7 }, "geometry": { "type": "Polygon", "coordinates": [ [ [ 122048.376863329031039, 487807.469361883937381 ], [ 122071.01856669143308, 487793.318297282443382 ], [ 122066.505524467182113, 487786.586980066611432 ], [ 122043.86382110476552, 487800.049614498275332 ], [ 122048.376863329031039, 487807.469361883937381 ] ] ] } },
{ "type": "Feature", "properties": { "sensor": "GASA-04", "time": "2025-08-20T15:32:00+02:00", "count_line": 44, "location": "CSriOosterdokskade", "count_area": 70.0, "countline_length": 7 }, "geometry": { "type": "Polygon", "coordinates": [ [ [ 122048.376863329031039, 487807.469361883937381 ], [ 122071.01856669143308, 487793.318297282443382 ], [ 122066.505524467182113, 487786.586980066611432 ], [ 122043.86382110476552, 487800.049614498275332 ], [ 122048.376863329031039, 487807.469361883937381 ] ] ] } },
{ "type": "Feature", "properties": { "sensor": "GASA-04", "time": "2025-08-20T15:34:00+02:00", "count_line": 40, "location": "CSriOosterdokskade", "count_area": 64.0, "countline_length": 7 }, "geometry": { "type": "Polygon", "coordinates": [ [ [ 122048.376863329031039, 487807.469361883937381 ], [ 122071.01856669143308, 487793.318297282443382 ], [ 122066.505524467182113, 487786.586980066611432 ], [ 122043.86382110476552, 487800.049614498275332 ], [ 122048.376863329031039, 487807.469361883937381 ] ] ] } },
{ "type": "Feature", "properties": { "sensor": "GASA-04", "time": "2025-08-20T15:36:00+02:00", "count_line": 68, "location": "CSriOosterdokskade", "count_area": 116.0, "countline_length": 7 }, "geometry": { "type": "Polygon", "coordinates": [ [ [ 122048.376863329031039, 487807.469361883937381 ], [ 122071.01856669143308, 487793.318297282443382 ], [ 122066.505524467182113, 487786.586980066611432 ], [ 122043.86382110476552, 487800.049614498275332 ], [ 122048.376863329031039, 487807.469361883937381 ] ] ] } },
{ "type": "Feature", "properties": { "sensor": "GASA-04", "time": "2025-08-20T15:37:00+02:00", "count_line": 67, "location": "CSriOosterdokskade", "count_area": 127.0, "countline_length": 7 }, "geometry": { "type": "Polygon", "coordinates": [ [ [ 122048.376863329031039, 487807.469361883937381 ], [ 122071.01856669143308, 487793.318297282443382 ], [ 122066.505524467182113, 487786.586980066611432 ], [ 122043.86382110476552, 487800.049614498275332 ], [ 122048.376863329031039, 487807.469361883937381 ] ] ] } },
{ "type": "Feature", "properties": { "sensor": "GASA-04", "time": "2025-08-20T15:38:00+02:00", "count_line": 72, "location": "CSriOosterdokskade", "count_area": 141.0, "countline_length": 7 }, "geometry": { "type": "Polygon", "coordinates": [ [ [ 122048.376863329031039, 487807.469361883937381 ], [ 122071.01856669143308, 487793.318297282443382 ], [ 122066.505524467182113, 487786.586980066611432 ], [ 122043.86382110476552, 487800.049614498275332 ], [ 122048.376863329031039, 487807.469361883937381 ] ] ] } },
{ "type": "Feature", "properties": { "sensor": "GASA-04", "time": "2025-08-20T15:40:00+02:00", "count_line": 52, "location": "CSriOosterdokskade", "count_area": 103.0, "countline_length": 7 }, "geometry": { "type": "Polygon", "coordinates": [ [ [ 122048.376863329031039, 487807.469361883937381 ], [ 122071.01856669143308, 487793.318297282443382 ], [ 122066.505524467182113, 487786.586980066611432 ], [ 122043.86382110476552, 487800.049614498275332 ], [ 122048.376863329031039, 487807.469361883937381 ] ] ] } },
{ "type": "Feature", "properties": { "sensor": "GASA-04", "time": "2025-08-20T15:42:00+02:00", "count_line": 83, "location": "CSriOosterdokskade", "count_area": 141.0, "countline_length": 7 }, "geometry": { "type": "Polygon", "coordinates": [ [ [ 122048.376863329031039, 487807.469361883937381 ], [ 122071.01856669143308, 487793.318297282443382 ], [ 122066.505524467182113, 487786.586980066611432 ], [ 122043.86382110476552, 487800.049614498275332 ], [ 122048.376863329031039, 487807.469361883937381 ] ] ] } },
{ "type": "Feature", "properties": { "sensor": "GASA-04", "time": "2025-08-20T15:44:00+02:00", "count_line": 61, "location": "CSriOosterdokskade", "count_area": 119.0, "countline_length": 7 }, "geometry": { "type": "Polygon", "coordinates": [ [ [ 122048.376863329031039, 487807.469361883937381 ], [ 122071.01856669143308, 487793.318297282443382 ], [ 122066.505524467182113, 487786.586980066611432 ], [ 122043.86382110476552, 487800.049614498275332 ], [ 122048.376863329031039, 487807.469361883937381 ] ] ] } },
{ "type": "Feature", "properties": { "sensor": "GASA-04", "time": "2025-08-20T15:46:00+02:00", "count_line": 71, "location": "CSriOosterdokskade", "count_area": 111.0, "countline_length": 7 }, "geometry": { "type": "Polygon", "coordinates": [ [ [ 122048.376863329031039, 487807.469361883937381 ], [ 122071.01856669143308, 487793.318297282443382 ], [ 122066.505524467182113, 487786.586980066611432 ], [ 122043.86382110476552, 487800.049614498275332 ], [ 122048.376863329031039, 487807.469361883937381 ] ] ] } },
{ "type": "Feature", "properties": { "sensor": "GASA-04", "time": "2025-08-20T15:48:00+02:00", "count_line": 79, "location": "CSriOosterdokskade", "count_area": 148.0, "countline_length": 7 }, "geometry": { "type": "Polygon", "coordinates": [ [ [ 122048.376863329031039, 487807.469361883937381 ], [ 122071.01856669143308, 487793.318297282443382 ], [ 122066.505524467182113, 487786.586980066611432 ], [ 122043.86382110476552, 487800.049614498275332 ], [ 122048.376863329031039, 487807.469361883937381 ] ] ] } },
{ "type": "Feature", "properties": { "sensor": "GASA-04", "time": "2025-08-20T15:50:00+02:00", "count_line": 66, "location": "CSriOosterdokskade", "count_area": 124.0, "countline_length": 7 }, "geometry": { "type": "Polygon", "coordinates": [ [ [ 122048.376863329031039, 487807.469361883937381 ], [ 122071.01856669143308, 487793.318297282443382 ], [ 122066.505524467182113, 487786.586980066611432 ], [ 122043.86382110476552, 487800.049614498275332 ], [ 122048.376863329031039, 487807.469361883937381 ] ] ] } },
{ "type": "Feature", "properties": { "sensor": "GASA-04", "time": "2025-08-20T15:52:00+02:00", "count_line": 60, "location": "CSriOosterdokskade", "count_area": 90.0, "countline_length": 7 }, "geometry": { "type": "Polygon", "coordinates": [ [ [ 122048.376863329031039, 487807.469361883937381 ], [ 122071.01856669143308, 487793.318297282443382 ], [ 122066.505524467182113, 487786.586980066611432 ], [ 122043.86382110476552, 487800.049614498275332 ], [ 122048.376863329031039, 487807.469361883937381 ] ] ] } },
{ "type": "Feature", "properties": { "sensor": "GASA-04", "time": "2025-08-20T15:54:00+02:00", "count_line": 78, "location": "CSriOosterdokskade", "count_area": 139.0, "countline_length": 7 }, "geometry": { "type": "Polygon", "coordinates": [ [ [ 122048.376863329031039, 487807.469361883937381 ], [ 122071.01856669143308, 487793.318297282443382 ], [ 122066.505524467182113, 487786.586980066611432 ], [ 122043.86382110476552, 487800.049614498275332 ], [ 122048.376863329031039, 487807.469361883937381 ] ] ] } },
{ "type": "Feature", "properties": { "sensor": "GASA-04", "time": "2025-08-20T15:56:00+02:00", "count_line": 188, "location": "CSriOosterdokskade", "count_area": 344.0, "countline_length": 7 }, "geometry": { "type": "Polygon", "coordinates": [ [ [ 122048.376863329031039, 487807.469361883937381 ], [ 122071.01856669143308, 487793.318297282443382 ], [ 122066.505524467182113, 487786.586980066611432 ], [ 122043.86382110476552, 487800.049614498275332 ], [ 122048.376863329031039, 487807.469361883937381 ] ] ] } },
{ "type": "Feature", "properties": { "sensor": "GASA-04", "time": "2025-08-20T15:58:00+02:00", "count_line": 148, "location": "CSriOosterdokskade", "count_area": 263.0, "countline_length": 7 }, "geometry": { "type": "Polygon", "coordinates": [ [ [ 122048.376863329031039, 487807.469361883937381 ], [ 122071.01856669143308, 487793.318297282443382 ], [ 122066.505524467182113, 487786.586980066611432 ], [ 122043.86382110476552, 487800.049614498275332 ], [ 122048.376863329031039, 487807.469361883937381 ] ] ] } },
{ "type": "Feature", "properties": { "sensor": "GASA-04", "time": "2025-08-20T15:59:00+02:00", "count_line": 67, "location": "CSriOosterdokskade", "count_area": 109.0, "countline_length": 7 }, "geometry": { "type": "Polygon", "coordinates": [ [ [ 122048.376863329031039, 487807.469361883937381 ], [ 122071.01856669143308, 487793.318297282443382 ], [ 122066.505524467182113, 487786.586980066611432 ], [ 122043.86382110476552, 487800.049614498275332 ], [ 122048.376863329031039, 487807.469361883937381 ] ] ] } },
{ "type": "Feature", "properties": { "sensor": "GASA-04", "time": "2025-08-20T16:00:00+02:00", "count_line": 41, "location": "CSriOosterdokskade", "count_area": 63.0, "countline_length": 7 }, "geometry": { "type": "Polygon", "coordinates": [ [ [ 122048.376863329031039, 487807.469361883937381 ], [ 122071.01856669143308, 487793.318297282443382 ], [ 122066.505524467182113, 487786.586980066611432 ], [ 122043.86382110476552, 487800.049614498275332 ], [ 122048.376863329031039, 487807.469361883937381 ] ] ] } },
{ "type": "Feature", "properties": { "sensor": "GASA-04", "time": "2025-08-20T16:02:00+02:00", "count_line": 68, "location": "CSriOosterdokskade", "count_area": 116.0, "countline_length": 7 }, "geometry": { "type": "Polygon", "coordinates": [ [ [ 122048.376863329031039, 487807.469361883937381 ], [ 122071.01856669143308, 487793.318297282443382 ], [ 122066.505524467182113, 487786.586980066611432 ], [ 122043.86382110476552, 487800.049614498275332 ], [ 122048.376863329031039, 487807.469361883937381 ] ] ] } },
{ "type": "Feature", "properties": { "sensor": "GASA-04", "time": "2025-08-20T16:04:00+02:00", "count_line": 59, "location": "CSriOosterdokskade", "count_area": 106.0, "countline_length": 7 }, "geometry": { "type": "Polygon", "coordinates": [ [ [ 122048.376863329031039, 487807.469361883937381 ], [ 122071.01856669143308, 487793.318297282443382 ], [ 122066.505524467182113, 487786.586980066611432 ], [ 122043.86382110476552, 487800.049614498275332 ], [ 122048.376863329031039, 487807.469361883937381 ] ] ] } },
{ "type": "Feature", "properties": { "sensor": "GASA-04", "time": "2025-08-20T16:06:00+02:00", "count_line": 132, "location": "CSriOosterdokskade", "count_area": 252.0, "countline_length": 7 }, "geometry": { "type": "Polygon", "coordinates": [ [ [ 122048.376863329031039, 487807.469361883937381 ], [ 122071.01856669143308, 487793.318297282443382 ], [ 122066.505524467182113, 487786.586980066611432 ], [ 122043.86382110476552, 487800.049614498275332 ], [ 122048.376863329031039, 487807.469361883937381 ] ] ] } },
{ "type": "Feature", "properties": { "sensor": "GASA-04", "time": "2025-08-20T16:08:00+02:00", "count_line": 138, "location": "CSriOosterdokskade", "count_area": 228.0, "countline_length": 7 }, "geometry": { "type": "Polygon", "coordinates": [ [ [ 122048.376863329031039, 487807.469361883937381 ], [ 122071.01856669143308, 487793.318297282443382 ], [ 122066.505524467182113, 487786.586980066611432 ], [ 122043.86382110476552, 487800.049614498275332 ], [ 122048.376863329031039, 487807.469361883937381 ] ] ] } },
{ "type": "Feature", "properties": { "sensor": "GASA-04", "time": "2025-08-20T16:10:00+02:00", "count_line": 188, "location": "CSriOosterdokskade", "count_area": 298.0, "countline_length": 7 }, "geometry": { "type": "Polygon", "coordinates": [ [ [ 122048.376863329031039, 487807.469361883937381 ], [ 122071.01856669143308, 487793.318297282443382 ], [ 122066.505524467182113, 487786.586980066611432 ], [ 122043.86382110476552, 487800.049614498275332 ], [ 122048.376863329031039, 487807.469361883937381 ] ] ] } },
{ "type": "Feature", "properties": { "sensor": "GASA-04", "time": "2025-08-20T16:12:00+02:00", "count_line": 87, "location": "CSriOosterdokskade", "count_area": 151.0, "countline_length": 7 }, "geometry": { "type": "Polygon", "coordinates": [ [ [ 122048.376863329031039, 487807.469361883937381 ], [ 122071.01856669143308, 487793.318297282443382 ], [ 122066.505524467182113, 487786.586980066611432 ], [ 122043.86382110476552, 487800.049614498275332 ], [ 122048.376863329031039, 487807.469361883937381 ] ] ] } },
{ "type": "Feature", "properties": { "sensor": "GASA-04", "time": "2025-08-20T16:14:00+02:00", "count_line": 79, "location": "CSriOosterdokskade", "count_area": 146.0, "countline_length": 7 }, "geometry": { "type": "Polygon", "coordinates": [ [ [ 122048.376863329031039, 487807.469361883937381 ], [ 122071.01856669143308, 487793.318297282443382 ], [ 122066.505524467182113, 487786.586980066611432 ], [ 122043.86382110476552, 487800.049614498275332 ], [ 122048.376863329031039, 487807.469361883937381 ] ] ] } },
{ "type": "Feature", "properties": { "sensor": "GASA-04", "time": "2025-08-20T16:16:00+02:00", "count_line": 50, "location": "CSriOosterdokskade", "count_area": 77.0, "countline_length": 7 }, "geometry": { "type": "Polygon", "coordinates": [ [ [ 122048.376863329031039, 487807.469361883937381 ], [ 122071.01856669143308, 487793.318297282443382 ], [ 122066.505524467182113, 487786.586980066611432 ], [ 122043.86382110476552, 487800.049614498275332 ], [ 122048.376863329031039, 487807.469361883937381 ] ] ] } },
{ "type": "Feature", "properties": { "sensor": "GASA-04", "time": "2025-08-20T16:18:00+02:00", "count_line": 48, "location": "CSriOosterdokskade", "count_area": 95.0, "countline_length": 7 }, "geometry": { "type": "Polygon", "coordinates": [ [ [ 122048.376863329031039, 487807.469361883937381 ], [ 122071.01856669143308, 487793.318297282443382 ], [ 122066.505524467182113, 487786.586980066611432 ], [ 122043.86382110476552, 487800.049614498275332 ], [ 122048.376863329031039, 487807.469361883937381 ] ] ] } },
{ "type": "Feature", "properties": { "sensor": "GASA-04", "time": "2025-08-20T16:20:00+02:00", "count_line": 76, "location": "CSriOosterdokskade", "count_area": 118.0, "countline_length": 7 }, "geometry": { "type": "Polygon", "coordinates": [ [ [ 122048.376863329031039, 487807.469361883937381 ], [ 122071.01856669143308, 487793.318297282443382 ], [ 122066.505524467182113, 487786.586980066611432 ], [ 122043.86382110476552, 487800.049614498275332 ], [ 122048.376863329031039, 487807.469361883937381 ] ] ] } },
{ "type": "Feature", "properties": { "sensor": "GASA-04", "time": "2025-08-20T16:21:00+02:00", "count_line": 98, "location": "CSriOosterdokskade", "count_area": 153.0, "countline_length": 7 }, "geometry": { "type": "Polygon", "coordinates": [ [ [ 122048.376863329031039, 487807.469361883937381 ], [ 122071.01856669143308, 487793.318297282443382 ], [ 122066.505524467182113, 487786.586980066611432 ], [ 122043.86382110476552, 487800.049614498275332 ], [ 122048.376863329031039, 487807.469361883937381 ] ] ] } },
{ "type": "Feature", "properties": { "sensor": "GASA-04", "time": "2025-08-20T16:22:00+02:00", "count_line": 42, "location": "CSriOosterdokskade", "count_area": 70.0, "countline_length": 7 }, "geometry": { "type": "Polygon", "coordinates": [ [ [ 122048.376863329031039, 487807.469361883937381 ], [ 122071.01856669143308, 487793.318297282443382 ], [ 122066.505524467182113, 487786.586980066611432 ], [ 122043.86382110476552, 487800.049614498275332 ], [ 122048.376863329031039, 487807.469361883937381 ] ] ] } },
{ "type": "Feature", "properties": { "sensor": "GASA-04", "time": "2025-08-20T16:24:00+02:00", "count_line": 132, "location": "CSriOosterdokskade", "count_area": 210.0, "countline_length": 7 }, "geometry": { "type": "Polygon", "coordinates": [ [ [ 122048.376863329031039, 487807.469361883937381 ], [ 122071.01856669143308, 487793.318297282443382 ], [ 122066.505524467182113, 487786.586980066611432 ], [ 122043.86382110476552, 487800.049614498275332 ], [ 122048.376863329031039, 487807.469361883937381 ] ] ] } },
{ "type": "Feature", "properties": { "sensor": "GASA-04", "time": "2025-08-20T16:26:00+02:00", "count_line": 124, "location": "CSriOosterdokskade", "count_area": 189.0, "countline_length": 7 }, "geometry": { "type": "Polygon", "coordinates": [ [ [ 122048.376863329031039, 487807.469361883937381 ], [ 122071.01856669143308, 487793.318297282443382 ], [ 122066.505524467182113, 487786.586980066611432 ], [ 122043.86382110476552, 487800.049614498275332 ], [ 122048.376863329031039, 487807.469361883937381 ] ] ] } },
{ "type": "Feature", "properties": { "sensor": "GASA-04", "time": "2025-08-20T16:28:00+02:00", "count_line": 208, "location": "CSriOosterdokskade", "count_area": 390.0, "countline_length": 7 }, "geometry": { "type": "Polygon", "coordinates": [ [ [ 122048.376863329031039, 487807.469361883937381 ], [ 122071.01856669143308, 487793.318297282443382 ], [ 122066.505524467182113, 487786.586980066611432 ], [ 122043.86382110476552, 487800.049614498275332 ], [ 122048.376863329031039, 487807.469361883937381 ] ] ] } }
]
}
