{
"type": "FeatureCollection",
"name": "alerts_deepdive_data",
"crs": { "type": "name", "properties": { "name": "urn:ogc:def:crs:EPSG::28992" } },
"features": [
{ "type": "Feature", "properties": { "sensor": "GASA-01-A1, GASA-01-A2, GASA-01-B en GASA-01-C", "time": "2025-08-20T08:09:00+02:00", "count_line": 20, "location": "IJBoulevard", "count_area": 74.0, "countline_length": 20, "density": 0.05175942247286773, "flow": 1.0, "LoS": "LoS A" }, "geometry": { "type": "Polygon", "coordinates": [ [ [ 121836.295989167396328, 488195.689035499177407 ], [ 121857.685674072490656, 488180.149520824546926 ], [ 121832.273997133961529, 488133.896612440003082 ], [ 121807.776409293946926, 488147.242313278256916 ], [ 121836.478806987099233, 488192.763950383930933 ], [ 121836.295989167396328, 488195.689035499177407 ] ] ] } },
{ "type": "Feature", "properties": { "sensor": "GASA-01-A1, GASA-01-A2, GASA-01-B en GASA-01-C", "time": "2025-08-20T08:10:00+02:00", "count_line": 14, "location": "IJBoulevard", "count_area": 42.0, "countline_length": 20, "density": 0.029376969511627628, "flow": 0.7, "LoS": "LoS A" }, "geometry": { "type": "Polygon", "coordinates": [ [ [ 121836.295989167396328, 488195.689035499177407 ], [ 121857.685674072490656, 488180.149520824546926 ], [ 121832.273997133961529, 488133.896612440003082 ], [ 121807.776409293946926, 488147.242313278256916 ], [ 121836.478806987099233, 488192.763950383930933 ], [ 121836.295989167396328, 488195.689035499177407 ] ] ] } },
{ "type": "Feature", "properties": { "sensor": "GASA-01-A1, GASA-01-A2, GASA-01-B en GASA-01-C", "time": "2025-08-20T08:11:00+02:00", "count_line": 4, "location": "IJBoulevard", "count_area": 15.0, "countline_length": 20, "density": 0.010491774825581297, "flow": 0.2, "LoS": "LoS A" }, "geometry": { "type": "Polygon", "coordinates": [ [ [ 121836.295989167396328, 488195.689035499177407 ], [ 121857.685674072490656, 488180.149520824546926 ], [ 121832.273997133961529, 488133.896612440003082 ], [ 121807.776409293946926, 488147.242313278256916 ], [ 121836.478806987099233, 488192.763950383930933 ], [ 121836.295989167396328, 488195.689035499177407 ] ] ] } },
{ "type": "Feature", "properties": { "sensor": "GASA-01-A1, GASA-01-A2, GASA-01-B en GASA-01-C", "time": "2025-08-20T08:12:00+02:00", "count_line": 16, "location": "IJBoulevard", "count_area": 61.0, "countline_length": 20, "density": 0.042666550957363936, "flow": 0.8, "LoS": "LoS A" }, "geometry": { "type": "Polygon", "coordinates": [ [ [ 121836.295989167396328, 488195.689035499177407 ], [ 121857.685674072490656, 488180.149520824546926 ], [ 121832.273997133961529, 488133.896612440003082 ], [ 121807.776409293946926, 488147.242313278256916 ], [ 121836.478806987099233, 488192.763950383930933 ], [ 121836.295989167396328, 488195.689035499177407 ] ] ] } },
{ "type": "Feature", "properties": { "sensor": "GASA-01-A1, GASA-01-A2, GASA-01-B en GASA-01-C", "time": "2025-08-20T08:13:00+02:00", "count_line": 14, "location": "IJBoulevard", "count_area": 43.0, "countline_length": 20, "density": 0.030076421166666381, "flow": 0.7, "LoS": "LoS A" }, "geometry": { "type": "Polygon", "coordinates": [ [ [ 121836.295989167396328, 488195.689035499177407 ], [ 121857.685674072490656, 488180.149520824546926 ], [ 121832.273997133961529, 488133.896612440003082 ], [ 121807.776409293946926, 488147.242313278256916 ], [ 121836.478806987099233, 488192.763950383930933 ], [ 121836.295989167396328, 488195.689035499177407 ] ] ] } },
{ "type": "Feature", "properties": { "sensor": "GASA-01-A1, GASA-01-A2, GASA-01-B en GASA-01-C", "time": "2025-08-20T08:14:00+02:00", "count_line": 28, "location": "IJBoulevard", "count_area": 102.0, "countline_length": 20, "density": 0.071344068813952818, "flow": 1.4, "LoS": "LoS A" }, "geometry": { "type": "Polygon", "coordinates": [ [ [ 121836.295989167396328, 488195.689035499177407 ], [ 121857.685674072490656, 488180.149520824546926 ], [ 121832.273997133961529, 488133.896612440003082 ], [ 121807.776409293946926, 488147.242313278256916 ], [ 121836.478806987099233, 488192.763950383930933 ], [ 121836.295989167396328, 488195.689035499177407 ] ] ] } },
{ "type": "Feature", "properties": { "sensor": "GASA-01-A1, GASA-01-A2, GASA-01-B en GASA-01-C", "time": "2025-08-20T08:15:00+02:00", "count_line": 24, "location": "IJBoulevard", "count_area": 94.0, "countline_length": 20, "density": 0.065748455573642783, "flow": 1.2, "LoS": "LoS A" }, "geometry": { "type": "Polygon", "coordinates": [ [ [ 121836.295989167396328, 488195.689035499177407 ], [ 121857.685674072490656, 488180.149520824546926 ], [ 121832.273997133961529, 488133.896612440003082 ], [ 121807.776409293946926, 488147.242313278256916 ], [ 121836.478806987099233, 488192.763950383930933 ], [ 121836.295989167396328, 488195.689035499177407 ] ] ] } },
{ "type": "Feature", "properties": { "sensor": "GASA-01-A1, GASA-01-A2, GASA-01-B en GASA-01-C", "time": "2025-08-20T08:16:00+02:00", "count_line": 4, "location": "IJBoulevard", "count_area": 12.0, "countline_length": 20, "density": 0.0083934198604650369, "flow": 0.2, "LoS": "LoS A" }, "geometry": { "type": "Polygon", "coordinates": [ [ [ 121836.295989167396328, 488195.689035499177407 ], [ 121857.685674072490656, 488180.149520824546926 ], [ 121832.273997133961529, 488133.896612440003082 ], [ 121807.776409293946926, 488147.242313278256916 ], [ 121836.478806987099233, 488192.763950383930933 ], [ 121836.295989167396328, 488195.689035499177407 ] ] ] } },
{ "type": "Feature", "properties": { "sensor": "GASA-01-A1, GASA-01-A2, GASA-01-B en GASA-01-C", "time": "2025-08-20T08:17:00+02:00", "count_line": 5, "location": "IJBoulevard", "count_area": 19.0, "countline_length": 20, "density": 0.013289581445736309, "flow": 0.25, "LoS": "LoS A" }, "geometry": { "type": "Polygon", "coordinates": [ [ [ 121836.295989167396328, 488195.689035499177407 ], [ 121857.685674072490656, 488180.149520824546926 ], [ 121832.273997133961529, 488133.896612440003082 ], [ 121807.776409293946926, 488147.242313278256916 ], [ 121836.478806987099233, 488192.763950383930933 ], [ 121836.295989167396328, 488195.689035499177407 ] ] ] } },
{ "type": "Feature", "properties": { "sensor": "GASA-01-A1, GASA-01-A2, GASA-01-B en GASA-01-C", "time": "2025-08-20T08:18:00+02:00", "count_line": 10, "location": "IJBoulevard", "count_area": 39.0, "countline_length": 20, "density": 0.027278614546511371, "flow": 0.5, "LoS": "LoS A" }, "geometry": { "type": "Polygon", "coordinates": [ [ [ 121836.295989167396328, 488195.689035499177407 ], [ 121857.685674072490656, 488180.149520824546926 ], [ 121832.273997133961529, 488133.896612440003082 ], [ 121807.776409293946926, 488147.242313278256916 ], [ 121836.478806987099233, 488192.763950383930933 ], [ 121836.295989167396328, 488195.689035499177407 ] ] ] } },
{ "type": "Feature", "properties": { "sensor": "GASA-01-A1, GASA-01-A2, GASA-01-B en GASA-01-C", "time": "2025-08-20T08:19:00+02:00", "count_line": 13, "location": "IJBoulevard", "count_area": 51.0, "countline_length": 20, "density": 0.035672034406976409, "flow": 0.65, "LoS": "LoS A" }, "geometry": { "type": "Polygon", "coordinates": [ [ [ 121836.295989167396328, 488195.689035499177407 ], [ 121857.685674072490656, 488180.149520824546926 ], [ 121832.273997133961529, 488133.896612440003082 ], [ 121807.776409293946926, 488147.242313278256916 ], [ 121836.478806987099233, 488192.763950383930933 ], [ 121836.295989167396328, 488195.689035499177407 ] ] ] } },
{ "type": "Feature", "properties": { "sensor": "GASA-01-A1, GASA-01-A2, GASA-01-B en GASA-01-C", "time": "2025-08-20T08:20:00+02:00", "count_line": 42, "location": "IJBoulevard", "count_area": 160.0, "countline_length": 20, "density": 0.11191226480620049, "flow": 2.1, "LoS": "LoS A" }, "geometry": { "type": "Polygon", "coordinates": [ [ [ 121836.295989167396328, 488195.689035499177407 ], [ 121857.685674072490656, 488180.149520824546926 ], [ 121832.273997133961529, 488133.896612440003082 ], [ 121807.776409293946926, 488147.242313278256916 ], [ 121836.478806987099233, 488192.763950383930933 ], [ 121836.295989167396328, 488195.689035499177407 ] ] ] } },
{ "type": "Feature", "properties": { "sensor": "GASA-01-A1, GASA-01-A2, GASA-01-B en GASA-01-C", "time": "2025-08-20T08:21:00+02:00", "count_line": 25, "location": "IJBoulevard", "count_area": 75.0, "countline_length": 20, "density": 0.05245887412790648, "flow": 1.25, "LoS": "LoS A" }, "geometry": { "type": "Polygon", "coordinates": [ [ [ 121836.295989167396328, 488195.689035499177407 ], [ 121857.685674072490656, 488180.149520824546926 ], [ 121832.273997133961529, 488133.896612440003082 ], [ 121807.776409293946926, 488147.242313278256916 ], [ 121836.478806987099233, 488192.763950383930933 ], [ 121836.295989167396328, 488195.689035499177407 ] ] ] } },
{ "type": "Feature", "properties": { "sensor": "GASA-01-A1, GASA-01-A2, GASA-01-B en GASA-01-C", "time": "2025-08-20T08:22:00+02:00", "count_line": 8, "location": "IJBoulevard", "count_area": 24.0, "countline_length": 20, "density": 0.016786839720930074, "flow": 0.4, "LoS": "LoS A" }, "geometry": { "type": "Polygon", "coordinates": [ [ [ 121836.295989167396328, 488195.689035499177407 ], [ 121857.685674072490656, 488180.149520824546926 ], [ 121832.273997133961529, 488133.896612440003082 ], [ 121807.776409293946926, 488147.242313278256916 ], [ 121836.478806987099233, 488192.763950383930933 ], [ 121836.295989167396328, 488195.689035499177407 ] ] ] } },
{ "type": "Feature", "properties": { "sensor": "GASA-01-A1, GASA-01-A2, GASA-01-B en GASA-01-C", "time": "2025-08-20T08:23:00+02:00", "count_line": 8, "location": "IJBoulevard", "count_area": 30.0, "countline_length": 20, "density": 0.020983549651162593, "flow": 0.4, "LoS": "LoS A" }, "geometry": { "type": "Polygon", "coordinates": [ [ [ 121836.295989167396328, 488195.689035499177407 ], [ 121857.685674072490656, 488180.149520824546926 ], [ 121832.273997133961529, 488133.896612440003082 ], [ 121807.776409293946926, 488147.242313278256916 ], [ 121836.478806987099233, 488192.763950383930933 ], [ 121836.295989167396328, 488195.689035499177407 ] ] ] } },
{ "type": "Feature", "properties": { "sensor": "GASA-01-A1, GASA-01-A2, GASA-01-B en GASA-01-C", "time": "2025-08-20T08:24:00+02:00", "count_line": 27, "location": "IJBoulevard", "count_area": 96.0, "countline_length": 20, "density": 0.067147358883720296, "flow": 1.35, "LoS": "LoS A" }, "geometry": { "type": "Polygon", "coordinates": [ [ [ 121836.295989167396328, 488195.689035499177407 ], [ 121857.685674072490656, 488180.149520824546926 ], [ 121832.273997133961529, 488133.896612440003082 ], [ 121807.776409293946926, 488147.242313278256916 ], [ 121836.478806987099233, 488192.763950383930933 ], [ 121836.295989167396328, 488195.689035499177407 ] ] ] } },
{ "type": "Feature", "properties": { "sensor": "GASA-01-A1, GASA-01-A2, GASA-01-B en GASA-01-C", "time": "2025-08-20T08:25:00+02:00", "count_line": 34, "location": "IJBoulevard", "count_area": 110.0, "countline_length": 20, "density": 0.07693968205426284, "flow": 1.7, "LoS": "LoS A" }, "geometry": { "type": "Polygon", "coordinates": [ [ [ 121836.295989167396328, 488195.689035499177407 ], [ 121857.685674072490656, 488180.149520824546926 ], [ 121832.273997133961529, 488133.896612440003082 ], [ 121807.776409293946926, 488147.242313278256916 ], [ 121836.478806987099233, 488192.763950383930933 ], [ 121836.295989167396328, 488195.689035499177407 ] ] ] } },
{ "type": "Feature", "properties": { "sensor": "GASA-01-A1, GASA-01-A2, GASA-01-B en GASA-01-C", "time": "2025-08-20T08:26:00+02:00", "count_line": 11, "location": "IJBoulevard", "count_area": 43.0, "countline_length": 20, "density": 0.030076421166666381, "flow": 0.55, "LoS": "LoS A" }, "geometry": { "type": "Polygon", "coordinates": [ [ [ 121836.295989167396328, 488195.689035499177407 ], [ 121857.685674072490656, 488180.149520824546926 ], [ 121832.273997133961529, 488133.896612440003082 ], [ 121807.776409293946926, 488147.242313278256916 ], [ 121836.478806987099233, 488192.763950383930933 ], [ 121836.295989167396328, 488195.689035499177407 ] ] ] } },
{ "type": "Feature", "properties": { "sensor": "GASA-01-A1, GASA-01-A2, GASA-01-B en GASA-01-C", "time": "2025-08-20T08:27:00+02:00", "count_line": 25, "location": "IJBoulevard", "count_area": 83.0, "countline_length": 20, "density": 0.058054487368216508, "flow": 1.25, "LoS": "LoS A" }, "geometry": { "type": "Polygon", "coordinates": [ [ [ 121836.295989167396328, 488195.689035499177407 ], [ 121857.685674072490656, 488180.149520824546926 ], [ 121832.273997133961529, 488133.896612440003082 ], [ 121807.776409293946926, 488147.242313278256916 ], [ 121836.478806987099233, 488192.763950383930933 ], [ 121836.295989167396328, 488195.689035499177407 ] ] ] } },
{ "type": "Feature", "properties": { "sensor": "GASA-01-A1, GASA-01-A2, GASA-01-B en GASA-01-C", "time": "2025-08-20T08:28:00+02:00", "count_line": 16, "location": "IJBoulevard", "count_area": 57.0, "countline_length": 20, "density": 0.039868744337208925, "flow": 0.8, "LoS": "LoS A" }, "geometry": { "type": "Polygon", "coordinates": [ [ [ 121836.295989167396328, 488195.689035499177407 ], [ 121857.685674072490656, 488180.149520824546926 ], [ 121832.273997133961529, 488133.896612440003082 ], [ 121807.776409293946926, 488147.242313278256916 ], [ 121836.478806987099233, 488192.763950383930933 ], [ 121836.295989167396328, 488195.689035499177407 ] ] ] } },
{ "type": "Feature", "properties": { "sensor": "GASA-01-A1, GASA-01-A2, GASA-01-B en GASA-01-C", "time": "2025-08-20T08:29:00+02:00", "count_line": 14, "location": "IJBoulevard", "count_area": 51.0, "countline_length": 20, "density": 0.035672034406976409, "flow": 0.7, "LoS": "LoS A" }, "geometry": { "type": "Polygon", "coordinates": [ [ [ 121836.295989167396328, 488195.689035499177407 ], [ 121857.685674072490656, 488180.149520824546926 ], [ 121832.273997133961529, 488133.896612440003082 ], [ 121807.776409293946926, 488147.242313278256916 ], [ 121836.478806987099233, 488192.763950383930933 ], [ 121836.295989167396328, 488195.689035499177407 ] ] ] } },
{ "type": "Feature", "properties": { "sensor": "GASA-01-A1, GASA-01-A2, GASA-01-B en GASA-01-C", "time": "2025-08-20T08:30:00+02:00", "count_line": 20, "location": "IJBoulevard", "count_area": 77.0, "countline_length": 20, "density": 0.053857777437983985, "flow": 1.0, "LoS": "LoS A" }, "geometry": { "type": "Polygon", "coordinates": [ [ [ 121836.295989167396328, 488195.689035499177407 ], [ 121857.685674072490656, 488180.149520824546926 ], [ 121832.273997133961529, 488133.896612440003082 ], [ 121807.776409293946926, 488147.242313278256916 ], [ 121836.478806987099233, 488192.763950383930933 ], [ 121836.295989167396328, 488195.689035499177407 ] ] ] } },
{ "type": "Feature", "properties": { "sensor": "GASA-01-A1, GASA-01-A2, GASA-01-B en GASA-01-C", "time": "2025-08-20T08:31:00+02:00", "count_line": 33, "location": "IJBoulevard", "count_area": 109.0, "countline_length": 20, "density": 0.07624023039922409, "flow": 1.65, "LoS": "LoS A" }, "geometry": { "type": "Polygon", "coordinates": [ [ [ 121836.295989167396328, 488195.689035499177407 ], [ 121857.685674072490656, 488180.149520824546926 ], [ 121832.273997133961529, 488133.896612440003082 ], [ 121807.776409293946926, 488147.242313278256916 ], [ 121836.478806987099233, 488192.763950383930933 ], [ 121836.295989167396328, 488195.689035499177407 ] ] ] } },
{ "type": "Feature", "properties": { "sensor": "GASA-01-A1, GASA-01-A2, GASA-01-B en GASA-01-C", "time": "2025-08-20T08:32:00+02:00", "count_line": 9, "location": "IJBoulevard", "count_area": 27.0, "countline_length": 20, "density": 0.018885194686046332, "flow": 0.45, "LoS": "LoS A" }, "geometry": { "type": "Polygon", "coordinates": [ [ [ 121836.295989167396328, 488195.689035499177407 ], [ 121857.685674072490656, 488180.149520824546926 ], [ 121832.273997133961529, 488133.896612440003082 ], [ 121807.776409293946926, 488147.242313278256916 ], [ 121836.478806987099233, 488192.763950383930933 ], [ 121836.295989167396328, 488195.689035499177407 ] ] ] } },
{ "type": "Feature", "properties": { "sensor": "GASA-01-A1, GASA-01-A2, GASA-01-B en GASA-01-C", "time": "2025-08-20T08:33:00+02:00", "count_line": 9, "location": "IJBoulevard", "count_area": 33.0, "countline_length": 20, "density": 0.023081904616278851, "flow": 0.45, "LoS": "LoS A" }, "geometry": { "type": "Polygon", "coordinates": [ [ [ 121836.295989167396328, 488195.689035499177407 ], [ 121857.685674072490656, 488180.149520824546926 ], [ 121832.273997133961529, 488133.896612440003082 ], [ 121807.776409293946926, 488147.242313278256916 ], [ 121836.478806987099233, 488192.763950383930933 ], [ 121836.295989167396328, 488195.689035499177407 ] ] ] } },
{ "type": "Feature", "properties": { "sensor": "GASA-01-A1, GASA-01-A2, GASA-01-B en GASA-01-C", "time": "2025-08-20T08:34:00+02:00", "count_line": 26, "location": "IJBoulevard", "count_area": 99.0, "countline_length": 20, "density": 0.069245713848836557, "flow": 1.3, "LoS": "LoS A" }, "geometry": { "type": "Polygon", "coordinates": [ [ [ 121836.295989167396328, 488195.689035499177407 ], [ 121857.685674072490656, 488180.149520824546926 ], [ 121832.273997133961529, 488133.896612440003082 ], [ 121807.776409293946926, 488147.242313278256916 ], [ 121836.478806987099233, 488192.763950383930933 ], [ 121836.295989167396328, 488195.689035499177407 ] ] ] } },
{ "type": "Feature", "properties": { "sensor": "GASA-01-A1, GASA-01-A2, GASA-01-B en GASA-01-C", "time": "2025-08-20T08:35:00+02:00", "count_line": 10, "location": "IJBoulevard", "count_area": 36.0, "countline_length": 20, "density": 0.025180259581395109, "flow": 0.5, "LoS": "LoS A" }, "geometry": { "type": "Polygon", "coordinates": [ [ [ 121836.295989167396328, 488195.689035499177407 ], [ 121857.685674072490656, 488180.149520824546926 ], [ 121832.273997133961529, 488133.896612440003082 ], [ 121807.776409293946926, 488147.242313278256916 ], [ 121836.478806987099233, 488192.763950383930933 ], [ 121836.295989167396328, 488195.689035499177407 ] ] ] } },
{ "type": "Feature", "properties": { "sensor": "GASA-01-A1, GASA-01-A2, GASA-01-B en GASA-01-C", "time": "2025-08-20T08:36:00+02:00", "count_line": 29, "location": "IJBoulevard", "count_area": 105.0, "countline_length": 20, "density": 0.07344242377906908, "flow": 1.45, "LoS": "LoS A" }, "geometry": { "type": "Polygon", "coordinates": [ [ [ 121836.295989167396328, 488195.689035499177407 ], [ 121857.685674072490656, 488180.149520824546926 ], [ 121832.273997133961529, 488133.896612440003082 ], [ 121807.776409293946926, 488147.242313278256916 ], [ 121836.478806987099233, 488192.763950383930933 ], [ 121836.295989167396328, 488195.689035499177407 ] ] ] } },
{ "type": "Feature", "properties": { "sensor": "GASA-01-A1, GASA-01-A2, GASA-01-B en GASA-01-C", "time": "2025-08-20T08:37:00+02:00", "count_line": 27, "location": "IJBoulevard", "count_area": 89.0, "countline_length": 20, "density": 0.062251197298449024, "flow": 1.35, "LoS": "LoS A" }, "geometry": { "type": "Polygon", "coordinates": [ [ [ 121836.295989167396328, 488195.689035499177407 ], [ 121857.685674072490656, 488180.149520824546926 ], [ 121832.273997133961529, 488133.896612440003082 ], [ 121807.776409293946926, 488147.242313278256916 ], [ 121836.478806987099233, 488192.763950383930933 ], [ 121836.295989167396328, 488195.689035499177407 ] ] ] } },
{ "type": "Feature", "properties": { "sensor": "GASA-01-A1, GASA-01-A2, GASA-01-B en GASA-01-C", "time": "2025-08-20T08:38:00+02:00", "count_line": 15, "location": "IJBoulevard", "count_area": 52.0, "countline_length": 20, "density": 0.036371486062015158, "flow": 0.75, "LoS": "LoS A" }, "geometry": { "type": "Polygon", "coordinates": [ [ [ 121836.295989167396328, 488195.689035499177407 ], [ 121857.685674072490656, 488180.149520824546926 ], [ 121832.273997133961529, 488133.896612440003082 ], [ 121807.776409293946926, 488147.242313278256916 ], [ 121836.478806987099233, 488192.763950383930933 ], [ 121836.295989167396328, 488195.689035499177407 ] ] ] } },
{ "type": "Feature", "properties": { "sensor": "GASA-01-A1, GASA-01-A2, GASA-01-B en GASA-01-C", "time": "2025-08-20T08:39:00+02:00", "count_line": 12, "location": "IJBoulevard", "count_area": 40.0, "countline_length": 20, "density": 0.027978066201550123, "flow": 0.6, "LoS": "LoS A" }, "geometry": { "type": "Polygon", "coordinates": [ [ [ 121836.295989167396328, 488195.689035499177407 ], [ 121857.685674072490656, 488180.149520824546926 ], [ 121832.273997133961529, 488133.896612440003082 ], [ 121807.776409293946926, 488147.242313278256916 ], [ 121836.478806987099233, 488192.763950383930933 ], [ 121836.295989167396328, 488195.689035499177407 ] ] ] } },
{ "type": "Feature", "properties": { "sensor": "GASA-01-A1, GASA-01-A2, GASA-01-B en GASA-01-C", "time": "2025-08-20T08:40:00+02:00", "count_line": 15, "location": "IJBoulevard", "count_area": 58.0, "countline_length": 20, "density": 0.040568195992247681, "flow": 0.75, "LoS": "LoS A" }, "geometry": { "type": "Polygon", "coordinates": [ [ [ 121836.295989167396328, 488195.689035499177407 ], [ 121857.685674072490656, 488180.149520824546926 ], [ 121832.273997133961529, 488133.896612440003082 ], [ 121807.776409293946926, 488147.242313278256916 ], [ 121836.478806987099233, 488192.763950383930933 ], [ 121836.295989167396328, 488195.689035499177407 ] ] ] } },
{ "type": "Feature", "properties": { "sensor": "GASA-01-A1, GASA-01-A2, GASA-01-B en GASA-01-C", "time": "2025-08-20T08:41:00+02:00", "count_line": 6, "location": "IJBoulevard", "count_area": 21.0, "countline_length": 20, "density": 0.014688484755813814, "flow": 0.3, "LoS": "LoS A" }, "geometry": { "type": "Polygon", "coordinates": [ [ [ 121836.295989167396328, 488195.689035499177407 ], [ 121857.685674072490656, 488180.149520824546926 ], [ 121832.273997133961529, 488133.896612440003082 ], [ 121807.776409293946926, 488147.242313278256916 ], [ 121836.478806987099233, 488192.763950383930933 ], [ 121836.295989167396328, 488195.689035499177407 ] ] ] } },
{ "type": "Feature", "properties": { "sensor": "GASA-01-A1, GASA-01-A2, GASA-01-B en GASA-01-C", "time": "2025-08-20T08:42:00+02:00", "count_line": 11, "location": "IJBoulevard", "count_area": 42.0, "countline_length": 20, "density": 0.029376969511627628, "flow": 0.55, "LoS": "LoS A" }, "geometry": { "type": "Polygon", "coordinates": [ [ [ 121836.295989167396328, 488195.689035499177407 ], [ 121857.685674072490656, 488180.149520824546926 ], [ 121832.273997133961529, 488133.896612440003082 ], [ 121807.776409293946926, 488147.242313278256916 ], [ 121836.478806987099233, 488192.763950383930933 ], [ 121836.295989167396328, 488195.689035499177407 ] ] ] } },
{ "type": "Feature", "properties": { "sensor": "GASA-01-A1, GASA-01-A2, GASA-01-B en GASA-01-C", "time": "2025-08-20T08:44:00+02:00", "count_line": 47, "location": "IJBoulevard", "count_area": 176.0, "countline_length": 20, "density": 0.12310349128682053, "flow": 2.35, "LoS": "LoS A" }, "geometry": { "type": "Polygon", "coordinates": [ [ [ 121836.295989167396328, 488195.689035499177407 ], [ 121857.685674072490656, 488180.149520824546926 ], [ 121832.273997133961529, 488133.896612440003082 ], [ 121807.776409293946926, 488147.242313278256916 ], [ 121836.478806987099233, 488192.763950383930933 ], [ 121836.295989167396328, 488195.689035499177407 ] ] ] } },
{ "type": "Feature", "properties": { "sensor": "GASA-01-A1, GASA-01-A2, GASA-01-B en GASA-01-C", "time": "2025-08-20T08:45:00+02:00", "count_line": 34, "location": "IJBoulevard", "count_area": 134.0, "countline_length": 20, "density": 0.093726521775192917, "flow": 1.7, "LoS": "LoS A" }, "geometry": { "type": "Polygon", "coordinates": [ [ [ 121836.295989167396328, 488195.689035499177407 ], [ 121857.685674072490656, 488180.149520824546926 ], [ 121832.273997133961529, 488133.896612440003082 ], [ 121807.776409293946926, 488147.242313278256916 ], [ 121836.478806987099233, 488192.763950383930933 ], [ 121836.295989167396328, 488195.689035499177407 ] ] ] } },
{ "type": "Feature", "properties": { "sensor": "GASA-01-A1, GASA-01-A2, GASA-01-B en GASA-01-C", "time": "2025-08-20T08:46:00+02:00", "count_line": 36, "location": "IJBoulevard", "count_area": 130.0, "countline_length": 20, "density": 0.090928715155037906, "flow": 1.8, "LoS": "LoS A" }, "geometry": { "type": "Polygon", "coordinates": [ [ [ 121836.295989167396328, 488195.689035499177407 ], [ 121857.685674072490656, 488180.149520824546926 ], [ 121832.273997133961529, 488133.896612440003082 ], [ 121807.776409293946926, 488147.242313278256916 ], [ 121836.478806987099233, 488192.763950383930933 ], [ 121836.295989167396328, 488195.689035499177407 ] ] ] } },
{ "type": "Feature", "properties": { "sensor": "GASA-01-A1, GASA-01-A2, GASA-01-B en GASA-01-C", "time": "2025-08-20T08:47:00+02:00", "count_line": 16, "location": "IJBoulevard", "count_area": 55.0, "countline_length": 20, "density": 0.03846984102713142, "flow": 0.8, "LoS": "LoS A" }, "geometry": { "type": "Polygon", "coordinates": [ [ [ 121836.295989167396328, 488195.689035499177407 ], [ 121857.685674072490656, 488180.149520824546926 ], [ 121832.273997133961529, 488133.896612440003082 ], [ 121807.776409293946926, 488147.242313278256916 ], [ 121836.478806987099233, 488192.763950383930933 ], [ 121836.295989167396328, 488195.689035499177407 ] ] ] } },
{ "type": "Feature", "properties": { "sensor": "GASA-01-A1, GASA-01-A2, GASA-01-B en GASA-01-C", "time": "2025-08-20T08:48:00+02:00", "count_line": 8, "location": "IJBoulevard", "count_area": 28.0, "countline_length": 20, "density": 0.019584646341085084, "flow": 0.4, "LoS": "LoS A" }, "geometry": { "type": "Polygon", "coordinates": [ [ [ 121836.295989167396328, 488195.689035499177407 ], [ 121857.685674072490656, 488180.149520824546926 ], [ 121832.273997133961529, 488133.896612440003082 ], [ 121807.776409293946926, 488147.242313278256916 ], [ 121836.478806987099233, 488192.763950383930933 ], [ 121836.295989167396328, 488195.689035499177407 ] ] ] } },
{ "type": "Feature", "properties": { "sensor": "GASA-01-A1, GASA-01-A2, GASA-01-B en GASA-01-C", "time": "2025-08-20T08:49:00+02:00", "count_line": 7, "location": "IJBoulevard", "count_area": 24.0, "countline_length": 20, "density": 0.016786839720930074, "flow": 0.35, "LoS": "LoS A" }, "geometry": { "type": "Polygon", "coordinates": [ [ [ 121836.295989167396328, 488195.689035499177407 ], [ 121857.685674072490656, 488180.149520824546926 ], [ 121832.273997133961529, 488133.896612440003082 ], [ 121807.776409293946926, 488147.242313278256916 ], [ 121836.478806987099233, 488192.763950383930933 ], [ 121836.295989167396328, 488195.689035499177407 ] ] ] } },
{ "type": "Feature", "properties": { "sensor": "GASA-01-A1, GASA-01-A2, GASA-01-B en GASA-01-C", "time": "2025-08-20T08:50:00+02:00", "count_line": 39, "location": "IJBoulevard", "count_area": 126.0, "countline_length": 20, "density": 0.088130908534882882, "flow": 1.95, "LoS": "LoS A" }, "geometry": { "type": "Polygon", "coordinates": [ [ [ 121836.295989167396328, 488195.689035499177407 ], [ 121857.685674072490656, 488180.149520824546926 ], [ 121832.273997133961529, 488133.896612440003082 ], [ 121807.776409293946926, 488147.242313278256916 ], [ 121836.478806987099233, 488192.763950383930933 ], [ 121836.295989167396328, 488195.689035499177407 ] ] ] } },
{ "type": "Feature", "properties": { "sensor": "GASA-01-A1, GASA-01-A2, GASA-01-B en GASA-01-C", "time": "2025-08-20T08:51:00+02:00", "count_line": 11, "location": "IJBoulevard", "count_area": 41.0, "countline_length": 20, "density": 0.028677517856588876, "flow": 0.55, "LoS": "LoS A" }, "geometry": { "type": "Polygon", "coordinates": [ [ [ 121836.295989167396328, 488195.689035499177407 ], [ 121857.685674072490656, 488180.149520824546926 ], [ 121832.273997133961529, 488133.896612440003082 ], [ 121807.776409293946926, 488147.242313278256916 ], [ 121836.478806987099233, 488192.763950383930933 ], [ 121836.295989167396328, 488195.689035499177407 ] ] ] } },
{ "type": "Feature", "properties": { "sensor": "GASA-01-A1, GASA-01-A2, GASA-01-B en GASA-01-C", "time": "2025-08-20T08:52:00+02:00", "count_line": 10, "location": "IJBoulevard", "count_area": 36.0, "countline_length": 20, "density": 0.025180259581395109, "flow": 0.5, "LoS": "LoS A" }, "geometry": { "type": "Polygon", "coordinates": [ [ [ 121836.295989167396328, 488195.689035499177407 ], [ 121857.685674072490656, 488180.149520824546926 ], [ 121832.273997133961529, 488133.896612440003082 ], [ 121807.776409293946926, 488147.242313278256916 ], [ 121836.478806987099233, 488192.763950383930933 ], [ 121836.295989167396328, 488195.689035499177407 ] ] ] } },
{ "type": "Feature", "properties": { "sensor": "GASA-01-A1, GASA-01-A2, GASA-01-B en GASA-01-C", "time": "2025-08-20T08:54:00+02:00", "count_line": 34, "location": "IJBoulevard", "count_area": 123.0, "countline_length": 20, "density": 0.086032553569766634, "flow": 1.7, "LoS": "LoS A" }, "geometry": { "type": "Polygon", "coordinates": [ [ [ 121836.295989167396328, 488195.689035499177407 ], [ 121857.685674072490656, 488180.149520824546926 ], [ 121832.273997133961529, 488133.896612440003082 ], [ 121807.776409293946926, 488147.242313278256916 ], [ 121836.478806987099233, 488192.763950383930933 ], [ 121836.295989167396328, 488195.689035499177407 ] ] ] } },
{ "type": "Feature", "properties": { "sensor": "GASA-01-A1, GASA-01-A2, GASA-01-B en GASA-01-C", "time": "2025-08-20T08:55:00+02:00", "count_line": 14, "location": "IJBoulevard", "count_area": 50.0, "countline_length": 20, "density": 0.034972582751937653, "flow": 0.7, "LoS": "LoS A" }, "geometry": { "type": "Polygon", "coordinates": [ [ [ 121836.295989167396328, 488195.689035499177407 ], [ 121857.685674072490656, 488180.149520824546926 ], [ 121832.273997133961529, 488133.896612440003082 ], [ 121807.776409293946926, 488147.242313278256916 ], [ 121836.478806987099233, 488192.763950383930933 ], [ 121836.295989167396328, 488195.689035499177407 ] ] ] } },
{ "type": "Feature", "properties": { "sensor": "GASA-01-A1, GASA-01-A2, GASA-01-B en GASA-01-C", "time": "2025-08-20T08:56:00+02:00", "count_line": 15, "location": "IJBoulevard", "count_area": 57.0, "countline_length": 20, "density": 0.039868744337208925, "flow": 0.75, "LoS": "LoS A" }, "geometry": { "type": "Polygon", "coordinates": [ [ [ 121836.295989167396328, 488195.689035499177407 ], [ 121857.685674072490656, 488180.149520824546926 ], [ 121832.273997133961529, 488133.896612440003082 ], [ 121807.776409293946926, 488147.242313278256916 ], [ 121836.478806987099233, 488192.763950383930933 ], [ 121836.295989167396328, 488195.689035499177407 ] ] ] } },
{ "type": "Feature", "properties": { "sensor": "GASA-01-A1, GASA-01-A2, GASA-01-B en GASA-01-C", "time": "2025-08-20T08:57:00+02:00", "count_line": 23, "location": "IJBoulevard", "count_area": 69.0, "countline_length": 20, "density": 0.048262164197673964, "flow": 1.15, "LoS": "LoS A" }, "geometry": { "type": "Polygon", "coordinates": [ [ [ 121836.295989167396328, 488195.689035499177407 ], [ 121857.685674072490656, 488180.149520824546926 ], [ 121832.273997133961529, 488133.896612440003082 ], [ 121807.776409293946926, 488147.242313278256916 ], [ 121836.478806987099233, 488192.763950383930933 ], [ 121836.295989167396328, 488195.689035499177407 ] ] ] } },
{ "type": "Feature", "properties": { "sensor": "GASA-01-A1, GASA-01-A2, GASA-01-B en GASA-01-C", "time": "2025-08-20T08:58:00+02:00", "count_line": 7, "location": "IJBoulevard", "count_area": 21.0, "countline_length": 20, "density": 0.014688484755813814, "flow": 0.35, "LoS": "LoS A" }, "geometry": { "type": "Polygon", "coordinates": [ [ [ 121836.295989167396328, 488195.689035499177407 ], [ 121857.685674072490656, 488180.149520824546926 ], [ 121832.273997133961529, 488133.896612440003082 ], [ 121807.776409293946926, 488147.242313278256916 ], [ 121836.478806987099233, 488192.763950383930933 ], [ 121836.295989167396328, 488195.689035499177407 ] ] ] } },
{ "type": "Feature", "properties": { "sensor": "GASA-01-A1, GASA-01-A2, GASA-01-B en GASA-01-C", "time": "2025-08-20T08:59:00+02:00", "count_line": 21, "location": "IJBoulevard", "count_area": 75.0, "countline_length": 20, "density": 0.05245887412790648, "flow": 1.05, "LoS": "LoS A" }, "geometry": { "type": "Polygon", "coordinates": [ [ [ 121836.295989167396328, 488195.689035499177407 ], [ 121857.685674072490656, 488180.149520824546926 ], [ 121832.273997133961529, 488133.896612440003082 ], [ 121807.776409293946926, 488147.242313278256916 ], [ 121836.478806987099233, 488192.763950383930933 ], [ 121836.295989167396328, 488195.689035499177407 ] ] ] } },
{ "type": "Feature", "properties": { "sensor": "GASA-01-A1, GASA-01-A2, GASA-01-B en GASA-01-C", "time": "2025-08-20T09:00:00+02:00", "count_line": 13, "location": "IJBoulevard", "count_area": 47.0, "countline_length": 20, "density": 0.032874227786821392, "flow": 0.65, "LoS": "LoS A" }, "geometry": { "type": "Polygon", "coordinates": [ [ [ 121836.295989167396328, 488195.689035499177407 ], [ 121857.685674072490656, 488180.149520824546926 ], [ 121832.273997133961529, 488133.896612440003082 ], [ 121807.776409293946926, 488147.242313278256916 ], [ 121836.478806987099233, 488192.763950383930933 ], [ 121836.295989167396328, 488195.689035499177407 ] ] ] } },
{ "type": "Feature", "properties": { "sensor": "GASA-01-A1, GASA-01-A2, GASA-01-B en GASA-01-C", "time": "2025-08-20T09:01:00+02:00", "count_line": 15, "location": "IJBoulevard", "count_area": 48.0, "countline_length": 20, "density": 0.033573679441860148, "flow": 0.75, "LoS": "LoS A" }, "geometry": { "type": "Polygon", "coordinates": [ [ [ 121836.295989167396328, 488195.689035499177407 ], [ 121857.685674072490656, 488180.149520824546926 ], [ 121832.273997133961529, 488133.896612440003082 ], [ 121807.776409293946926, 488147.242313278256916 ], [ 121836.478806987099233, 488192.763950383930933 ], [ 121836.295989167396328, 488195.689035499177407 ] ] ] } },
{ "type": "Feature", "properties": { "sensor": "GASA-01-A1, GASA-01-A2, GASA-01-B en GASA-01-C", "time": "2025-08-20T09:02:00+02:00", "count_line": 18, "location": "IJBoulevard", "count_area": 55.0, "countline_length": 20, "density": 0.03846984102713142, "flow": 0.9, "LoS": "LoS A" }, "geometry": { "type": "Polygon", "coordinates": [ [ [ 121836.295989167396328, 488195.689035499177407 ], [ 121857.685674072490656, 488180.149520824546926 ], [ 121832.273997133961529, 488133.896612440003082 ], [ 121807.776409293946926, 488147.242313278256916 ], [ 121836.478806987099233, 488192.763950383930933 ], [ 121836.295989167396328, 488195.689035499177407 ] ] ] } },
{ "type": "Feature", "properties": { "sensor": "GASA-01-A1, GASA-01-A2, GASA-01-B en GASA-01-C", "time": "2025-08-20T09:04:00+02:00", "count_line": 62, "location": "IJBoulevard", "count_area": 242.0, "countline_length": 20, "density": 0.16926730051937824, "flow": 3.1, "LoS": "LoS A" }, "geometry": { "type": "Polygon", "coordinates": [ [ [ 121836.295989167396328, 488195.689035499177407 ], [ 121857.685674072490656, 488180.149520824546926 ], [ 121832.273997133961529, 488133.896612440003082 ], [ 121807.776409293946926, 488147.242313278256916 ], [ 121836.478806987099233, 488192.763950383930933 ], [ 121836.295989167396328, 488195.689035499177407 ] ] ] } },
{ "type": "Feature", "properties": { "sensor": "GASA-01-A1, GASA-01-A2, GASA-01-B en GASA-01-C", "time": "2025-08-20T09:05:00+02:00", "count_line": 13, "location": "IJBoulevard", "count_area": 43.0, "countline_length": 20, "density": 0.030076421166666381, "flow": 0.65, "LoS": "LoS A" }, "geometry": { "type": "Polygon", "coordinates": [ [ [ 121836.295989167396328, 488195.689035499177407 ], [ 121857.685674072490656, 488180.149520824546926 ], [ 121832.273997133961529, 488133.896612440003082 ], [ 121807.776409293946926, 488147.242313278256916 ], [ 121836.478806987099233, 488192.763950383930933 ], [ 121836.295989167396328, 488195.689035499177407 ] ] ] } },
{ "type": "Feature", "properties": { "sensor": "GASA-01-A1, GASA-01-A2, GASA-01-B en GASA-01-C", "time": "2025-08-20T09:06:00+02:00", "count_line": 11, "location": "IJBoulevard", "count_area": 36.0, "countline_length": 20, "density": 0.025180259581395109, "flow": 0.55, "LoS": "LoS A" }, "geometry": { "type": "Polygon", "coordinates": [ [ [ 121836.295989167396328, 488195.689035499177407 ], [ 121857.685674072490656, 488180.149520824546926 ], [ 121832.273997133961529, 488133.896612440003082 ], [ 121807.776409293946926, 488147.242313278256916 ], [ 121836.478806987099233, 488192.763950383930933 ], [ 121836.295989167396328, 488195.689035499177407 ] ] ] } },
{ "type": "Feature", "properties": { "sensor": "GASA-01-A1, GASA-01-A2, GASA-01-B en GASA-01-C", "time": "2025-08-20T09:07:00+02:00", "count_line": 29, "location": "IJBoulevard", "count_area": 92.0, "countline_length": 20, "density": 0.064349552263565285, "flow": 1.45, "LoS": "LoS A" }, "geometry": { "type": "Polygon", "coordinates": [ [ [ 121836.295989167396328, 488195.689035499177407 ], [ 121857.685674072490656, 488180.149520824546926 ], [ 121832.273997133961529, 488133.896612440003082 ], [ 121807.776409293946926, 488147.242313278256916 ], [ 121836.478806987099233, 488192.763950383930933 ], [ 121836.295989167396328, 488195.689035499177407 ] ] ] } },
{ "type": "Feature", "properties": { "sensor": "GASA-01-A1, GASA-01-A2, GASA-01-B en GASA-01-C", "time": "2025-08-20T09:08:00+02:00", "count_line": 44, "location": "IJBoulevard", "count_area": 175.0, "countline_length": 20, "density": 0.12240403963178179, "flow": 2.2, "LoS": "LoS A" }, "geometry": { "type": "Polygon", "coordinates": [ [ [ 121836.295989167396328, 488195.689035499177407 ], [ 121857.685674072490656, 488180.149520824546926 ], [ 121832.273997133961529, 488133.896612440003082 ], [ 121807.776409293946926, 488147.242313278256916 ], [ 121836.478806987099233, 488192.763950383930933 ], [ 121836.295989167396328, 488195.689035499177407 ] ] ] } },
{ "type": "Feature", "properties": { "sensor": "GASA-01-A1, GASA-01-A2, GASA-01-B en GASA-01-C", "time": "2025-08-20T09:09:00+02:00", "count_line": 16, "location": "IJBoulevard", "count_area": 48.0, "countline_length": 20, "density": 0.033573679441860148, "flow": 0.8, "LoS": "LoS A" }, "geometry": { "type": "Polygon", "coordinates": [ [ [ 121836.295989167396328, 488195.689035499177407 ], [ 121857.685674072490656, 488180.149520824546926 ], [ 121832.273997133961529, 488133.896612440003082 ], [ 121807.776409293946926, 488147.242313278256916 ], [ 121836.478806987099233, 488192.763950383930933 ], [ 121836.295989167396328, 488195.689035499177407 ] ] ] } },
{ "type": "Feature", "properties": { "sensor": "GASA-01-A1, GASA-01-A2, GASA-01-B en GASA-01-C", "time": "2025-08-20T09:10:00+02:00", "count_line": 28, "location": "IJBoulevard", "count_area": 109.0, "countline_length": 20, "density": 0.07624023039922409, "flow": 1.4, "LoS": "LoS A" }, "geometry": { "type": "Polygon", "coordinates": [ [ [ 121836.295989167396328, 488195.689035499177407 ], [ 121857.685674072490656, 488180.149520824546926 ], [ 121832.273997133961529, 488133.896612440003082 ], [ 121807.776409293946926, 488147.242313278256916 ], [ 121836.478806987099233, 488192.763950383930933 ], [ 121836.295989167396328, 488195.689035499177407 ] ] ] } },
{ "type": "Feature", "properties": { "sensor": "GASA-01-A1, GASA-01-A2, GASA-01-B en GASA-01-C", "time": "2025-08-20T09:11:00+02:00", "count_line": 31, "location": "IJBoulevard", "count_area": 122.0, "countline_length": 20, "density": 0.085333101914727871, "flow": 1.55, "LoS": "LoS A" }, "geometry": { "type": "Polygon", "coordinates": [ [ [ 121836.295989167396328, 488195.689035499177407 ], [ 121857.685674072490656, 488180.149520824546926 ], [ 121832.273997133961529, 488133.896612440003082 ], [ 121807.776409293946926, 488147.242313278256916 ], [ 121836.478806987099233, 488192.763950383930933 ], [ 121836.295989167396328, 488195.689035499177407 ] ] ] } },
{ "type": "Feature", "properties": { "sensor": "GASA-01-A1, GASA-01-A2, GASA-01-B en GASA-01-C", "time": "2025-08-20T09:12:00+02:00", "count_line": 12, "location": "IJBoulevard", "count_area": 45.0, "countline_length": 20, "density": 0.031475324476743886, "flow": 0.6, "LoS": "LoS A" }, "geometry": { "type": "Polygon", "coordinates": [ [ [ 121836.295989167396328, 488195.689035499177407 ], [ 121857.685674072490656, 488180.149520824546926 ], [ 121832.273997133961529, 488133.896612440003082 ], [ 121807.776409293946926, 488147.242313278256916 ], [ 121836.478806987099233, 488192.763950383930933 ], [ 121836.295989167396328, 488195.689035499177407 ] ] ] } },
{ "type": "Feature", "properties": { "sensor": "GASA-01-A1, GASA-01-A2, GASA-01-B en GASA-01-C", "time": "2025-08-20T09:14:00+02:00", "count_line": 36, "location": "IJBoulevard", "count_area": 116.0, "countline_length": 20, "density": 0.081136391984495362, "flow": 1.8, "LoS": "LoS A" }, "geometry": { "type": "Polygon", "coordinates": [ [ [ 121836.295989167396328, 488195.689035499177407 ], [ 121857.685674072490656, 488180.149520824546926 ], [ 121832.273997133961529, 488133.896612440003082 ], [ 121807.776409293946926, 488147.242313278256916 ], [ 121836.478806987099233, 488192.763950383930933 ], [ 121836.295989167396328, 488195.689035499177407 ] ] ] } },
{ "type": "Feature", "properties": { "sensor": "GASA-01-A1, GASA-01-A2, GASA-01-B en GASA-01-C", "time": "2025-08-20T09:15:00+02:00", "count_line": 31, "location": "IJBoulevard", "count_area": 102.0, "countline_length": 20, "density": 0.071344068813952818, "flow": 1.55, "LoS": "LoS A" }, "geometry": { "type": "Polygon", "coordinates": [ [ [ 121836.295989167396328, 488195.689035499177407 ], [ 121857.685674072490656, 488180.149520824546926 ], [ 121832.273997133961529, 488133.896612440003082 ], [ 121807.776409293946926, 488147.242313278256916 ], [ 121836.478806987099233, 488192.763950383930933 ], [ 121836.295989167396328, 488195.689035499177407 ] ] ] } },
{ "type": "Feature", "properties": { "sensor": "GASA-01-A1, GASA-01-A2, GASA-01-B en GASA-01-C", "time": "2025-08-20T09:16:00+02:00", "count_line": 18, "location": "IJBoulevard", "count_area": 66.0, "countline_length": 20, "density": 0.046163809232557702, "flow": 0.9, "LoS": "LoS A" }, "geometry": { "type": "Polygon", "coordinates": [ [ [ 121836.295989167396328, 488195.689035499177407 ], [ 121857.685674072490656, 488180.149520824546926 ], [ 121832.273997133961529, 488133.896612440003082 ], [ 121807.776409293946926, 488147.242313278256916 ], [ 121836.478806987099233, 488192.763950383930933 ], [ 121836.295989167396328, 488195.689035499177407 ] ] ] } },
{ "type": "Feature", "properties": { "sensor": "GASA-01-A1, GASA-01-A2, GASA-01-B en GASA-01-C", "time": "2025-08-20T09:17:00+02:00", "count_line": 53, "location": "IJBoulevard", "count_area": 160.0, "countline_length": 20, "density": 0.11191226480620049, "flow": 2.65, "LoS": "LoS A" }, "geometry": { "type": "Polygon", "coordinates": [ [ [ 121836.295989167396328, 488195.689035499177407 ], [ 121857.685674072490656, 488180.149520824546926 ], [ 121832.273997133961529, 488133.896612440003082 ], [ 121807.776409293946926, 488147.242313278256916 ], [ 121836.478806987099233, 488192.763950383930933 ], [ 121836.295989167396328, 488195.689035499177407 ] ] ] } },
{ "type": "Feature", "properties": { "sensor": "GASA-01-A1, GASA-01-A2, GASA-01-B en GASA-01-C", "time": "2025-08-20T09:18:00+02:00", "count_line": 11, "location": "IJBoulevard", "count_area": 42.0, "countline_length": 20, "density": 0.029376969511627628, "flow": 0.55, "LoS": "LoS A" }, "geometry": { "type": "Polygon", "coordinates": [ [ [ 121836.295989167396328, 488195.689035499177407 ], [ 121857.685674072490656, 488180.149520824546926 ], [ 121832.273997133961529, 488133.896612440003082 ], [ 121807.776409293946926, 488147.242313278256916 ], [ 121836.478806987099233, 488192.763950383930933 ], [ 121836.295989167396328, 488195.689035499177407 ] ] ] } },
{ "type": "Feature", "properties": { "sensor": "GASA-01-A1, GASA-01-A2, GASA-01-B en GASA-01-C", "time": "2025-08-20T09:19:00+02:00", "count_line": 23, "location": "IJBoulevard", "count_area": 74.0, "countline_length": 20, "density": 0.05175942247286773, "flow": 1.15, "LoS": "LoS A" }, "geometry": { "type": "Polygon", "coordinates": [ [ [ 121836.295989167396328, 488195.689035499177407 ], [ 121857.685674072490656, 488180.149520824546926 ], [ 121832.273997133961529, 488133.896612440003082 ], [ 121807.776409293946926, 488147.242313278256916 ], [ 121836.478806987099233, 488192.763950383930933 ], [ 121836.295989167396328, 488195.689035499177407 ] ] ] } },
{ "type": "Feature", "properties": { "sensor": "GASA-01-A1, GASA-01-A2, GASA-01-B en GASA-01-C", "time": "2025-08-20T09:20:00+02:00", "count_line": 41, "location": "IJBoulevard", "count_area": 131.0, "countline_length": 20, "density": 0.091628166810076656, "flow": 2.05, "LoS": "LoS A" }, "geometry": { "type": "Polygon", "coordinates": [ [ [ 121836.295989167396328, 488195.689035499177407 ], [ 121857.685674072490656, 488180.149520824546926 ], [ 121832.273997133961529, 488133.896612440003082 ], [ 121807.776409293946926, 488147.242313278256916 ], [ 121836.478806987099233, 488192.763950383930933 ], [ 121836.295989167396328, 488195.689035499177407 ] ] ] } },
{ "type": "Feature", "properties": { "sensor": "GASA-01-A1, GASA-01-A2, GASA-01-B en GASA-01-C", "time": "2025-08-20T09:21:00+02:00", "count_line": 15, "location": "IJBoulevard", "count_area": 54.0, "countline_length": 20, "density": 0.037770389372092664, "flow": 0.75, "LoS": "LoS A" }, "geometry": { "type": "Polygon", "coordinates": [ [ [ 121836.295989167396328, 488195.689035499177407 ], [ 121857.685674072490656, 488180.149520824546926 ], [ 121832.273997133961529, 488133.896612440003082 ], [ 121807.776409293946926, 488147.242313278256916 ], [ 121836.478806987099233, 488192.763950383930933 ], [ 121836.295989167396328, 488195.689035499177407 ] ] ] } },
{ "type": "Feature", "properties": { "sensor": "GASA-01-A1, GASA-01-A2, GASA-01-B en GASA-01-C", "time": "2025-08-20T09:22:00+02:00", "count_line": 22, "location": "IJBoulevard", "count_area": 85.0, "countline_length": 20, "density": 0.059453390678294013, "flow": 1.1, "LoS": "LoS A" }, "geometry": { "type": "Polygon", "coordinates": [ [ [ 121836.295989167396328, 488195.689035499177407 ], [ 121857.685674072490656, 488180.149520824546926 ], [ 121832.273997133961529, 488133.896612440003082 ], [ 121807.776409293946926, 488147.242313278256916 ], [ 121836.478806987099233, 488192.763950383930933 ], [ 121836.295989167396328, 488195.689035499177407 ] ] ] } },
{ "type": "Feature", "properties": { "sensor": "GASA-01-A1, GASA-01-A2, GASA-01-B en GASA-01-C", "time": "2025-08-20T09:23:00+02:00", "count_line": 0, "location": "IJBoulevard", "count_area": 0.0, "countline_length": 20, "density": 0.0, "flow": 0.0, "LoS": "LoS A" }, "geometry": { "type": "Polygon", "coordinates": [ [ [ 121836.295989167396328, 488195.689035499177407 ], [ 121857.685674072490656, 488180.149520824546926 ], [ 121832.273997133961529, 488133.896612440003082 ], [ 121807.776409293946926, 488147.242313278256916 ], [ 121836.478806987099233, 488192.763950383930933 ], [ 121836.295989167396328, 488195.689035499177407 ] ] ] } },
{ "type": "Feature", "properties": { "sensor": "GASA-01-A1, GASA-01-A2, GASA-01-B en GASA-01-C", "time": "2025-08-20T09:24:00+02:00", "count_line": 18, "location": "IJBoulevard", "count_area": 70.0, "countline_length": 20, "density": 0.048961615852712713, "flow": 0.9, "LoS": "LoS A" }, "geometry": { "type": "Polygon", "coordinates": [ [ [ 121836.295989167396328, 488195.689035499177407 ], [ 121857.685674072490656, 488180.149520824546926 ], [ 121832.273997133961529, 488133.896612440003082 ], [ 121807.776409293946926, 488147.242313278256916 ], [ 121836.478806987099233, 488192.763950383930933 ], [ 121836.295989167396328, 488195.689035499177407 ] ] ] } },
{ "type": "Feature", "properties": { "sensor": "GASA-01-A1, GASA-01-A2, GASA-01-B en GASA-01-C", "time": "2025-08-20T09:25:00+02:00", "count_line": 21, "location": "IJBoulevard", "count_area": 67.0, "countline_length": 20, "density": 0.046863260887596458, "flow": 1.05, "LoS": "LoS A" }, "geometry": { "type": "Polygon", "coordinates": [ [ [ 121836.295989167396328, 488195.689035499177407 ], [ 121857.685674072490656, 488180.149520824546926 ], [ 121832.273997133961529, 488133.896612440003082 ], [ 121807.776409293946926, 488147.242313278256916 ], [ 121836.478806987099233, 488192.763950383930933 ], [ 121836.295989167396328, 488195.689035499177407 ] ] ] } },
{ "type": "Feature", "properties": { "sensor": "GASA-01-A1, GASA-01-A2, GASA-01-B en GASA-01-C", "time": "2025-08-20T09:26:00+02:00", "count_line": 21, "location": "IJBoulevard", "count_area": 67.0, "countline_length": 20, "density": 0.046863260887596458, "flow": 1.05, "LoS": "LoS A" }, "geometry": { "type": "Polygon", "coordinates": [ [ [ 121836.295989167396328, 488195.689035499177407 ], [ 121857.685674072490656, 488180.149520824546926 ], [ 121832.273997133961529, 488133.896612440003082 ], [ 121807.776409293946926, 488147.242313278256916 ], [ 121836.478806987099233, 488192.763950383930933 ], [ 121836.295989167396328, 488195.689035499177407 ] ] ] } },
{ "type": "Feature", "properties": { "sensor": "GASA-01-A1, GASA-01-A2, GASA-01-B en GASA-01-C", "time": "2025-08-20T09:27:00+02:00", "count_line": 14, "location": "IJBoulevard", "count_area": 44.0, "countline_length": 20, "density": 0.030775872821705134, "flow": 0.7, "LoS": "LoS A" }, "geometry": { "type": "Polygon", "coordinates": [ [ [ 121836.295989167396328, 488195.689035499177407 ], [ 121857.685674072490656, 488180.149520824546926 ], [ 121832.273997133961529, 488133.896612440003082 ], [ 121807.776409293946926, 488147.242313278256916 ], [ 121836.478806987099233, 488192.763950383930933 ], [ 121836.295989167396328, 488195.689035499177407 ] ] ] } },
{ "type": "Feature", "properties": { "sensor": "GASA-01-A1, GASA-01-A2, GASA-01-B en GASA-01-C", "time": "2025-08-20T09:28:00+02:00", "count_line": 19, "location": "IJBoulevard", "count_area": 60.0, "countline_length": 20, "density": 0.041967099302325186, "flow": 0.95, "LoS": "LoS A" }, "geometry": { "type": "Polygon", "coordinates": [ [ [ 121836.295989167396328, 488195.689035499177407 ], [ 121857.685674072490656, 488180.149520824546926 ], [ 121832.273997133961529, 488133.896612440003082 ], [ 121807.776409293946926, 488147.242313278256916 ], [ 121836.478806987099233, 488192.763950383930933 ], [ 121836.295989167396328, 488195.689035499177407 ] ] ] } },
{ "type": "Feature", "properties": { "sensor": "GASA-01-A1, GASA-01-A2, GASA-01-B en GASA-01-C", "time": "2025-08-20T09:29:00+02:00", "count_line": 16, "location": "IJBoulevard", "count_area": 55.0, "countline_length": 20, "density": 0.03846984102713142, "flow": 0.8, "LoS": "LoS A" }, "geometry": { "type": "Polygon", "coordinates": [ [ [ 121836.295989167396328, 488195.689035499177407 ], [ 121857.685674072490656, 488180.149520824546926 ], [ 121832.273997133961529, 488133.896612440003082 ], [ 121807.776409293946926, 488147.242313278256916 ], [ 121836.478806987099233, 488192.763950383930933 ], [ 121836.295989167396328, 488195.689035499177407 ] ] ] } },
{ "type": "Feature", "properties": { "sensor": "GASA-01-A1, GASA-01-A2, GASA-01-B en GASA-01-C", "time": "2025-08-20T09:30:00+02:00", "count_line": 26, "location": "IJBoulevard", "count_area": 81.0, "countline_length": 20, "density": 0.056655584058139002, "flow": 1.3, "LoS": "LoS A" }, "geometry": { "type": "Polygon", "coordinates": [ [ [ 121836.295989167396328, 488195.689035499177407 ], [ 121857.685674072490656, 488180.149520824546926 ], [ 121832.273997133961529, 488133.896612440003082 ], [ 121807.776409293946926, 488147.242313278256916 ], [ 121836.478806987099233, 488192.763950383930933 ], [ 121836.295989167396328, 488195.689035499177407 ] ] ] } },
{ "type": "Feature", "properties": { "sensor": "GASA-01-A1, GASA-01-A2, GASA-01-B en GASA-01-C", "time": "2025-08-20T09:31:00+02:00", "count_line": 24, "location": "IJBoulevard", "count_area": 82.0, "countline_length": 20, "density": 0.057355035713177752, "flow": 1.2, "LoS": "LoS A" }, "geometry": { "type": "Polygon", "coordinates": [ [ [ 121836.295989167396328, 488195.689035499177407 ], [ 121857.685674072490656, 488180.149520824546926 ], [ 121832.273997133961529, 488133.896612440003082 ], [ 121807.776409293946926, 488147.242313278256916 ], [ 121836.478806987099233, 488192.763950383930933 ], [ 121836.295989167396328, 488195.689035499177407 ] ] ] } },
{ "type": "Feature", "properties": { "sensor": "GASA-01-A1, GASA-01-A2, GASA-01-B en GASA-01-C", "time": "2025-08-20T09:32:00+02:00", "count_line": 34, "location": "IJBoulevard", "count_area": 116.0, "countline_length": 20, "density": 0.081136391984495362, "flow": 1.7, "LoS": "LoS A" }, "geometry": { "type": "Polygon", "coordinates": [ [ [ 121836.295989167396328, 488195.689035499177407 ], [ 121857.685674072490656, 488180.149520824546926 ], [ 121832.273997133961529, 488133.896612440003082 ], [ 121807.776409293946926, 488147.242313278256916 ], [ 121836.478806987099233, 488192.763950383930933 ], [ 121836.295989167396328, 488195.689035499177407 ] ] ] } },
{ "type": "Feature", "properties": { "sensor": "GASA-01-A1, GASA-01-A2, GASA-01-B en GASA-01-C", "time": "2025-08-20T09:33:00+02:00", "count_line": 10, "location": "IJBoulevard", "count_area": 36.0, "countline_length": 20, "density": 0.025180259581395109, "flow": 0.5, "LoS": "LoS A" }, "geometry": { "type": "Polygon", "coordinates": [ [ [ 121836.295989167396328, 488195.689035499177407 ], [ 121857.685674072490656, 488180.149520824546926 ], [ 121832.273997133961529, 488133.896612440003082 ], [ 121807.776409293946926, 488147.242313278256916 ], [ 121836.478806987099233, 488192.763950383930933 ], [ 121836.295989167396328, 488195.689035499177407 ] ] ] } },
{ "type": "Feature", "properties": { "sensor": "GASA-01-A1, GASA-01-A2, GASA-01-B en GASA-01-C", "time": "2025-08-20T09:34:00+02:00", "count_line": 24, "location": "IJBoulevard", "count_area": 83.0, "countline_length": 20, "density": 0.058054487368216508, "flow": 1.2, "LoS": "LoS A" }, "geometry": { "type": "Polygon", "coordinates": [ [ [ 121836.295989167396328, 488195.689035499177407 ], [ 121857.685674072490656, 488180.149520824546926 ], [ 121832.273997133961529, 488133.896612440003082 ], [ 121807.776409293946926, 488147.242313278256916 ], [ 121836.478806987099233, 488192.763950383930933 ], [ 121836.295989167396328, 488195.689035499177407 ] ] ] } },
{ "type": "Feature", "properties": { "sensor": "GASA-01-A1, GASA-01-A2, GASA-01-B en GASA-01-C", "time": "2025-08-20T09:35:00+02:00", "count_line": 36, "location": "IJBoulevard", "count_area": 129.0, "countline_length": 20, "density": 0.090229263499999143, "flow": 1.8, "LoS": "LoS A" }, "geometry": { "type": "Polygon", "coordinates": [ [ [ 121836.295989167396328, 488195.689035499177407 ], [ 121857.685674072490656, 488180.149520824546926 ], [ 121832.273997133961529, 488133.896612440003082 ], [ 121807.776409293946926, 488147.242313278256916 ], [ 121836.478806987099233, 488192.763950383930933 ], [ 121836.295989167396328, 488195.689035499177407 ] ] ] } },
{ "type": "Feature", "properties": { "sensor": "GASA-01-A1, GASA-01-A2, GASA-01-B en GASA-01-C", "time": "2025-08-20T09:36:00+02:00", "count_line": 12, "location": "IJBoulevard", "count_area": 37.0, "countline_length": 20, "density": 0.025879711236433865, "flow": 0.6, "LoS": "LoS A" }, "geometry": { "type": "Polygon", "coordinates": [ [ [ 121836.295989167396328, 488195.689035499177407 ], [ 121857.685674072490656, 488180.149520824546926 ], [ 121832.273997133961529, 488133.896612440003082 ], [ 121807.776409293946926, 488147.242313278256916 ], [ 121836.478806987099233, 488192.763950383930933 ], [ 121836.295989167396328, 488195.689035499177407 ] ] ] } },
{ "type": "Feature", "properties": { "sensor": "GASA-01-A1, GASA-01-A2, GASA-01-B en GASA-01-C", "time": "2025-08-20T09:37:00+02:00", "count_line": 8, "location": "IJBoulevard", "count_area": 28.0, "countline_length": 20, "density": 0.019584646341085084, "flow": 0.4, "LoS": "LoS A" }, "geometry": { "type": "Polygon", "coordinates": [ [ [ 121836.295989167396328, 488195.689035499177407 ], [ 121857.685674072490656, 488180.149520824546926 ], [ 121832.273997133961529, 488133.896612440003082 ], [ 121807.776409293946926, 488147.242313278256916 ], [ 121836.478806987099233, 488192.763950383930933 ], [ 121836.295989167396328, 488195.689035499177407 ] ] ] } },
{ "type": "Feature", "properties": { "sensor": "GASA-01-A1, GASA-01-A2, GASA-01-B en GASA-01-C", "time": "2025-08-20T09:38:00+02:00", "count_line": 61, "location": "IJBoulevard", "count_area": 185.0, "countline_length": 20, "density": 0.12939855618216933, "flow": 3.05, "LoS": "LoS A" }, "geometry": { "type": "Polygon", "coordinates": [ [ [ 121836.295989167396328, 488195.689035499177407 ], [ 121857.685674072490656, 488180.149520824546926 ], [ 121832.273997133961529, 488133.896612440003082 ], [ 121807.776409293946926, 488147.242313278256916 ], [ 121836.478806987099233, 488192.763950383930933 ], [ 121836.295989167396328, 488195.689035499177407 ] ] ] } },
{ "type": "Feature", "properties": { "sensor": "GASA-01-A1, GASA-01-A2, GASA-01-B en GASA-01-C", "time": "2025-08-20T09:39:00+02:00", "count_line": 35, "location": "IJBoulevard", "count_area": 124.0, "countline_length": 20, "density": 0.086732005224805384, "flow": 1.75, "LoS": "LoS A" }, "geometry": { "type": "Polygon", "coordinates": [ [ [ 121836.295989167396328, 488195.689035499177407 ], [ 121857.685674072490656, 488180.149520824546926 ], [ 121832.273997133961529, 488133.896612440003082 ], [ 121807.776409293946926, 488147.242313278256916 ], [ 121836.478806987099233, 488192.763950383930933 ], [ 121836.295989167396328, 488195.689035499177407 ] ] ] } },
{ "type": "Feature", "properties": { "sensor": "GASA-01-A1, GASA-01-A2, GASA-01-B en GASA-01-C", "time": "2025-08-20T09:40:00+02:00", "count_line": 19, "location": "IJBoulevard", "count_area": 58.0, "countline_length": 20, "density": 0.040568195992247681, "flow": 0.95, "LoS": "LoS A" }, "geometry": { "type": "Polygon", "coordinates": [ [ [ 121836.295989167396328, 488195.689035499177407 ], [ 121857.685674072490656, 488180.149520824546926 ], [ 121832.273997133961529, 488133.896612440003082 ], [ 121807.776409293946926, 488147.242313278256916 ], [ 121836.478806987099233, 488192.763950383930933 ], [ 121836.295989167396328, 488195.689035499177407 ] ] ] } },
{ "type": "Feature", "properties": { "sensor": "GASA-01-A1, GASA-01-A2, GASA-01-B en GASA-01-C", "time": "2025-08-20T09:41:00+02:00", "count_line": 26, "location": "IJBoulevard", "count_area": 101.0, "countline_length": 20, "density": 0.070644617158914055, "flow": 1.3, "LoS": "LoS A" }, "geometry": { "type": "Polygon", "coordinates": [ [ [ 121836.295989167396328, 488195.689035499177407 ], [ 121857.685674072490656, 488180.149520824546926 ], [ 121832.273997133961529, 488133.896612440003082 ], [ 121807.776409293946926, 488147.242313278256916 ], [ 121836.478806987099233, 488192.763950383930933 ], [ 121836.295989167396328, 488195.689035499177407 ] ] ] } },
{ "type": "Feature", "properties": { "sensor": "GASA-01-A1, GASA-01-A2, GASA-01-B en GASA-01-C", "time": "2025-08-20T09:42:00+02:00", "count_line": 21, "location": "IJBoulevard", "count_area": 74.0, "countline_length": 20, "density": 0.05175942247286773, "flow": 1.05, "LoS": "LoS A" }, "geometry": { "type": "Polygon", "coordinates": [ [ [ 121836.295989167396328, 488195.689035499177407 ], [ 121857.685674072490656, 488180.149520824546926 ], [ 121832.273997133961529, 488133.896612440003082 ], [ 121807.776409293946926, 488147.242313278256916 ], [ 121836.478806987099233, 488192.763950383930933 ], [ 121836.295989167396328, 488195.689035499177407 ] ] ] } },
{ "type": "Feature", "properties": { "sensor": "GASA-01-A1, GASA-01-A2, GASA-01-B en GASA-01-C", "time": "2025-08-20T09:44:00+02:00", "count_line": 66, "location": "IJBoulevard", "count_area": 199.0, "countline_length": 20, "density": 0.13919087935271185, "flow": 3.3, "LoS": "LoS A" }, "geometry": { "type": "Polygon", "coordinates": [ [ [ 121836.295989167396328, 488195.689035499177407 ], [ 121857.685674072490656, 488180.149520824546926 ], [ 121832.273997133961529, 488133.896612440003082 ], [ 121807.776409293946926, 488147.242313278256916 ], [ 121836.478806987099233, 488192.763950383930933 ], [ 121836.295989167396328, 488195.689035499177407 ] ] ] } },
{ "type": "Feature", "properties": { "sensor": "GASA-01-A1, GASA-01-A2, GASA-01-B en GASA-01-C", "time": "2025-08-20T09:45:00+02:00", "count_line": 26, "location": "IJBoulevard", "count_area": 88.0, "countline_length": 20, "density": 0.061551745643410267, "flow": 1.3, "LoS": "LoS A" }, "geometry": { "type": "Polygon", "coordinates": [ [ [ 121836.295989167396328, 488195.689035499177407 ], [ 121857.685674072490656, 488180.149520824546926 ], [ 121832.273997133961529, 488133.896612440003082 ], [ 121807.776409293946926, 488147.242313278256916 ], [ 121836.478806987099233, 488192.763950383930933 ], [ 121836.295989167396328, 488195.689035499177407 ] ] ] } },
{ "type": "Feature", "properties": { "sensor": "GASA-01-A1, GASA-01-A2, GASA-01-B en GASA-01-C", "time": "2025-08-20T09:46:00+02:00", "count_line": 32, "location": "IJBoulevard", "count_area": 127.0, "countline_length": 20, "density": 0.088830360189921645, "flow": 1.6, "LoS": "LoS A" }, "geometry": { "type": "Polygon", "coordinates": [ [ [ 121836.295989167396328, 488195.689035499177407 ], [ 121857.685674072490656, 488180.149520824546926 ], [ 121832.273997133961529, 488133.896612440003082 ], [ 121807.776409293946926, 488147.242313278256916 ], [ 121836.478806987099233, 488192.763950383930933 ], [ 121836.295989167396328, 488195.689035499177407 ] ] ] } },
{ "type": "Feature", "properties": { "sensor": "GASA-01-A1, GASA-01-A2, GASA-01-B en GASA-01-C", "time": "2025-08-20T09:47:00+02:00", "count_line": 31, "location": "IJBoulevard", "count_area": 99.0, "countline_length": 20, "density": 0.069245713848836557, "flow": 1.55, "LoS": "LoS A" }, "geometry": { "type": "Polygon", "coordinates": [ [ [ 121836.295989167396328, 488195.689035499177407 ], [ 121857.685674072490656, 488180.149520824546926 ], [ 121832.273997133961529, 488133.896612440003082 ], [ 121807.776409293946926, 488147.242313278256916 ], [ 121836.478806987099233, 488192.763950383930933 ], [ 121836.295989167396328, 488195.689035499177407 ] ] ] } },
{ "type": "Feature", "properties": { "sensor": "GASA-01-A1, GASA-01-A2, GASA-01-B en GASA-01-C", "time": "2025-08-20T09:48:00+02:00", "count_line": 27, "location": "IJBoulevard", "count_area": 98.0, "countline_length": 20, "density": 0.068546262193797808, "flow": 1.35, "LoS": "LoS A" }, "geometry": { "type": "Polygon", "coordinates": [ [ [ 121836.295989167396328, 488195.689035499177407 ], [ 121857.685674072490656, 488180.149520824546926 ], [ 121832.273997133961529, 488133.896612440003082 ], [ 121807.776409293946926, 488147.242313278256916 ], [ 121836.478806987099233, 488192.763950383930933 ], [ 121836.295989167396328, 488195.689035499177407 ] ] ] } },
{ "type": "Feature", "properties": { "sensor": "GASA-01-A1, GASA-01-A2, GASA-01-B en GASA-01-C", "time": "2025-08-20T09:49:00+02:00", "count_line": 51, "location": "IJBoulevard", "count_area": 194.0, "countline_length": 20, "density": 0.13569362107751809, "flow": 2.55, "LoS": "LoS A" }, "geometry": { "type": "Polygon", "coordinates": [ [ [ 121836.295989167396328, 488195.689035499177407 ], [ 121857.685674072490656, 488180.149520824546926 ], [ 121832.273997133961529, 488133.896612440003082 ], [ 121807.776409293946926, 488147.242313278256916 ], [ 121836.478806987099233, 488192.763950383930933 ], [ 121836.295989167396328, 488195.689035499177407 ] ] ] } },
{ "type": "Feature", "properties": { "sensor": "GASA-01-A1, GASA-01-A2, GASA-01-B en GASA-01-C", "time": "2025-08-20T09:50:00+02:00", "count_line": 23, "location": "IJBoulevard", "count_area": 76.0, "countline_length": 20, "density": 0.053158325782945236, "flow": 1.15, "LoS": "LoS A" }, "geometry": { "type": "Polygon", "coordinates": [ [ [ 121836.295989167396328, 488195.689035499177407 ], [ 121857.685674072490656, 488180.149520824546926 ], [ 121832.273997133961529, 488133.896612440003082 ], [ 121807.776409293946926, 488147.242313278256916 ], [ 121836.478806987099233, 488192.763950383930933 ], [ 121836.295989167396328, 488195.689035499177407 ] ] ] } },
{ "type": "Feature", "properties": { "sensor": "GASA-01-A1, GASA-01-A2, GASA-01-B en GASA-01-C", "time": "2025-08-20T09:51:00+02:00", "count_line": 25, "location": "IJBoulevard", "count_area": 83.0, "countline_length": 20, "density": 0.058054487368216508, "flow": 1.25, "LoS": "LoS A" }, "geometry": { "type": "Polygon", "coordinates": [ [ [ 121836.295989167396328, 488195.689035499177407 ], [ 121857.685674072490656, 488180.149520824546926 ], [ 121832.273997133961529, 488133.896612440003082 ], [ 121807.776409293946926, 488147.242313278256916 ], [ 121836.478806987099233, 488192.763950383930933 ], [ 121836.295989167396328, 488195.689035499177407 ] ] ] } },
{ "type": "Feature", "properties": { "sensor": "GASA-01-A1, GASA-01-A2, GASA-01-B en GASA-01-C", "time": "2025-08-20T09:52:00+02:00", "count_line": 18, "location": "IJBoulevard", "count_area": 71.0, "countline_length": 20, "density": 0.049661067507751469, "flow": 0.9, "LoS": "LoS A" }, "geometry": { "type": "Polygon", "coordinates": [ [ [ 121836.295989167396328, 488195.689035499177407 ], [ 121857.685674072490656, 488180.149520824546926 ], [ 121832.273997133961529, 488133.896612440003082 ], [ 121807.776409293946926, 488147.242313278256916 ], [ 121836.478806987099233, 488192.763950383930933 ], [ 121836.295989167396328, 488195.689035499177407 ] ] ] } },
{ "type": "Feature", "properties": { "sensor": "GASA-01-A1, GASA-01-A2, GASA-01-B en GASA-01-C", "time": "2025-08-20T09:54:00+02:00", "count_line": 42, "location": "IJBoulevard", "count_area": 155.0, "countline_length": 20, "density": 0.10841500653100673, "flow": 2.1, "LoS": "LoS A" }, "geometry": { "type": "Polygon", "coordinates": [ [ [ 121836.295989167396328, 488195.689035499177407 ], [ 121857.685674072490656, 488180.149520824546926 ], [ 121832.273997133961529, 488133.896612440003082 ], [ 121807.776409293946926, 488147.242313278256916 ], [ 121836.478806987099233, 488192.763950383930933 ], [ 121836.295989167396328, 488195.689035499177407 ] ] ] } },
{ "type": "Feature", "properties": { "sensor": "GASA-01-A1, GASA-01-A2, GASA-01-B en GASA-01-C", "time": "2025-08-20T09:55:00+02:00", "count_line": 39, "location": "IJBoulevard", "count_area": 134.0, "countline_length": 20, "density": 0.093726521775192917, "flow": 1.95, "LoS": "LoS A" }, "geometry": { "type": "Polygon", "coordinates": [ [ [ 121836.295989167396328, 488195.689035499177407 ], [ 121857.685674072490656, 488180.149520824546926 ], [ 121832.273997133961529, 488133.896612440003082 ], [ 121807.776409293946926, 488147.242313278256916 ], [ 121836.478806987099233, 488192.763950383930933 ], [ 121836.295989167396328, 488195.689035499177407 ] ] ] } },
{ "type": "Feature", "properties": { "sensor": "GASA-01-A1, GASA-01-A2, GASA-01-B en GASA-01-C", "time": "2025-08-20T09:56:00+02:00", "count_line": 11, "location": "IJBoulevard", "count_area": 38.0, "countline_length": 20, "density": 0.026579162891472618, "flow": 0.55, "LoS": "LoS A" }, "geometry": { "type": "Polygon", "coordinates": [ [ [ 121836.295989167396328, 488195.689035499177407 ], [ 121857.685674072490656, 488180.149520824546926 ], [ 121832.273997133961529, 488133.896612440003082 ], [ 121807.776409293946926, 488147.242313278256916 ], [ 121836.478806987099233, 488192.763950383930933 ], [ 121836.295989167396328, 488195.689035499177407 ] ] ] } },
{ "type": "Feature", "properties": { "sensor": "GASA-01-A1, GASA-01-A2, GASA-01-B en GASA-01-C", "time": "2025-08-20T09:57:00+02:00", "count_line": 37, "location": "IJBoulevard", "count_area": 138.0, "countline_length": 20, "density": 0.096524328395347928, "flow": 1.85, "LoS": "LoS A" }, "geometry": { "type": "Polygon", "coordinates": [ [ [ 121836.295989167396328, 488195.689035499177407 ], [ 121857.685674072490656, 488180.149520824546926 ], [ 121832.273997133961529, 488133.896612440003082 ], [ 121807.776409293946926, 488147.242313278256916 ], [ 121836.478806987099233, 488192.763950383930933 ], [ 121836.295989167396328, 488195.689035499177407 ] ] ] } },
{ "type": "Feature", "properties": { "sensor": "GASA-01-A1, GASA-01-A2, GASA-01-B en GASA-01-C", "time": "2025-08-20T09:58:00+02:00", "count_line": 13, "location": "IJBoulevard", "count_area": 46.0, "countline_length": 20, "density": 0.032174776131782643, "flow": 0.65, "LoS": "LoS A" }, "geometry": { "type": "Polygon", "coordinates": [ [ [ 121836.295989167396328, 488195.689035499177407 ], [ 121857.685674072490656, 488180.149520824546926 ], [ 121832.273997133961529, 488133.896612440003082 ], [ 121807.776409293946926, 488147.242313278256916 ], [ 121836.478806987099233, 488192.763950383930933 ], [ 121836.295989167396328, 488195.689035499177407 ] ] ] } },
{ "type": "Feature", "properties": { "sensor": "GASA-01-A1, GASA-01-A2, GASA-01-B en GASA-01-C", "time": "2025-08-20T09:59:00+02:00", "count_line": 22, "location": "IJBoulevard", "count_area": 71.0, "countline_length": 20, "density": 0.049661067507751469, "flow": 1.1, "LoS": "LoS A" }, "geometry": { "type": "Polygon", "coordinates": [ [ [ 121836.295989167396328, 488195.689035499177407 ], [ 121857.685674072490656, 488180.149520824546926 ], [ 121832.273997133961529, 488133.896612440003082 ], [ 121807.776409293946926, 488147.242313278256916 ], [ 121836.478806987099233, 488192.763950383930933 ], [ 121836.295989167396328, 488195.689035499177407 ] ] ] } },
{ "type": "Feature", "properties": { "sensor": "GASA-01-A1, GASA-01-A2, GASA-01-B en GASA-01-C", "time": "2025-08-20T10:00:00+02:00", "count_line": 22, "location": "IJBoulevard", "count_area": 86.0, "countline_length": 20, "density": 0.060152842333332762, "flow": 1.1, "LoS": "LoS A" }, "geometry": { "type": "Polygon", "coordinates": [ [ [ 121836.295989167396328, 488195.689035499177407 ], [ 121857.685674072490656, 488180.149520824546926 ], [ 121832.273997133961529, 488133.896612440003082 ], [ 121807.776409293946926, 488147.242313278256916 ], [ 121836.478806987099233, 488192.763950383930933 ], [ 121836.295989167396328, 488195.689035499177407 ] ] ] } },
{ "type": "Feature", "properties": { "sensor": "GASA-01-A1, GASA-01-A2, GASA-01-B en GASA-01-C", "time": "2025-08-20T10:01:00+02:00", "count_line": 24, "location": "IJBoulevard", "count_area": 87.0, "countline_length": 20, "density": 0.060852293988371518, "flow": 1.2, "LoS": "LoS A" }, "geometry": { "type": "Polygon", "coordinates": [ [ [ 121836.295989167396328, 488195.689035499177407 ], [ 121857.685674072490656, 488180.149520824546926 ], [ 121832.273997133961529, 488133.896612440003082 ], [ 121807.776409293946926, 488147.242313278256916 ], [ 121836.478806987099233, 488192.763950383930933 ], [ 121836.295989167396328, 488195.689035499177407 ] ] ] } },
{ "type": "Feature", "properties": { "sensor": "GASA-01-A1, GASA-01-A2, GASA-01-B en GASA-01-C", "time": "2025-08-20T10:02:00+02:00", "count_line": 48, "location": "IJBoulevard", "count_area": 181.0, "countline_length": 20, "density": 0.12660074956201431, "flow": 2.4, "LoS": "LoS A" }, "geometry": { "type": "Polygon", "coordinates": [ [ [ 121836.295989167396328, 488195.689035499177407 ], [ 121857.685674072490656, 488180.149520824546926 ], [ 121832.273997133961529, 488133.896612440003082 ], [ 121807.776409293946926, 488147.242313278256916 ], [ 121836.478806987099233, 488192.763950383930933 ], [ 121836.295989167396328, 488195.689035499177407 ] ] ] } },
{ "type": "Feature", "properties": { "sensor": "GASA-01-A1, GASA-01-A2, GASA-01-B en GASA-01-C", "time": "2025-08-20T10:04:00+02:00", "count_line": 118, "location": "IJBoulevard", "count_area": 415.0, "countline_length": 20, "density": 0.2902724368410825, "flow": 5.9, "LoS": "LoS A" }, "geometry": { "type": "Polygon", "coordinates": [ [ [ 121836.295989167396328, 488195.689035499177407 ], [ 121857.685674072490656, 488180.149520824546926 ], [ 121832.273997133961529, 488133.896612440003082 ], [ 121807.776409293946926, 488147.242313278256916 ], [ 121836.478806987099233, 488192.763950383930933 ], [ 121836.295989167396328, 488195.689035499177407 ] ] ] } },
{ "type": "Feature", "properties": { "sensor": "GASA-01-A1, GASA-01-A2, GASA-01-B en GASA-01-C", "time": "2025-08-20T10:05:00+02:00", "count_line": 36, "location": "IJBoulevard", "count_area": 108.0, "countline_length": 20, "density": 0.075540778744185327, "flow": 1.8, "LoS": "LoS A" }, "geometry": { "type": "Polygon", "coordinates": [ [ [ 121836.295989167396328, 488195.689035499177407 ], [ 121857.685674072490656, 488180.149520824546926 ], [ 121832.273997133961529, 488133.896612440003082 ], [ 121807.776409293946926, 488147.242313278256916 ], [ 121836.478806987099233, 488192.763950383930933 ], [ 121836.295989167396328, 488195.689035499177407 ] ] ] } },
{ "type": "Feature", "properties": { "sensor": "GASA-01-A1, GASA-01-A2, GASA-01-B en GASA-01-C", "time": "2025-08-20T10:06:00+02:00", "count_line": 33, "location": "IJBoulevard", "count_area": 102.0, "countline_length": 20, "density": 0.071344068813952818, "flow": 1.65, "LoS": "LoS A" }, "geometry": { "type": "Polygon", "coordinates": [ [ [ 121836.295989167396328, 488195.689035499177407 ], [ 121857.685674072490656, 488180.149520824546926 ], [ 121832.273997133961529, 488133.896612440003082 ], [ 121807.776409293946926, 488147.242313278256916 ], [ 121836.478806987099233, 488192.763950383930933 ], [ 121836.295989167396328, 488195.689035499177407 ] ] ] } },
{ "type": "Feature", "properties": { "sensor": "GASA-01-A1, GASA-01-A2, GASA-01-B en GASA-01-C", "time": "2025-08-20T10:07:00+02:00", "count_line": 47, "location": "IJBoulevard", "count_area": 180.0, "countline_length": 20, "density": 0.12590129790697555, "flow": 2.35, "LoS": "LoS A" }, "geometry": { "type": "Polygon", "coordinates": [ [ [ 121836.295989167396328, 488195.689035499177407 ], [ 121857.685674072490656, 488180.149520824546926 ], [ 121832.273997133961529, 488133.896612440003082 ], [ 121807.776409293946926, 488147.242313278256916 ], [ 121836.478806987099233, 488192.763950383930933 ], [ 121836.295989167396328, 488195.689035499177407 ] ] ] } },
{ "type": "Feature", "properties": { "sensor": "GASA-01-A1, GASA-01-A2, GASA-01-B en GASA-01-C", "time": "2025-08-20T10:08:00+02:00", "count_line": 37, "location": "IJBoulevard", "count_area": 147.0, "countline_length": 20, "density": 0.1028193932906967, "flow": 1.85, "LoS": "LoS A" }, "geometry": { "type": "Polygon", "coordinates": [ [ [ 121836.295989167396328, 488195.689035499177407 ], [ 121857.685674072490656, 488180.149520824546926 ], [ 121832.273997133961529, 488133.896612440003082 ], [ 121807.776409293946926, 488147.242313278256916 ], [ 121836.478806987099233, 488192.763950383930933 ], [ 121836.295989167396328, 488195.689035499177407 ] ] ] } },
{ "type": "Feature", "properties": { "sensor": "GASA-01-A1, GASA-01-A2, GASA-01-B en GASA-01-C", "time": "2025-08-20T10:09:00+02:00", "count_line": 32, "location": "IJBoulevard", "count_area": 121.0, "countline_length": 20, "density": 0.084633650259689122, "flow": 1.6, "LoS": "LoS A" }, "geometry": { "type": "Polygon", "coordinates": [ [ [ 121836.295989167396328, 488195.689035499177407 ], [ 121857.685674072490656, 488180.149520824546926 ], [ 121832.273997133961529, 488133.896612440003082 ], [ 121807.776409293946926, 488147.242313278256916 ], [ 121836.478806987099233, 488192.763950383930933 ], [ 121836.295989167396328, 488195.689035499177407 ] ] ] } },
{ "type": "Feature", "properties": { "sensor": "GASA-01-A1, GASA-01-A2, GASA-01-B en GASA-01-C", "time": "2025-08-20T10:10:00+02:00", "count_line": 53, "location": "IJBoulevard", "count_area": 184.0, "countline_length": 20, "density": 0.12869910452713057, "flow": 2.65, "LoS": "LoS A" }, "geometry": { "type": "Polygon", "coordinates": [ [ [ 121836.295989167396328, 488195.689035499177407 ], [ 121857.685674072490656, 488180.149520824546926 ], [ 121832.273997133961529, 488133.896612440003082 ], [ 121807.776409293946926, 488147.242313278256916 ], [ 121836.478806987099233, 488192.763950383930933 ], [ 121836.295989167396328, 488195.689035499177407 ] ] ] } },
{ "type": "Feature", "properties": { "sensor": "GASA-01-A1, GASA-01-A2, GASA-01-B en GASA-01-C", "time": "2025-08-20T10:11:00+02:00", "count_line": 52, "location": "IJBoulevard", "count_area": 185.0, "countline_length": 20, "density": 0.12939855618216933, "flow": 2.6, "LoS": "LoS A" }, "geometry": { "type": "Polygon", "coordinates": [ [ [ 121836.295989167396328, 488195.689035499177407 ], [ 121857.685674072490656, 488180.149520824546926 ], [ 121832.273997133961529, 488133.896612440003082 ], [ 121807.776409293946926, 488147.242313278256916 ], [ 121836.478806987099233, 488192.763950383930933 ], [ 121836.295989167396328, 488195.689035499177407 ] ] ] } },
{ "type": "Feature", "properties": { "sensor": "GASA-01-A1, GASA-01-A2, GASA-01-B en GASA-01-C", "time": "2025-08-20T10:12:00+02:00", "count_line": 45, "location": "IJBoulevard", "count_area": 168.0, "countline_length": 20, "density": 0.11750787804651051, "flow": 2.25, "LoS": "LoS A" }, "geometry": { "type": "Polygon", "coordinates": [ [ [ 121836.295989167396328, 488195.689035499177407 ], [ 121857.685674072490656, 488180.149520824546926 ], [ 121832.273997133961529, 488133.896612440003082 ], [ 121807.776409293946926, 488147.242313278256916 ], [ 121836.478806987099233, 488192.763950383930933 ], [ 121836.295989167396328, 488195.689035499177407 ] ] ] } },
{ "type": "Feature", "properties": { "sensor": "GASA-01-A1, GASA-01-A2, GASA-01-B en GASA-01-C", "time": "2025-08-20T10:14:00+02:00", "count_line": 70, "location": "IJBoulevard", "count_area": 257.0, "countline_length": 20, "density": 0.17975907534495955, "flow": 3.5, "LoS": "LoS A" }, "geometry": { "type": "Polygon", "coordinates": [ [ [ 121836.295989167396328, 488195.689035499177407 ], [ 121857.685674072490656, 488180.149520824546926 ], [ 121832.273997133961529, 488133.896612440003082 ], [ 121807.776409293946926, 488147.242313278256916 ], [ 121836.478806987099233, 488192.763950383930933 ], [ 121836.295989167396328, 488195.689035499177407 ] ] ] } },
{ "type": "Feature", "properties": { "sensor": "GASA-01-A1, GASA-01-A2, GASA-01-B en GASA-01-C", "time": "2025-08-20T10:15:00+02:00", "count_line": 53, "location": "IJBoulevard", "count_area": 173.0, "countline_length": 20, "density": 0.12100513632170429, "flow": 2.65, "LoS": "LoS A" }, "geometry": { "type": "Polygon", "coordinates": [ [ [ 121836.295989167396328, 488195.689035499177407 ], [ 121857.685674072490656, 488180.149520824546926 ], [ 121832.273997133961529, 488133.896612440003082 ], [ 121807.776409293946926, 488147.242313278256916 ], [ 121836.478806987099233, 488192.763950383930933 ], [ 121836.295989167396328, 488195.689035499177407 ] ] ] } },
{ "type": "Feature", "properties": { "sensor": "GASA-01-A1, GASA-01-A2, GASA-01-B en GASA-01-C", "time": "2025-08-20T10:16:00+02:00", "count_line": 50, "location": "IJBoulevard", "count_area": 188.0, "countline_length": 20, "density": 0.13149691114728557, "flow": 2.5, "LoS": "LoS A" }, "geometry": { "type": "Polygon", "coordinates": [ [ [ 121836.295989167396328, 488195.689035499177407 ], [ 121857.685674072490656, 488180.149520824546926 ], [ 121832.273997133961529, 488133.896612440003082 ], [ 121807.776409293946926, 488147.242313278256916 ], [ 121836.478806987099233, 488192.763950383930933 ], [ 121836.295989167396328, 488195.689035499177407 ] ] ] } },
{ "type": "Feature", "properties": { "sensor": "GASA-01-A1, GASA-01-A2, GASA-01-B en GASA-01-C", "time": "2025-08-20T10:17:00+02:00", "count_line": 45, "location": "IJBoulevard", "count_area": 142.0, "countline_length": 20, "density": 0.099322135015502938, "flow": 2.25, "LoS": "LoS A" }, "geometry": { "type": "Polygon", "coordinates": [ [ [ 121836.295989167396328, 488195.689035499177407 ], [ 121857.685674072490656, 488180.149520824546926 ], [ 121832.273997133961529, 488133.896612440003082 ], [ 121807.776409293946926, 488147.242313278256916 ], [ 121836.478806987099233, 488192.763950383930933 ], [ 121836.295989167396328, 488195.689035499177407 ] ] ] } },
{ "type": "Feature", "properties": { "sensor": "GASA-01-A1, GASA-01-A2, GASA-01-B en GASA-01-C", "time": "2025-08-20T10:18:00+02:00", "count_line": 63, "location": "IJBoulevard", "count_area": 190.0, "countline_length": 20, "density": 0.13289581445736309, "flow": 3.15, "LoS": "LoS A" }, "geometry": { "type": "Polygon", "coordinates": [ [ [ 121836.295989167396328, 488195.689035499177407 ], [ 121857.685674072490656, 488180.149520824546926 ], [ 121832.273997133961529, 488133.896612440003082 ], [ 121807.776409293946926, 488147.242313278256916 ], [ 121836.478806987099233, 488192.763950383930933 ], [ 121836.295989167396328, 488195.689035499177407 ] ] ] } },
{ "type": "Feature", "properties": { "sensor": "GASA-01-A1, GASA-01-A2, GASA-01-B en GASA-01-C", "time": "2025-08-20T10:19:00+02:00", "count_line": 47, "location": "IJBoulevard", "count_area": 162.0, "countline_length": 20, "density": 0.113311168116278, "flow": 2.35, "LoS": "LoS A" }, "geometry": { "type": "Polygon", "coordinates": [ [ [ 121836.295989167396328, 488195.689035499177407 ], [ 121857.685674072490656, 488180.149520824546926 ], [ 121832.273997133961529, 488133.896612440003082 ], [ 121807.776409293946926, 488147.242313278256916 ], [ 121836.478806987099233, 488192.763950383930933 ], [ 121836.295989167396328, 488195.689035499177407 ] ] ] } },
{ "type": "Feature", "properties": { "sensor": "GASA-01-A1, GASA-01-A2, GASA-01-B en GASA-01-C", "time": "2025-08-20T10:20:00+02:00", "count_line": 34, "location": "IJBoulevard", "count_area": 124.0, "countline_length": 20, "density": 0.086732005224805384, "flow": 1.7, "LoS": "LoS A" }, "geometry": { "type": "Polygon", "coordinates": [ [ [ 121836.295989167396328, 488195.689035499177407 ], [ 121857.685674072490656, 488180.149520824546926 ], [ 121832.273997133961529, 488133.896612440003082 ], [ 121807.776409293946926, 488147.242313278256916 ], [ 121836.478806987099233, 488192.763950383930933 ], [ 121836.295989167396328, 488195.689035499177407 ] ] ] } },
{ "type": "Feature", "properties": { "sensor": "GASA-01-A1, GASA-01-A2, GASA-01-B en GASA-01-C", "time": "2025-08-20T10:21:00+02:00", "count_line": 46, "location": "IJBoulevard", "count_area": 148.0, "countline_length": 20, "density": 0.10351884494573546, "flow": 2.3, "LoS": "LoS A" }, "geometry": { "type": "Polygon", "coordinates": [ [ [ 121836.295989167396328, 488195.689035499177407 ], [ 121857.685674072490656, 488180.149520824546926 ], [ 121832.273997133961529, 488133.896612440003082 ], [ 121807.776409293946926, 488147.242313278256916 ], [ 121836.478806987099233, 488192.763950383930933 ], [ 121836.295989167396328, 488195.689035499177407 ] ] ] } },
{ "type": "Feature", "properties": { "sensor": "GASA-01-A1, GASA-01-A2, GASA-01-B en GASA-01-C", "time": "2025-08-20T10:22:00+02:00", "count_line": 37, "location": "IJBoulevard", "count_area": 146.0, "countline_length": 20, "density": 0.10211994163565795, "flow": 1.85, "LoS": "LoS A" }, "geometry": { "type": "Polygon", "coordinates": [ [ [ 121836.295989167396328, 488195.689035499177407 ], [ 121857.685674072490656, 488180.149520824546926 ], [ 121832.273997133961529, 488133.896612440003082 ], [ 121807.776409293946926, 488147.242313278256916 ], [ 121836.478806987099233, 488192.763950383930933 ], [ 121836.295989167396328, 488195.689035499177407 ] ] ] } },
{ "type": "Feature", "properties": { "sensor": "GASA-01-A1, GASA-01-A2, GASA-01-B en GASA-01-C", "time": "2025-08-20T10:24:00+02:00", "count_line": 68, "location": "IJBoulevard", "count_area": 218.0, "countline_length": 20, "density": 0.15248046079844818, "flow": 3.4, "LoS": "LoS A" }, "geometry": { "type": "Polygon", "coordinates": [ [ [ 121836.295989167396328, 488195.689035499177407 ], [ 121857.685674072490656, 488180.149520824546926 ], [ 121832.273997133961529, 488133.896612440003082 ], [ 121807.776409293946926, 488147.242313278256916 ], [ 121836.478806987099233, 488192.763950383930933 ], [ 121836.295989167396328, 488195.689035499177407 ] ] ] } },
{ "type": "Feature", "properties": { "sensor": "GASA-01-A1, GASA-01-A2, GASA-01-B en GASA-01-C", "time": "2025-08-20T10:25:00+02:00", "count_line": 31, "location": "IJBoulevard", "count_area": 105.0, "countline_length": 20, "density": 0.07344242377906908, "flow": 1.55, "LoS": "LoS A" }, "geometry": { "type": "Polygon", "coordinates": [ [ [ 121836.295989167396328, 488195.689035499177407 ], [ 121857.685674072490656, 488180.149520824546926 ], [ 121832.273997133961529, 488133.896612440003082 ], [ 121807.776409293946926, 488147.242313278256916 ], [ 121836.478806987099233, 488192.763950383930933 ], [ 121836.295989167396328, 488195.689035499177407 ] ] ] } },
{ "type": "Feature", "properties": { "sensor": "GASA-01-A1, GASA-01-A2, GASA-01-B en GASA-01-C", "time": "2025-08-20T10:26:00+02:00", "count_line": 46, "location": "IJBoulevard", "count_area": 180.0, "countline_length": 20, "density": 0.12590129790697555, "flow": 2.3, "LoS": "LoS A" }, "geometry": { "type": "Polygon", "coordinates": [ [ [ 121836.295989167396328, 488195.689035499177407 ], [ 121857.685674072490656, 488180.149520824546926 ], [ 121832.273997133961529, 488133.896612440003082 ], [ 121807.776409293946926, 488147.242313278256916 ], [ 121836.478806987099233, 488192.763950383930933 ], [ 121836.295989167396328, 488195.689035499177407 ] ] ] } },
{ "type": "Feature", "properties": { "sensor": "GASA-01-A1, GASA-01-A2, GASA-01-B en GASA-01-C", "time": "2025-08-20T10:27:00+02:00", "count_line": 57, "location": "IJBoulevard", "count_area": 193.0, "countline_length": 20, "density": 0.13499416942247935, "flow": 2.85, "LoS": "LoS A" }, "geometry": { "type": "Polygon", "coordinates": [ [ [ 121836.295989167396328, 488195.689035499177407 ], [ 121857.685674072490656, 488180.149520824546926 ], [ 121832.273997133961529, 488133.896612440003082 ], [ 121807.776409293946926, 488147.242313278256916 ], [ 121836.478806987099233, 488192.763950383930933 ], [ 121836.295989167396328, 488195.689035499177407 ] ] ] } },
{ "type": "Feature", "properties": { "sensor": "GASA-01-A1, GASA-01-A2, GASA-01-B en GASA-01-C", "time": "2025-08-20T10:28:00+02:00", "count_line": 54, "location": "IJBoulevard", "count_area": 182.0, "countline_length": 20, "density": 0.12730020121705307, "flow": 2.7, "LoS": "LoS A" }, "geometry": { "type": "Polygon", "coordinates": [ [ [ 121836.295989167396328, 488195.689035499177407 ], [ 121857.685674072490656, 488180.149520824546926 ], [ 121832.273997133961529, 488133.896612440003082 ], [ 121807.776409293946926, 488147.242313278256916 ], [ 121836.478806987099233, 488192.763950383930933 ], [ 121836.295989167396328, 488195.689035499177407 ] ] ] } },
{ "type": "Feature", "properties": { "sensor": "GASA-01-A1, GASA-01-A2, GASA-01-B en GASA-01-C", "time": "2025-08-20T10:29:00+02:00", "count_line": 84, "location": "IJBoulevard", "count_area": 334.0, "countline_length": 20, "density": 0.23361685278294353, "flow": 4.2, "LoS": "LoS A" }, "geometry": { "type": "Polygon", "coordinates": [ [ [ 121836.295989167396328, 488195.689035499177407 ], [ 121857.685674072490656, 488180.149520824546926 ], [ 121832.273997133961529, 488133.896612440003082 ], [ 121807.776409293946926, 488147.242313278256916 ], [ 121836.478806987099233, 488192.763950383930933 ], [ 121836.295989167396328, 488195.689035499177407 ] ] ] } },
{ "type": "Feature", "properties": { "sensor": "GASA-01-A1, GASA-01-A2, GASA-01-B en GASA-01-C", "time": "2025-08-20T10:30:00+02:00", "count_line": 64, "location": "IJBoulevard", "count_area": 244.0, "countline_length": 20, "density": 0.17066620382945574, "flow": 3.2, "LoS": "LoS A" }, "geometry": { "type": "Polygon", "coordinates": [ [ [ 121836.295989167396328, 488195.689035499177407 ], [ 121857.685674072490656, 488180.149520824546926 ], [ 121832.273997133961529, 488133.896612440003082 ], [ 121807.776409293946926, 488147.242313278256916 ], [ 121836.478806987099233, 488192.763950383930933 ], [ 121836.295989167396328, 488195.689035499177407 ] ] ] } },
{ "type": "Feature", "properties": { "sensor": "GASA-01-A1, GASA-01-A2, GASA-01-B en GASA-01-C", "time": "2025-08-20T10:31:00+02:00", "count_line": 58, "location": "IJBoulevard", "count_area": 210.0, "countline_length": 20, "density": 0.14688484755813816, "flow": 2.9, "LoS": "LoS A" }, "geometry": { "type": "Polygon", "coordinates": [ [ [ 121836.295989167396328, 488195.689035499177407 ], [ 121857.685674072490656, 488180.149520824546926 ], [ 121832.273997133961529, 488133.896612440003082 ], [ 121807.776409293946926, 488147.242313278256916 ], [ 121836.478806987099233, 488192.763950383930933 ], [ 121836.295989167396328, 488195.689035499177407 ] ] ] } },
{ "type": "Feature", "properties": { "sensor": "GASA-01-A1, GASA-01-A2, GASA-01-B en GASA-01-C", "time": "2025-08-20T10:32:00+02:00", "count_line": 64, "location": "IJBoulevard", "count_area": 199.0, "countline_length": 20, "density": 0.13919087935271185, "flow": 3.2, "LoS": "LoS A" }, "geometry": { "type": "Polygon", "coordinates": [ [ [ 121836.295989167396328, 488195.689035499177407 ], [ 121857.685674072490656, 488180.149520824546926 ], [ 121832.273997133961529, 488133.896612440003082 ], [ 121807.776409293946926, 488147.242313278256916 ], [ 121836.478806987099233, 488192.763950383930933 ], [ 121836.295989167396328, 488195.689035499177407 ] ] ] } },
{ "type": "Feature", "properties": { "sensor": "GASA-01-A1, GASA-01-A2, GASA-01-B en GASA-01-C", "time": "2025-08-20T10:34:00+02:00", "count_line": 87, "location": "IJBoulevard", "count_area": 267.0, "countline_length": 20, "density": 0.18675359189534707, "flow": 4.35, "LoS": "LoS A" }, "geometry": { "type": "Polygon", "coordinates": [ [ [ 121836.295989167396328, 488195.689035499177407 ], [ 121857.685674072490656, 488180.149520824546926 ], [ 121832.273997133961529, 488133.896612440003082 ], [ 121807.776409293946926, 488147.242313278256916 ], [ 121836.478806987099233, 488192.763950383930933 ], [ 121836.295989167396328, 488195.689035499177407 ] ] ] } },
{ "type": "Feature", "properties": { "sensor": "GASA-01-A1, GASA-01-A2, GASA-01-B en GASA-01-C", "time": "2025-08-20T10:35:00+02:00", "count_line": 54, "location": "IJBoulevard", "count_area": 215.0, "countline_length": 20, "density": 0.15038210583333192, "flow": 2.7, "LoS": "LoS A" }, "geometry": { "type": "Polygon", "coordinates": [ [ [ 121836.295989167396328, 488195.689035499177407 ], [ 121857.685674072490656, 488180.149520824546926 ], [ 121832.273997133961529, 488133.896612440003082 ], [ 121807.776409293946926, 488147.242313278256916 ], [ 121836.478806987099233, 488192.763950383930933 ], [ 121836.295989167396328, 488195.689035499177407 ] ] ] } },
{ "type": "Feature", "properties": { "sensor": "GASA-01-A1, GASA-01-A2, GASA-01-B en GASA-01-C", "time": "2025-08-20T10:36:00+02:00", "count_line": 44, "location": "IJBoulevard", "count_area": 168.0, "countline_length": 20, "density": 0.11750787804651051, "flow": 2.2, "LoS": "LoS A" }, "geometry": { "type": "Polygon", "coordinates": [ [ [ 121836.295989167396328, 488195.689035499177407 ], [ 121857.685674072490656, 488180.149520824546926 ], [ 121832.273997133961529, 488133.896612440003082 ], [ 121807.776409293946926, 488147.242313278256916 ], [ 121836.478806987099233, 488192.763950383930933 ], [ 121836.295989167396328, 488195.689035499177407 ] ] ] } },
{ "type": "Feature", "properties": { "sensor": "GASA-01-A1, GASA-01-A2, GASA-01-B en GASA-01-C", "time": "2025-08-20T10:37:00+02:00", "count_line": 59, "location": "IJBoulevard", "count_area": 202.0, "countline_length": 20, "density": 0.14128923431782811, "flow": 2.95, "LoS": "LoS A" }, "geometry": { "type": "Polygon", "coordinates": [ [ [ 121836.295989167396328, 488195.689035499177407 ], [ 121857.685674072490656, 488180.149520824546926 ], [ 121832.273997133961529, 488133.896612440003082 ], [ 121807.776409293946926, 488147.242313278256916 ], [ 121836.478806987099233, 488192.763950383930933 ], [ 121836.295989167396328, 488195.689035499177407 ] ] ] } },
{ "type": "Feature", "properties": { "sensor": "GASA-01-A1, GASA-01-A2, GASA-01-B en GASA-01-C", "time": "2025-08-20T10:38:00+02:00", "count_line": 53, "location": "IJBoulevard", "count_area": 184.0, "countline_length": 20, "density": 0.12869910452713057, "flow": 2.65, "LoS": "LoS A" }, "geometry": { "type": "Polygon", "coordinates": [ [ [ 121836.295989167396328, 488195.689035499177407 ], [ 121857.685674072490656, 488180.149520824546926 ], [ 121832.273997133961529, 488133.896612440003082 ], [ 121807.776409293946926, 488147.242313278256916 ], [ 121836.478806987099233, 488192.763950383930933 ], [ 121836.295989167396328, 488195.689035499177407 ] ] ] } },
{ "type": "Feature", "properties": { "sensor": "GASA-01-A1, GASA-01-A2, GASA-01-B en GASA-01-C", "time": "2025-08-20T10:39:00+02:00", "count_line": 51, "location": "IJBoulevard", "count_area": 197.0, "countline_length": 20, "density": 0.13779197604263435, "flow": 2.55, "LoS": "LoS A" }, "geometry": { "type": "Polygon", "coordinates": [ [ [ 121836.295989167396328, 488195.689035499177407 ], [ 121857.685674072490656, 488180.149520824546926 ], [ 121832.273997133961529, 488133.896612440003082 ], [ 121807.776409293946926, 488147.242313278256916 ], [ 121836.478806987099233, 488192.763950383930933 ], [ 121836.295989167396328, 488195.689035499177407 ] ] ] } },
{ "type": "Feature", "properties": { "sensor": "GASA-01-A1, GASA-01-A2, GASA-01-B en GASA-01-C", "time": "2025-08-20T10:40:00+02:00", "count_line": 65, "location": "IJBoulevard", "count_area": 247.0, "countline_length": 20, "density": 0.172764558794572, "flow": 3.25, "LoS": "LoS A" }, "geometry": { "type": "Polygon", "coordinates": [ [ [ 121836.295989167396328, 488195.689035499177407 ], [ 121857.685674072490656, 488180.149520824546926 ], [ 121832.273997133961529, 488133.896612440003082 ], [ 121807.776409293946926, 488147.242313278256916 ], [ 121836.478806987099233, 488192.763950383930933 ], [ 121836.295989167396328, 488195.689035499177407 ] ] ] } },
{ "type": "Feature", "properties": { "sensor": "GASA-01-A1, GASA-01-A2, GASA-01-B en GASA-01-C", "time": "2025-08-20T10:41:00+02:00", "count_line": 67, "location": "IJBoulevard", "count_area": 250.0, "countline_length": 20, "density": 0.17486291375968827, "flow": 3.35, "LoS": "LoS A" }, "geometry": { "type": "Polygon", "coordinates": [ [ [ 121836.295989167396328, 488195.689035499177407 ], [ 121857.685674072490656, 488180.149520824546926 ], [ 121832.273997133961529, 488133.896612440003082 ], [ 121807.776409293946926, 488147.242313278256916 ], [ 121836.478806987099233, 488192.763950383930933 ], [ 121836.295989167396328, 488195.689035499177407 ] ] ] } },
{ "type": "Feature", "properties": { "sensor": "GASA-01-A1, GASA-01-A2, GASA-01-B en GASA-01-C", "time": "2025-08-20T10:42:00+02:00", "count_line": 52, "location": "IJBoulevard", "count_area": 173.0, "countline_length": 20, "density": 0.12100513632170429, "flow": 2.6, "LoS": "LoS A" }, "geometry": { "type": "Polygon", "coordinates": [ [ [ 121836.295989167396328, 488195.689035499177407 ], [ 121857.685674072490656, 488180.149520824546926 ], [ 121832.273997133961529, 488133.896612440003082 ], [ 121807.776409293946926, 488147.242313278256916 ], [ 121836.478806987099233, 488192.763950383930933 ], [ 121836.295989167396328, 488195.689035499177407 ] ] ] } },
{ "type": "Feature", "properties": { "sensor": "GASA-01-A1, GASA-01-A2, GASA-01-B en GASA-01-C", "time": "2025-08-20T10:44:00+02:00", "count_line": 168, "location": "IJBoulevard", "count_area": 535.0, "countline_length": 20, "density": 0.3742066354457329, "flow": 8.4, "LoS": "LoS B" }, "geometry": { "type": "Polygon", "coordinates": [ [ [ 121836.295989167396328, 488195.689035499177407 ], [ 121857.685674072490656, 488180.149520824546926 ], [ 121832.273997133961529, 488133.896612440003082 ], [ 121807.776409293946926, 488147.242313278256916 ], [ 121836.478806987099233, 488192.763950383930933 ], [ 121836.295989167396328, 488195.689035499177407 ] ] ] } },
{ "type": "Feature", "properties": { "sensor": "GASA-01-A1, GASA-01-A2, GASA-01-B en GASA-01-C", "time": "2025-08-20T10:45:00+02:00", "count_line": 50, "location": "IJBoulevard", "count_area": 197.0, "countline_length": 20, "density": 0.13779197604263435, "flow": 2.5, "LoS": "LoS A" }, "geometry": { "type": "Polygon", "coordinates": [ [ [ 121836.295989167396328, 488195.689035499177407 ], [ 121857.685674072490656, 488180.149520824546926 ], [ 121832.273997133961529, 488133.896612440003082 ], [ 121807.776409293946926, 488147.242313278256916 ], [ 121836.478806987099233, 488192.763950383930933 ], [ 121836.295989167396328, 488195.689035499177407 ] ] ] } },
{ "type": "Feature", "properties": { "sensor": "GASA-01-A1, GASA-01-A2, GASA-01-B en GASA-01-C", "time": "2025-08-20T10:46:00+02:00", "count_line": 88, "location": "IJBoulevard", "count_area": 347.0, "countline_length": 20, "density": 0.24270972429844731, "flow": 4.4, "LoS": "LoS A" }, "geometry": { "type": "Polygon", "coordinates": [ [ [ 121836.295989167396328, 488195.689035499177407 ], [ 121857.685674072490656, 488180.149520824546926 ], [ 121832.273997133961529, 488133.896612440003082 ], [ 121807.776409293946926, 488147.242313278256916 ], [ 121836.478806987099233, 488192.763950383930933 ], [ 121836.295989167396328, 488195.689035499177407 ] ] ] } },
{ "type": "Feature", "properties": { "sensor": "GASA-01-A1, GASA-01-A2, GASA-01-B en GASA-01-C", "time": "2025-08-20T10:47:00+02:00", "count_line": 43, "location": "IJBoulevard", "count_area": 149.0, "countline_length": 20, "density": 0.10421829660077421, "flow": 2.15, "LoS": "LoS A" }, "geometry": { "type": "Polygon", "coordinates": [ [ [ 121836.295989167396328, 488195.689035499177407 ], [ 121857.685674072490656, 488180.149520824546926 ], [ 121832.273997133961529, 488133.896612440003082 ], [ 121807.776409293946926, 488147.242313278256916 ], [ 121836.478806987099233, 488192.763950383930933 ], [ 121836.295989167396328, 488195.689035499177407 ] ] ] } },
{ "type": "Feature", "properties": { "sensor": "GASA-01-A1, GASA-01-A2, GASA-01-B en GASA-01-C", "time": "2025-08-20T10:48:00+02:00", "count_line": 53, "location": "IJBoulevard", "count_area": 175.0, "countline_length": 20, "density": 0.12240403963178179, "flow": 2.65, "LoS": "LoS A" }, "geometry": { "type": "Polygon", "coordinates": [ [ [ 121836.295989167396328, 488195.689035499177407 ], [ 121857.685674072490656, 488180.149520824546926 ], [ 121832.273997133961529, 488133.896612440003082 ], [ 121807.776409293946926, 488147.242313278256916 ], [ 121836.478806987099233, 488192.763950383930933 ], [ 121836.295989167396328, 488195.689035499177407 ] ] ] } },
{ "type": "Feature", "properties": { "sensor": "GASA-01-A1, GASA-01-A2, GASA-01-B en GASA-01-C", "time": "2025-08-20T10:49:00+02:00", "count_line": 14, "location": "IJBoulevard", "count_area": 45.0, "countline_length": 20, "density": 0.031475324476743886, "flow": 0.7, "LoS": "LoS A" }, "geometry": { "type": "Polygon", "coordinates": [ [ [ 121836.295989167396328, 488195.689035499177407 ], [ 121857.685674072490656, 488180.149520824546926 ], [ 121832.273997133961529, 488133.896612440003082 ], [ 121807.776409293946926, 488147.242313278256916 ], [ 121836.478806987099233, 488192.763950383930933 ], [ 121836.295989167396328, 488195.689035499177407 ] ] ] } },
{ "type": "Feature", "properties": { "sensor": "GASA-01-A1, GASA-01-A2, GASA-01-B en GASA-01-C", "time": "2025-08-20T10:50:00+02:00", "count_line": 84, "location": "IJBoulevard", "count_area": 280.0, "countline_length": 20, "density": 0.19584646341085085, "flow": 4.2, "LoS": "LoS A" }, "geometry": { "type": "Polygon", "coordinates": [ [ [ 121836.295989167396328, 488195.689035499177407 ], [ 121857.685674072490656, 488180.149520824546926 ], [ 121832.273997133961529, 488133.896612440003082 ], [ 121807.776409293946926, 488147.242313278256916 ], [ 121836.478806987099233, 488192.763950383930933 ], [ 121836.295989167396328, 488195.689035499177407 ] ] ] } },
{ "type": "Feature", "properties": { "sensor": "GASA-01-A1, GASA-01-A2, GASA-01-B en GASA-01-C", "time": "2025-08-20T10:51:00+02:00", "count_line": 8, "location": "IJBoulevard", "count_area": 30.0, "countline_length": 20, "density": 0.020983549651162593, "flow": 0.4, "LoS": "LoS A" }, "geometry": { "type": "Polygon", "coordinates": [ [ [ 121836.295989167396328, 488195.689035499177407 ], [ 121857.685674072490656, 488180.149520824546926 ], [ 121832.273997133961529, 488133.896612440003082 ], [ 121807.776409293946926, 488147.242313278256916 ], [ 121836.478806987099233, 488192.763950383930933 ], [ 121836.295989167396328, 488195.689035499177407 ] ] ] } },
{ "type": "Feature", "properties": { "sensor": "GASA-01-A1, GASA-01-A2, GASA-01-B en GASA-01-C", "time": "2025-08-20T10:52:00+02:00", "count_line": 92, "location": "IJBoulevard", "count_area": 304.0, "countline_length": 20, "density": 0.21263330313178094, "flow": 4.6, "LoS": "LoS A" }, "geometry": { "type": "Polygon", "coordinates": [ [ [ 121836.295989167396328, 488195.689035499177407 ], [ 121857.685674072490656, 488180.149520824546926 ], [ 121832.273997133961529, 488133.896612440003082 ], [ 121807.776409293946926, 488147.242313278256916 ], [ 121836.478806987099233, 488192.763950383930933 ], [ 121836.295989167396328, 488195.689035499177407 ] ] ] } },
{ "type": "Feature", "properties": { "sensor": "GASA-01-A1, GASA-01-A2, GASA-01-B en GASA-01-C", "time": "2025-08-20T10:54:00+02:00", "count_line": 136, "location": "IJBoulevard", "count_area": 418.0, "countline_length": 20, "density": 0.29237079180619879, "flow": 6.8, "LoS": "LoS A" }, "geometry": { "type": "Polygon", "coordinates": [ [ [ 121836.295989167396328, 488195.689035499177407 ], [ 121857.685674072490656, 488180.149520824546926 ], [ 121832.273997133961529, 488133.896612440003082 ], [ 121807.776409293946926, 488147.242313278256916 ], [ 121836.478806987099233, 488192.763950383930933 ], [ 121836.295989167396328, 488195.689035499177407 ] ] ] } },
{ "type": "Feature", "properties": { "sensor": "GASA-01-A1, GASA-01-A2, GASA-01-B en GASA-01-C", "time": "2025-08-20T10:55:00+02:00", "count_line": 73, "location": "IJBoulevard", "count_area": 255.0, "countline_length": 20, "density": 0.17836017203488203, "flow": 3.65, "LoS": "LoS A" }, "geometry": { "type": "Polygon", "coordinates": [ [ [ 121836.295989167396328, 488195.689035499177407 ], [ 121857.685674072490656, 488180.149520824546926 ], [ 121832.273997133961529, 488133.896612440003082 ], [ 121807.776409293946926, 488147.242313278256916 ], [ 121836.478806987099233, 488192.763950383930933 ], [ 121836.295989167396328, 488195.689035499177407 ] ] ] } },
{ "type": "Feature", "properties": { "sensor": "GASA-01-A1, GASA-01-A2, GASA-01-B en GASA-01-C", "time": "2025-08-20T10:56:00+02:00", "count_line": 69, "location": "IJBoulevard", "count_area": 211.0, "countline_length": 20, "density": 0.14758429921317689, "flow": 3.45, "LoS": "LoS A" }, "geometry": { "type": "Polygon", "coordinates": [ [ [ 121836.295989167396328, 488195.689035499177407 ], [ 121857.685674072490656, 488180.149520824546926 ], [ 121832.273997133961529, 488133.896612440003082 ], [ 121807.776409293946926, 488147.242313278256916 ], [ 121836.478806987099233, 488192.763950383930933 ], [ 121836.295989167396328, 488195.689035499177407 ] ] ] } },
{ "type": "Feature", "properties": { "sensor": "GASA-01-A1, GASA-01-A2, GASA-01-B en GASA-01-C", "time": "2025-08-20T10:58:00+02:00", "count_line": 152, "location": "IJBoulevard", "count_area": 560.0, "countline_length": 20, "density": 0.3916929268217017, "flow": 7.6, "LoS": "LoS B" }, "geometry": { "type": "Polygon", "coordinates": [ [ [ 121836.295989167396328, 488195.689035499177407 ], [ 121857.685674072490656, 488180.149520824546926 ], [ 121832.273997133961529, 488133.896612440003082 ], [ 121807.776409293946926, 488147.242313278256916 ], [ 121836.478806987099233, 488192.763950383930933 ], [ 121836.295989167396328, 488195.689035499177407 ] ] ] } },
{ "type": "Feature", "properties": { "sensor": "GASA-01-A1, GASA-01-A2, GASA-01-B en GASA-01-C", "time": "2025-08-20T11:00:00+02:00", "count_line": 120, "location": "IJBoulevard", "count_area": 372.0, "countline_length": 20, "density": 0.26019601567441614, "flow": 6.0, "LoS": "LoS A" }, "geometry": { "type": "Polygon", "coordinates": [ [ [ 121836.295989167396328, 488195.689035499177407 ], [ 121857.685674072490656, 488180.149520824546926 ], [ 121832.273997133961529, 488133.896612440003082 ], [ 121807.776409293946926, 488147.242313278256916 ], [ 121836.478806987099233, 488192.763950383930933 ], [ 121836.295989167396328, 488195.689035499177407 ] ] ] } },
{ "type": "Feature", "properties": { "sensor": "GASA-01-A1, GASA-01-A2, GASA-01-B en GASA-01-C", "time": "2025-08-20T11:02:00+02:00", "count_line": 162, "location": "IJBoulevard", "count_area": 641.0, "countline_length": 20, "density": 0.44834851087984073, "flow": 8.1, "LoS": "LoS B" }, "geometry": { "type": "Polygon", "coordinates": [ [ [ 121836.295989167396328, 488195.689035499177407 ], [ 121857.685674072490656, 488180.149520824546926 ], [ 121832.273997133961529, 488133.896612440003082 ], [ 121807.776409293946926, 488147.242313278256916 ], [ 121836.478806987099233, 488192.763950383930933 ], [ 121836.295989167396328, 488195.689035499177407 ] ] ] } },
{ "type": "Feature", "properties": { "sensor": "GASA-01-A1, GASA-01-A2, GASA-01-B en GASA-01-C", "time": "2025-08-20T11:04:00+02:00", "count_line": 206, "location": "IJBoulevard", "count_area": 808.0, "countline_length": 20, "density": 0.56515693727131244, "flow": 10.3, "LoS": "LoS B" }, "geometry": { "type": "Polygon", "coordinates": [ [ [ 121836.295989167396328, 488195.689035499177407 ], [ 121857.685674072490656, 488180.149520824546926 ], [ 121832.273997133961529, 488133.896612440003082 ], [ 121807.776409293946926, 488147.242313278256916 ], [ 121836.478806987099233, 488192.763950383930933 ], [ 121836.295989167396328, 488195.689035499177407 ] ] ] } },
{ "type": "Feature", "properties": { "sensor": "GASA-01-A1, GASA-01-A2, GASA-01-B en GASA-01-C", "time": "2025-08-20T11:05:00+02:00", "count_line": 92, "location": "IJBoulevard", "count_area": 311.0, "countline_length": 20, "density": 0.2175294647170522, "flow": 4.6, "LoS": "LoS A" }, "geometry": { "type": "Polygon", "coordinates": [ [ [ 121836.295989167396328, 488195.689035499177407 ], [ 121857.685674072490656, 488180.149520824546926 ], [ 121832.273997133961529, 488133.896612440003082 ], [ 121807.776409293946926, 488147.242313278256916 ], [ 121836.478806987099233, 488192.763950383930933 ], [ 121836.295989167396328, 488195.689035499177407 ] ] ] } },
{ "type": "Feature", "properties": { "sensor": "GASA-01-A1, GASA-01-A2, GASA-01-B en GASA-01-C", "time": "2025-08-20T11:06:00+02:00", "count_line": 81, "location": "IJBoulevard", "count_area": 297.0, "countline_length": 20, "density": 0.20773714154650966, "flow": 4.05, "LoS": "LoS A" }, "geometry": { "type": "Polygon", "coordinates": [ [ [ 121836.295989167396328, 488195.689035499177407 ], [ 121857.685674072490656, 488180.149520824546926 ], [ 121832.273997133961529, 488133.896612440003082 ], [ 121807.776409293946926, 488147.242313278256916 ], [ 121836.478806987099233, 488192.763950383930933 ], [ 121836.295989167396328, 488195.689035499177407 ] ] ] } },
{ "type": "Feature", "properties": { "sensor": "GASA-01-A1, GASA-01-A2, GASA-01-B en GASA-01-C", "time": "2025-08-20T11:08:00+02:00", "count_line": 150, "location": "IJBoulevard", "count_area": 497.0, "countline_length": 20, "density": 0.3476274725542603, "flow": 7.5, "LoS": "LoS B" }, "geometry": { "type": "Polygon", "coordinates": [ [ [ 121836.295989167396328, 488195.689035499177407 ], [ 121857.685674072490656, 488180.149520824546926 ], [ 121832.273997133961529, 488133.896612440003082 ], [ 121807.776409293946926, 488147.242313278256916 ], [ 121836.478806987099233, 488192.763950383930933 ], [ 121836.295989167396328, 488195.689035499177407 ] ] ] } },
{ "type": "Feature", "properties": { "sensor": "GASA-01-A1, GASA-01-A2, GASA-01-B en GASA-01-C", "time": "2025-08-20T11:10:00+02:00", "count_line": 158, "location": "IJBoulevard", "count_area": 487.0, "countline_length": 20, "density": 0.34063295600387272, "flow": 7.9, "LoS": "LoS B" }, "geometry": { "type": "Polygon", "coordinates": [ [ [ 121836.295989167396328, 488195.689035499177407 ], [ 121857.685674072490656, 488180.149520824546926 ], [ 121832.273997133961529, 488133.896612440003082 ], [ 121807.776409293946926, 488147.242313278256916 ], [ 121836.478806987099233, 488192.763950383930933 ], [ 121836.295989167396328, 488195.689035499177407 ] ] ] } },
{ "type": "Feature", "properties": { "sensor": "GASA-01-A1, GASA-01-A2, GASA-01-B en GASA-01-C", "time": "2025-08-20T11:12:00+02:00", "count_line": 114, "location": "IJBoulevard", "count_area": 344.0, "countline_length": 20, "density": 0.24061136933333105, "flow": 5.7, "LoS": "LoS A" }, "geometry": { "type": "Polygon", "coordinates": [ [ [ 121836.295989167396328, 488195.689035499177407 ], [ 121857.685674072490656, 488180.149520824546926 ], [ 121832.273997133961529, 488133.896612440003082 ], [ 121807.776409293946926, 488147.242313278256916 ], [ 121836.478806987099233, 488192.763950383930933 ], [ 121836.295989167396328, 488195.689035499177407 ] ] ] } },
{ "type": "Feature", "properties": { "sensor": "GASA-01-A1, GASA-01-A2, GASA-01-B en GASA-01-C", "time": "2025-08-20T11:14:00+02:00", "count_line": 162, "location": "IJBoulevard", "count_area": 625.0, "countline_length": 20, "density": 0.43715728439922069, "flow": 8.1, "LoS": "LoS B" }, "geometry": { "type": "Polygon", "coordinates": [ [ [ 121836.295989167396328, 488195.689035499177407 ], [ 121857.685674072490656, 488180.149520824546926 ], [ 121832.273997133961529, 488133.896612440003082 ], [ 121807.776409293946926, 488147.242313278256916 ], [ 121836.478806987099233, 488192.763950383930933 ], [ 121836.295989167396328, 488195.689035499177407 ] ] ] } },
{ "type": "Feature", "properties": { "sensor": "GASA-01-A1, GASA-01-A2, GASA-01-B en GASA-01-C", "time": "2025-08-20T11:15:00+02:00", "count_line": 117, "location": "IJBoulevard", "count_area": 363.0, "countline_length": 20, "density": 0.25390095077906738, "flow": 5.85, "LoS": "LoS A" }, "geometry": { "type": "Polygon", "coordinates": [ [ [ 121836.295989167396328, 488195.689035499177407 ], [ 121857.685674072490656, 488180.149520824546926 ], [ 121832.273997133961529, 488133.896612440003082 ], [ 121807.776409293946926, 488147.242313278256916 ], [ 121836.478806987099233, 488192.763950383930933 ], [ 121836.295989167396328, 488195.689035499177407 ] ] ] } },
{ "type": "Feature", "properties": { "sensor": "GASA-01-A1, GASA-01-A2, GASA-01-B en GASA-01-C", "time": "2025-08-20T11:16:00+02:00", "count_line": 70, "location": "IJBoulevard", "count_area": 217.0, "countline_length": 20, "density": 0.15178100914340942, "flow": 3.5, "LoS": "LoS A" }, "geometry": { "type": "Polygon", "coordinates": [ [ [ 121836.295989167396328, 488195.689035499177407 ], [ 121857.685674072490656, 488180.149520824546926 ], [ 121832.273997133961529, 488133.896612440003082 ], [ 121807.776409293946926, 488147.242313278256916 ], [ 121836.478806987099233, 488192.763950383930933 ], [ 121836.295989167396328, 488195.689035499177407 ] ] ] } },
{ "type": "Feature", "properties": { "sensor": "GASA-01-A1, GASA-01-A2, GASA-01-B en GASA-01-C", "time": "2025-08-20T11:18:00+02:00", "count_line": 174, "location": "IJBoulevard", "count_area": 602.0, "countline_length": 20, "density": 0.42106989633332936, "flow": 8.7, "LoS": "LoS B" }, "geometry": { "type": "Polygon", "coordinates": [ [ [ 121836.295989167396328, 488195.689035499177407 ], [ 121857.685674072490656, 488180.149520824546926 ], [ 121832.273997133961529, 488133.896612440003082 ], [ 121807.776409293946926, 488147.242313278256916 ], [ 121836.478806987099233, 488192.763950383930933 ], [ 121836.295989167396328, 488195.689035499177407 ] ] ] } },
{ "type": "Feature", "properties": { "sensor": "GASA-01-A1, GASA-01-A2, GASA-01-B en GASA-01-C", "time": "2025-08-20T11:19:00+02:00", "count_line": 6, "location": "IJBoulevard", "count_area": 21.0, "countline_length": 20, "density": 0.014688484755813814, "flow": 0.3, "LoS": "LoS A" }, "geometry": { "type": "Polygon", "coordinates": [ [ [ 121836.295989167396328, 488195.689035499177407 ], [ 121857.685674072490656, 488180.149520824546926 ], [ 121832.273997133961529, 488133.896612440003082 ], [ 121807.776409293946926, 488147.242313278256916 ], [ 121836.478806987099233, 488192.763950383930933 ], [ 121836.295989167396328, 488195.689035499177407 ] ] ] } },
{ "type": "Feature", "properties": { "sensor": "GASA-01-A1, GASA-01-A2, GASA-01-B en GASA-01-C", "time": "2025-08-20T11:20:00+02:00", "count_line": 194, "location": "IJBoulevard", "count_area": 713.0, "countline_length": 20, "density": 0.49870903004263095, "flow": 9.7, "LoS": "LoS B" }, "geometry": { "type": "Polygon", "coordinates": [ [ [ 121836.295989167396328, 488195.689035499177407 ], [ 121857.685674072490656, 488180.149520824546926 ], [ 121832.273997133961529, 488133.896612440003082 ], [ 121807.776409293946926, 488147.242313278256916 ], [ 121836.478806987099233, 488192.763950383930933 ], [ 121836.295989167396328, 488195.689035499177407 ] ] ] } },
{ "type": "Feature", "properties": { "sensor": "GASA-01-A1, GASA-01-A2, GASA-01-B en GASA-01-C", "time": "2025-08-20T11:22:00+02:00", "count_line": 224, "location": "IJBoulevard", "count_area": 718.0, "countline_length": 20, "density": 0.50220628831782466, "flow": 11.2, "LoS": "LoS B" }, "geometry": { "type": "Polygon", "coordinates": [ [ [ 121836.295989167396328, 488195.689035499177407 ], [ 121857.685674072490656, 488180.149520824546926 ], [ 121832.273997133961529, 488133.896612440003082 ], [ 121807.776409293946926, 488147.242313278256916 ], [ 121836.478806987099233, 488192.763950383930933 ], [ 121836.295989167396328, 488195.689035499177407 ] ] ] } },
{ "type": "Feature", "properties": { "sensor": "GASA-01-A1, GASA-01-A2, GASA-01-B en GASA-01-C", "time": "2025-08-20T11:24:00+02:00", "count_line": 152, "location": "IJBoulevard", "count_area": 515.0, "countline_length": 20, "density": 0.36021760234495781, "flow": 7.6, "LoS": "LoS B" }, "geometry": { "type": "Polygon", "coordinates": [ [ [ 121836.295989167396328, 488195.689035499177407 ], [ 121857.685674072490656, 488180.149520824546926 ], [ 121832.273997133961529, 488133.896612440003082 ], [ 121807.776409293946926, 488147.242313278256916 ], [ 121836.478806987099233, 488192.763950383930933 ], [ 121836.295989167396328, 488195.689035499177407 ] ] ] } },
{ "type": "Feature", "properties": { "sensor": "GASA-01-A1, GASA-01-A2, GASA-01-B en GASA-01-C", "time": "2025-08-20T11:25:00+02:00", "count_line": 94, "location": "IJBoulevard", "count_area": 344.0, "countline_length": 20, "density": 0.24061136933333105, "flow": 4.7, "LoS": "LoS A" }, "geometry": { "type": "Polygon", "coordinates": [ [ [ 121836.295989167396328, 488195.689035499177407 ], [ 121857.685674072490656, 488180.149520824546926 ], [ 121832.273997133961529, 488133.896612440003082 ], [ 121807.776409293946926, 488147.242313278256916 ], [ 121836.478806987099233, 488192.763950383930933 ], [ 121836.295989167396328, 488195.689035499177407 ] ] ] } },
{ "type": "Feature", "properties": { "sensor": "GASA-01-A1, GASA-01-A2, GASA-01-B en GASA-01-C", "time": "2025-08-20T11:26:00+02:00", "count_line": 106, "location": "IJBoulevard", "count_area": 389.0, "countline_length": 20, "density": 0.27208669381007494, "flow": 5.3, "LoS": "LoS A" }, "geometry": { "type": "Polygon", "coordinates": [ [ [ 121836.295989167396328, 488195.689035499177407 ], [ 121857.685674072490656, 488180.149520824546926 ], [ 121832.273997133961529, 488133.896612440003082 ], [ 121807.776409293946926, 488147.242313278256916 ], [ 121836.478806987099233, 488192.763950383930933 ], [ 121836.295989167396328, 488195.689035499177407 ] ] ] } },
{ "type": "Feature", "properties": { "sensor": "GASA-01-A1, GASA-01-A2, GASA-01-B en GASA-01-C", "time": "2025-08-20T11:28:00+02:00", "count_line": 182, "location": "IJBoulevard", "count_area": 687.0, "countline_length": 20, "density": 0.48052328701162339, "flow": 9.1, "LoS": "LoS B" }, "geometry": { "type": "Polygon", "coordinates": [ [ [ 121836.295989167396328, 488195.689035499177407 ], [ 121857.685674072490656, 488180.149520824546926 ], [ 121832.273997133961529, 488133.896612440003082 ], [ 121807.776409293946926, 488147.242313278256916 ], [ 121836.478806987099233, 488192.763950383930933 ], [ 121836.295989167396328, 488195.689035499177407 ] ] ] } },
{ "type": "Feature", "properties": { "sensor": "GASA-01-A1, GASA-01-A2, GASA-01-B en GASA-01-C", "time": "2025-08-20T11:30:00+02:00", "count_line": 268, "location": "IJBoulevard", "count_area": 901.0, "countline_length": 20, "density": 0.63020594118991657, "flow": 13.4, "LoS": "LoS B" }, "geometry": { "type": "Polygon", "coordinates": [ [ [ 121836.295989167396328, 488195.689035499177407 ], [ 121857.685674072490656, 488180.149520824546926 ], [ 121832.273997133961529, 488133.896612440003082 ], [ 121807.776409293946926, 488147.242313278256916 ], [ 121836.478806987099233, 488192.763950383930933 ], [ 121836.295989167396328, 488195.689035499177407 ] ] ] } },
{ "type": "Feature", "properties": { "sensor": "GASA-01-A1, GASA-01-A2, GASA-01-B en GASA-01-C", "time": "2025-08-20T11:32:00+02:00", "count_line": 164, "location": "IJBoulevard", "count_area": 511.0, "countline_length": 20, "density": 0.35741979572480281, "flow": 8.2, "LoS": "LoS B" }, "geometry": { "type": "Polygon", "coordinates": [ [ [ 121836.295989167396328, 488195.689035499177407 ], [ 121857.685674072490656, 488180.149520824546926 ], [ 121832.273997133961529, 488133.896612440003082 ], [ 121807.776409293946926, 488147.242313278256916 ], [ 121836.478806987099233, 488192.763950383930933 ], [ 121836.295989167396328, 488195.689035499177407 ] ] ] } },
{ "type": "Feature", "properties": { "sensor": "GASA-01-A1, GASA-01-A2, GASA-01-B en GASA-01-C", "time": "2025-08-20T11:34:00+02:00", "count_line": 206, "location": "IJBoulevard", "count_area": 719.0, "countline_length": 20, "density": 0.50290573997286347, "flow": 10.3, "LoS": "LoS B" }, "geometry": { "type": "Polygon", "coordinates": [ [ [ 121836.295989167396328, 488195.689035499177407 ], [ 121857.685674072490656, 488180.149520824546926 ], [ 121832.273997133961529, 488133.896612440003082 ], [ 121807.776409293946926, 488147.242313278256916 ], [ 121836.478806987099233, 488192.763950383930933 ], [ 121836.295989167396328, 488195.689035499177407 ] ] ] } },
{ "type": "Feature", "properties": { "sensor": "GASA-01-A1, GASA-01-A2, GASA-01-B en GASA-01-C", "time": "2025-08-20T11:36:00+02:00", "count_line": 122, "location": "IJBoulevard", "count_area": 431.0, "countline_length": 20, "density": 0.3014636633217026, "flow": 6.1, "LoS": "LoS B" }, "geometry": { "type": "Polygon", "coordinates": [ [ [ 121836.295989167396328, 488195.689035499177407 ], [ 121857.685674072490656, 488180.149520824546926 ], [ 121832.273997133961529, 488133.896612440003082 ], [ 121807.776409293946926, 488147.242313278256916 ], [ 121836.478806987099233, 488192.763950383930933 ], [ 121836.295989167396328, 488195.689035499177407 ] ] ] } },
{ "type": "Feature", "properties": { "sensor": "GASA-01-A1, GASA-01-A2, GASA-01-B en GASA-01-C", "time": "2025-08-20T11:38:00+02:00", "count_line": 124, "location": "IJBoulevard", "count_area": 454.0, "countline_length": 20, "density": 0.31755105138759387, "flow": 6.2, "LoS": "LoS B" }, "geometry": { "type": "Polygon", "coordinates": [ [ [ 121836.295989167396328, 488195.689035499177407 ], [ 121857.685674072490656, 488180.149520824546926 ], [ 121832.273997133961529, 488133.896612440003082 ], [ 121807.776409293946926, 488147.242313278256916 ], [ 121836.478806987099233, 488192.763950383930933 ], [ 121836.295989167396328, 488195.689035499177407 ] ] ] } },
{ "type": "Feature", "properties": { "sensor": "GASA-01-A1, GASA-01-A2, GASA-01-B en GASA-01-C", "time": "2025-08-20T11:40:00+02:00", "count_line": 242, "location": "IJBoulevard", "count_area": 807.0, "countline_length": 20, "density": 0.56445748561627374, "flow": 12.1, "LoS": "LoS B" }, "geometry": { "type": "Polygon", "coordinates": [ [ [ 121836.295989167396328, 488195.689035499177407 ], [ 121857.685674072490656, 488180.149520824546926 ], [ 121832.273997133961529, 488133.896612440003082 ], [ 121807.776409293946926, 488147.242313278256916 ], [ 121836.478806987099233, 488192.763950383930933 ], [ 121836.295989167396328, 488195.689035499177407 ] ] ] } },
{ "type": "Feature", "properties": { "sensor": "GASA-01-A1, GASA-01-A2, GASA-01-B en GASA-01-C", "time": "2025-08-20T11:42:00+02:00", "count_line": 178, "location": "IJBoulevard", "count_area": 579.0, "countline_length": 20, "density": 0.40498250826743803, "flow": 8.9, "LoS": "LoS B" }, "geometry": { "type": "Polygon", "coordinates": [ [ [ 121836.295989167396328, 488195.689035499177407 ], [ 121857.685674072490656, 488180.149520824546926 ], [ 121832.273997133961529, 488133.896612440003082 ], [ 121807.776409293946926, 488147.242313278256916 ], [ 121836.478806987099233, 488192.763950383930933 ], [ 121836.295989167396328, 488195.689035499177407 ] ] ] } },
{ "type": "Feature", "properties": { "sensor": "GASA-01-A1, GASA-01-A2, GASA-01-B en GASA-01-C", "time": "2025-08-20T11:44:00+02:00", "count_line": 160, "location": "IJBoulevard", "count_area": 567.0, "countline_length": 20, "density": 0.39658908840697299, "flow": 8.0, "LoS": "LoS B" }, "geometry": { "type": "Polygon", "coordinates": [ [ [ 121836.295989167396328, 488195.689035499177407 ], [ 121857.685674072490656, 488180.149520824546926 ], [ 121832.273997133961529, 488133.896612440003082 ], [ 121807.776409293946926, 488147.242313278256916 ], [ 121836.478806987099233, 488192.763950383930933 ], [ 121836.295989167396328, 488195.689035499177407 ] ] ] } },
{ "type": "Feature", "properties": { "sensor": "GASA-01-A1, GASA-01-A2, GASA-01-B en GASA-01-C", "time": "2025-08-20T11:46:00+02:00", "count_line": 214, "location": "IJBoulevard", "count_area": 748.0, "countline_length": 20, "density": 0.52318983796898733, "flow": 10.7, "LoS": "LoS B" }, "geometry": { "type": "Polygon", "coordinates": [ [ [ 121836.295989167396328, 488195.689035499177407 ], [ 121857.685674072490656, 488180.149520824546926 ], [ 121832.273997133961529, 488133.896612440003082 ], [ 121807.776409293946926, 488147.242313278256916 ], [ 121836.478806987099233, 488192.763950383930933 ], [ 121836.295989167396328, 488195.689035499177407 ] ] ] } },
{ "type": "Feature", "properties": { "sensor": "GASA-01-A1, GASA-01-A2, GASA-01-B en GASA-01-C", "time": "2025-08-20T11:48:00+02:00", "count_line": 240, "location": "IJBoulevard", "count_area": 738.0, "countline_length": 20, "density": 0.51619532141859981, "flow": 12.0, "LoS": "LoS B" }, "geometry": { "type": "Polygon", "coordinates": [ [ [ 121836.295989167396328, 488195.689035499177407 ], [ 121857.685674072490656, 488180.149520824546926 ], [ 121832.273997133961529, 488133.896612440003082 ], [ 121807.776409293946926, 488147.242313278256916 ], [ 121836.478806987099233, 488192.763950383930933 ], [ 121836.295989167396328, 488195.689035499177407 ] ] ] } },
{ "type": "Feature", "properties": { "sensor": "GASA-01-A1, GASA-01-A2, GASA-01-B en GASA-01-C", "time": "2025-08-20T11:50:00+02:00", "count_line": 304, "location": "IJBoulevard", "count_area": 1062.0, "countline_length": 20, "density": 0.74281765765115582, "flow": 15.2, "LoS": "LoS C" }, "geometry": { "type": "Polygon", "coordinates": [ [ [ 121836.295989167396328, 488195.689035499177407 ], [ 121857.685674072490656, 488180.149520824546926 ], [ 121832.273997133961529, 488133.896612440003082 ], [ 121807.776409293946926, 488147.242313278256916 ], [ 121836.478806987099233, 488192.763950383930933 ], [ 121836.295989167396328, 488195.689035499177407 ] ] ] } },
{ "type": "Feature", "properties": { "sensor": "GASA-01-A1, GASA-01-A2, GASA-01-B en GASA-01-C", "time": "2025-08-20T11:52:00+02:00", "count_line": 140, "location": "IJBoulevard", "count_area": 542.0, "countline_length": 20, "density": 0.37910279703100419, "flow": 7.0, "LoS": "LoS B" }, "geometry": { "type": "Polygon", "coordinates": [ [ [ 121836.295989167396328, 488195.689035499177407 ], [ 121857.685674072490656, 488180.149520824546926 ], [ 121832.273997133961529, 488133.896612440003082 ], [ 121807.776409293946926, 488147.242313278256916 ], [ 121836.478806987099233, 488192.763950383930933 ], [ 121836.295989167396328, 488195.689035499177407 ] ] ] } },
{ "type": "Feature", "properties": { "sensor": "GASA-01-A1, GASA-01-A2, GASA-01-B en GASA-01-C", "time": "2025-08-20T11:54:00+02:00", "count_line": 188, "location": "IJBoulevard", "count_area": 649.0, "countline_length": 20, "density": 0.45394412412015073, "flow": 9.4, "LoS": "LoS B" }, "geometry": { "type": "Polygon", "coordinates": [ [ [ 121836.295989167396328, 488195.689035499177407 ], [ 121857.685674072490656, 488180.149520824546926 ], [ 121832.273997133961529, 488133.896612440003082 ], [ 121807.776409293946926, 488147.242313278256916 ], [ 121836.478806987099233, 488192.763950383930933 ], [ 121836.295989167396328, 488195.689035499177407 ] ] ] } },
{ "type": "Feature", "properties": { "sensor": "GASA-01-A1, GASA-01-A2, GASA-01-B en GASA-01-C", "time": "2025-08-20T11:56:00+02:00", "count_line": 208, "location": "IJBoulevard", "count_area": 661.0, "countline_length": 20, "density": 0.46233754398061577, "flow": 10.4, "LoS": "LoS B" }, "geometry": { "type": "Polygon", "coordinates": [ [ [ 121836.295989167396328, 488195.689035499177407 ], [ 121857.685674072490656, 488180.149520824546926 ], [ 121832.273997133961529, 488133.896612440003082 ], [ 121807.776409293946926, 488147.242313278256916 ], [ 121836.478806987099233, 488192.763950383930933 ], [ 121836.295989167396328, 488195.689035499177407 ] ] ] } },
{ "type": "Feature", "properties": { "sensor": "GASA-01-A1, GASA-01-A2, GASA-01-B en GASA-01-C", "time": "2025-08-20T11:58:00+02:00", "count_line": 178, "location": "IJBoulevard", "count_area": 577.0, "countline_length": 20, "density": 0.40358360495736051, "flow": 8.9, "LoS": "LoS B" }, "geometry": { "type": "Polygon", "coordinates": [ [ [ 121836.295989167396328, 488195.689035499177407 ], [ 121857.685674072490656, 488180.149520824546926 ], [ 121832.273997133961529, 488133.896612440003082 ], [ 121807.776409293946926, 488147.242313278256916 ], [ 121836.478806987099233, 488192.763950383930933 ], [ 121836.295989167396328, 488195.689035499177407 ] ] ] } },
{ "type": "Feature", "properties": { "sensor": "GASA-01-A1, GASA-01-A2, GASA-01-B en GASA-01-C", "time": "2025-08-20T12:00:00+02:00", "count_line": 184, "location": "IJBoulevard", "count_area": 666.0, "countline_length": 20, "density": 0.46583480225580953, "flow": 9.2, "LoS": "LoS B" }, "geometry": { "type": "Polygon", "coordinates": [ [ [ 121836.295989167396328, 488195.689035499177407 ], [ 121857.685674072490656, 488180.149520824546926 ], [ 121832.273997133961529, 488133.896612440003082 ], [ 121807.776409293946926, 488147.242313278256916 ], [ 121836.478806987099233, 488192.763950383930933 ], [ 121836.295989167396328, 488195.689035499177407 ] ] ] } },
{ "type": "Feature", "properties": { "sensor": "GASA-01-A1, GASA-01-A2, GASA-01-B en GASA-01-C", "time": "2025-08-20T12:02:00+02:00", "count_line": 212, "location": "IJBoulevard", "count_area": 798.0, "countline_length": 20, "density": 0.55816242072092492, "flow": 10.6, "LoS": "LoS B" }, "geometry": { "type": "Polygon", "coordinates": [ [ [ 121836.295989167396328, 488195.689035499177407 ], [ 121857.685674072490656, 488180.149520824546926 ], [ 121832.273997133961529, 488133.896612440003082 ], [ 121807.776409293946926, 488147.242313278256916 ], [ 121836.478806987099233, 488192.763950383930933 ], [ 121836.295989167396328, 488195.689035499177407 ] ] ] } },
{ "type": "Feature", "properties": { "sensor": "GASA-01-A1, GASA-01-A2, GASA-01-B en GASA-01-C", "time": "2025-08-20T12:04:00+02:00", "count_line": 198, "location": "IJBoulevard", "count_area": 723.0, "countline_length": 20, "density": 0.50570354659301853, "flow": 9.9, "LoS": "LoS B" }, "geometry": { "type": "Polygon", "coordinates": [ [ [ 121836.295989167396328, 488195.689035499177407 ], [ 121857.685674072490656, 488180.149520824546926 ], [ 121832.273997133961529, 488133.896612440003082 ], [ 121807.776409293946926, 488147.242313278256916 ], [ 121836.478806987099233, 488192.763950383930933 ], [ 121836.295989167396328, 488195.689035499177407 ] ] ] } },
{ "type": "Feature", "properties": { "sensor": "GASA-01-A1, GASA-01-A2, GASA-01-B en GASA-01-C", "time": "2025-08-20T12:06:00+02:00", "count_line": 288, "location": "IJBoulevard", "count_area": 1031.0, "countline_length": 20, "density": 0.72113465634495444, "flow": 14.4, "LoS": "LoS C" }, "geometry": { "type": "Polygon", "coordinates": [ [ [ 121836.295989167396328, 488195.689035499177407 ], [ 121857.685674072490656, 488180.149520824546926 ], [ 121832.273997133961529, 488133.896612440003082 ], [ 121807.776409293946926, 488147.242313278256916 ], [ 121836.478806987099233, 488192.763950383930933 ], [ 121836.295989167396328, 488195.689035499177407 ] ] ] } },
{ "type": "Feature", "properties": { "sensor": "GASA-01-A1, GASA-01-A2, GASA-01-B en GASA-01-C", "time": "2025-08-20T12:08:00+02:00", "count_line": 216, "location": "IJBoulevard", "count_area": 756.0, "countline_length": 20, "density": 0.52878545120929732, "flow": 10.8, "LoS": "LoS B" }, "geometry": { "type": "Polygon", "coordinates": [ [ [ 121836.295989167396328, 488195.689035499177407 ], [ 121857.685674072490656, 488180.149520824546926 ], [ 121832.273997133961529, 488133.896612440003082 ], [ 121807.776409293946926, 488147.242313278256916 ], [ 121836.478806987099233, 488192.763950383930933 ], [ 121836.295989167396328, 488195.689035499177407 ] ] ] } },
{ "type": "Feature", "properties": { "sensor": "GASA-01-A1, GASA-01-A2, GASA-01-B en GASA-01-C", "time": "2025-08-20T12:10:00+02:00", "count_line": 206, "location": "IJBoulevard", "count_area": 802.0, "countline_length": 20, "density": 0.56096022734107998, "flow": 10.3, "LoS": "LoS B" }, "geometry": { "type": "Polygon", "coordinates": [ [ [ 121836.295989167396328, 488195.689035499177407 ], [ 121857.685674072490656, 488180.149520824546926 ], [ 121832.273997133961529, 488133.896612440003082 ], [ 121807.776409293946926, 488147.242313278256916 ], [ 121836.478806987099233, 488192.763950383930933 ], [ 121836.295989167396328, 488195.689035499177407 ] ] ] } },
{ "type": "Feature", "properties": { "sensor": "GASA-01-A1, GASA-01-A2, GASA-01-B en GASA-01-C", "time": "2025-08-20T12:12:00+02:00", "count_line": 232, "location": "IJBoulevard", "count_area": 826.0, "countline_length": 20, "density": 0.57774706706201007, "flow": 11.6, "LoS": "LoS B" }, "geometry": { "type": "Polygon", "coordinates": [ [ [ 121836.295989167396328, 488195.689035499177407 ], [ 121857.685674072490656, 488180.149520824546926 ], [ 121832.273997133961529, 488133.896612440003082 ], [ 121807.776409293946926, 488147.242313278256916 ], [ 121836.478806987099233, 488192.763950383930933 ], [ 121836.295989167396328, 488195.689035499177407 ] ] ] } },
{ "type": "Feature", "properties": { "sensor": "GASA-01-A1, GASA-01-A2, GASA-01-B en GASA-01-C", "time": "2025-08-20T12:14:00+02:00", "count_line": 234, "location": "IJBoulevard", "count_area": 740.0, "countline_length": 20, "density": 0.51759422472867733, "flow": 11.7, "LoS": "LoS B" }, "geometry": { "type": "Polygon", "coordinates": [ [ [ 121836.295989167396328, 488195.689035499177407 ], [ 121857.685674072490656, 488180.149520824546926 ], [ 121832.273997133961529, 488133.896612440003082 ], [ 121807.776409293946926, 488147.242313278256916 ], [ 121836.478806987099233, 488192.763950383930933 ], [ 121836.295989167396328, 488195.689035499177407 ] ] ] } },
{ "type": "Feature", "properties": { "sensor": "GASA-01-A1, GASA-01-A2, GASA-01-B en GASA-01-C", "time": "2025-08-20T12:15:00+02:00", "count_line": 2, "location": "IJBoulevard", "count_area": 7.0, "countline_length": 20, "density": 0.0048961615852712711, "flow": 0.1, "LoS": "LoS A" }, "geometry": { "type": "Polygon", "coordinates": [ [ [ 121836.295989167396328, 488195.689035499177407 ], [ 121857.685674072490656, 488180.149520824546926 ], [ 121832.273997133961529, 488133.896612440003082 ], [ 121807.776409293946926, 488147.242313278256916 ], [ 121836.478806987099233, 488192.763950383930933 ], [ 121836.295989167396328, 488195.689035499177407 ] ] ] } },
{ "type": "Feature", "properties": { "sensor": "GASA-01-A1, GASA-01-A2, GASA-01-B en GASA-01-C", "time": "2025-08-20T12:16:00+02:00", "count_line": 240, "location": "IJBoulevard", "count_area": 739.0, "countline_length": 20, "density": 0.51689477307363851, "flow": 12.0, "LoS": "LoS B" }, "geometry": { "type": "Polygon", "coordinates": [ [ [ 121836.295989167396328, 488195.689035499177407 ], [ 121857.685674072490656, 488180.149520824546926 ], [ 121832.273997133961529, 488133.896612440003082 ], [ 121807.776409293946926, 488147.242313278256916 ], [ 121836.478806987099233, 488192.763950383930933 ], [ 121836.295989167396328, 488195.689035499177407 ] ] ] } },
{ "type": "Feature", "properties": { "sensor": "GASA-01-A1, GASA-01-A2, GASA-01-B en GASA-01-C", "time": "2025-08-20T12:18:00+02:00", "count_line": 220, "location": "IJBoulevard", "count_area": 701.0, "countline_length": 20, "density": 0.49031561018216591, "flow": 11.0, "LoS": "LoS B" }, "geometry": { "type": "Polygon", "coordinates": [ [ [ 121836.295989167396328, 488195.689035499177407 ], [ 121857.685674072490656, 488180.149520824546926 ], [ 121832.273997133961529, 488133.896612440003082 ], [ 121807.776409293946926, 488147.242313278256916 ], [ 121836.478806987099233, 488192.763950383930933 ], [ 121836.295989167396328, 488195.689035499177407 ] ] ] } },
{ "type": "Feature", "properties": { "sensor": "GASA-01-A1, GASA-01-A2, GASA-01-B en GASA-01-C", "time": "2025-08-20T12:20:00+02:00", "count_line": 218, "location": "IJBoulevard", "count_area": 731.0, "countline_length": 20, "density": 0.51129915983332852, "flow": 10.9, "LoS": "LoS B" }, "geometry": { "type": "Polygon", "coordinates": [ [ [ 121836.295989167396328, 488195.689035499177407 ], [ 121857.685674072490656, 488180.149520824546926 ], [ 121832.273997133961529, 488133.896612440003082 ], [ 121807.776409293946926, 488147.242313278256916 ], [ 121836.478806987099233, 488192.763950383930933 ], [ 121836.295989167396328, 488195.689035499177407 ] ] ] } },
{ "type": "Feature", "properties": { "sensor": "GASA-01-A1, GASA-01-A2, GASA-01-B en GASA-01-C", "time": "2025-08-20T12:21:00+02:00", "count_line": 2, "location": "IJBoulevard", "count_area": 6.0, "countline_length": 20, "density": 0.0041967099302325185, "flow": 0.1, "LoS": "LoS A" }, "geometry": { "type": "Polygon", "coordinates": [ [ [ 121836.295989167396328, 488195.689035499177407 ], [ 121857.685674072490656, 488180.149520824546926 ], [ 121832.273997133961529, 488133.896612440003082 ], [ 121807.776409293946926, 488147.242313278256916 ], [ 121836.478806987099233, 488192.763950383930933 ], [ 121836.295989167396328, 488195.689035499177407 ] ] ] } },
{ "type": "Feature", "properties": { "sensor": "GASA-01-A1, GASA-01-A2, GASA-01-B en GASA-01-C", "time": "2025-08-20T12:22:00+02:00", "count_line": 332, "location": "IJBoulevard", "count_area": 1275.0, "countline_length": 20, "density": 0.89180086017441018, "flow": 16.6, "LoS": "LoS C" }, "geometry": { "type": "Polygon", "coordinates": [ [ [ 121836.295989167396328, 488195.689035499177407 ], [ 121857.685674072490656, 488180.149520824546926 ], [ 121832.273997133961529, 488133.896612440003082 ], [ 121807.776409293946926, 488147.242313278256916 ], [ 121836.478806987099233, 488192.763950383930933 ], [ 121836.295989167396328, 488195.689035499177407 ] ] ] } },
{ "type": "Feature", "properties": { "sensor": "GASA-01-A1, GASA-01-A2, GASA-01-B en GASA-01-C", "time": "2025-08-20T12:24:00+02:00", "count_line": 234, "location": "IJBoulevard", "count_area": 766.0, "countline_length": 20, "density": 0.53577996775968484, "flow": 11.7, "LoS": "LoS B" }, "geometry": { "type": "Polygon", "coordinates": [ [ [ 121836.295989167396328, 488195.689035499177407 ], [ 121857.685674072490656, 488180.149520824546926 ], [ 121832.273997133961529, 488133.896612440003082 ], [ 121807.776409293946926, 488147.242313278256916 ], [ 121836.478806987099233, 488192.763950383930933 ], [ 121836.295989167396328, 488195.689035499177407 ] ] ] } },
{ "type": "Feature", "properties": { "sensor": "GASA-01-A1, GASA-01-A2, GASA-01-B en GASA-01-C", "time": "2025-08-20T12:26:00+02:00", "count_line": 202, "location": "IJBoulevard", "count_area": 610.0, "countline_length": 20, "density": 0.42666550957363936, "flow": 10.1, "LoS": "LoS B" }, "geometry": { "type": "Polygon", "coordinates": [ [ [ 121836.295989167396328, 488195.689035499177407 ], [ 121857.685674072490656, 488180.149520824546926 ], [ 121832.273997133961529, 488133.896612440003082 ], [ 121807.776409293946926, 488147.242313278256916 ], [ 121836.478806987099233, 488192.763950383930933 ], [ 121836.295989167396328, 488195.689035499177407 ] ] ] } },
{ "type": "Feature", "properties": { "sensor": "GASA-01-A1, GASA-01-A2, GASA-01-B en GASA-01-C", "time": "2025-08-20T12:28:00+02:00", "count_line": 286, "location": "IJBoulevard", "count_area": 1022.0, "countline_length": 20, "density": 0.71483959144960563, "flow": 14.3, "LoS": "LoS C" }, "geometry": { "type": "Polygon", "coordinates": [ [ [ 121836.295989167396328, 488195.689035499177407 ], [ 121857.685674072490656, 488180.149520824546926 ], [ 121832.273997133961529, 488133.896612440003082 ], [ 121807.776409293946926, 488147.242313278256916 ], [ 121836.478806987099233, 488192.763950383930933 ], [ 121836.295989167396328, 488195.689035499177407 ] ] ] } },
{ "type": "Feature", "properties": { "sensor": "GASA-01-A1, GASA-01-A2, GASA-01-B en GASA-01-C", "time": "2025-08-20T12:30:00+02:00", "count_line": 268, "location": "IJBoulevard", "count_area": 1022.0, "countline_length": 20, "density": 0.71483959144960563, "flow": 13.4, "LoS": "LoS C" }, "geometry": { "type": "Polygon", "coordinates": [ [ [ 121836.295989167396328, 488195.689035499177407 ], [ 121857.685674072490656, 488180.149520824546926 ], [ 121832.273997133961529, 488133.896612440003082 ], [ 121807.776409293946926, 488147.242313278256916 ], [ 121836.478806987099233, 488192.763950383930933 ], [ 121836.295989167396328, 488195.689035499177407 ] ] ] } },
{ "type": "Feature", "properties": { "sensor": "GASA-01-A1, GASA-01-A2, GASA-01-B en GASA-01-C", "time": "2025-08-20T12:32:00+02:00", "count_line": 204, "location": "IJBoulevard", "count_area": 813.0, "countline_length": 20, "density": 0.5686541955465062, "flow": 10.2, "LoS": "LoS B" }, "geometry": { "type": "Polygon", "coordinates": [ [ [ 121836.295989167396328, 488195.689035499177407 ], [ 121857.685674072490656, 488180.149520824546926 ], [ 121832.273997133961529, 488133.896612440003082 ], [ 121807.776409293946926, 488147.242313278256916 ], [ 121836.478806987099233, 488192.763950383930933 ], [ 121836.295989167396328, 488195.689035499177407 ] ] ] } },
{ "type": "Feature", "properties": { "sensor": "GASA-01-A1, GASA-01-A2, GASA-01-B en GASA-01-C", "time": "2025-08-20T12:34:00+02:00", "count_line": 260, "location": "IJBoulevard", "count_area": 843.0, "countline_length": 20, "density": 0.58963774519766887, "flow": 13.0, "LoS": "LoS B" }, "geometry": { "type": "Polygon", "coordinates": [ [ [ 121836.295989167396328, 488195.689035499177407 ], [ 121857.685674072490656, 488180.149520824546926 ], [ 121832.273997133961529, 488133.896612440003082 ], [ 121807.776409293946926, 488147.242313278256916 ], [ 121836.478806987099233, 488192.763950383930933 ], [ 121836.295989167396328, 488195.689035499177407 ] ] ] } },
{ "type": "Feature", "properties": { "sensor": "GASA-01-A1, GASA-01-A2, GASA-01-B en GASA-01-C", "time": "2025-08-20T12:36:00+02:00", "count_line": 186, "location": "IJBoulevard", "count_area": 692.0, "countline_length": 20, "density": 0.48402054528681715, "flow": 9.3, "LoS": "LoS B" }, "geometry": { "type": "Polygon", "coordinates": [ [ [ 121836.295989167396328, 488195.689035499177407 ], [ 121857.685674072490656, 488180.149520824546926 ], [ 121832.273997133961529, 488133.896612440003082 ], [ 121807.776409293946926, 488147.242313278256916 ], [ 121836.478806987099233, 488192.763950383930933 ], [ 121836.295989167396328, 488195.689035499177407 ] ] ] } },
{ "type": "Feature", "properties": { "sensor": "GASA-01-A1, GASA-01-A2, GASA-01-B en GASA-01-C", "time": "2025-08-20T12:38:00+02:00", "count_line": 242, "location": "IJBoulevard", "count_area": 889.0, "countline_length": 20, "density": 0.62181252132945153, "flow": 12.1, "LoS": "LoS B" }, "geometry": { "type": "Polygon", "coordinates": [ [ [ 121836.295989167396328, 488195.689035499177407 ], [ 121857.685674072490656, 488180.149520824546926 ], [ 121832.273997133961529, 488133.896612440003082 ], [ 121807.776409293946926, 488147.242313278256916 ], [ 121836.478806987099233, 488192.763950383930933 ], [ 121836.295989167396328, 488195.689035499177407 ] ] ] } },
{ "type": "Feature", "properties": { "sensor": "GASA-01-A1, GASA-01-A2, GASA-01-B en GASA-01-C", "time": "2025-08-20T12:40:00+02:00", "count_line": 232, "location": "IJBoulevard", "count_area": 735.0, "countline_length": 20, "density": 0.51409696645348346, "flow": 11.6, "LoS": "LoS B" }, "geometry": { "type": "Polygon", "coordinates": [ [ [ 121836.295989167396328, 488195.689035499177407 ], [ 121857.685674072490656, 488180.149520824546926 ], [ 121832.273997133961529, 488133.896612440003082 ], [ 121807.776409293946926, 488147.242313278256916 ], [ 121836.478806987099233, 488192.763950383930933 ], [ 121836.295989167396328, 488195.689035499177407 ] ] ] } },
{ "type": "Feature", "properties": { "sensor": "GASA-01-A1, GASA-01-A2, GASA-01-B en GASA-01-C", "time": "2025-08-20T12:42:00+02:00", "count_line": 192, "location": "IJBoulevard", "count_area": 642.0, "countline_length": 20, "density": 0.4490479625348795, "flow": 9.6, "LoS": "LoS B" }, "geometry": { "type": "Polygon", "coordinates": [ [ [ 121836.295989167396328, 488195.689035499177407 ], [ 121857.685674072490656, 488180.149520824546926 ], [ 121832.273997133961529, 488133.896612440003082 ], [ 121807.776409293946926, 488147.242313278256916 ], [ 121836.478806987099233, 488192.763950383930933 ], [ 121836.295989167396328, 488195.689035499177407 ] ] ] } },
{ "type": "Feature", "properties": { "sensor": "GASA-01-A1, GASA-01-A2, GASA-01-B en GASA-01-C", "time": "2025-08-20T12:44:00+02:00", "count_line": 184, "location": "IJBoulevard", "count_area": 585.0, "countline_length": 20, "density": 0.40917921819767056, "flow": 9.2, "LoS": "LoS B" }, "geometry": { "type": "Polygon", "coordinates": [ [ [ 121836.295989167396328, 488195.689035499177407 ], [ 121857.685674072490656, 488180.149520824546926 ], [ 121832.273997133961529, 488133.896612440003082 ], [ 121807.776409293946926, 488147.242313278256916 ], [ 121836.478806987099233, 488192.763950383930933 ], [ 121836.295989167396328, 488195.689035499177407 ] ] ] } },
{ "type": "Feature", "properties": { "sensor": "GASA-01-A1, GASA-01-A2, GASA-01-B en GASA-01-C", "time": "2025-08-20T12:45:00+02:00", "count_line": 4, "location": "IJBoulevard", "count_area": 15.0, "countline_length": 20, "density": 0.010491774825581297, "flow": 0.2, "LoS": "LoS A" }, "geometry": { "type": "Polygon", "coordinates": [ [ [ 121836.295989167396328, 488195.689035499177407 ], [ 121857.685674072490656, 488180.149520824546926 ], [ 121832.273997133961529, 488133.896612440003082 ], [ 121807.776409293946926, 488147.242313278256916 ], [ 121836.478806987099233, 488192.763950383930933 ], [ 121836.295989167396328, 488195.689035499177407 ] ] ] } },
{ "type": "Feature", "properties": { "sensor": "GASA-01-A1, GASA-01-A2, GASA-01-B en GASA-01-C", "time": "2025-08-20T12:46:00+02:00", "count_line": 234, "location": "IJBoulevard", "count_area": 826.0, "countline_length": 20, "density": 0.57774706706201007, "flow": 11.7, "LoS": "LoS B" }, "geometry": { "type": "Polygon", "coordinates": [ [ [ 121836.295989167396328, 488195.689035499177407 ], [ 121857.685674072490656, 488180.149520824546926 ], [ 121832.273997133961529, 488133.896612440003082 ], [ 121807.776409293946926, 488147.242313278256916 ], [ 121836.478806987099233, 488192.763950383930933 ], [ 121836.295989167396328, 488195.689035499177407 ] ] ] } },
{ "type": "Feature", "properties": { "sensor": "GASA-01-A1, GASA-01-A2, GASA-01-B en GASA-01-C", "time": "2025-08-20T12:48:00+02:00", "count_line": 260, "location": "IJBoulevard", "count_area": 924.0, "countline_length": 20, "density": 0.64629332925580785, "flow": 13.0, "LoS": "LoS B" }, "geometry": { "type": "Polygon", "coordinates": [ [ [ 121836.295989167396328, 488195.689035499177407 ], [ 121857.685674072490656, 488180.149520824546926 ], [ 121832.273997133961529, 488133.896612440003082 ], [ 121807.776409293946926, 488147.242313278256916 ], [ 121836.478806987099233, 488192.763950383930933 ], [ 121836.295989167396328, 488195.689035499177407 ] ] ] } },
{ "type": "Feature", "properties": { "sensor": "GASA-01-A1, GASA-01-A2, GASA-01-B en GASA-01-C", "time": "2025-08-20T12:49:00+02:00", "count_line": 0, "location": "IJBoulevard", "count_area": 0.0, "countline_length": 20, "density": 0.0, "flow": 0.0, "LoS": "LoS A" }, "geometry": { "type": "Polygon", "coordinates": [ [ [ 121836.295989167396328, 488195.689035499177407 ], [ 121857.685674072490656, 488180.149520824546926 ], [ 121832.273997133961529, 488133.896612440003082 ], [ 121807.776409293946926, 488147.242313278256916 ], [ 121836.478806987099233, 488192.763950383930933 ], [ 121836.295989167396328, 488195.689035499177407 ] ] ] } },
{ "type": "Feature", "properties": { "sensor": "GASA-01-A1, GASA-01-A2, GASA-01-B en GASA-01-C", "time": "2025-08-20T12:50:00+02:00", "count_line": 236, "location": "IJBoulevard", "count_area": 893.0, "countline_length": 20, "density": 0.62461032794960647, "flow": 11.8, "LoS": "LoS B" }, "geometry": { "type": "Polygon", "coordinates": [ [ [ 121836.295989167396328, 488195.689035499177407 ], [ 121857.685674072490656, 488180.149520824546926 ], [ 121832.273997133961529, 488133.896612440003082 ], [ 121807.776409293946926, 488147.242313278256916 ], [ 121836.478806987099233, 488192.763950383930933 ], [ 121836.295989167396328, 488195.689035499177407 ] ] ] } },
{ "type": "Feature", "properties": { "sensor": "GASA-01-A1, GASA-01-A2, GASA-01-B en GASA-01-C", "time": "2025-08-20T12:52:00+02:00", "count_line": 206, "location": "IJBoulevard", "count_area": 815.0, "countline_length": 20, "density": 0.57005309885658373, "flow": 10.3, "LoS": "LoS B" }, "geometry": { "type": "Polygon", "coordinates": [ [ [ 121836.295989167396328, 488195.689035499177407 ], [ 121857.685674072490656, 488180.149520824546926 ], [ 121832.273997133961529, 488133.896612440003082 ], [ 121807.776409293946926, 488147.242313278256916 ], [ 121836.478806987099233, 488192.763950383930933 ], [ 121836.295989167396328, 488195.689035499177407 ] ] ] } },
{ "type": "Feature", "properties": { "sensor": "GASA-01-A1, GASA-01-A2, GASA-01-B en GASA-01-C", "time": "2025-08-20T12:54:00+02:00", "count_line": 99, "location": "IJBoulevard", "count_area": 309.0, "countline_length": 20, "density": 0.2161305614069747, "flow": 4.95, "LoS": "LoS A" }, "geometry": { "type": "Polygon", "coordinates": [ [ [ 121836.295989167396328, 488195.689035499177407 ], [ 121857.685674072490656, 488180.149520824546926 ], [ 121832.273997133961529, 488133.896612440003082 ], [ 121807.776409293946926, 488147.242313278256916 ], [ 121836.478806987099233, 488192.763950383930933 ], [ 121836.295989167396328, 488195.689035499177407 ] ] ] } },
{ "type": "Feature", "properties": { "sensor": "GASA-01-A1, GASA-01-A2, GASA-01-B en GASA-01-C", "time": "2025-08-20T12:55:00+02:00", "count_line": 20, "location": "IJBoulevard", "count_area": 74.0, "countline_length": 20, "density": 0.05175942247286773, "flow": 1.0, "LoS": "LoS A" }, "geometry": { "type": "Polygon", "coordinates": [ [ [ 121836.295989167396328, 488195.689035499177407 ], [ 121857.685674072490656, 488180.149520824546926 ], [ 121832.273997133961529, 488133.896612440003082 ], [ 121807.776409293946926, 488147.242313278256916 ], [ 121836.478806987099233, 488192.763950383930933 ], [ 121836.295989167396328, 488195.689035499177407 ] ] ] } },
{ "type": "Feature", "properties": { "sensor": "GASA-01-A1, GASA-01-A2, GASA-01-B en GASA-01-C", "time": "2025-08-20T12:56:00+02:00", "count_line": 120, "location": "IJBoulevard", "count_area": 433.0, "countline_length": 20, "density": 0.30286256663178007, "flow": 6.0, "LoS": "LoS B" }, "geometry": { "type": "Polygon", "coordinates": [ [ [ 121836.295989167396328, 488195.689035499177407 ], [ 121857.685674072490656, 488180.149520824546926 ], [ 121832.273997133961529, 488133.896612440003082 ], [ 121807.776409293946926, 488147.242313278256916 ], [ 121836.478806987099233, 488192.763950383930933 ], [ 121836.295989167396328, 488195.689035499177407 ] ] ] } },
{ "type": "Feature", "properties": { "sensor": "GASA-01-A1, GASA-01-A2, GASA-01-B en GASA-01-C", "time": "2025-08-20T12:58:00+02:00", "count_line": 186, "location": "IJBoulevard", "count_area": 686.0, "countline_length": 20, "density": 0.47982383535658463, "flow": 9.3, "LoS": "LoS B" }, "geometry": { "type": "Polygon", "coordinates": [ [ [ 121836.295989167396328, 488195.689035499177407 ], [ 121857.685674072490656, 488180.149520824546926 ], [ 121832.273997133961529, 488133.896612440003082 ], [ 121807.776409293946926, 488147.242313278256916 ], [ 121836.478806987099233, 488192.763950383930933 ], [ 121836.295989167396328, 488195.689035499177407 ] ] ] } },
{ "type": "Feature", "properties": { "sensor": "GASA-01-A1, GASA-01-A2, GASA-01-B en GASA-01-C", "time": "2025-08-20T12:59:00+02:00", "count_line": 4, "location": "IJBoulevard", "count_area": 13.0, "countline_length": 20, "density": 0.0090928715155037896, "flow": 0.2, "LoS": "LoS A" }, "geometry": { "type": "Polygon", "coordinates": [ [ [ 121836.295989167396328, 488195.689035499177407 ], [ 121857.685674072490656, 488180.149520824546926 ], [ 121832.273997133961529, 488133.896612440003082 ], [ 121807.776409293946926, 488147.242313278256916 ], [ 121836.478806987099233, 488192.763950383930933 ], [ 121836.295989167396328, 488195.689035499177407 ] ] ] } },
{ "type": "Feature", "properties": { "sensor": "GASA-01-A1, GASA-01-A2, GASA-01-B en GASA-01-C", "time": "2025-08-20T13:00:00+02:00", "count_line": 222, "location": "IJBoulevard", "count_area": 860.0, "countline_length": 20, "density": 0.60152842333332768, "flow": 11.1, "LoS": "LoS B" }, "geometry": { "type": "Polygon", "coordinates": [ [ [ 121836.295989167396328, 488195.689035499177407 ], [ 121857.685674072490656, 488180.149520824546926 ], [ 121832.273997133961529, 488133.896612440003082 ], [ 121807.776409293946926, 488147.242313278256916 ], [ 121836.478806987099233, 488192.763950383930933 ], [ 121836.295989167396328, 488195.689035499177407 ] ] ] } },
{ "type": "Feature", "properties": { "sensor": "GASA-01-A1, GASA-01-A2, GASA-01-B en GASA-01-C", "time": "2025-08-20T13:02:00+02:00", "count_line": 232, "location": "IJBoulevard", "count_area": 923.0, "countline_length": 20, "density": 0.64559387760076914, "flow": 11.6, "LoS": "LoS B" }, "geometry": { "type": "Polygon", "coordinates": [ [ [ 121836.295989167396328, 488195.689035499177407 ], [ 121857.685674072490656, 488180.149520824546926 ], [ 121832.273997133961529, 488133.896612440003082 ], [ 121807.776409293946926, 488147.242313278256916 ], [ 121836.478806987099233, 488192.763950383930933 ], [ 121836.295989167396328, 488195.689035499177407 ] ] ] } },
{ "type": "Feature", "properties": { "sensor": "GASA-01-A1, GASA-01-A2, GASA-01-B en GASA-01-C", "time": "2025-08-20T13:04:00+02:00", "count_line": 114, "location": "IJBoulevard", "count_area": 351.0, "countline_length": 20, "density": 0.24550753091860233, "flow": 5.7, "LoS": "LoS A" }, "geometry": { "type": "Polygon", "coordinates": [ [ [ 121836.295989167396328, 488195.689035499177407 ], [ 121857.685674072490656, 488180.149520824546926 ], [ 121832.273997133961529, 488133.896612440003082 ], [ 121807.776409293946926, 488147.242313278256916 ], [ 121836.478806987099233, 488192.763950383930933 ], [ 121836.295989167396328, 488195.689035499177407 ] ] ] } },
{ "type": "Feature", "properties": { "sensor": "GASA-01-A1, GASA-01-A2, GASA-01-B en GASA-01-C", "time": "2025-08-20T13:06:00+02:00", "count_line": 302, "location": "IJBoulevard", "count_area": 973.0, "countline_length": 20, "density": 0.68056646035270674, "flow": 15.1, "LoS": "LoS B" }, "geometry": { "type": "Polygon", "coordinates": [ [ [ 121836.295989167396328, 488195.689035499177407 ], [ 121857.685674072490656, 488180.149520824546926 ], [ 121832.273997133961529, 488133.896612440003082 ], [ 121807.776409293946926, 488147.242313278256916 ], [ 121836.478806987099233, 488192.763950383930933 ], [ 121836.295989167396328, 488195.689035499177407 ] ] ] } },
{ "type": "Feature", "properties": { "sensor": "GASA-01-A1, GASA-01-A2, GASA-01-B en GASA-01-C", "time": "2025-08-20T13:08:00+02:00", "count_line": 248, "location": "IJBoulevard", "count_area": 934.0, "countline_length": 20, "density": 0.65328784580619537, "flow": 12.4, "LoS": "LoS B" }, "geometry": { "type": "Polygon", "coordinates": [ [ [ 121836.295989167396328, 488195.689035499177407 ], [ 121857.685674072490656, 488180.149520824546926 ], [ 121832.273997133961529, 488133.896612440003082 ], [ 121807.776409293946926, 488147.242313278256916 ], [ 121836.478806987099233, 488192.763950383930933 ], [ 121836.295989167396328, 488195.689035499177407 ] ] ] } },
{ "type": "Feature", "properties": { "sensor": "GASA-01-A1, GASA-01-A2, GASA-01-B en GASA-01-C", "time": "2025-08-20T13:10:00+02:00", "count_line": 244, "location": "IJBoulevard", "count_area": 820.0, "countline_length": 20, "density": 0.57355035713177749, "flow": 12.2, "LoS": "LoS B" }, "geometry": { "type": "Polygon", "coordinates": [ [ [ 121836.295989167396328, 488195.689035499177407 ], [ 121857.685674072490656, 488180.149520824546926 ], [ 121832.273997133961529, 488133.896612440003082 ], [ 121807.776409293946926, 488147.242313278256916 ], [ 121836.478806987099233, 488192.763950383930933 ], [ 121836.295989167396328, 488195.689035499177407 ] ] ] } },
{ "type": "Feature", "properties": { "sensor": "GASA-01-A1, GASA-01-A2, GASA-01-B en GASA-01-C", "time": "2025-08-20T13:12:00+02:00", "count_line": 256, "location": "IJBoulevard", "count_area": 848.0, "countline_length": 20, "density": 0.59313500347286263, "flow": 12.8, "LoS": "LoS B" }, "geometry": { "type": "Polygon", "coordinates": [ [ [ 121836.295989167396328, 488195.689035499177407 ], [ 121857.685674072490656, 488180.149520824546926 ], [ 121832.273997133961529, 488133.896612440003082 ], [ 121807.776409293946926, 488147.242313278256916 ], [ 121836.478806987099233, 488192.763950383930933 ], [ 121836.295989167396328, 488195.689035499177407 ] ] ] } },
{ "type": "Feature", "properties": { "sensor": "GASA-01-A1, GASA-01-A2, GASA-01-B en GASA-01-C", "time": "2025-08-20T13:13:00+02:00", "count_line": 14, "location": "IJBoulevard", "count_area": 43.0, "countline_length": 20, "density": 0.030076421166666381, "flow": 0.7, "LoS": "LoS A" }, "geometry": { "type": "Polygon", "coordinates": [ [ [ 121836.295989167396328, 488195.689035499177407 ], [ 121857.685674072490656, 488180.149520824546926 ], [ 121832.273997133961529, 488133.896612440003082 ], [ 121807.776409293946926, 488147.242313278256916 ], [ 121836.478806987099233, 488192.763950383930933 ], [ 121836.295989167396328, 488195.689035499177407 ] ] ] } },
{ "type": "Feature", "properties": { "sensor": "GASA-01-A1, GASA-01-A2, GASA-01-B en GASA-01-C", "time": "2025-08-20T13:14:00+02:00", "count_line": 77, "location": "IJBoulevard", "count_area": 277.0, "countline_length": 20, "density": 0.19374810844573459, "flow": 3.85, "LoS": "LoS A" }, "geometry": { "type": "Polygon", "coordinates": [ [ [ 121836.295989167396328, 488195.689035499177407 ], [ 121857.685674072490656, 488180.149520824546926 ], [ 121832.273997133961529, 488133.896612440003082 ], [ 121807.776409293946926, 488147.242313278256916 ], [ 121836.478806987099233, 488192.763950383930933 ], [ 121836.295989167396328, 488195.689035499177407 ] ] ] } },
{ "type": "Feature", "properties": { "sensor": "GASA-01-A1, GASA-01-A2, GASA-01-B en GASA-01-C", "time": "2025-08-20T13:15:00+02:00", "count_line": 52, "location": "IJBoulevard", "count_area": 193.0, "countline_length": 20, "density": 0.13499416942247935, "flow": 2.6, "LoS": "LoS A" }, "geometry": { "type": "Polygon", "coordinates": [ [ [ 121836.295989167396328, 488195.689035499177407 ], [ 121857.685674072490656, 488180.149520824546926 ], [ 121832.273997133961529, 488133.896612440003082 ], [ 121807.776409293946926, 488147.242313278256916 ], [ 121836.478806987099233, 488192.763950383930933 ], [ 121836.295989167396328, 488195.689035499177407 ] ] ] } },
{ "type": "Feature", "properties": { "sensor": "GASA-01-A1, GASA-01-A2, GASA-01-B en GASA-01-C", "time": "2025-08-20T13:16:00+02:00", "count_line": 250, "location": "IJBoulevard", "count_area": 883.0, "countline_length": 20, "density": 0.61761581139921895, "flow": 12.5, "LoS": "LoS B" }, "geometry": { "type": "Polygon", "coordinates": [ [ [ 121836.295989167396328, 488195.689035499177407 ], [ 121857.685674072490656, 488180.149520824546926 ], [ 121832.273997133961529, 488133.896612440003082 ], [ 121807.776409293946926, 488147.242313278256916 ], [ 121836.478806987099233, 488192.763950383930933 ], [ 121836.295989167396328, 488195.689035499177407 ] ] ] } },
{ "type": "Feature", "properties": { "sensor": "GASA-01-A1, GASA-01-A2, GASA-01-B en GASA-01-C", "time": "2025-08-20T13:18:00+02:00", "count_line": 268, "location": "IJBoulevard", "count_area": 849.0, "countline_length": 20, "density": 0.59383445512790134, "flow": 13.4, "LoS": "LoS B" }, "geometry": { "type": "Polygon", "coordinates": [ [ [ 121836.295989167396328, 488195.689035499177407 ], [ 121857.685674072490656, 488180.149520824546926 ], [ 121832.273997133961529, 488133.896612440003082 ], [ 121807.776409293946926, 488147.242313278256916 ], [ 121836.478806987099233, 488192.763950383930933 ], [ 121836.295989167396328, 488195.689035499177407 ] ] ] } },
{ "type": "Feature", "properties": { "sensor": "GASA-01-A1, GASA-01-A2, GASA-01-B en GASA-01-C", "time": "2025-08-20T13:20:00+02:00", "count_line": 274, "location": "IJBoulevard", "count_area": 880.0, "countline_length": 20, "density": 0.61551745643410272, "flow": 13.7, "LoS": "LoS B" }, "geometry": { "type": "Polygon", "coordinates": [ [ [ 121836.295989167396328, 488195.689035499177407 ], [ 121857.685674072490656, 488180.149520824546926 ], [ 121832.273997133961529, 488133.896612440003082 ], [ 121807.776409293946926, 488147.242313278256916 ], [ 121836.478806987099233, 488192.763950383930933 ], [ 121836.295989167396328, 488195.689035499177407 ] ] ] } },
{ "type": "Feature", "properties": { "sensor": "GASA-01-A1, GASA-01-A2, GASA-01-B en GASA-01-C", "time": "2025-08-20T13:22:00+02:00", "count_line": 116, "location": "IJBoulevard", "count_area": 374.0, "countline_length": 20, "density": 0.26159491898449366, "flow": 5.8, "LoS": "LoS A" }, "geometry": { "type": "Polygon", "coordinates": [ [ [ 121836.295989167396328, 488195.689035499177407 ], [ 121857.685674072490656, 488180.149520824546926 ], [ 121832.273997133961529, 488133.896612440003082 ], [ 121807.776409293946926, 488147.242313278256916 ], [ 121836.478806987099233, 488192.763950383930933 ], [ 121836.295989167396328, 488195.689035499177407 ] ] ] } },
{ "type": "Feature", "properties": { "sensor": "GASA-01-A1, GASA-01-A2, GASA-01-B en GASA-01-C", "time": "2025-08-20T13:24:00+02:00", "count_line": 95, "location": "IJBoulevard", "count_area": 371.0, "countline_length": 20, "density": 0.25949656401937737, "flow": 4.75, "LoS": "LoS A" }, "geometry": { "type": "Polygon", "coordinates": [ [ [ 121836.295989167396328, 488195.689035499177407 ], [ 121857.685674072490656, 488180.149520824546926 ], [ 121832.273997133961529, 488133.896612440003082 ], [ 121807.776409293946926, 488147.242313278256916 ], [ 121836.478806987099233, 488192.763950383930933 ], [ 121836.295989167396328, 488195.689035499177407 ] ] ] } },
{ "type": "Feature", "properties": { "sensor": "GASA-01-A1, GASA-01-A2, GASA-01-B en GASA-01-C", "time": "2025-08-20T13:26:00+02:00", "count_line": 228, "location": "IJBoulevard", "count_area": 911.0, "countline_length": 20, "density": 0.63720045774030409, "flow": 11.4, "LoS": "LoS B" }, "geometry": { "type": "Polygon", "coordinates": [ [ [ 121836.295989167396328, 488195.689035499177407 ], [ 121857.685674072490656, 488180.149520824546926 ], [ 121832.273997133961529, 488133.896612440003082 ], [ 121807.776409293946926, 488147.242313278256916 ], [ 121836.478806987099233, 488192.763950383930933 ], [ 121836.295989167396328, 488195.689035499177407 ] ] ] } },
{ "type": "Feature", "properties": { "sensor": "GASA-01-A1, GASA-01-A2, GASA-01-B en GASA-01-C", "time": "2025-08-20T13:28:00+02:00", "count_line": 232, "location": "IJBoulevard", "count_area": 852.0, "countline_length": 20, "density": 0.59593281009301757, "flow": 11.6, "LoS": "LoS B" }, "geometry": { "type": "Polygon", "coordinates": [ [ [ 121836.295989167396328, 488195.689035499177407 ], [ 121857.685674072490656, 488180.149520824546926 ], [ 121832.273997133961529, 488133.896612440003082 ], [ 121807.776409293946926, 488147.242313278256916 ], [ 121836.478806987099233, 488192.763950383930933 ], [ 121836.295989167396328, 488195.689035499177407 ] ] ] } },
{ "type": "Feature", "properties": { "sensor": "GASA-01-A1, GASA-01-A2, GASA-01-B en GASA-01-C", "time": "2025-08-20T13:30:00+02:00", "count_line": 128, "location": "IJBoulevard", "count_area": 488.0, "countline_length": 20, "density": 0.34133240765891149, "flow": 6.4, "LoS": "LoS B" }, "geometry": { "type": "Polygon", "coordinates": [ [ [ 121836.295989167396328, 488195.689035499177407 ], [ 121857.685674072490656, 488180.149520824546926 ], [ 121832.273997133961529, 488133.896612440003082 ], [ 121807.776409293946926, 488147.242313278256916 ], [ 121836.478806987099233, 488192.763950383930933 ], [ 121836.295989167396328, 488195.689035499177407 ] ] ] } },
{ "type": "Feature", "properties": { "sensor": "GASA-01-A1, GASA-01-A2, GASA-01-B en GASA-01-C", "time": "2025-08-20T13:32:00+02:00", "count_line": 368, "location": "IJBoulevard", "count_area": 1121.0, "countline_length": 20, "density": 0.78408530529844223, "flow": 18.4, "LoS": "LoS C" }, "geometry": { "type": "Polygon", "coordinates": [ [ [ 121836.295989167396328, 488195.689035499177407 ], [ 121857.685674072490656, 488180.149520824546926 ], [ 121832.273997133961529, 488133.896612440003082 ], [ 121807.776409293946926, 488147.242313278256916 ], [ 121836.478806987099233, 488192.763950383930933 ], [ 121836.295989167396328, 488195.689035499177407 ] ] ] } },
{ "type": "Feature", "properties": { "sensor": "GASA-01-A1, GASA-01-A2, GASA-01-B en GASA-01-C", "time": "2025-08-20T13:34:00+02:00", "count_line": 130, "location": "IJBoulevard", "count_area": 445.0, "countline_length": 20, "density": 0.31125598649224512, "flow": 6.5, "LoS": "LoS B" }, "geometry": { "type": "Polygon", "coordinates": [ [ [ 121836.295989167396328, 488195.689035499177407 ], [ 121857.685674072490656, 488180.149520824546926 ], [ 121832.273997133961529, 488133.896612440003082 ], [ 121807.776409293946926, 488147.242313278256916 ], [ 121836.478806987099233, 488192.763950383930933 ], [ 121836.295989167396328, 488195.689035499177407 ] ] ] } },
{ "type": "Feature", "properties": { "sensor": "GASA-01-A1, GASA-01-A2, GASA-01-B en GASA-01-C", "time": "2025-08-20T13:36:00+02:00", "count_line": 240, "location": "IJBoulevard", "count_area": 940.0, "countline_length": 20, "density": 0.65748455573642794, "flow": 12.0, "LoS": "LoS B" }, "geometry": { "type": "Polygon", "coordinates": [ [ [ 121836.295989167396328, 488195.689035499177407 ], [ 121857.685674072490656, 488180.149520824546926 ], [ 121832.273997133961529, 488133.896612440003082 ], [ 121807.776409293946926, 488147.242313278256916 ], [ 121836.478806987099233, 488192.763950383930933 ], [ 121836.295989167396328, 488195.689035499177407 ] ] ] } },
{ "type": "Feature", "properties": { "sensor": "GASA-01-A1, GASA-01-A2, GASA-01-B en GASA-01-C", "time": "2025-08-20T13:38:00+02:00", "count_line": 224, "location": "IJBoulevard", "count_area": 674.0, "countline_length": 20, "density": 0.47143041549611958, "flow": 11.2, "LoS": "LoS B" }, "geometry": { "type": "Polygon", "coordinates": [ [ [ 121836.295989167396328, 488195.689035499177407 ], [ 121857.685674072490656, 488180.149520824546926 ], [ 121832.273997133961529, 488133.896612440003082 ], [ 121807.776409293946926, 488147.242313278256916 ], [ 121836.478806987099233, 488192.763950383930933 ], [ 121836.295989167396328, 488195.689035499177407 ] ] ] } },
{ "type": "Feature", "properties": { "sensor": "GASA-01-A1, GASA-01-A2, GASA-01-B en GASA-01-C", "time": "2025-08-20T13:40:00+02:00", "count_line": 212, "location": "IJBoulevard", "count_area": 647.0, "countline_length": 20, "density": 0.45254522081007326, "flow": 10.6, "LoS": "LoS B" }, "geometry": { "type": "Polygon", "coordinates": [ [ [ 121836.295989167396328, 488195.689035499177407 ], [ 121857.685674072490656, 488180.149520824546926 ], [ 121832.273997133961529, 488133.896612440003082 ], [ 121807.776409293946926, 488147.242313278256916 ], [ 121836.478806987099233, 488192.763950383930933 ], [ 121836.295989167396328, 488195.689035499177407 ] ] ] } },
{ "type": "Feature", "properties": { "sensor": "GASA-01-A1, GASA-01-A2, GASA-01-B en GASA-01-C", "time": "2025-08-20T13:42:00+02:00", "count_line": 274, "location": "IJBoulevard", "count_area": 1058.0, "countline_length": 20, "density": 0.74001985103100076, "flow": 13.7, "LoS": "LoS C" }, "geometry": { "type": "Polygon", "coordinates": [ [ [ 121836.295989167396328, 488195.689035499177407 ], [ 121857.685674072490656, 488180.149520824546926 ], [ 121832.273997133961529, 488133.896612440003082 ], [ 121807.776409293946926, 488147.242313278256916 ], [ 121836.478806987099233, 488192.763950383930933 ], [ 121836.295989167396328, 488195.689035499177407 ] ] ] } },
{ "type": "Feature", "properties": { "sensor": "GASA-01-A1, GASA-01-A2, GASA-01-B en GASA-01-C", "time": "2025-08-20T13:44:00+02:00", "count_line": 104, "location": "IJBoulevard", "count_area": 364.0, "countline_length": 20, "density": 0.25460040243410614, "flow": 5.2, "LoS": "LoS A" }, "geometry": { "type": "Polygon", "coordinates": [ [ [ 121836.295989167396328, 488195.689035499177407 ], [ 121857.685674072490656, 488180.149520824546926 ], [ 121832.273997133961529, 488133.896612440003082 ], [ 121807.776409293946926, 488147.242313278256916 ], [ 121836.478806987099233, 488192.763950383930933 ], [ 121836.295989167396328, 488195.689035499177407 ] ] ] } },
{ "type": "Feature", "properties": { "sensor": "GASA-01-A1, GASA-01-A2, GASA-01-B en GASA-01-C", "time": "2025-08-20T13:46:00+02:00", "count_line": 256, "location": "IJBoulevard", "count_area": 794.0, "countline_length": 20, "density": 0.55536461410076998, "flow": 12.8, "LoS": "LoS B" }, "geometry": { "type": "Polygon", "coordinates": [ [ [ 121836.295989167396328, 488195.689035499177407 ], [ 121857.685674072490656, 488180.149520824546926 ], [ 121832.273997133961529, 488133.896612440003082 ], [ 121807.776409293946926, 488147.242313278256916 ], [ 121836.478806987099233, 488192.763950383930933 ], [ 121836.295989167396328, 488195.689035499177407 ] ] ] } },
{ "type": "Feature", "properties": { "sensor": "GASA-01-A1, GASA-01-A2, GASA-01-B en GASA-01-C", "time": "2025-08-20T13:56:00+02:00", "count_line": 106, "location": "IJBoulevard", "count_area": 318.0, "countline_length": 20, "density": 0.22242562630232349, "flow": 5.3, "LoS": "LoS A" }, "geometry": { "type": "Polygon", "coordinates": [ [ [ 121836.295989167396328, 488195.689035499177407 ], [ 121857.685674072490656, 488180.149520824546926 ], [ 121832.273997133961529, 488133.896612440003082 ], [ 121807.776409293946926, 488147.242313278256916 ], [ 121836.478806987099233, 488192.763950383930933 ], [ 121836.295989167396328, 488195.689035499177407 ] ] ] } },
{ "type": "Feature", "properties": { "sensor": "GASA-01-A1, GASA-01-A2, GASA-01-B en GASA-01-C", "time": "2025-08-20T13:58:00+02:00", "count_line": 106, "location": "IJBoulevard", "count_area": 327.0, "countline_length": 20, "density": 0.22872069119767224, "flow": 5.3, "LoS": "LoS A" }, "geometry": { "type": "Polygon", "coordinates": [ [ [ 121836.295989167396328, 488195.689035499177407 ], [ 121857.685674072490656, 488180.149520824546926 ], [ 121832.273997133961529, 488133.896612440003082 ], [ 121807.776409293946926, 488147.242313278256916 ], [ 121836.478806987099233, 488192.763950383930933 ], [ 121836.295989167396328, 488195.689035499177407 ] ] ] } },
{ "type": "Feature", "properties": { "sensor": "GASA-01-A1, GASA-01-A2, GASA-01-B en GASA-01-C", "time": "2025-08-20T14:00:00+02:00", "count_line": 174, "location": "IJBoulevard", "count_area": 562.0, "countline_length": 20, "density": 0.39309183013177923, "flow": 8.7, "LoS": "LoS B" }, "geometry": { "type": "Polygon", "coordinates": [ [ [ 121836.295989167396328, 488195.689035499177407 ], [ 121857.685674072490656, 488180.149520824546926 ], [ 121832.273997133961529, 488133.896612440003082 ], [ 121807.776409293946926, 488147.242313278256916 ], [ 121836.478806987099233, 488192.763950383930933 ], [ 121836.295989167396328, 488195.689035499177407 ] ] ] } },
{ "type": "Feature", "properties": { "sensor": "GASA-01-A1, GASA-01-A2, GASA-01-B en GASA-01-C", "time": "2025-08-20T14:01:00+02:00", "count_line": 128, "location": "IJBoulevard", "count_area": 485.0, "countline_length": 20, "density": 0.33923405269379525, "flow": 6.4, "LoS": "LoS B" }, "geometry": { "type": "Polygon", "coordinates": [ [ [ 121836.295989167396328, 488195.689035499177407 ], [ 121857.685674072490656, 488180.149520824546926 ], [ 121832.273997133961529, 488133.896612440003082 ], [ 121807.776409293946926, 488147.242313278256916 ], [ 121836.478806987099233, 488192.763950383930933 ], [ 121836.295989167396328, 488195.689035499177407 ] ] ] } },
{ "type": "Feature", "properties": { "sensor": "GASA-01-A1, GASA-01-A2, GASA-01-B en GASA-01-C", "time": "2025-08-20T14:02:00+02:00", "count_line": 103, "location": "IJBoulevard", "count_area": 311.0, "countline_length": 20, "density": 0.2175294647170522, "flow": 5.15, "LoS": "LoS A" }, "geometry": { "type": "Polygon", "coordinates": [ [ [ 121836.295989167396328, 488195.689035499177407 ], [ 121857.685674072490656, 488180.149520824546926 ], [ 121832.273997133961529, 488133.896612440003082 ], [ 121807.776409293946926, 488147.242313278256916 ], [ 121836.478806987099233, 488192.763950383930933 ], [ 121836.295989167396328, 488195.689035499177407 ] ] ] } },
{ "type": "Feature", "properties": { "sensor": "GASA-01-A1, GASA-01-A2, GASA-01-B en GASA-01-C", "time": "2025-08-20T14:04:00+02:00", "count_line": 122, "location": "IJBoulevard", "count_area": 412.0, "countline_length": 20, "density": 0.28817408187596627, "flow": 6.1, "LoS": "LoS A" }, "geometry": { "type": "Polygon", "coordinates": [ [ [ 121836.295989167396328, 488195.689035499177407 ], [ 121857.685674072490656, 488180.149520824546926 ], [ 121832.273997133961529, 488133.896612440003082 ], [ 121807.776409293946926, 488147.242313278256916 ], [ 121836.478806987099233, 488192.763950383930933 ], [ 121836.295989167396328, 488195.689035499177407 ] ] ] } },
{ "type": "Feature", "properties": { "sensor": "GASA-01-A1, GASA-01-A2, GASA-01-B en GASA-01-C", "time": "2025-08-20T14:06:00+02:00", "count_line": 146, "location": "IJBoulevard", "count_area": 530.0, "countline_length": 20, "density": 0.37070937717053914, "flow": 7.3, "LoS": "LoS B" }, "geometry": { "type": "Polygon", "coordinates": [ [ [ 121836.295989167396328, 488195.689035499177407 ], [ 121857.685674072490656, 488180.149520824546926 ], [ 121832.273997133961529, 488133.896612440003082 ], [ 121807.776409293946926, 488147.242313278256916 ], [ 121836.478806987099233, 488192.763950383930933 ], [ 121836.295989167396328, 488195.689035499177407 ] ] ] } },
{ "type": "Feature", "properties": { "sensor": "GASA-01-A1, GASA-01-A2, GASA-01-B en GASA-01-C", "time": "2025-08-20T14:08:00+02:00", "count_line": 163, "location": "IJBoulevard", "count_area": 564.0, "countline_length": 20, "density": 0.39449073344185676, "flow": 8.15, "LoS": "LoS B" }, "geometry": { "type": "Polygon", "coordinates": [ [ [ 121836.295989167396328, 488195.689035499177407 ], [ 121857.685674072490656, 488180.149520824546926 ], [ 121832.273997133961529, 488133.896612440003082 ], [ 121807.776409293946926, 488147.242313278256916 ], [ 121836.478806987099233, 488192.763950383930933 ], [ 121836.295989167396328, 488195.689035499177407 ] ] ] } },
{ "type": "Feature", "properties": { "sensor": "GASA-01-A1, GASA-01-A2, GASA-01-B en GASA-01-C", "time": "2025-08-20T14:10:00+02:00", "count_line": 122, "location": "IJBoulevard", "count_area": 428.0, "countline_length": 20, "density": 0.29936530835658631, "flow": 6.1, "LoS": "LoS A" }, "geometry": { "type": "Polygon", "coordinates": [ [ [ 121836.295989167396328, 488195.689035499177407 ], [ 121857.685674072490656, 488180.149520824546926 ], [ 121832.273997133961529, 488133.896612440003082 ], [ 121807.776409293946926, 488147.242313278256916 ], [ 121836.478806987099233, 488192.763950383930933 ], [ 121836.295989167396328, 488195.689035499177407 ] ] ] } },
{ "type": "Feature", "properties": { "sensor": "GASA-01-A1, GASA-01-A2, GASA-01-B en GASA-01-C", "time": "2025-08-20T14:12:00+02:00", "count_line": 155, "location": "IJBoulevard", "count_area": 585.0, "countline_length": 20, "density": 0.40917921819767056, "flow": 7.75, "LoS": "LoS B" }, "geometry": { "type": "Polygon", "coordinates": [ [ [ 121836.295989167396328, 488195.689035499177407 ], [ 121857.685674072490656, 488180.149520824546926 ], [ 121832.273997133961529, 488133.896612440003082 ], [ 121807.776409293946926, 488147.242313278256916 ], [ 121836.478806987099233, 488192.763950383930933 ], [ 121836.295989167396328, 488195.689035499177407 ] ] ] } },
{ "type": "Feature", "properties": { "sensor": "GASA-01-A1, GASA-01-A2, GASA-01-B en GASA-01-C", "time": "2025-08-20T14:14:00+02:00", "count_line": 162, "location": "IJBoulevard", "count_area": 590.0, "countline_length": 20, "density": 0.41267647647286432, "flow": 8.1, "LoS": "LoS B" }, "geometry": { "type": "Polygon", "coordinates": [ [ [ 121836.295989167396328, 488195.689035499177407 ], [ 121857.685674072490656, 488180.149520824546926 ], [ 121832.273997133961529, 488133.896612440003082 ], [ 121807.776409293946926, 488147.242313278256916 ], [ 121836.478806987099233, 488192.763950383930933 ], [ 121836.295989167396328, 488195.689035499177407 ] ] ] } },
{ "type": "Feature", "properties": { "sensor": "GASA-01-A1, GASA-01-A2, GASA-01-B en GASA-01-C", "time": "2025-08-20T14:16:00+02:00", "count_line": 130, "location": "IJBoulevard", "count_area": 435.0, "countline_length": 20, "density": 0.3042614699418576, "flow": 6.5, "LoS": "LoS B" }, "geometry": { "type": "Polygon", "coordinates": [ [ [ 121836.295989167396328, 488195.689035499177407 ], [ 121857.685674072490656, 488180.149520824546926 ], [ 121832.273997133961529, 488133.896612440003082 ], [ 121807.776409293946926, 488147.242313278256916 ], [ 121836.478806987099233, 488192.763950383930933 ], [ 121836.295989167396328, 488195.689035499177407 ] ] ] } },
{ "type": "Feature", "properties": { "sensor": "GASA-01-A1, GASA-01-A2, GASA-01-B en GASA-01-C", "time": "2025-08-20T14:18:00+02:00", "count_line": 154, "location": "IJBoulevard", "count_area": 558.0, "countline_length": 20, "density": 0.39029402351162423, "flow": 7.7, "LoS": "LoS B" }, "geometry": { "type": "Polygon", "coordinates": [ [ [ 121836.295989167396328, 488195.689035499177407 ], [ 121857.685674072490656, 488180.149520824546926 ], [ 121832.273997133961529, 488133.896612440003082 ], [ 121807.776409293946926, 488147.242313278256916 ], [ 121836.478806987099233, 488192.763950383930933 ], [ 121836.295989167396328, 488195.689035499177407 ] ] ] } },
{ "type": "Feature", "properties": { "sensor": "GASA-01-A1, GASA-01-A2, GASA-01-B en GASA-01-C", "time": "2025-08-20T14:20:00+02:00", "count_line": 110, "location": "IJBoulevard", "count_area": 416.0, "countline_length": 20, "density": 0.29097188849612127, "flow": 5.5, "LoS": "LoS A" }, "geometry": { "type": "Polygon", "coordinates": [ [ [ 121836.295989167396328, 488195.689035499177407 ], [ 121857.685674072490656, 488180.149520824546926 ], [ 121832.273997133961529, 488133.896612440003082 ], [ 121807.776409293946926, 488147.242313278256916 ], [ 121836.478806987099233, 488192.763950383930933 ], [ 121836.295989167396328, 488195.689035499177407 ] ] ] } },
{ "type": "Feature", "properties": { "sensor": "GASA-01-A1, GASA-01-A2, GASA-01-B en GASA-01-C", "time": "2025-08-20T14:22:00+02:00", "count_line": 144, "location": "IJBoulevard", "count_area": 529.0, "countline_length": 20, "density": 0.37000992551550038, "flow": 7.2, "LoS": "LoS B" }, "geometry": { "type": "Polygon", "coordinates": [ [ [ 121836.295989167396328, 488195.689035499177407 ], [ 121857.685674072490656, 488180.149520824546926 ], [ 121832.273997133961529, 488133.896612440003082 ], [ 121807.776409293946926, 488147.242313278256916 ], [ 121836.478806987099233, 488192.763950383930933 ], [ 121836.295989167396328, 488195.689035499177407 ] ] ] } },
{ "type": "Feature", "properties": { "sensor": "GASA-01-A1, GASA-01-A2, GASA-01-B en GASA-01-C", "time": "2025-08-20T14:23:00+02:00", "count_line": 150, "location": "IJBoulevard", "count_area": 578.0, "countline_length": 20, "density": 0.40428305661239927, "flow": 7.5, "LoS": "LoS B" }, "geometry": { "type": "Polygon", "coordinates": [ [ [ 121836.295989167396328, 488195.689035499177407 ], [ 121857.685674072490656, 488180.149520824546926 ], [ 121832.273997133961529, 488133.896612440003082 ], [ 121807.776409293946926, 488147.242313278256916 ], [ 121836.478806987099233, 488192.763950383930933 ], [ 121836.295989167396328, 488195.689035499177407 ] ] ] } },
{ "type": "Feature", "properties": { "sensor": "GASA-01-A1, GASA-01-A2, GASA-01-B en GASA-01-C", "time": "2025-08-20T14:24:00+02:00", "count_line": 134, "location": "IJBoulevard", "count_area": 446.0, "countline_length": 20, "density": 0.31195543814728388, "flow": 6.7, "LoS": "LoS B" }, "geometry": { "type": "Polygon", "coordinates": [ [ [ 121836.295989167396328, 488195.689035499177407 ], [ 121857.685674072490656, 488180.149520824546926 ], [ 121832.273997133961529, 488133.896612440003082 ], [ 121807.776409293946926, 488147.242313278256916 ], [ 121836.478806987099233, 488192.763950383930933 ], [ 121836.295989167396328, 488195.689035499177407 ] ] ] } },
{ "type": "Feature", "properties": { "sensor": "GASA-01-A1, GASA-01-A2, GASA-01-B en GASA-01-C", "time": "2025-08-20T14:26:00+02:00", "count_line": 134, "location": "IJBoulevard", "count_area": 410.0, "countline_length": 20, "density": 0.28677517856588874, "flow": 6.7, "LoS": "LoS A" }, "geometry": { "type": "Polygon", "coordinates": [ [ [ 121836.295989167396328, 488195.689035499177407 ], [ 121857.685674072490656, 488180.149520824546926 ], [ 121832.273997133961529, 488133.896612440003082 ], [ 121807.776409293946926, 488147.242313278256916 ], [ 121836.478806987099233, 488192.763950383930933 ], [ 121836.295989167396328, 488195.689035499177407 ] ] ] } },
{ "type": "Feature", "properties": { "sensor": "GASA-01-A1, GASA-01-A2, GASA-01-B en GASA-01-C", "time": "2025-08-20T14:28:00+02:00", "count_line": 138, "location": "IJBoulevard", "count_area": 507.0, "countline_length": 20, "density": 0.35462198910464782, "flow": 6.9, "LoS": "LoS B" }, "geometry": { "type": "Polygon", "coordinates": [ [ [ 121836.295989167396328, 488195.689035499177407 ], [ 121857.685674072490656, 488180.149520824546926 ], [ 121832.273997133961529, 488133.896612440003082 ], [ 121807.776409293946926, 488147.242313278256916 ], [ 121836.478806987099233, 488192.763950383930933 ], [ 121836.295989167396328, 488195.689035499177407 ] ] ] } },
{ "type": "Feature", "properties": { "sensor": "GASA-01-A1, GASA-01-A2, GASA-01-B en GASA-01-C", "time": "2025-08-20T14:30:00+02:00", "count_line": 76, "location": "IJBoulevard", "count_area": 233.0, "countline_length": 20, "density": 0.16297223562402946, "flow": 3.8, "LoS": "LoS A" }, "geometry": { "type": "Polygon", "coordinates": [ [ [ 121836.295989167396328, 488195.689035499177407 ], [ 121857.685674072490656, 488180.149520824546926 ], [ 121832.273997133961529, 488133.896612440003082 ], [ 121807.776409293946926, 488147.242313278256916 ], [ 121836.478806987099233, 488192.763950383930933 ], [ 121836.295989167396328, 488195.689035499177407 ] ] ] } },
{ "type": "Feature", "properties": { "sensor": "GASA-01-A1, GASA-01-A2, GASA-01-B en GASA-01-C", "time": "2025-08-20T14:32:00+02:00", "count_line": 146, "location": "IJBoulevard", "count_area": 513.0, "countline_length": 20, "density": 0.35881869903488034, "flow": 7.3, "LoS": "LoS B" }, "geometry": { "type": "Polygon", "coordinates": [ [ [ 121836.295989167396328, 488195.689035499177407 ], [ 121857.685674072490656, 488180.149520824546926 ], [ 121832.273997133961529, 488133.896612440003082 ], [ 121807.776409293946926, 488147.242313278256916 ], [ 121836.478806987099233, 488192.763950383930933 ], [ 121836.295989167396328, 488195.689035499177407 ] ] ] } },
{ "type": "Feature", "properties": { "sensor": "GASA-01-A1, GASA-01-A2, GASA-01-B en GASA-01-C", "time": "2025-08-20T14:34:00+02:00", "count_line": 116, "location": "IJBoulevard", "count_area": 404.0, "countline_length": 20, "density": 0.28257846863565622, "flow": 5.8, "LoS": "LoS A" }, "geometry": { "type": "Polygon", "coordinates": [ [ [ 121836.295989167396328, 488195.689035499177407 ], [ 121857.685674072490656, 488180.149520824546926 ], [ 121832.273997133961529, 488133.896612440003082 ], [ 121807.776409293946926, 488147.242313278256916 ], [ 121836.478806987099233, 488192.763950383930933 ], [ 121836.295989167396328, 488195.689035499177407 ] ] ] } },
{ "type": "Feature", "properties": { "sensor": "GASA-01-A1, GASA-01-A2, GASA-01-B en GASA-01-C", "time": "2025-08-20T14:36:00+02:00", "count_line": 99, "location": "IJBoulevard", "count_area": 390.0, "countline_length": 20, "density": 0.27278614546511371, "flow": 4.95, "LoS": "LoS A" }, "geometry": { "type": "Polygon", "coordinates": [ [ [ 121836.295989167396328, 488195.689035499177407 ], [ 121857.685674072490656, 488180.149520824546926 ], [ 121832.273997133961529, 488133.896612440003082 ], [ 121807.776409293946926, 488147.242313278256916 ], [ 121836.478806987099233, 488192.763950383930933 ], [ 121836.295989167396328, 488195.689035499177407 ] ] ] } },
{ "type": "Feature", "properties": { "sensor": "GASA-01-A1, GASA-01-A2, GASA-01-B en GASA-01-C", "time": "2025-08-20T14:38:00+02:00", "count_line": 101, "location": "IJBoulevard", "count_area": 305.0, "countline_length": 20, "density": 0.21333275478681968, "flow": 5.05, "LoS": "LoS A" }, "geometry": { "type": "Polygon", "coordinates": [ [ [ 121836.295989167396328, 488195.689035499177407 ], [ 121857.685674072490656, 488180.149520824546926 ], [ 121832.273997133961529, 488133.896612440003082 ], [ 121807.776409293946926, 488147.242313278256916 ], [ 121836.478806987099233, 488192.763950383930933 ], [ 121836.295989167396328, 488195.689035499177407 ] ] ] } },
{ "type": "Feature", "properties": { "sensor": "GASA-01-A1, GASA-01-A2, GASA-01-B en GASA-01-C", "time": "2025-08-20T14:40:00+02:00", "count_line": 132, "location": "IJBoulevard", "count_area": 470.0, "countline_length": 20, "density": 0.32874227786821397, "flow": 6.6, "LoS": "LoS B" }, "geometry": { "type": "Polygon", "coordinates": [ [ [ 121836.295989167396328, 488195.689035499177407 ], [ 121857.685674072490656, 488180.149520824546926 ], [ 121832.273997133961529, 488133.896612440003082 ], [ 121807.776409293946926, 488147.242313278256916 ], [ 121836.478806987099233, 488192.763950383930933 ], [ 121836.295989167396328, 488195.689035499177407 ] ] ] } },
{ "type": "Feature", "properties": { "sensor": "GASA-01-A1, GASA-01-A2, GASA-01-B en GASA-01-C", "time": "2025-08-20T14:42:00+02:00", "count_line": 149, "location": "IJBoulevard", "count_area": 519.0, "countline_length": 20, "density": 0.36301540896511286, "flow": 7.45, "LoS": "LoS B" }, "geometry": { "type": "Polygon", "coordinates": [ [ [ 121836.295989167396328, 488195.689035499177407 ], [ 121857.685674072490656, 488180.149520824546926 ], [ 121832.273997133961529, 488133.896612440003082 ], [ 121807.776409293946926, 488147.242313278256916 ], [ 121836.478806987099233, 488192.763950383930933 ], [ 121836.295989167396328, 488195.689035499177407 ] ] ] } },
{ "type": "Feature", "properties": { "sensor": "GASA-01-A1, GASA-01-A2, GASA-01-B en GASA-01-C", "time": "2025-08-20T14:44:00+02:00", "count_line": 131, "location": "IJBoulevard", "count_area": 490.0, "countline_length": 20, "density": 0.34273131096898901, "flow": 6.55, "LoS": "LoS B" }, "geometry": { "type": "Polygon", "coordinates": [ [ [ 121836.295989167396328, 488195.689035499177407 ], [ 121857.685674072490656, 488180.149520824546926 ], [ 121832.273997133961529, 488133.896612440003082 ], [ 121807.776409293946926, 488147.242313278256916 ], [ 121836.478806987099233, 488192.763950383930933 ], [ 121836.295989167396328, 488195.689035499177407 ] ] ] } },
{ "type": "Feature", "properties": { "sensor": "GASA-01-A1, GASA-01-A2, GASA-01-B en GASA-01-C", "time": "2025-08-20T14:46:00+02:00", "count_line": 141, "location": "IJBoulevard", "count_area": 493.0, "countline_length": 20, "density": 0.34482966593410525, "flow": 7.05, "LoS": "LoS B" }, "geometry": { "type": "Polygon", "coordinates": [ [ [ 121836.295989167396328, 488195.689035499177407 ], [ 121857.685674072490656, 488180.149520824546926 ], [ 121832.273997133961529, 488133.896612440003082 ], [ 121807.776409293946926, 488147.242313278256916 ], [ 121836.478806987099233, 488192.763950383930933 ], [ 121836.295989167396328, 488195.689035499177407 ] ] ] } },
{ "type": "Feature", "properties": { "sensor": "GASA-01-A1, GASA-01-A2, GASA-01-B en GASA-01-C", "time": "2025-08-20T14:48:00+02:00", "count_line": 166, "location": "IJBoulevard", "count_area": 631.0, "countline_length": 20, "density": 0.44135399432945321, "flow": 8.3, "LoS": "LoS B" }, "geometry": { "type": "Polygon", "coordinates": [ [ [ 121836.295989167396328, 488195.689035499177407 ], [ 121857.685674072490656, 488180.149520824546926 ], [ 121832.273997133961529, 488133.896612440003082 ], [ 121807.776409293946926, 488147.242313278256916 ], [ 121836.478806987099233, 488192.763950383930933 ], [ 121836.295989167396328, 488195.689035499177407 ] ] ] } },
{ "type": "Feature", "properties": { "sensor": "GASA-01-A1, GASA-01-A2, GASA-01-B en GASA-01-C", "time": "2025-08-20T14:50:00+02:00", "count_line": 156, "location": "IJBoulevard", "count_area": 595.0, "countline_length": 20, "density": 0.41617373474805808, "flow": 7.8, "LoS": "LoS B" }, "geometry": { "type": "Polygon", "coordinates": [ [ [ 121836.295989167396328, 488195.689035499177407 ], [ 121857.685674072490656, 488180.149520824546926 ], [ 121832.273997133961529, 488133.896612440003082 ], [ 121807.776409293946926, 488147.242313278256916 ], [ 121836.478806987099233, 488192.763950383930933 ], [ 121836.295989167396328, 488195.689035499177407 ] ] ] } },
{ "type": "Feature", "properties": { "sensor": "GASA-01-A1, GASA-01-A2, GASA-01-B en GASA-01-C", "time": "2025-08-20T14:52:00+02:00", "count_line": 146, "location": "IJBoulevard", "count_area": 517.0, "countline_length": 20, "density": 0.36161650565503534, "flow": 7.3, "LoS": "LoS B" }, "geometry": { "type": "Polygon", "coordinates": [ [ [ 121836.295989167396328, 488195.689035499177407 ], [ 121857.685674072490656, 488180.149520824546926 ], [ 121832.273997133961529, 488133.896612440003082 ], [ 121807.776409293946926, 488147.242313278256916 ], [ 121836.478806987099233, 488192.763950383930933 ], [ 121836.295989167396328, 488195.689035499177407 ] ] ] } },
{ "type": "Feature", "properties": { "sensor": "GASA-01-A1, GASA-01-A2, GASA-01-B en GASA-01-C", "time": "2025-08-20T14:54:00+02:00", "count_line": 133, "location": "IJBoulevard", "count_area": 500.0, "countline_length": 20, "density": 0.34972582751937653, "flow": 6.65, "LoS": "LoS B" }, "geometry": { "type": "Polygon", "coordinates": [ [ [ 121836.295989167396328, 488195.689035499177407 ], [ 121857.685674072490656, 488180.149520824546926 ], [ 121832.273997133961529, 488133.896612440003082 ], [ 121807.776409293946926, 488147.242313278256916 ], [ 121836.478806987099233, 488192.763950383930933 ], [ 121836.295989167396328, 488195.689035499177407 ] ] ] } },
{ "type": "Feature", "properties": { "sensor": "GASA-01-A1, GASA-01-A2, GASA-01-B en GASA-01-C", "time": "2025-08-20T14:55:00+02:00", "count_line": 112, "location": "IJBoulevard", "count_area": 343.0, "countline_length": 20, "density": 0.23991191767829231, "flow": 5.6, "LoS": "LoS A" }, "geometry": { "type": "Polygon", "coordinates": [ [ [ 121836.295989167396328, 488195.689035499177407 ], [ 121857.685674072490656, 488180.149520824546926 ], [ 121832.273997133961529, 488133.896612440003082 ], [ 121807.776409293946926, 488147.242313278256916 ], [ 121836.478806987099233, 488192.763950383930933 ], [ 121836.295989167396328, 488195.689035499177407 ] ] ] } },
{ "type": "Feature", "properties": { "sensor": "GASA-01-A1, GASA-01-A2, GASA-01-B en GASA-01-C", "time": "2025-08-20T14:56:00+02:00", "count_line": 76, "location": "IJBoulevard", "count_area": 296.0, "countline_length": 20, "density": 0.20703768989147092, "flow": 3.8, "LoS": "LoS A" }, "geometry": { "type": "Polygon", "coordinates": [ [ [ 121836.295989167396328, 488195.689035499177407 ], [ 121857.685674072490656, 488180.149520824546926 ], [ 121832.273997133961529, 488133.896612440003082 ], [ 121807.776409293946926, 488147.242313278256916 ], [ 121836.478806987099233, 488192.763950383930933 ], [ 121836.295989167396328, 488195.689035499177407 ] ] ] } },
{ "type": "Feature", "properties": { "sensor": "GASA-01-A1, GASA-01-A2, GASA-01-B en GASA-01-C", "time": "2025-08-20T14:57:00+02:00", "count_line": 4, "location": "IJBoulevard", "count_area": 13.0, "countline_length": 20, "density": 0.0090928715155037896, "flow": 0.2, "LoS": "LoS A" }, "geometry": { "type": "Polygon", "coordinates": [ [ [ 121836.295989167396328, 488195.689035499177407 ], [ 121857.685674072490656, 488180.149520824546926 ], [ 121832.273997133961529, 488133.896612440003082 ], [ 121807.776409293946926, 488147.242313278256916 ], [ 121836.478806987099233, 488192.763950383930933 ], [ 121836.295989167396328, 488195.689035499177407 ] ] ] } },
{ "type": "Feature", "properties": { "sensor": "GASA-01-A1, GASA-01-A2, GASA-01-B en GASA-01-C", "time": "2025-08-20T14:58:00+02:00", "count_line": 111, "location": "IJBoulevard", "count_area": 408.0, "countline_length": 20, "density": 0.28537627525581127, "flow": 5.55, "LoS": "LoS A" }, "geometry": { "type": "Polygon", "coordinates": [ [ [ 121836.295989167396328, 488195.689035499177407 ], [ 121857.685674072490656, 488180.149520824546926 ], [ 121832.273997133961529, 488133.896612440003082 ], [ 121807.776409293946926, 488147.242313278256916 ], [ 121836.478806987099233, 488192.763950383930933 ], [ 121836.295989167396328, 488195.689035499177407 ] ] ] } },
{ "type": "Feature", "properties": { "sensor": "GASA-01-A1, GASA-01-A2, GASA-01-B en GASA-01-C", "time": "2025-08-20T15:00:00+02:00", "count_line": 110, "location": "IJBoulevard", "count_area": 364.0, "countline_length": 20, "density": 0.25460040243410614, "flow": 5.5, "LoS": "LoS A" }, "geometry": { "type": "Polygon", "coordinates": [ [ [ 121836.295989167396328, 488195.689035499177407 ], [ 121857.685674072490656, 488180.149520824546926 ], [ 121832.273997133961529, 488133.896612440003082 ], [ 121807.776409293946926, 488147.242313278256916 ], [ 121836.478806987099233, 488192.763950383930933 ], [ 121836.295989167396328, 488195.689035499177407 ] ] ] } },
{ "type": "Feature", "properties": { "sensor": "GASA-01-A1, GASA-01-A2, GASA-01-B en GASA-01-C", "time": "2025-08-20T15:02:00+02:00", "count_line": 163, "location": "IJBoulevard", "count_area": 514.0, "countline_length": 20, "density": 0.3595181506899191, "flow": 8.15, "LoS": "LoS B" }, "geometry": { "type": "Polygon", "coordinates": [ [ [ 121836.295989167396328, 488195.689035499177407 ], [ 121857.685674072490656, 488180.149520824546926 ], [ 121832.273997133961529, 488133.896612440003082 ], [ 121807.776409293946926, 488147.242313278256916 ], [ 121836.478806987099233, 488192.763950383930933 ], [ 121836.295989167396328, 488195.689035499177407 ] ] ] } },
{ "type": "Feature", "properties": { "sensor": "GASA-01-A1, GASA-01-A2, GASA-01-B en GASA-01-C", "time": "2025-08-20T15:04:00+02:00", "count_line": 125, "location": "IJBoulevard", "count_area": 410.0, "countline_length": 20, "density": 0.28677517856588874, "flow": 6.25, "LoS": "LoS A" }, "geometry": { "type": "Polygon", "coordinates": [ [ [ 121836.295989167396328, 488195.689035499177407 ], [ 121857.685674072490656, 488180.149520824546926 ], [ 121832.273997133961529, 488133.896612440003082 ], [ 121807.776409293946926, 488147.242313278256916 ], [ 121836.478806987099233, 488192.763950383930933 ], [ 121836.295989167396328, 488195.689035499177407 ] ] ] } },
{ "type": "Feature", "properties": { "sensor": "GASA-01-A1, GASA-01-A2, GASA-01-B en GASA-01-C", "time": "2025-08-20T15:05:00+02:00", "count_line": 146, "location": "IJBoulevard", "count_area": 539.0, "countline_length": 20, "density": 0.3770044420658879, "flow": 7.3, "LoS": "LoS B" }, "geometry": { "type": "Polygon", "coordinates": [ [ [ 121836.295989167396328, 488195.689035499177407 ], [ 121857.685674072490656, 488180.149520824546926 ], [ 121832.273997133961529, 488133.896612440003082 ], [ 121807.776409293946926, 488147.242313278256916 ], [ 121836.478806987099233, 488192.763950383930933 ], [ 121836.295989167396328, 488195.689035499177407 ] ] ] } },
{ "type": "Feature", "properties": { "sensor": "GASA-01-A1, GASA-01-A2, GASA-01-B en GASA-01-C", "time": "2025-08-20T15:06:00+02:00", "count_line": 116, "location": "IJBoulevard", "count_area": 429.0, "countline_length": 20, "density": 0.30006476001162508, "flow": 5.8, "LoS": "LoS B" }, "geometry": { "type": "Polygon", "coordinates": [ [ [ 121836.295989167396328, 488195.689035499177407 ], [ 121857.685674072490656, 488180.149520824546926 ], [ 121832.273997133961529, 488133.896612440003082 ], [ 121807.776409293946926, 488147.242313278256916 ], [ 121836.478806987099233, 488192.763950383930933 ], [ 121836.295989167396328, 488195.689035499177407 ] ] ] } },
{ "type": "Feature", "properties": { "sensor": "GASA-01-A1, GASA-01-A2, GASA-01-B en GASA-01-C", "time": "2025-08-20T15:08:00+02:00", "count_line": 165, "location": "IJBoulevard", "count_area": 533.0, "countline_length": 20, "density": 0.37280773213565538, "flow": 8.25, "LoS": "LoS B" }, "geometry": { "type": "Polygon", "coordinates": [ [ [ 121836.295989167396328, 488195.689035499177407 ], [ 121857.685674072490656, 488180.149520824546926 ], [ 121832.273997133961529, 488133.896612440003082 ], [ 121807.776409293946926, 488147.242313278256916 ], [ 121836.478806987099233, 488192.763950383930933 ], [ 121836.295989167396328, 488195.689035499177407 ] ] ] } },
{ "type": "Feature", "properties": { "sensor": "GASA-01-A1, GASA-01-A2, GASA-01-B en GASA-01-C", "time": "2025-08-20T15:10:00+02:00", "count_line": 138, "location": "IJBoulevard", "count_area": 415.0, "countline_length": 20, "density": 0.2902724368410825, "flow": 6.9, "LoS": "LoS A" }, "geometry": { "type": "Polygon", "coordinates": [ [ [ 121836.295989167396328, 488195.689035499177407 ], [ 121857.685674072490656, 488180.149520824546926 ], [ 121832.273997133961529, 488133.896612440003082 ], [ 121807.776409293946926, 488147.242313278256916 ], [ 121836.478806987099233, 488192.763950383930933 ], [ 121836.295989167396328, 488195.689035499177407 ] ] ] } },
{ "type": "Feature", "properties": { "sensor": "GASA-01-A1, GASA-01-A2, GASA-01-B en GASA-01-C", "time": "2025-08-20T15:12:00+02:00", "count_line": 127, "location": "IJBoulevard", "count_area": 506.0, "countline_length": 20, "density": 0.35392253744960905, "flow": 6.35, "LoS": "LoS B" }, "geometry": { "type": "Polygon", "coordinates": [ [ [ 121836.295989167396328, 488195.689035499177407 ], [ 121857.685674072490656, 488180.149520824546926 ], [ 121832.273997133961529, 488133.896612440003082 ], [ 121807.776409293946926, 488147.242313278256916 ], [ 121836.478806987099233, 488192.763950383930933 ], [ 121836.295989167396328, 488195.689035499177407 ] ] ] } },
{ "type": "Feature", "properties": { "sensor": "GASA-01-A1, GASA-01-A2, GASA-01-B en GASA-01-C", "time": "2025-08-20T15:14:00+02:00", "count_line": 131, "location": "IJBoulevard", "count_area": 488.0, "countline_length": 20, "density": 0.34133240765891149, "flow": 6.55, "LoS": "LoS B" }, "geometry": { "type": "Polygon", "coordinates": [ [ [ 121836.295989167396328, 488195.689035499177407 ], [ 121857.685674072490656, 488180.149520824546926 ], [ 121832.273997133961529, 488133.896612440003082 ], [ 121807.776409293946926, 488147.242313278256916 ], [ 121836.478806987099233, 488192.763950383930933 ], [ 121836.295989167396328, 488195.689035499177407 ] ] ] } },
{ "type": "Feature", "properties": { "sensor": "GASA-01-A1, GASA-01-A2, GASA-01-B en GASA-01-C", "time": "2025-08-20T15:16:00+02:00", "count_line": 132, "location": "IJBoulevard", "count_area": 415.0, "countline_length": 20, "density": 0.2902724368410825, "flow": 6.6, "LoS": "LoS A" }, "geometry": { "type": "Polygon", "coordinates": [ [ [ 121836.295989167396328, 488195.689035499177407 ], [ 121857.685674072490656, 488180.149520824546926 ], [ 121832.273997133961529, 488133.896612440003082 ], [ 121807.776409293946926, 488147.242313278256916 ], [ 121836.478806987099233, 488192.763950383930933 ], [ 121836.295989167396328, 488195.689035499177407 ] ] ] } },
{ "type": "Feature", "properties": { "sensor": "GASA-01-A1, GASA-01-A2, GASA-01-B en GASA-01-C", "time": "2025-08-20T15:18:00+02:00", "count_line": 164, "location": "IJBoulevard", "count_area": 582.0, "countline_length": 20, "density": 0.40708086323255427, "flow": 8.2, "LoS": "LoS B" }, "geometry": { "type": "Polygon", "coordinates": [ [ [ 121836.295989167396328, 488195.689035499177407 ], [ 121857.685674072490656, 488180.149520824546926 ], [ 121832.273997133961529, 488133.896612440003082 ], [ 121807.776409293946926, 488147.242313278256916 ], [ 121836.478806987099233, 488192.763950383930933 ], [ 121836.295989167396328, 488195.689035499177407 ] ] ] } },
{ "type": "Feature", "properties": { "sensor": "GASA-01-A1, GASA-01-A2, GASA-01-B en GASA-01-C", "time": "2025-08-20T15:20:00+02:00", "count_line": 173, "location": "IJBoulevard", "count_area": 606.0, "countline_length": 20, "density": 0.42386770295348436, "flow": 8.65, "LoS": "LoS B" }, "geometry": { "type": "Polygon", "coordinates": [ [ [ 121836.295989167396328, 488195.689035499177407 ], [ 121857.685674072490656, 488180.149520824546926 ], [ 121832.273997133961529, 488133.896612440003082 ], [ 121807.776409293946926, 488147.242313278256916 ], [ 121836.478806987099233, 488192.763950383930933 ], [ 121836.295989167396328, 488195.689035499177407 ] ] ] } },
{ "type": "Feature", "properties": { "sensor": "GASA-01-A1, GASA-01-A2, GASA-01-B en GASA-01-C", "time": "2025-08-20T15:22:00+02:00", "count_line": 148, "location": "IJBoulevard", "count_area": 522.0, "countline_length": 20, "density": 0.3651137639302291, "flow": 7.4, "LoS": "LoS B" }, "geometry": { "type": "Polygon", "coordinates": [ [ [ 121836.295989167396328, 488195.689035499177407 ], [ 121857.685674072490656, 488180.149520824546926 ], [ 121832.273997133961529, 488133.896612440003082 ], [ 121807.776409293946926, 488147.242313278256916 ], [ 121836.478806987099233, 488192.763950383930933 ], [ 121836.295989167396328, 488195.689035499177407 ] ] ] } },
{ "type": "Feature", "properties": { "sensor": "GASA-01-A1, GASA-01-A2, GASA-01-B en GASA-01-C", "time": "2025-08-20T15:24:00+02:00", "count_line": 140, "location": "IJBoulevard", "count_area": 461.0, "countline_length": 20, "density": 0.32244721297286516, "flow": 7.0, "LoS": "LoS B" }, "geometry": { "type": "Polygon", "coordinates": [ [ [ 121836.295989167396328, 488195.689035499177407 ], [ 121857.685674072490656, 488180.149520824546926 ], [ 121832.273997133961529, 488133.896612440003082 ], [ 121807.776409293946926, 488147.242313278256916 ], [ 121836.478806987099233, 488192.763950383930933 ], [ 121836.295989167396328, 488195.689035499177407 ] ] ] } },
{ "type": "Feature", "properties": { "sensor": "GASA-01-A1, GASA-01-A2, GASA-01-B en GASA-01-C", "time": "2025-08-20T15:26:00+02:00", "count_line": 154, "location": "IJBoulevard", "count_area": 577.0, "countline_length": 20, "density": 0.40358360495736051, "flow": 7.7, "LoS": "LoS B" }, "geometry": { "type": "Polygon", "coordinates": [ [ [ 121836.295989167396328, 488195.689035499177407 ], [ 121857.685674072490656, 488180.149520824546926 ], [ 121832.273997133961529, 488133.896612440003082 ], [ 121807.776409293946926, 488147.242313278256916 ], [ 121836.478806987099233, 488192.763950383930933 ], [ 121836.295989167396328, 488195.689035499177407 ] ] ] } },
{ "type": "Feature", "properties": { "sensor": "GASA-01-A1, GASA-01-A2, GASA-01-B en GASA-01-C", "time": "2025-08-20T15:27:00+02:00", "count_line": 162, "location": "IJBoulevard", "count_area": 530.0, "countline_length": 20, "density": 0.37070937717053914, "flow": 8.1, "LoS": "LoS B" }, "geometry": { "type": "Polygon", "coordinates": [ [ [ 121836.295989167396328, 488195.689035499177407 ], [ 121857.685674072490656, 488180.149520824546926 ], [ 121832.273997133961529, 488133.896612440003082 ], [ 121807.776409293946926, 488147.242313278256916 ], [ 121836.478806987099233, 488192.763950383930933 ], [ 121836.295989167396328, 488195.689035499177407 ] ] ] } },
{ "type": "Feature", "properties": { "sensor": "GASA-01-A1, GASA-01-A2, GASA-01-B en GASA-01-C", "time": "2025-08-20T15:28:00+02:00", "count_line": 156, "location": "IJBoulevard", "count_area": 476.0, "countline_length": 20, "density": 0.33293898779844644, "flow": 7.8, "LoS": "LoS B" }, "geometry": { "type": "Polygon", "coordinates": [ [ [ 121836.295989167396328, 488195.689035499177407 ], [ 121857.685674072490656, 488180.149520824546926 ], [ 121832.273997133961529, 488133.896612440003082 ], [ 121807.776409293946926, 488147.242313278256916 ], [ 121836.478806987099233, 488192.763950383930933 ], [ 121836.295989167396328, 488195.689035499177407 ] ] ] } },
{ "type": "Feature", "properties": { "sensor": "GASA-01-A1, GASA-01-A2, GASA-01-B en GASA-01-C", "time": "2025-08-20T15:30:00+02:00", "count_line": 172, "location": "IJBoulevard", "count_area": 574.0, "countline_length": 20, "density": 0.40148524999224428, "flow": 8.6, "LoS": "LoS B" }, "geometry": { "type": "Polygon", "coordinates": [ [ [ 121836.295989167396328, 488195.689035499177407 ], [ 121857.685674072490656, 488180.149520824546926 ], [ 121832.273997133961529, 488133.896612440003082 ], [ 121807.776409293946926, 488147.242313278256916 ], [ 121836.478806987099233, 488192.763950383930933 ], [ 121836.295989167396328, 488195.689035499177407 ] ] ] } },
{ "type": "Feature", "properties": { "sensor": "GASA-01-A1, GASA-01-A2, GASA-01-B en GASA-01-C", "time": "2025-08-20T15:32:00+02:00", "count_line": 128, "location": "IJBoulevard", "count_area": 433.0, "countline_length": 20, "density": 0.30286256663178007, "flow": 6.4, "LoS": "LoS B" }, "geometry": { "type": "Polygon", "coordinates": [ [ [ 121836.295989167396328, 488195.689035499177407 ], [ 121857.685674072490656, 488180.149520824546926 ], [ 121832.273997133961529, 488133.896612440003082 ], [ 121807.776409293946926, 488147.242313278256916 ], [ 121836.478806987099233, 488192.763950383930933 ], [ 121836.295989167396328, 488195.689035499177407 ] ] ] } },
{ "type": "Feature", "properties": { "sensor": "GASA-01-A1, GASA-01-A2, GASA-01-B en GASA-01-C", "time": "2025-08-20T15:34:00+02:00", "count_line": 158, "location": "IJBoulevard", "count_area": 579.0, "countline_length": 20, "density": 0.40498250826743803, "flow": 7.9, "LoS": "LoS B" }, "geometry": { "type": "Polygon", "coordinates": [ [ [ 121836.295989167396328, 488195.689035499177407 ], [ 121857.685674072490656, 488180.149520824546926 ], [ 121832.273997133961529, 488133.896612440003082 ], [ 121807.776409293946926, 488147.242313278256916 ], [ 121836.478806987099233, 488192.763950383930933 ], [ 121836.295989167396328, 488195.689035499177407 ] ] ] } },
{ "type": "Feature", "properties": { "sensor": "GASA-01-A1, GASA-01-A2, GASA-01-B en GASA-01-C", "time": "2025-08-20T15:36:00+02:00", "count_line": 179, "location": "IJBoulevard", "count_area": 631.0, "countline_length": 20, "density": 0.44135399432945321, "flow": 8.95, "LoS": "LoS B" }, "geometry": { "type": "Polygon", "coordinates": [ [ [ 121836.295989167396328, 488195.689035499177407 ], [ 121857.685674072490656, 488180.149520824546926 ], [ 121832.273997133961529, 488133.896612440003082 ], [ 121807.776409293946926, 488147.242313278256916 ], [ 121836.478806987099233, 488192.763950383930933 ], [ 121836.295989167396328, 488195.689035499177407 ] ] ] } },
{ "type": "Feature", "properties": { "sensor": "GASA-01-A1, GASA-01-A2, GASA-01-B en GASA-01-C", "time": "2025-08-20T15:37:00+02:00", "count_line": 194, "location": "IJBoulevard", "count_area": 711.0, "countline_length": 20, "density": 0.49731012673255343, "flow": 9.7, "LoS": "LoS B" }, "geometry": { "type": "Polygon", "coordinates": [ [ [ 121836.295989167396328, 488195.689035499177407 ], [ 121857.685674072490656, 488180.149520824546926 ], [ 121832.273997133961529, 488133.896612440003082 ], [ 121807.776409293946926, 488147.242313278256916 ], [ 121836.478806987099233, 488192.763950383930933 ], [ 121836.295989167396328, 488195.689035499177407 ] ] ] } },
{ "type": "Feature", "properties": { "sensor": "GASA-01-A1, GASA-01-A2, GASA-01-B en GASA-01-C", "time": "2025-08-20T15:38:00+02:00", "count_line": 165, "location": "IJBoulevard", "count_area": 552.0, "countline_length": 20, "density": 0.38609731358139171, "flow": 8.25, "LoS": "LoS B" }, "geometry": { "type": "Polygon", "coordinates": [ [ [ 121836.295989167396328, 488195.689035499177407 ], [ 121857.685674072490656, 488180.149520824546926 ], [ 121832.273997133961529, 488133.896612440003082 ], [ 121807.776409293946926, 488147.242313278256916 ], [ 121836.478806987099233, 488192.763950383930933 ], [ 121836.295989167396328, 488195.689035499177407 ] ] ] } },
{ "type": "Feature", "properties": { "sensor": "GASA-01-A1, GASA-01-A2, GASA-01-B en GASA-01-C", "time": "2025-08-20T15:40:00+02:00", "count_line": 146, "location": "IJBoulevard", "count_area": 507.0, "countline_length": 20, "density": 0.35462198910464782, "flow": 7.3, "LoS": "LoS B" }, "geometry": { "type": "Polygon", "coordinates": [ [ [ 121836.295989167396328, 488195.689035499177407 ], [ 121857.685674072490656, 488180.149520824546926 ], [ 121832.273997133961529, 488133.896612440003082 ], [ 121807.776409293946926, 488147.242313278256916 ], [ 121836.478806987099233, 488192.763950383930933 ], [ 121836.295989167396328, 488195.689035499177407 ] ] ] } },
{ "type": "Feature", "properties": { "sensor": "GASA-01-A1, GASA-01-A2, GASA-01-B en GASA-01-C", "time": "2025-08-20T15:42:00+02:00", "count_line": 176, "location": "IJBoulevard", "count_area": 533.0, "countline_length": 20, "density": 0.37280773213565538, "flow": 8.8, "LoS": "LoS B" }, "geometry": { "type": "Polygon", "coordinates": [ [ [ 121836.295989167396328, 488195.689035499177407 ], [ 121857.685674072490656, 488180.149520824546926 ], [ 121832.273997133961529, 488133.896612440003082 ], [ 121807.776409293946926, 488147.242313278256916 ], [ 121836.478806987099233, 488192.763950383930933 ], [ 121836.295989167396328, 488195.689035499177407 ] ] ] } },
{ "type": "Feature", "properties": { "sensor": "GASA-01-A1, GASA-01-A2, GASA-01-B en GASA-01-C", "time": "2025-08-20T15:44:00+02:00", "count_line": 188, "location": "IJBoulevard", "count_area": 631.0, "countline_length": 20, "density": 0.44135399432945321, "flow": 9.4, "LoS": "LoS B" }, "geometry": { "type": "Polygon", "coordinates": [ [ [ 121836.295989167396328, 488195.689035499177407 ], [ 121857.685674072490656, 488180.149520824546926 ], [ 121832.273997133961529, 488133.896612440003082 ], [ 121807.776409293946926, 488147.242313278256916 ], [ 121836.478806987099233, 488192.763950383930933 ], [ 121836.295989167396328, 488195.689035499177407 ] ] ] } },
{ "type": "Feature", "properties": { "sensor": "GASA-01-A1, GASA-01-A2, GASA-01-B en GASA-01-C", "time": "2025-08-20T15:46:00+02:00", "count_line": 159, "location": "IJBoulevard", "count_area": 535.0, "countline_length": 20, "density": 0.3742066354457329, "flow": 7.95, "LoS": "LoS B" }, "geometry": { "type": "Polygon", "coordinates": [ [ [ 121836.295989167396328, 488195.689035499177407 ], [ 121857.685674072490656, 488180.149520824546926 ], [ 121832.273997133961529, 488133.896612440003082 ], [ 121807.776409293946926, 488147.242313278256916 ], [ 121836.478806987099233, 488192.763950383930933 ], [ 121836.295989167396328, 488195.689035499177407 ] ] ] } },
{ "type": "Feature", "properties": { "sensor": "GASA-01-A1, GASA-01-A2, GASA-01-B en GASA-01-C", "time": "2025-08-20T15:48:00+02:00", "count_line": 123, "location": "IJBoulevard", "count_area": 371.0, "countline_length": 20, "density": 0.25949656401937737, "flow": 6.15, "LoS": "LoS A" }, "geometry": { "type": "Polygon", "coordinates": [ [ [ 121836.295989167396328, 488195.689035499177407 ], [ 121857.685674072490656, 488180.149520824546926 ], [ 121832.273997133961529, 488133.896612440003082 ], [ 121807.776409293946926, 488147.242313278256916 ], [ 121836.478806987099233, 488192.763950383930933 ], [ 121836.295989167396328, 488195.689035499177407 ] ] ] } },
{ "type": "Feature", "properties": { "sensor": "GASA-01-A1, GASA-01-A2, GASA-01-B en GASA-01-C", "time": "2025-08-20T15:50:00+02:00", "count_line": 123, "location": "IJBoulevard", "count_area": 453.0, "countline_length": 20, "density": 0.31685159973255517, "flow": 6.15, "LoS": "LoS B" }, "geometry": { "type": "Polygon", "coordinates": [ [ [ 121836.295989167396328, 488195.689035499177407 ], [ 121857.685674072490656, 488180.149520824546926 ], [ 121832.273997133961529, 488133.896612440003082 ], [ 121807.776409293946926, 488147.242313278256916 ], [ 121836.478806987099233, 488192.763950383930933 ], [ 121836.295989167396328, 488195.689035499177407 ] ] ] } },
{ "type": "Feature", "properties": { "sensor": "GASA-01-A1, GASA-01-A2, GASA-01-B en GASA-01-C", "time": "2025-08-20T15:51:00+02:00", "count_line": 12, "location": "IJBoulevard", "count_area": 43.0, "countline_length": 20, "density": 0.030076421166666381, "flow": 0.6, "LoS": "LoS A" }, "geometry": { "type": "Polygon", "coordinates": [ [ [ 121836.295989167396328, 488195.689035499177407 ], [ 121857.685674072490656, 488180.149520824546926 ], [ 121832.273997133961529, 488133.896612440003082 ], [ 121807.776409293946926, 488147.242313278256916 ], [ 121836.478806987099233, 488192.763950383930933 ], [ 121836.295989167396328, 488195.689035499177407 ] ] ] } },
{ "type": "Feature", "properties": { "sensor": "GASA-01-A1, GASA-01-A2, GASA-01-B en GASA-01-C", "time": "2025-08-20T15:52:00+02:00", "count_line": 254, "location": "IJBoulevard", "count_area": 762.0, "countline_length": 20, "density": 0.5329821611395299, "flow": 12.7, "LoS": "LoS B" }, "geometry": { "type": "Polygon", "coordinates": [ [ [ 121836.295989167396328, 488195.689035499177407 ], [ 121857.685674072490656, 488180.149520824546926 ], [ 121832.273997133961529, 488133.896612440003082 ], [ 121807.776409293946926, 488147.242313278256916 ], [ 121836.478806987099233, 488192.763950383930933 ], [ 121836.295989167396328, 488195.689035499177407 ] ] ] } },
{ "type": "Feature", "properties": { "sensor": "GASA-01-A1, GASA-01-A2, GASA-01-B en GASA-01-C", "time": "2025-08-20T15:54:00+02:00", "count_line": 149, "location": "IJBoulevard", "count_area": 486.0, "countline_length": 20, "density": 0.33993350434883401, "flow": 7.45, "LoS": "LoS B" }, "geometry": { "type": "Polygon", "coordinates": [ [ [ 121836.295989167396328, 488195.689035499177407 ], [ 121857.685674072490656, 488180.149520824546926 ], [ 121832.273997133961529, 488133.896612440003082 ], [ 121807.776409293946926, 488147.242313278256916 ], [ 121836.478806987099233, 488192.763950383930933 ], [ 121836.295989167396328, 488195.689035499177407 ] ] ] } },
{ "type": "Feature", "properties": { "sensor": "GASA-01-A1, GASA-01-A2, GASA-01-B en GASA-01-C", "time": "2025-08-20T15:56:00+02:00", "count_line": 294, "location": "IJBoulevard", "count_area": 1118.0, "countline_length": 20, "density": 0.78198695033332599, "flow": 14.7, "LoS": "LoS C" }, "geometry": { "type": "Polygon", "coordinates": [ [ [ 121836.295989167396328, 488195.689035499177407 ], [ 121857.685674072490656, 488180.149520824546926 ], [ 121832.273997133961529, 488133.896612440003082 ], [ 121807.776409293946926, 488147.242313278256916 ], [ 121836.478806987099233, 488192.763950383930933 ], [ 121836.295989167396328, 488195.689035499177407 ] ] ] } },
{ "type": "Feature", "properties": { "sensor": "GASA-01-A1, GASA-01-A2, GASA-01-B en GASA-01-C", "time": "2025-08-20T15:58:00+02:00", "count_line": 204, "location": "IJBoulevard", "count_area": 740.0, "countline_length": 20, "density": 0.51759422472867733, "flow": 10.2, "LoS": "LoS B" }, "geometry": { "type": "Polygon", "coordinates": [ [ [ 121836.295989167396328, 488195.689035499177407 ], [ 121857.685674072490656, 488180.149520824546926 ], [ 121832.273997133961529, 488133.896612440003082 ], [ 121807.776409293946926, 488147.242313278256916 ], [ 121836.478806987099233, 488192.763950383930933 ], [ 121836.295989167396328, 488195.689035499177407 ] ] ] } },
{ "type": "Feature", "properties": { "sensor": "GASA-01-A1, GASA-01-A2, GASA-01-B en GASA-01-C", "time": "2025-08-20T15:59:00+02:00", "count_line": 130, "location": "IJBoulevard", "count_area": 397.0, "countline_length": 20, "density": 0.27768230705038499, "flow": 6.5, "LoS": "LoS A" }, "geometry": { "type": "Polygon", "coordinates": [ [ [ 121836.295989167396328, 488195.689035499177407 ], [ 121857.685674072490656, 488180.149520824546926 ], [ 121832.273997133961529, 488133.896612440003082 ], [ 121807.776409293946926, 488147.242313278256916 ], [ 121836.478806987099233, 488192.763950383930933 ], [ 121836.295989167396328, 488195.689035499177407 ] ] ] } },
{ "type": "Feature", "properties": { "sensor": "GASA-01-A1, GASA-01-A2, GASA-01-B en GASA-01-C", "time": "2025-08-20T16:00:00+02:00", "count_line": 125, "location": "IJBoulevard", "count_area": 489.0, "countline_length": 20, "density": 0.34203185931395025, "flow": 6.25, "LoS": "LoS B" }, "geometry": { "type": "Polygon", "coordinates": [ [ [ 121836.295989167396328, 488195.689035499177407 ], [ 121857.685674072490656, 488180.149520824546926 ], [ 121832.273997133961529, 488133.896612440003082 ], [ 121807.776409293946926, 488147.242313278256916 ], [ 121836.478806987099233, 488192.763950383930933 ], [ 121836.295989167396328, 488195.689035499177407 ] ] ] } },
{ "type": "Feature", "properties": { "sensor": "GASA-01-A1, GASA-01-A2, GASA-01-B en GASA-01-C", "time": "2025-08-20T16:02:00+02:00", "count_line": 143, "location": "IJBoulevard", "count_area": 492.0, "countline_length": 20, "density": 0.34413021427906654, "flow": 7.15, "LoS": "LoS B" }, "geometry": { "type": "Polygon", "coordinates": [ [ [ 121836.295989167396328, 488195.689035499177407 ], [ 121857.685674072490656, 488180.149520824546926 ], [ 121832.273997133961529, 488133.896612440003082 ], [ 121807.776409293946926, 488147.242313278256916 ], [ 121836.478806987099233, 488192.763950383930933 ], [ 121836.295989167396328, 488195.689035499177407 ] ] ] } },
{ "type": "Feature", "properties": { "sensor": "GASA-01-A1, GASA-01-A2, GASA-01-B en GASA-01-C", "time": "2025-08-20T16:04:00+02:00", "count_line": 141, "location": "IJBoulevard", "count_area": 431.0, "countline_length": 20, "density": 0.3014636633217026, "flow": 7.05, "LoS": "LoS B" }, "geometry": { "type": "Polygon", "coordinates": [ [ [ 121836.295989167396328, 488195.689035499177407 ], [ 121857.685674072490656, 488180.149520824546926 ], [ 121832.273997133961529, 488133.896612440003082 ], [ 121807.776409293946926, 488147.242313278256916 ], [ 121836.478806987099233, 488192.763950383930933 ], [ 121836.295989167396328, 488195.689035499177407 ] ] ] } },
{ "type": "Feature", "properties": { "sensor": "GASA-01-A1, GASA-01-A2, GASA-01-B en GASA-01-C", "time": "2025-08-20T16:06:00+02:00", "count_line": 238, "location": "IJBoulevard", "count_area": 942.0, "countline_length": 20, "density": 0.65888345904650536, "flow": 11.9, "LoS": "LoS B" }, "geometry": { "type": "Polygon", "coordinates": [ [ [ 121836.295989167396328, 488195.689035499177407 ], [ 121857.685674072490656, 488180.149520824546926 ], [ 121832.273997133961529, 488133.896612440003082 ], [ 121807.776409293946926, 488147.242313278256916 ], [ 121836.478806987099233, 488192.763950383930933 ], [ 121836.295989167396328, 488195.689035499177407 ] ] ] } },
{ "type": "Feature", "properties": { "sensor": "GASA-01-A1, GASA-01-A2, GASA-01-B en GASA-01-C", "time": "2025-08-20T16:08:00+02:00", "count_line": 220, "location": "IJBoulevard", "count_area": 682.0, "countline_length": 20, "density": 0.47702602873642957, "flow": 11.0, "LoS": "LoS B" }, "geometry": { "type": "Polygon", "coordinates": [ [ [ 121836.295989167396328, 488195.689035499177407 ], [ 121857.685674072490656, 488180.149520824546926 ], [ 121832.273997133961529, 488133.896612440003082 ], [ 121807.776409293946926, 488147.242313278256916 ], [ 121836.478806987099233, 488192.763950383930933 ], [ 121836.295989167396328, 488195.689035499177407 ] ] ] } },
{ "type": "Feature", "properties": { "sensor": "GASA-01-A1, GASA-01-A2, GASA-01-B en GASA-01-C", "time": "2025-08-20T16:10:00+02:00", "count_line": 286, "location": "IJBoulevard", "count_area": 1141.0, "countline_length": 20, "density": 0.79807433839921726, "flow": 14.3, "LoS": "LoS C" }, "geometry": { "type": "Polygon", "coordinates": [ [ [ 121836.295989167396328, 488195.689035499177407 ], [ 121857.685674072490656, 488180.149520824546926 ], [ 121832.273997133961529, 488133.896612440003082 ], [ 121807.776409293946926, 488147.242313278256916 ], [ 121836.478806987099233, 488192.763950383930933 ], [ 121836.295989167396328, 488195.689035499177407 ] ] ] } },
{ "type": "Feature", "properties": { "sensor": "GASA-01-A1, GASA-01-A2, GASA-01-B en GASA-01-C", "time": "2025-08-20T16:11:00+02:00", "count_line": 5, "location": "IJBoulevard", "count_area": 18.0, "countline_length": 20, "density": 0.012590129790697555, "flow": 0.25, "LoS": "LoS A" }, "geometry": { "type": "Polygon", "coordinates": [ [ [ 121836.295989167396328, 488195.689035499177407 ], [ 121857.685674072490656, 488180.149520824546926 ], [ 121832.273997133961529, 488133.896612440003082 ], [ 121807.776409293946926, 488147.242313278256916 ], [ 121836.478806987099233, 488192.763950383930933 ], [ 121836.295989167396328, 488195.689035499177407 ] ] ] } },
{ "type": "Feature", "properties": { "sensor": "GASA-01-A1, GASA-01-A2, GASA-01-B en GASA-01-C", "time": "2025-08-20T16:12:00+02:00", "count_line": 141, "location": "IJBoulevard", "count_area": 444.0, "countline_length": 20, "density": 0.31055653483720635, "flow": 7.05, "LoS": "LoS B" }, "geometry": { "type": "Polygon", "coordinates": [ [ [ 121836.295989167396328, 488195.689035499177407 ], [ 121857.685674072490656, 488180.149520824546926 ], [ 121832.273997133961529, 488133.896612440003082 ], [ 121807.776409293946926, 488147.242313278256916 ], [ 121836.478806987099233, 488192.763950383930933 ], [ 121836.295989167396328, 488195.689035499177407 ] ] ] } },
{ "type": "Feature", "properties": { "sensor": "GASA-01-A1, GASA-01-A2, GASA-01-B en GASA-01-C", "time": "2025-08-20T16:13:00+02:00", "count_line": 3, "location": "IJBoulevard", "count_area": 11.0, "countline_length": 20, "density": 0.0076939682054262834, "flow": 0.15, "LoS": "LoS A" }, "geometry": { "type": "Polygon", "coordinates": [ [ [ 121836.295989167396328, 488195.689035499177407 ], [ 121857.685674072490656, 488180.149520824546926 ], [ 121832.273997133961529, 488133.896612440003082 ], [ 121807.776409293946926, 488147.242313278256916 ], [ 121836.478806987099233, 488192.763950383930933 ], [ 121836.295989167396328, 488195.689035499177407 ] ] ] } },
{ "type": "Feature", "properties": { "sensor": "GASA-01-A1, GASA-01-A2, GASA-01-B en GASA-01-C", "time": "2025-08-20T16:14:00+02:00", "count_line": 140, "location": "IJBoulevard", "count_area": 558.0, "countline_length": 20, "density": 0.39029402351162423, "flow": 7.0, "LoS": "LoS B" }, "geometry": { "type": "Polygon", "coordinates": [ [ [ 121836.295989167396328, 488195.689035499177407 ], [ 121857.685674072490656, 488180.149520824546926 ], [ 121832.273997133961529, 488133.896612440003082 ], [ 121807.776409293946926, 488147.242313278256916 ], [ 121836.478806987099233, 488192.763950383930933 ], [ 121836.295989167396328, 488195.689035499177407 ] ] ] } },
{ "type": "Feature", "properties": { "sensor": "GASA-01-A1, GASA-01-A2, GASA-01-B en GASA-01-C", "time": "2025-08-20T16:16:00+02:00", "count_line": 104, "location": "IJBoulevard", "count_area": 377.0, "countline_length": 20, "density": 0.2636932739496099, "flow": 5.2, "LoS": "LoS A" }, "geometry": { "type": "Polygon", "coordinates": [ [ [ 121836.295989167396328, 488195.689035499177407 ], [ 121857.685674072490656, 488180.149520824546926 ], [ 121832.273997133961529, 488133.896612440003082 ], [ 121807.776409293946926, 488147.242313278256916 ], [ 121836.478806987099233, 488192.763950383930933 ], [ 121836.295989167396328, 488195.689035499177407 ] ] ] } },
{ "type": "Feature", "properties": { "sensor": "GASA-01-A1, GASA-01-A2, GASA-01-B en GASA-01-C", "time": "2025-08-20T16:18:00+02:00", "count_line": 114, "location": "IJBoulevard", "count_area": 345.0, "countline_length": 20, "density": 0.24131082098836981, "flow": 5.7, "LoS": "LoS A" }, "geometry": { "type": "Polygon", "coordinates": [ [ [ 121836.295989167396328, 488195.689035499177407 ], [ 121857.685674072490656, 488180.149520824546926 ], [ 121832.273997133961529, 488133.896612440003082 ], [ 121807.776409293946926, 488147.242313278256916 ], [ 121836.478806987099233, 488192.763950383930933 ], [ 121836.295989167396328, 488195.689035499177407 ] ] ] } },
{ "type": "Feature", "properties": { "sensor": "GASA-01-A1, GASA-01-A2, GASA-01-B en GASA-01-C", "time": "2025-08-20T16:20:00+02:00", "count_line": 108, "location": "IJBoulevard", "count_area": 360.0, "countline_length": 20, "density": 0.25180259581395109, "flow": 5.4, "LoS": "LoS A" }, "geometry": { "type": "Polygon", "coordinates": [ [ [ 121836.295989167396328, 488195.689035499177407 ], [ 121857.685674072490656, 488180.149520824546926 ], [ 121832.273997133961529, 488133.896612440003082 ], [ 121807.776409293946926, 488147.242313278256916 ], [ 121836.478806987099233, 488192.763950383930933 ], [ 121836.295989167396328, 488195.689035499177407 ] ] ] } },
{ "type": "Feature", "properties": { "sensor": "GASA-01-A1, GASA-01-A2, GASA-01-B en GASA-01-C", "time": "2025-08-20T16:21:00+02:00", "count_line": 109, "location": "IJBoulevard", "count_area": 403.0, "countline_length": 20, "density": 0.28187901698061751, "flow": 5.45, "LoS": "LoS A" }, "geometry": { "type": "Polygon", "coordinates": [ [ [ 121836.295989167396328, 488195.689035499177407 ], [ 121857.685674072490656, 488180.149520824546926 ], [ 121832.273997133961529, 488133.896612440003082 ], [ 121807.776409293946926, 488147.242313278256916 ], [ 121836.478806987099233, 488192.763950383930933 ], [ 121836.295989167396328, 488195.689035499177407 ] ] ] } },
{ "type": "Feature", "properties": { "sensor": "GASA-01-A1, GASA-01-A2, GASA-01-B en GASA-01-C", "time": "2025-08-20T16:22:00+02:00", "count_line": 113, "location": "IJBoulevard", "count_area": 369.0, "countline_length": 20, "density": 0.2580976607092999, "flow": 5.65, "LoS": "LoS A" }, "geometry": { "type": "Polygon", "coordinates": [ [ [ 121836.295989167396328, 488195.689035499177407 ], [ 121857.685674072490656, 488180.149520824546926 ], [ 121832.273997133961529, 488133.896612440003082 ], [ 121807.776409293946926, 488147.242313278256916 ], [ 121836.478806987099233, 488192.763950383930933 ], [ 121836.295989167396328, 488195.689035499177407 ] ] ] } },
{ "type": "Feature", "properties": { "sensor": "GASA-01-A1, GASA-01-A2, GASA-01-B en GASA-01-C", "time": "2025-08-20T16:24:00+02:00", "count_line": 288, "location": "IJBoulevard", "count_area": 968.0, "countline_length": 20, "density": 0.67706920207751298, "flow": 14.4, "LoS": "LoS B" }, "geometry": { "type": "Polygon", "coordinates": [ [ [ 121836.295989167396328, 488195.689035499177407 ], [ 121857.685674072490656, 488180.149520824546926 ], [ 121832.273997133961529, 488133.896612440003082 ], [ 121807.776409293946926, 488147.242313278256916 ], [ 121836.478806987099233, 488192.763950383930933 ], [ 121836.295989167396328, 488195.689035499177407 ] ] ] } },
{ "type": "Feature", "properties": { "sensor": "GASA-01-A1, GASA-01-A2, GASA-01-B en GASA-01-C", "time": "2025-08-20T16:26:00+02:00", "count_line": 176, "location": "IJBoulevard", "count_area": 538.0, "countline_length": 20, "density": 0.37630499041084914, "flow": 8.8, "LoS": "LoS B" }, "geometry": { "type": "Polygon", "coordinates": [ [ [ 121836.295989167396328, 488195.689035499177407 ], [ 121857.685674072490656, 488180.149520824546926 ], [ 121832.273997133961529, 488133.896612440003082 ], [ 121807.776409293946926, 488147.242313278256916 ], [ 121836.478806987099233, 488192.763950383930933 ], [ 121836.295989167396328, 488195.689035499177407 ] ] ] } },
{ "type": "Feature", "properties": { "sensor": "GASA-01-A1, GASA-01-A2, GASA-01-B en GASA-01-C", "time": "2025-08-20T16:28:00+02:00", "count_line": 166, "location": "IJBoulevard", "count_area": 639.0, "countline_length": 20, "density": 0.44694960756976321, "flow": 8.3, "LoS": "LoS B" }, "geometry": { "type": "Polygon", "coordinates": [ [ [ 121836.295989167396328, 488195.689035499177407 ], [ 121857.685674072490656, 488180.149520824546926 ], [ 121832.273997133961529, 488133.896612440003082 ], [ 121807.776409293946926, 488147.242313278256916 ], [ 121836.478806987099233, 488192.763950383930933 ], [ 121836.295989167396328, 488195.689035499177407 ] ] ] } },
{ "type": "Feature", "properties": { "sensor": "GASA-02-01", "time": "2025-08-20T08:10:00+02:00", "count_line": -1, "location": "BrugOostertoegang1", "count_area": -1.0, "countline_length": 6, "density": -0.0068981722917292824, "flow": -0.16666666666666666, "LoS": "LoS A" }, "geometry": { "type": "Polygon", "coordinates": [ [ [ 122181.3203783420322, 487968.791498340782709 ], [ 122179.408072314792662, 487964.813901804154739 ], [ 122146.745885369702592, 487972.46312591311289 ], [ 122148.887668120209128, 487976.440722449740861 ], [ 122181.3203783420322, 487968.791498340782709 ] ] ] } },
{ "type": "Feature", "properties": { "sensor": "GASA-02-01", "time": "2025-08-20T08:11:00+02:00", "count_line": 3, "location": "BrugOostertoegang1", "count_area": 4.0, "countline_length": 6, "density": 0.02759268916691713, "flow": 0.5, "LoS": "LoS A" }, "geometry": { "type": "Polygon", "coordinates": [ [ [ 122181.3203783420322, 487968.791498340782709 ], [ 122179.408072314792662, 487964.813901804154739 ], [ 122146.745885369702592, 487972.46312591311289 ], [ 122148.887668120209128, 487976.440722449740861 ], [ 122181.3203783420322, 487968.791498340782709 ] ] ] } },
{ "type": "Feature", "properties": { "sensor": "GASA-02-01", "time": "2025-08-20T08:12:00+02:00", "count_line": 4, "location": "BrugOostertoegang1", "count_area": 7.0, "countline_length": 6, "density": 0.048287206042104978, "flow": 0.66666666666666663, "LoS": "LoS A" }, "geometry": { "type": "Polygon", "coordinates": [ [ [ 122181.3203783420322, 487968.791498340782709 ], [ 122179.408072314792662, 487964.813901804154739 ], [ 122146.745885369702592, 487972.46312591311289 ], [ 122148.887668120209128, 487976.440722449740861 ], [ 122181.3203783420322, 487968.791498340782709 ] ] ] } },
{ "type": "Feature", "properties": { "sensor": "GASA-02-01", "time": "2025-08-20T08:14:00+02:00", "count_line": 3, "location": "BrugOostertoegang1", "count_area": 4.0, "countline_length": 6, "density": 0.02759268916691713, "flow": 0.5, "LoS": "LoS A" }, "geometry": { "type": "Polygon", "coordinates": [ [ [ 122181.3203783420322, 487968.791498340782709 ], [ 122179.408072314792662, 487964.813901804154739 ], [ 122146.745885369702592, 487972.46312591311289 ], [ 122148.887668120209128, 487976.440722449740861 ], [ 122181.3203783420322, 487968.791498340782709 ] ] ] } },
{ "type": "Feature", "properties": { "sensor": "GASA-02-01", "time": "2025-08-20T08:15:00+02:00", "count_line": 3, "location": "BrugOostertoegang1", "count_area": 5.0, "countline_length": 6, "density": 0.03449086145864641, "flow": 0.5, "LoS": "LoS A" }, "geometry": { "type": "Polygon", "coordinates": [ [ [ 122181.3203783420322, 487968.791498340782709 ], [ 122179.408072314792662, 487964.813901804154739 ], [ 122146.745885369702592, 487972.46312591311289 ], [ 122148.887668120209128, 487976.440722449740861 ], [ 122181.3203783420322, 487968.791498340782709 ] ] ] } },
{ "type": "Feature", "properties": { "sensor": "GASA-02-01", "time": "2025-08-20T08:18:00+02:00", "count_line": 6, "location": "BrugOostertoegang1", "count_area": 10.0, "countline_length": 6, "density": 0.06898172291729282, "flow": 1.0, "LoS": "LoS A" }, "geometry": { "type": "Polygon", "coordinates": [ [ [ 122181.3203783420322, 487968.791498340782709 ], [ 122179.408072314792662, 487964.813901804154739 ], [ 122146.745885369702592, 487972.46312591311289 ], [ 122148.887668120209128, 487976.440722449740861 ], [ 122181.3203783420322, 487968.791498340782709 ] ] ] } },
{ "type": "Feature", "properties": { "sensor": "GASA-02-01", "time": "2025-08-20T08:21:00+02:00", "count_line": 4, "location": "BrugOostertoegang1", "count_area": 6.0, "countline_length": 6, "density": 0.041389033750375691, "flow": 0.66666666666666663, "LoS": "LoS A" }, "geometry": { "type": "Polygon", "coordinates": [ [ [ 122181.3203783420322, 487968.791498340782709 ], [ 122179.408072314792662, 487964.813901804154739 ], [ 122146.745885369702592, 487972.46312591311289 ], [ 122148.887668120209128, 487976.440722449740861 ], [ 122181.3203783420322, 487968.791498340782709 ] ] ] } },
{ "type": "Feature", "properties": { "sensor": "GASA-02-01", "time": "2025-08-20T08:23:00+02:00", "count_line": 12, "location": "BrugOostertoegang1", "count_area": 19.0, "countline_length": 6, "density": 0.13106527354285635, "flow": 2.0, "LoS": "LoS A" }, "geometry": { "type": "Polygon", "coordinates": [ [ [ 122181.3203783420322, 487968.791498340782709 ], [ 122179.408072314792662, 487964.813901804154739 ], [ 122146.745885369702592, 487972.46312591311289 ], [ 122148.887668120209128, 487976.440722449740861 ], [ 122181.3203783420322, 487968.791498340782709 ] ] ] } },
{ "type": "Feature", "properties": { "sensor": "GASA-02-01", "time": "2025-08-20T08:27:00+02:00", "count_line": -1, "location": "BrugOostertoegang1", "count_area": -1.0, "countline_length": 6, "density": -0.0068981722917292824, "flow": -0.16666666666666666, "LoS": "LoS A" }, "geometry": { "type": "Polygon", "coordinates": [ [ [ 122181.3203783420322, 487968.791498340782709 ], [ 122179.408072314792662, 487964.813901804154739 ], [ 122146.745885369702592, 487972.46312591311289 ], [ 122148.887668120209128, 487976.440722449740861 ], [ 122181.3203783420322, 487968.791498340782709 ] ] ] } },
{ "type": "Feature", "properties": { "sensor": "GASA-02-01", "time": "2025-08-20T08:28:00+02:00", "count_line": 3, "location": "BrugOostertoegang1", "count_area": 5.0, "countline_length": 6, "density": 0.03449086145864641, "flow": 0.5, "LoS": "LoS A" }, "geometry": { "type": "Polygon", "coordinates": [ [ [ 122181.3203783420322, 487968.791498340782709 ], [ 122179.408072314792662, 487964.813901804154739 ], [ 122146.745885369702592, 487972.46312591311289 ], [ 122148.887668120209128, 487976.440722449740861 ], [ 122181.3203783420322, 487968.791498340782709 ] ] ] } },
{ "type": "Feature", "properties": { "sensor": "GASA-02-01", "time": "2025-08-20T08:29:00+02:00", "count_line": 2, "location": "BrugOostertoegang1", "count_area": 3.0, "countline_length": 6, "density": 0.020694516875187845, "flow": 0.33333333333333331, "LoS": "LoS A" }, "geometry": { "type": "Polygon", "coordinates": [ [ [ 122181.3203783420322, 487968.791498340782709 ], [ 122179.408072314792662, 487964.813901804154739 ], [ 122146.745885369702592, 487972.46312591311289 ], [ 122148.887668120209128, 487976.440722449740861 ], [ 122181.3203783420322, 487968.791498340782709 ] ] ] } },
{ "type": "Feature", "properties": { "sensor": "GASA-02-01", "time": "2025-08-20T08:31:00+02:00", "count_line": 8, "location": "BrugOostertoegang1", "count_area": 15.0, "countline_length": 6, "density": 0.10347258437593923, "flow": 1.3333333333333333, "LoS": "LoS A" }, "geometry": { "type": "Polygon", "coordinates": [ [ [ 122181.3203783420322, 487968.791498340782709 ], [ 122179.408072314792662, 487964.813901804154739 ], [ 122146.745885369702592, 487972.46312591311289 ], [ 122148.887668120209128, 487976.440722449740861 ], [ 122181.3203783420322, 487968.791498340782709 ] ] ] } },
{ "type": "Feature", "properties": { "sensor": "GASA-02-01", "time": "2025-08-20T08:35:00+02:00", "count_line": 1, "location": "BrugOostertoegang1", "count_area": 1.0, "countline_length": 6, "density": 0.0068981722917292824, "flow": 0.16666666666666666, "LoS": "LoS A" }, "geometry": { "type": "Polygon", "coordinates": [ [ [ 122181.3203783420322, 487968.791498340782709 ], [ 122179.408072314792662, 487964.813901804154739 ], [ 122146.745885369702592, 487972.46312591311289 ], [ 122148.887668120209128, 487976.440722449740861 ], [ 122181.3203783420322, 487968.791498340782709 ] ] ] } },
{ "type": "Feature", "properties": { "sensor": "GASA-02-01", "time": "2025-08-20T08:36:00+02:00", "count_line": 0, "location": "BrugOostertoegang1", "count_area": 0.0, "countline_length": 6, "density": 0.0, "flow": 0.0, "LoS": "LoS A" }, "geometry": { "type": "Polygon", "coordinates": [ [ [ 122181.3203783420322, 487968.791498340782709 ], [ 122179.408072314792662, 487964.813901804154739 ], [ 122146.745885369702592, 487972.46312591311289 ], [ 122148.887668120209128, 487976.440722449740861 ], [ 122181.3203783420322, 487968.791498340782709 ] ] ] } },
{ "type": "Feature", "properties": { "sensor": "GASA-02-01", "time": "2025-08-20T08:38:00+02:00", "count_line": 3, "location": "BrugOostertoegang1", "count_area": 5.0, "countline_length": 6, "density": 0.03449086145864641, "flow": 0.5, "LoS": "LoS A" }, "geometry": { "type": "Polygon", "coordinates": [ [ [ 122181.3203783420322, 487968.791498340782709 ], [ 122179.408072314792662, 487964.813901804154739 ], [ 122146.745885369702592, 487972.46312591311289 ], [ 122148.887668120209128, 487976.440722449740861 ], [ 122181.3203783420322, 487968.791498340782709 ] ] ] } },
{ "type": "Feature", "properties": { "sensor": "GASA-02-01", "time": "2025-08-20T08:39:00+02:00", "count_line": 3, "location": "BrugOostertoegang1", "count_area": 5.0, "countline_length": 6, "density": 0.03449086145864641, "flow": 0.5, "LoS": "LoS A" }, "geometry": { "type": "Polygon", "coordinates": [ [ [ 122181.3203783420322, 487968.791498340782709 ], [ 122179.408072314792662, 487964.813901804154739 ], [ 122146.745885369702592, 487972.46312591311289 ], [ 122148.887668120209128, 487976.440722449740861 ], [ 122181.3203783420322, 487968.791498340782709 ] ] ] } },
{ "type": "Feature", "properties": { "sensor": "GASA-02-01", "time": "2025-08-20T08:40:00+02:00", "count_line": 7, "location": "BrugOostertoegang1", "count_area": 11.0, "countline_length": 6, "density": 0.075879895209022108, "flow": 1.1666666666666667, "LoS": "LoS A" }, "geometry": { "type": "Polygon", "coordinates": [ [ [ 122181.3203783420322, 487968.791498340782709 ], [ 122179.408072314792662, 487964.813901804154739 ], [ 122146.745885369702592, 487972.46312591311289 ], [ 122148.887668120209128, 487976.440722449740861 ], [ 122181.3203783420322, 487968.791498340782709 ] ] ] } },
{ "type": "Feature", "properties": { "sensor": "GASA-02-01", "time": "2025-08-20T08:41:00+02:00", "count_line": 3, "location": "BrugOostertoegang1", "count_area": 5.0, "countline_length": 6, "density": 0.03449086145864641, "flow": 0.5, "LoS": "LoS A" }, "geometry": { "type": "Polygon", "coordinates": [ [ [ 122181.3203783420322, 487968.791498340782709 ], [ 122179.408072314792662, 487964.813901804154739 ], [ 122146.745885369702592, 487972.46312591311289 ], [ 122148.887668120209128, 487976.440722449740861 ], [ 122181.3203783420322, 487968.791498340782709 ] ] ] } },
{ "type": "Feature", "properties": { "sensor": "GASA-02-01", "time": "2025-08-20T08:42:00+02:00", "count_line": 1, "location": "BrugOostertoegang1", "count_area": 1.0, "countline_length": 6, "density": 0.0068981722917292824, "flow": 0.16666666666666666, "LoS": "LoS A" }, "geometry": { "type": "Polygon", "coordinates": [ [ [ 122181.3203783420322, 487968.791498340782709 ], [ 122179.408072314792662, 487964.813901804154739 ], [ 122146.745885369702592, 487972.46312591311289 ], [ 122148.887668120209128, 487976.440722449740861 ], [ 122181.3203783420322, 487968.791498340782709 ] ] ] } },
{ "type": "Feature", "properties": { "sensor": "GASA-02-01", "time": "2025-08-20T08:44:00+02:00", "count_line": 2, "location": "BrugOostertoegang1", "count_area": 3.0, "countline_length": 6, "density": 0.020694516875187845, "flow": 0.33333333333333331, "LoS": "LoS A" }, "geometry": { "type": "Polygon", "coordinates": [ [ [ 122181.3203783420322, 487968.791498340782709 ], [ 122179.408072314792662, 487964.813901804154739 ], [ 122146.745885369702592, 487972.46312591311289 ], [ 122148.887668120209128, 487976.440722449740861 ], [ 122181.3203783420322, 487968.791498340782709 ] ] ] } },
{ "type": "Feature", "properties": { "sensor": "GASA-02-01", "time": "2025-08-20T08:45:00+02:00", "count_line": 9, "location": "BrugOostertoegang1", "count_area": 17.0, "countline_length": 6, "density": 0.11726892895939779, "flow": 1.5, "LoS": "LoS A" }, "geometry": { "type": "Polygon", "coordinates": [ [ [ 122181.3203783420322, 487968.791498340782709 ], [ 122179.408072314792662, 487964.813901804154739 ], [ 122146.745885369702592, 487972.46312591311289 ], [ 122148.887668120209128, 487976.440722449740861 ], [ 122181.3203783420322, 487968.791498340782709 ] ] ] } },
{ "type": "Feature", "properties": { "sensor": "GASA-02-01", "time": "2025-08-20T08:48:00+02:00", "count_line": 4, "location": "BrugOostertoegang1", "count_area": 7.0, "countline_length": 6, "density": 0.048287206042104978, "flow": 0.66666666666666663, "LoS": "LoS A" }, "geometry": { "type": "Polygon", "coordinates": [ [ [ 122181.3203783420322, 487968.791498340782709 ], [ 122179.408072314792662, 487964.813901804154739 ], [ 122146.745885369702592, 487972.46312591311289 ], [ 122148.887668120209128, 487976.440722449740861 ], [ 122181.3203783420322, 487968.791498340782709 ] ] ] } },
{ "type": "Feature", "properties": { "sensor": "GASA-02-01", "time": "2025-08-20T08:49:00+02:00", "count_line": 4, "location": "BrugOostertoegang1", "count_area": 7.0, "countline_length": 6, "density": 0.048287206042104978, "flow": 0.66666666666666663, "LoS": "LoS A" }, "geometry": { "type": "Polygon", "coordinates": [ [ [ 122181.3203783420322, 487968.791498340782709 ], [ 122179.408072314792662, 487964.813901804154739 ], [ 122146.745885369702592, 487972.46312591311289 ], [ 122148.887668120209128, 487976.440722449740861 ], [ 122181.3203783420322, 487968.791498340782709 ] ] ] } },
{ "type": "Feature", "properties": { "sensor": "GASA-02-01", "time": "2025-08-20T08:50:00+02:00", "count_line": 1, "location": "BrugOostertoegang1", "count_area": 1.0, "countline_length": 6, "density": 0.0068981722917292824, "flow": 0.16666666666666666, "LoS": "LoS A" }, "geometry": { "type": "Polygon", "coordinates": [ [ [ 122181.3203783420322, 487968.791498340782709 ], [ 122179.408072314792662, 487964.813901804154739 ], [ 122146.745885369702592, 487972.46312591311289 ], [ 122148.887668120209128, 487976.440722449740861 ], [ 122181.3203783420322, 487968.791498340782709 ] ] ] } },
{ "type": "Feature", "properties": { "sensor": "GASA-02-01", "time": "2025-08-20T08:51:00+02:00", "count_line": 2, "location": "BrugOostertoegang1", "count_area": 3.0, "countline_length": 6, "density": 0.020694516875187845, "flow": 0.33333333333333331, "LoS": "LoS A" }, "geometry": { "type": "Polygon", "coordinates": [ [ [ 122181.3203783420322, 487968.791498340782709 ], [ 122179.408072314792662, 487964.813901804154739 ], [ 122146.745885369702592, 487972.46312591311289 ], [ 122148.887668120209128, 487976.440722449740861 ], [ 122181.3203783420322, 487968.791498340782709 ] ] ] } },
{ "type": "Feature", "properties": { "sensor": "GASA-02-01", "time": "2025-08-20T08:54:00+02:00", "count_line": 6, "location": "BrugOostertoegang1", "count_area": 11.0, "countline_length": 6, "density": 0.075879895209022108, "flow": 1.0, "LoS": "LoS A" }, "geometry": { "type": "Polygon", "coordinates": [ [ [ 122181.3203783420322, 487968.791498340782709 ], [ 122179.408072314792662, 487964.813901804154739 ], [ 122146.745885369702592, 487972.46312591311289 ], [ 122148.887668120209128, 487976.440722449740861 ], [ 122181.3203783420322, 487968.791498340782709 ] ] ] } },
{ "type": "Feature", "properties": { "sensor": "GASA-02-01", "time": "2025-08-20T08:55:00+02:00", "count_line": 0, "location": "BrugOostertoegang1", "count_area": 0.0, "countline_length": 6, "density": 0.0, "flow": 0.0, "LoS": "LoS A" }, "geometry": { "type": "Polygon", "coordinates": [ [ [ 122181.3203783420322, 487968.791498340782709 ], [ 122179.408072314792662, 487964.813901804154739 ], [ 122146.745885369702592, 487972.46312591311289 ], [ 122148.887668120209128, 487976.440722449740861 ], [ 122181.3203783420322, 487968.791498340782709 ] ] ] } },
{ "type": "Feature", "properties": { "sensor": "GASA-02-01", "time": "2025-08-20T08:59:00+02:00", "count_line": -1, "location": "BrugOostertoegang1", "count_area": -1.0, "countline_length": 6, "density": -0.0068981722917292824, "flow": -0.16666666666666666, "LoS": "LoS A" }, "geometry": { "type": "Polygon", "coordinates": [ [ [ 122181.3203783420322, 487968.791498340782709 ], [ 122179.408072314792662, 487964.813901804154739 ], [ 122146.745885369702592, 487972.46312591311289 ], [ 122148.887668120209128, 487976.440722449740861 ], [ 122181.3203783420322, 487968.791498340782709 ] ] ] } },
{ "type": "Feature", "properties": { "sensor": "GASA-02-01", "time": "2025-08-20T09:00:00+02:00", "count_line": 2, "location": "BrugOostertoegang1", "count_area": 3.0, "countline_length": 6, "density": 0.020694516875187845, "flow": 0.33333333333333331, "LoS": "LoS A" }, "geometry": { "type": "Polygon", "coordinates": [ [ [ 122181.3203783420322, 487968.791498340782709 ], [ 122179.408072314792662, 487964.813901804154739 ], [ 122146.745885369702592, 487972.46312591311289 ], [ 122148.887668120209128, 487976.440722449740861 ], [ 122181.3203783420322, 487968.791498340782709 ] ] ] } },
{ "type": "Feature", "properties": { "sensor": "GASA-02-01", "time": "2025-08-20T09:01:00+02:00", "count_line": 3, "location": "BrugOostertoegang1", "count_area": 5.0, "countline_length": 6, "density": 0.03449086145864641, "flow": 0.5, "LoS": "LoS A" }, "geometry": { "type": "Polygon", "coordinates": [ [ [ 122181.3203783420322, 487968.791498340782709 ], [ 122179.408072314792662, 487964.813901804154739 ], [ 122146.745885369702592, 487972.46312591311289 ], [ 122148.887668120209128, 487976.440722449740861 ], [ 122181.3203783420322, 487968.791498340782709 ] ] ] } },
{ "type": "Feature", "properties": { "sensor": "GASA-02-01", "time": "2025-08-20T09:02:00+02:00", "count_line": 3, "location": "BrugOostertoegang1", "count_area": 5.0, "countline_length": 6, "density": 0.03449086145864641, "flow": 0.5, "LoS": "LoS A" }, "geometry": { "type": "Polygon", "coordinates": [ [ [ 122181.3203783420322, 487968.791498340782709 ], [ 122179.408072314792662, 487964.813901804154739 ], [ 122146.745885369702592, 487972.46312591311289 ], [ 122148.887668120209128, 487976.440722449740861 ], [ 122181.3203783420322, 487968.791498340782709 ] ] ] } },
{ "type": "Feature", "properties": { "sensor": "GASA-02-01", "time": "2025-08-20T09:04:00+02:00", "count_line": 0, "location": "BrugOostertoegang1", "count_area": 0.0, "countline_length": 6, "density": 0.0, "flow": 0.0, "LoS": "LoS A" }, "geometry": { "type": "Polygon", "coordinates": [ [ [ 122181.3203783420322, 487968.791498340782709 ], [ 122179.408072314792662, 487964.813901804154739 ], [ 122146.745885369702592, 487972.46312591311289 ], [ 122148.887668120209128, 487976.440722449740861 ], [ 122181.3203783420322, 487968.791498340782709 ] ] ] } },
{ "type": "Feature", "properties": { "sensor": "GASA-02-01", "time": "2025-08-20T09:06:00+02:00", "count_line": 12, "location": "BrugOostertoegang1", "count_area": 22.0, "countline_length": 6, "density": 0.15175979041804422, "flow": 2.0, "LoS": "LoS A" }, "geometry": { "type": "Polygon", "coordinates": [ [ [ 122181.3203783420322, 487968.791498340782709 ], [ 122179.408072314792662, 487964.813901804154739 ], [ 122146.745885369702592, 487972.46312591311289 ], [ 122148.887668120209128, 487976.440722449740861 ], [ 122181.3203783420322, 487968.791498340782709 ] ] ] } },
{ "type": "Feature", "properties": { "sensor": "GASA-02-01", "time": "2025-08-20T09:10:00+02:00", "count_line": 2, "location": "BrugOostertoegang1", "count_area": 3.0, "countline_length": 6, "density": 0.020694516875187845, "flow": 0.33333333333333331, "LoS": "LoS A" }, "geometry": { "type": "Polygon", "coordinates": [ [ [ 122181.3203783420322, 487968.791498340782709 ], [ 122179.408072314792662, 487964.813901804154739 ], [ 122146.745885369702592, 487972.46312591311289 ], [ 122148.887668120209128, 487976.440722449740861 ], [ 122181.3203783420322, 487968.791498340782709 ] ] ] } },
{ "type": "Feature", "properties": { "sensor": "GASA-02-01", "time": "2025-08-20T09:11:00+02:00", "count_line": 2, "location": "BrugOostertoegang1", "count_area": 3.0, "countline_length": 6, "density": 0.020694516875187845, "flow": 0.33333333333333331, "LoS": "LoS A" }, "geometry": { "type": "Polygon", "coordinates": [ [ [ 122181.3203783420322, 487968.791498340782709 ], [ 122179.408072314792662, 487964.813901804154739 ], [ 122146.745885369702592, 487972.46312591311289 ], [ 122148.887668120209128, 487976.440722449740861 ], [ 122181.3203783420322, 487968.791498340782709 ] ] ] } },
{ "type": "Feature", "properties": { "sensor": "GASA-02-01", "time": "2025-08-20T09:13:00+02:00", "count_line": 12, "location": "BrugOostertoegang1", "count_area": 22.0, "countline_length": 6, "density": 0.15175979041804422, "flow": 2.0, "LoS": "LoS A" }, "geometry": { "type": "Polygon", "coordinates": [ [ [ 122181.3203783420322, 487968.791498340782709 ], [ 122179.408072314792662, 487964.813901804154739 ], [ 122146.745885369702592, 487972.46312591311289 ], [ 122148.887668120209128, 487976.440722449740861 ], [ 122181.3203783420322, 487968.791498340782709 ] ] ] } },
{ "type": "Feature", "properties": { "sensor": "GASA-02-01", "time": "2025-08-20T09:17:00+02:00", "count_line": 3, "location": "BrugOostertoegang1", "count_area": 5.0, "countline_length": 6, "density": 0.03449086145864641, "flow": 0.5, "LoS": "LoS A" }, "geometry": { "type": "Polygon", "coordinates": [ [ [ 122181.3203783420322, 487968.791498340782709 ], [ 122179.408072314792662, 487964.813901804154739 ], [ 122146.745885369702592, 487972.46312591311289 ], [ 122148.887668120209128, 487976.440722449740861 ], [ 122181.3203783420322, 487968.791498340782709 ] ] ] } },
{ "type": "Feature", "properties": { "sensor": "GASA-02-01", "time": "2025-08-20T09:18:00+02:00", "count_line": 0, "location": "BrugOostertoegang1", "count_area": 0.0, "countline_length": 6, "density": 0.0, "flow": 0.0, "LoS": "LoS A" }, "geometry": { "type": "Polygon", "coordinates": [ [ [ 122181.3203783420322, 487968.791498340782709 ], [ 122179.408072314792662, 487964.813901804154739 ], [ 122146.745885369702592, 487972.46312591311289 ], [ 122148.887668120209128, 487976.440722449740861 ], [ 122181.3203783420322, 487968.791498340782709 ] ] ] } },
{ "type": "Feature", "properties": { "sensor": "GASA-02-01", "time": "2025-08-20T09:20:00+02:00", "count_line": 2, "location": "BrugOostertoegang1", "count_area": 3.0, "countline_length": 6, "density": 0.020694516875187845, "flow": 0.33333333333333331, "LoS": "LoS A" }, "geometry": { "type": "Polygon", "coordinates": [ [ [ 122181.3203783420322, 487968.791498340782709 ], [ 122179.408072314792662, 487964.813901804154739 ], [ 122146.745885369702592, 487972.46312591311289 ], [ 122148.887668120209128, 487976.440722449740861 ], [ 122181.3203783420322, 487968.791498340782709 ] ] ] } },
{ "type": "Feature", "properties": { "sensor": "GASA-02-01", "time": "2025-08-20T09:21:00+02:00", "count_line": 5, "location": "BrugOostertoegang1", "count_area": 7.0, "countline_length": 6, "density": 0.048287206042104978, "flow": 0.83333333333333337, "LoS": "LoS A" }, "geometry": { "type": "Polygon", "coordinates": [ [ [ 122181.3203783420322, 487968.791498340782709 ], [ 122179.408072314792662, 487964.813901804154739 ], [ 122146.745885369702592, 487972.46312591311289 ], [ 122148.887668120209128, 487976.440722449740861 ], [ 122181.3203783420322, 487968.791498340782709 ] ] ] } },
{ "type": "Feature", "properties": { "sensor": "GASA-02-01", "time": "2025-08-20T09:22:00+02:00", "count_line": 1, "location": "BrugOostertoegang1", "count_area": 1.0, "countline_length": 6, "density": 0.0068981722917292824, "flow": 0.16666666666666666, "LoS": "LoS A" }, "geometry": { "type": "Polygon", "coordinates": [ [ [ 122181.3203783420322, 487968.791498340782709 ], [ 122179.408072314792662, 487964.813901804154739 ], [ 122146.745885369702592, 487972.46312591311289 ], [ 122148.887668120209128, 487976.440722449740861 ], [ 122181.3203783420322, 487968.791498340782709 ] ] ] } },
{ "type": "Feature", "properties": { "sensor": "GASA-02-01", "time": "2025-08-20T09:24:00+02:00", "count_line": 0, "location": "BrugOostertoegang1", "count_area": 0.0, "countline_length": 6, "density": 0.0, "flow": 0.0, "LoS": "LoS A" }, "geometry": { "type": "Polygon", "coordinates": [ [ [ 122181.3203783420322, 487968.791498340782709 ], [ 122179.408072314792662, 487964.813901804154739 ], [ 122146.745885369702592, 487972.46312591311289 ], [ 122148.887668120209128, 487976.440722449740861 ], [ 122181.3203783420322, 487968.791498340782709 ] ] ] } },
{ "type": "Feature", "properties": { "sensor": "GASA-02-01", "time": "2025-08-20T09:25:00+02:00", "count_line": 0, "location": "BrugOostertoegang1", "count_area": 0.0, "countline_length": 6, "density": 0.0, "flow": 0.0, "LoS": "LoS A" }, "geometry": { "type": "Polygon", "coordinates": [ [ [ 122181.3203783420322, 487968.791498340782709 ], [ 122179.408072314792662, 487964.813901804154739 ], [ 122146.745885369702592, 487972.46312591311289 ], [ 122148.887668120209128, 487976.440722449740861 ], [ 122181.3203783420322, 487968.791498340782709 ] ] ] } },
{ "type": "Feature", "properties": { "sensor": "GASA-02-01", "time": "2025-08-20T09:26:00+02:00", "count_line": 2, "location": "BrugOostertoegang1", "count_area": 3.0, "countline_length": 6, "density": 0.020694516875187845, "flow": 0.33333333333333331, "LoS": "LoS A" }, "geometry": { "type": "Polygon", "coordinates": [ [ [ 122181.3203783420322, 487968.791498340782709 ], [ 122179.408072314792662, 487964.813901804154739 ], [ 122146.745885369702592, 487972.46312591311289 ], [ 122148.887668120209128, 487976.440722449740861 ], [ 122181.3203783420322, 487968.791498340782709 ] ] ] } },
{ "type": "Feature", "properties": { "sensor": "GASA-02-01", "time": "2025-08-20T09:27:00+02:00", "count_line": 4, "location": "BrugOostertoegang1", "count_area": 6.0, "countline_length": 6, "density": 0.041389033750375691, "flow": 0.66666666666666663, "LoS": "LoS A" }, "geometry": { "type": "Polygon", "coordinates": [ [ [ 122181.3203783420322, 487968.791498340782709 ], [ 122179.408072314792662, 487964.813901804154739 ], [ 122146.745885369702592, 487972.46312591311289 ], [ 122148.887668120209128, 487976.440722449740861 ], [ 122181.3203783420322, 487968.791498340782709 ] ] ] } },
{ "type": "Feature", "properties": { "sensor": "GASA-02-01", "time": "2025-08-20T09:28:00+02:00", "count_line": 2, "location": "BrugOostertoegang1", "count_area": 3.0, "countline_length": 6, "density": 0.020694516875187845, "flow": 0.33333333333333331, "LoS": "LoS A" }, "geometry": { "type": "Polygon", "coordinates": [ [ [ 122181.3203783420322, 487968.791498340782709 ], [ 122179.408072314792662, 487964.813901804154739 ], [ 122146.745885369702592, 487972.46312591311289 ], [ 122148.887668120209128, 487976.440722449740861 ], [ 122181.3203783420322, 487968.791498340782709 ] ] ] } },
{ "type": "Feature", "properties": { "sensor": "GASA-02-01", "time": "2025-08-20T09:29:00+02:00", "count_line": 15, "location": "BrugOostertoegang1", "count_area": 28.0, "countline_length": 6, "density": 0.19314882416841991, "flow": 2.5, "LoS": "LoS A" }, "geometry": { "type": "Polygon", "coordinates": [ [ [ 122181.3203783420322, 487968.791498340782709 ], [ 122179.408072314792662, 487964.813901804154739 ], [ 122146.745885369702592, 487972.46312591311289 ], [ 122148.887668120209128, 487976.440722449740861 ], [ 122181.3203783420322, 487968.791498340782709 ] ] ] } },
{ "type": "Feature", "properties": { "sensor": "GASA-02-01", "time": "2025-08-20T09:32:00+02:00", "count_line": 1, "location": "BrugOostertoegang1", "count_area": 1.0, "countline_length": 6, "density": 0.0068981722917292824, "flow": 0.16666666666666666, "LoS": "LoS A" }, "geometry": { "type": "Polygon", "coordinates": [ [ [ 122181.3203783420322, 487968.791498340782709 ], [ 122179.408072314792662, 487964.813901804154739 ], [ 122146.745885369702592, 487972.46312591311289 ], [ 122148.887668120209128, 487976.440722449740861 ], [ 122181.3203783420322, 487968.791498340782709 ] ] ] } },
{ "type": "Feature", "properties": { "sensor": "GASA-02-01", "time": "2025-08-20T09:34:00+02:00", "count_line": 4, "location": "BrugOostertoegang1", "count_area": 6.0, "countline_length": 6, "density": 0.041389033750375691, "flow": 0.66666666666666663, "LoS": "LoS A" }, "geometry": { "type": "Polygon", "coordinates": [ [ [ 122181.3203783420322, 487968.791498340782709 ], [ 122179.408072314792662, 487964.813901804154739 ], [ 122146.745885369702592, 487972.46312591311289 ], [ 122148.887668120209128, 487976.440722449740861 ], [ 122181.3203783420322, 487968.791498340782709 ] ] ] } },
{ "type": "Feature", "properties": { "sensor": "GASA-02-01", "time": "2025-08-20T09:35:00+02:00", "count_line": -1, "location": "BrugOostertoegang1", "count_area": -1.0, "countline_length": 6, "density": -0.0068981722917292824, "flow": -0.16666666666666666, "LoS": "LoS A" }, "geometry": { "type": "Polygon", "coordinates": [ [ [ 122181.3203783420322, 487968.791498340782709 ], [ 122179.408072314792662, 487964.813901804154739 ], [ 122146.745885369702592, 487972.46312591311289 ], [ 122148.887668120209128, 487976.440722449740861 ], [ 122181.3203783420322, 487968.791498340782709 ] ] ] } },
{ "type": "Feature", "properties": { "sensor": "GASA-02-01", "time": "2025-08-20T09:36:00+02:00", "count_line": 2, "location": "BrugOostertoegang1", "count_area": 3.0, "countline_length": 6, "density": 0.020694516875187845, "flow": 0.33333333333333331, "LoS": "LoS A" }, "geometry": { "type": "Polygon", "coordinates": [ [ [ 122181.3203783420322, 487968.791498340782709 ], [ 122179.408072314792662, 487964.813901804154739 ], [ 122146.745885369702592, 487972.46312591311289 ], [ 122148.887668120209128, 487976.440722449740861 ], [ 122181.3203783420322, 487968.791498340782709 ] ] ] } },
{ "type": "Feature", "properties": { "sensor": "GASA-02-01", "time": "2025-08-20T09:37:00+02:00", "count_line": -3, "location": "BrugOostertoegang1", "count_area": -5.0, "countline_length": 6, "density": -0.03449086145864641, "flow": -0.5, "LoS": "LoS A" }, "geometry": { "type": "Polygon", "coordinates": [ [ [ 122181.3203783420322, 487968.791498340782709 ], [ 122179.408072314792662, 487964.813901804154739 ], [ 122146.745885369702592, 487972.46312591311289 ], [ 122148.887668120209128, 487976.440722449740861 ], [ 122181.3203783420322, 487968.791498340782709 ] ] ] } },
{ "type": "Feature", "properties": { "sensor": "GASA-02-01", "time": "2025-08-20T09:40:00+02:00", "count_line": 4, "location": "BrugOostertoegang1", "count_area": 7.0, "countline_length": 6, "density": 0.048287206042104978, "flow": 0.66666666666666663, "LoS": "LoS A" }, "geometry": { "type": "Polygon", "coordinates": [ [ [ 122181.3203783420322, 487968.791498340782709 ], [ 122179.408072314792662, 487964.813901804154739 ], [ 122146.745885369702592, 487972.46312591311289 ], [ 122148.887668120209128, 487976.440722449740861 ], [ 122181.3203783420322, 487968.791498340782709 ] ] ] } },
{ "type": "Feature", "properties": { "sensor": "GASA-02-01", "time": "2025-08-20T09:41:00+02:00", "count_line": 8, "location": "BrugOostertoegang1", "count_area": 15.0, "countline_length": 6, "density": 0.10347258437593923, "flow": 1.3333333333333333, "LoS": "LoS A" }, "geometry": { "type": "Polygon", "coordinates": [ [ [ 122181.3203783420322, 487968.791498340782709 ], [ 122179.408072314792662, 487964.813901804154739 ], [ 122146.745885369702592, 487972.46312591311289 ], [ 122148.887668120209128, 487976.440722449740861 ], [ 122181.3203783420322, 487968.791498340782709 ] ] ] } },
{ "type": "Feature", "properties": { "sensor": "GASA-02-01", "time": "2025-08-20T09:42:00+02:00", "count_line": 2, "location": "BrugOostertoegang1", "count_area": 3.0, "countline_length": 6, "density": 0.020694516875187845, "flow": 0.33333333333333331, "LoS": "LoS A" }, "geometry": { "type": "Polygon", "coordinates": [ [ [ 122181.3203783420322, 487968.791498340782709 ], [ 122179.408072314792662, 487964.813901804154739 ], [ 122146.745885369702592, 487972.46312591311289 ], [ 122148.887668120209128, 487976.440722449740861 ], [ 122181.3203783420322, 487968.791498340782709 ] ] ] } },
{ "type": "Feature", "properties": { "sensor": "GASA-02-01", "time": "2025-08-20T09:43:00+02:00", "count_line": 12, "location": "BrugOostertoegang1", "count_area": 22.0, "countline_length": 6, "density": 0.15175979041804422, "flow": 2.0, "LoS": "LoS A" }, "geometry": { "type": "Polygon", "coordinates": [ [ [ 122181.3203783420322, 487968.791498340782709 ], [ 122179.408072314792662, 487964.813901804154739 ], [ 122146.745885369702592, 487972.46312591311289 ], [ 122148.887668120209128, 487976.440722449740861 ], [ 122181.3203783420322, 487968.791498340782709 ] ] ] } },
{ "type": "Feature", "properties": { "sensor": "GASA-02-01", "time": "2025-08-20T09:45:00+02:00", "count_line": 2, "location": "BrugOostertoegang1", "count_area": 3.0, "countline_length": 6, "density": 0.020694516875187845, "flow": 0.33333333333333331, "LoS": "LoS A" }, "geometry": { "type": "Polygon", "coordinates": [ [ [ 122181.3203783420322, 487968.791498340782709 ], [ 122179.408072314792662, 487964.813901804154739 ], [ 122146.745885369702592, 487972.46312591311289 ], [ 122148.887668120209128, 487976.440722449740861 ], [ 122181.3203783420322, 487968.791498340782709 ] ] ] } },
{ "type": "Feature", "properties": { "sensor": "GASA-02-01", "time": "2025-08-20T09:47:00+02:00", "count_line": 6, "location": "BrugOostertoegang1", "count_area": 10.0, "countline_length": 6, "density": 0.06898172291729282, "flow": 1.0, "LoS": "LoS A" }, "geometry": { "type": "Polygon", "coordinates": [ [ [ 122181.3203783420322, 487968.791498340782709 ], [ 122179.408072314792662, 487964.813901804154739 ], [ 122146.745885369702592, 487972.46312591311289 ], [ 122148.887668120209128, 487976.440722449740861 ], [ 122181.3203783420322, 487968.791498340782709 ] ] ] } },
{ "type": "Feature", "properties": { "sensor": "GASA-02-01", "time": "2025-08-20T09:48:00+02:00", "count_line": 7, "location": "BrugOostertoegang1", "count_area": 12.0, "countline_length": 6, "density": 0.082778067500751382, "flow": 1.1666666666666667, "LoS": "LoS A" }, "geometry": { "type": "Polygon", "coordinates": [ [ [ 122181.3203783420322, 487968.791498340782709 ], [ 122179.408072314792662, 487964.813901804154739 ], [ 122146.745885369702592, 487972.46312591311289 ], [ 122148.887668120209128, 487976.440722449740861 ], [ 122181.3203783420322, 487968.791498340782709 ] ] ] } },
{ "type": "Feature", "properties": { "sensor": "GASA-02-01", "time": "2025-08-20T09:49:00+02:00", "count_line": 8, "location": "BrugOostertoegang1", "count_area": 15.0, "countline_length": 6, "density": 0.10347258437593923, "flow": 1.3333333333333333, "LoS": "LoS A" }, "geometry": { "type": "Polygon", "coordinates": [ [ [ 122181.3203783420322, 487968.791498340782709 ], [ 122179.408072314792662, 487964.813901804154739 ], [ 122146.745885369702592, 487972.46312591311289 ], [ 122148.887668120209128, 487976.440722449740861 ], [ 122181.3203783420322, 487968.791498340782709 ] ] ] } },
{ "type": "Feature", "properties": { "sensor": "GASA-02-01", "time": "2025-08-20T09:50:00+02:00", "count_line": 11, "location": "BrugOostertoegang1", "count_area": 18.0, "countline_length": 6, "density": 0.12416710125112708, "flow": 1.8333333333333333, "LoS": "LoS A" }, "geometry": { "type": "Polygon", "coordinates": [ [ [ 122181.3203783420322, 487968.791498340782709 ], [ 122179.408072314792662, 487964.813901804154739 ], [ 122146.745885369702592, 487972.46312591311289 ], [ 122148.887668120209128, 487976.440722449740861 ], [ 122181.3203783420322, 487968.791498340782709 ] ] ] } },
{ "type": "Feature", "properties": { "sensor": "GASA-02-01", "time": "2025-08-20T09:51:00+02:00", "count_line": 6, "location": "BrugOostertoegang1", "count_area": 10.0, "countline_length": 6, "density": 0.06898172291729282, "flow": 1.0, "LoS": "LoS A" }, "geometry": { "type": "Polygon", "coordinates": [ [ [ 122181.3203783420322, 487968.791498340782709 ], [ 122179.408072314792662, 487964.813901804154739 ], [ 122146.745885369702592, 487972.46312591311289 ], [ 122148.887668120209128, 487976.440722449740861 ], [ 122181.3203783420322, 487968.791498340782709 ] ] ] } },
{ "type": "Feature", "properties": { "sensor": "GASA-02-01", "time": "2025-08-20T09:52:00+02:00", "count_line": 6, "location": "BrugOostertoegang1", "count_area": 10.0, "countline_length": 6, "density": 0.06898172291729282, "flow": 1.0, "LoS": "LoS A" }, "geometry": { "type": "Polygon", "coordinates": [ [ [ 122181.3203783420322, 487968.791498340782709 ], [ 122179.408072314792662, 487964.813901804154739 ], [ 122146.745885369702592, 487972.46312591311289 ], [ 122148.887668120209128, 487976.440722449740861 ], [ 122181.3203783420322, 487968.791498340782709 ] ] ] } },
{ "type": "Feature", "properties": { "sensor": "GASA-02-01", "time": "2025-08-20T09:54:00+02:00", "count_line": 8, "location": "BrugOostertoegang1", "count_area": 15.0, "countline_length": 6, "density": 0.10347258437593923, "flow": 1.3333333333333333, "LoS": "LoS A" }, "geometry": { "type": "Polygon", "coordinates": [ [ [ 122181.3203783420322, 487968.791498340782709 ], [ 122179.408072314792662, 487964.813901804154739 ], [ 122146.745885369702592, 487972.46312591311289 ], [ 122148.887668120209128, 487976.440722449740861 ], [ 122181.3203783420322, 487968.791498340782709 ] ] ] } },
{ "type": "Feature", "properties": { "sensor": "GASA-02-01", "time": "2025-08-20T09:55:00+02:00", "count_line": 12, "location": "BrugOostertoegang1", "count_area": 22.0, "countline_length": 6, "density": 0.15175979041804422, "flow": 2.0, "LoS": "LoS A" }, "geometry": { "type": "Polygon", "coordinates": [ [ [ 122181.3203783420322, 487968.791498340782709 ], [ 122179.408072314792662, 487964.813901804154739 ], [ 122146.745885369702592, 487972.46312591311289 ], [ 122148.887668120209128, 487976.440722449740861 ], [ 122181.3203783420322, 487968.791498340782709 ] ] ] } },
{ "type": "Feature", "properties": { "sensor": "GASA-02-01", "time": "2025-08-20T09:56:00+02:00", "count_line": 1, "location": "BrugOostertoegang1", "count_area": 1.0, "countline_length": 6, "density": 0.0068981722917292824, "flow": 0.16666666666666666, "LoS": "LoS A" }, "geometry": { "type": "Polygon", "coordinates": [ [ [ 122181.3203783420322, 487968.791498340782709 ], [ 122179.408072314792662, 487964.813901804154739 ], [ 122146.745885369702592, 487972.46312591311289 ], [ 122148.887668120209128, 487976.440722449740861 ], [ 122181.3203783420322, 487968.791498340782709 ] ] ] } },
{ "type": "Feature", "properties": { "sensor": "GASA-02-01", "time": "2025-08-20T09:57:00+02:00", "count_line": 1, "location": "BrugOostertoegang1", "count_area": 1.0, "countline_length": 6, "density": 0.0068981722917292824, "flow": 0.16666666666666666, "LoS": "LoS A" }, "geometry": { "type": "Polygon", "coordinates": [ [ [ 122181.3203783420322, 487968.791498340782709 ], [ 122179.408072314792662, 487964.813901804154739 ], [ 122146.745885369702592, 487972.46312591311289 ], [ 122148.887668120209128, 487976.440722449740861 ], [ 122181.3203783420322, 487968.791498340782709 ] ] ] } },
{ "type": "Feature", "properties": { "sensor": "GASA-02-01", "time": "2025-08-20T09:58:00+02:00", "count_line": 1, "location": "BrugOostertoegang1", "count_area": 1.0, "countline_length": 6, "density": 0.0068981722917292824, "flow": 0.16666666666666666, "LoS": "LoS A" }, "geometry": { "type": "Polygon", "coordinates": [ [ [ 122181.3203783420322, 487968.791498340782709 ], [ 122179.408072314792662, 487964.813901804154739 ], [ 122146.745885369702592, 487972.46312591311289 ], [ 122148.887668120209128, 487976.440722449740861 ], [ 122181.3203783420322, 487968.791498340782709 ] ] ] } },
{ "type": "Feature", "properties": { "sensor": "GASA-02-01", "time": "2025-08-20T09:59:00+02:00", "count_line": 2, "location": "BrugOostertoegang1", "count_area": 3.0, "countline_length": 6, "density": 0.020694516875187845, "flow": 0.33333333333333331, "LoS": "LoS A" }, "geometry": { "type": "Polygon", "coordinates": [ [ [ 122181.3203783420322, 487968.791498340782709 ], [ 122179.408072314792662, 487964.813901804154739 ], [ 122146.745885369702592, 487972.46312591311289 ], [ 122148.887668120209128, 487976.440722449740861 ], [ 122181.3203783420322, 487968.791498340782709 ] ] ] } },
{ "type": "Feature", "properties": { "sensor": "GASA-02-01", "time": "2025-08-20T10:00:00+02:00", "count_line": 8, "location": "BrugOostertoegang1", "count_area": 13.0, "countline_length": 6, "density": 0.089676239792480669, "flow": 1.3333333333333333, "LoS": "LoS A" }, "geometry": { "type": "Polygon", "coordinates": [ [ [ 122181.3203783420322, 487968.791498340782709 ], [ 122179.408072314792662, 487964.813901804154739 ], [ 122146.745885369702592, 487972.46312591311289 ], [ 122148.887668120209128, 487976.440722449740861 ], [ 122181.3203783420322, 487968.791498340782709 ] ] ] } },
{ "type": "Feature", "properties": { "sensor": "GASA-02-01", "time": "2025-08-20T10:02:00+02:00", "count_line": 9, "location": "BrugOostertoegang1", "count_area": 15.0, "countline_length": 6, "density": 0.10347258437593923, "flow": 1.5, "LoS": "LoS A" }, "geometry": { "type": "Polygon", "coordinates": [ [ [ 122181.3203783420322, 487968.791498340782709 ], [ 122179.408072314792662, 487964.813901804154739 ], [ 122146.745885369702592, 487972.46312591311289 ], [ 122148.887668120209128, 487976.440722449740861 ], [ 122181.3203783420322, 487968.791498340782709 ] ] ] } },
{ "type": "Feature", "properties": { "sensor": "GASA-02-01", "time": "2025-08-20T10:04:00+02:00", "count_line": 20, "location": "BrugOostertoegang1", "count_area": 32.0, "countline_length": 6, "density": 0.22074151333533704, "flow": 3.3333333333333335, "LoS": "LoS A" }, "geometry": { "type": "Polygon", "coordinates": [ [ [ 122181.3203783420322, 487968.791498340782709 ], [ 122179.408072314792662, 487964.813901804154739 ], [ 122146.745885369702592, 487972.46312591311289 ], [ 122148.887668120209128, 487976.440722449740861 ], [ 122181.3203783420322, 487968.791498340782709 ] ] ] } },
{ "type": "Feature", "properties": { "sensor": "GASA-02-01", "time": "2025-08-20T10:05:00+02:00", "count_line": 2, "location": "BrugOostertoegang1", "count_area": 3.0, "countline_length": 6, "density": 0.020694516875187845, "flow": 0.33333333333333331, "LoS": "LoS A" }, "geometry": { "type": "Polygon", "coordinates": [ [ [ 122181.3203783420322, 487968.791498340782709 ], [ 122179.408072314792662, 487964.813901804154739 ], [ 122146.745885369702592, 487972.46312591311289 ], [ 122148.887668120209128, 487976.440722449740861 ], [ 122181.3203783420322, 487968.791498340782709 ] ] ] } },
{ "type": "Feature", "properties": { "sensor": "GASA-02-01", "time": "2025-08-20T10:06:00+02:00", "count_line": 3, "location": "BrugOostertoegang1", "count_area": 5.0, "countline_length": 6, "density": 0.03449086145864641, "flow": 0.5, "LoS": "LoS A" }, "geometry": { "type": "Polygon", "coordinates": [ [ [ 122181.3203783420322, 487968.791498340782709 ], [ 122179.408072314792662, 487964.813901804154739 ], [ 122146.745885369702592, 487972.46312591311289 ], [ 122148.887668120209128, 487976.440722449740861 ], [ 122181.3203783420322, 487968.791498340782709 ] ] ] } },
{ "type": "Feature", "properties": { "sensor": "GASA-02-01", "time": "2025-08-20T10:07:00+02:00", "count_line": 3, "location": "BrugOostertoegang1", "count_area": 4.0, "countline_length": 6, "density": 0.02759268916691713, "flow": 0.5, "LoS": "LoS A" }, "geometry": { "type": "Polygon", "coordinates": [ [ [ 122181.3203783420322, 487968.791498340782709 ], [ 122179.408072314792662, 487964.813901804154739 ], [ 122146.745885369702592, 487972.46312591311289 ], [ 122148.887668120209128, 487976.440722449740861 ], [ 122181.3203783420322, 487968.791498340782709 ] ] ] } },
{ "type": "Feature", "properties": { "sensor": "GASA-02-01", "time": "2025-08-20T10:08:00+02:00", "count_line": 3, "location": "BrugOostertoegang1", "count_area": 5.0, "countline_length": 6, "density": 0.03449086145864641, "flow": 0.5, "LoS": "LoS A" }, "geometry": { "type": "Polygon", "coordinates": [ [ [ 122181.3203783420322, 487968.791498340782709 ], [ 122179.408072314792662, 487964.813901804154739 ], [ 122146.745885369702592, 487972.46312591311289 ], [ 122148.887668120209128, 487976.440722449740861 ], [ 122181.3203783420322, 487968.791498340782709 ] ] ] } },
{ "type": "Feature", "properties": { "sensor": "GASA-02-01", "time": "2025-08-20T10:09:00+02:00", "count_line": 2, "location": "BrugOostertoegang1", "count_area": 3.0, "countline_length": 6, "density": 0.020694516875187845, "flow": 0.33333333333333331, "LoS": "LoS A" }, "geometry": { "type": "Polygon", "coordinates": [ [ [ 122181.3203783420322, 487968.791498340782709 ], [ 122179.408072314792662, 487964.813901804154739 ], [ 122146.745885369702592, 487972.46312591311289 ], [ 122148.887668120209128, 487976.440722449740861 ], [ 122181.3203783420322, 487968.791498340782709 ] ] ] } },
{ "type": "Feature", "properties": { "sensor": "GASA-02-01", "time": "2025-08-20T10:11:00+02:00", "count_line": 2, "location": "BrugOostertoegang1", "count_area": 3.0, "countline_length": 6, "density": 0.020694516875187845, "flow": 0.33333333333333331, "LoS": "LoS A" }, "geometry": { "type": "Polygon", "coordinates": [ [ [ 122181.3203783420322, 487968.791498340782709 ], [ 122179.408072314792662, 487964.813901804154739 ], [ 122146.745885369702592, 487972.46312591311289 ], [ 122148.887668120209128, 487976.440722449740861 ], [ 122181.3203783420322, 487968.791498340782709 ] ] ] } },
{ "type": "Feature", "properties": { "sensor": "GASA-02-01", "time": "2025-08-20T10:12:00+02:00", "count_line": 4, "location": "BrugOostertoegang1", "count_area": 7.0, "countline_length": 6, "density": 0.048287206042104978, "flow": 0.66666666666666663, "LoS": "LoS A" }, "geometry": { "type": "Polygon", "coordinates": [ [ [ 122181.3203783420322, 487968.791498340782709 ], [ 122179.408072314792662, 487964.813901804154739 ], [ 122146.745885369702592, 487972.46312591311289 ], [ 122148.887668120209128, 487976.440722449740861 ], [ 122181.3203783420322, 487968.791498340782709 ] ] ] } },
{ "type": "Feature", "properties": { "sensor": "GASA-02-01", "time": "2025-08-20T10:14:00+02:00", "count_line": 2, "location": "BrugOostertoegang1", "count_area": 3.0, "countline_length": 6, "density": 0.020694516875187845, "flow": 0.33333333333333331, "LoS": "LoS A" }, "geometry": { "type": "Polygon", "coordinates": [ [ [ 122181.3203783420322, 487968.791498340782709 ], [ 122179.408072314792662, 487964.813901804154739 ], [ 122146.745885369702592, 487972.46312591311289 ], [ 122148.887668120209128, 487976.440722449740861 ], [ 122181.3203783420322, 487968.791498340782709 ] ] ] } },
{ "type": "Feature", "properties": { "sensor": "GASA-02-01", "time": "2025-08-20T10:15:00+02:00", "count_line": 4, "location": "BrugOostertoegang1", "count_area": 7.0, "countline_length": 6, "density": 0.048287206042104978, "flow": 0.66666666666666663, "LoS": "LoS A" }, "geometry": { "type": "Polygon", "coordinates": [ [ [ 122181.3203783420322, 487968.791498340782709 ], [ 122179.408072314792662, 487964.813901804154739 ], [ 122146.745885369702592, 487972.46312591311289 ], [ 122148.887668120209128, 487976.440722449740861 ], [ 122181.3203783420322, 487968.791498340782709 ] ] ] } },
{ "type": "Feature", "properties": { "sensor": "GASA-02-01", "time": "2025-08-20T10:19:00+02:00", "count_line": 11, "location": "BrugOostertoegang1", "count_area": 21.0, "countline_length": 6, "density": 0.14486161812631493, "flow": 1.8333333333333333, "LoS": "LoS A" }, "geometry": { "type": "Polygon", "coordinates": [ [ [ 122181.3203783420322, 487968.791498340782709 ], [ 122179.408072314792662, 487964.813901804154739 ], [ 122146.745885369702592, 487972.46312591311289 ], [ 122148.887668120209128, 487976.440722449740861 ], [ 122181.3203783420322, 487968.791498340782709 ] ] ] } },
{ "type": "Feature", "properties": { "sensor": "GASA-02-01", "time": "2025-08-20T10:20:00+02:00", "count_line": -1, "location": "BrugOostertoegang1", "count_area": -1.0, "countline_length": 6, "density": -0.0068981722917292824, "flow": -0.16666666666666666, "LoS": "LoS A" }, "geometry": { "type": "Polygon", "coordinates": [ [ [ 122181.3203783420322, 487968.791498340782709 ], [ 122179.408072314792662, 487964.813901804154739 ], [ 122146.745885369702592, 487972.46312591311289 ], [ 122148.887668120209128, 487976.440722449740861 ], [ 122181.3203783420322, 487968.791498340782709 ] ] ] } },
{ "type": "Feature", "properties": { "sensor": "GASA-02-01", "time": "2025-08-20T10:21:00+02:00", "count_line": 8, "location": "BrugOostertoegang1", "count_area": 14.0, "countline_length": 6, "density": 0.096574412084209957, "flow": 1.3333333333333333, "LoS": "LoS A" }, "geometry": { "type": "Polygon", "coordinates": [ [ [ 122181.3203783420322, 487968.791498340782709 ], [ 122179.408072314792662, 487964.813901804154739 ], [ 122146.745885369702592, 487972.46312591311289 ], [ 122148.887668120209128, 487976.440722449740861 ], [ 122181.3203783420322, 487968.791498340782709 ] ] ] } },
{ "type": "Feature", "properties": { "sensor": "GASA-02-01", "time": "2025-08-20T10:24:00+02:00", "count_line": 9, "location": "BrugOostertoegang1", "count_area": 17.0, "countline_length": 6, "density": 0.11726892895939779, "flow": 1.5, "LoS": "LoS A" }, "geometry": { "type": "Polygon", "coordinates": [ [ [ 122181.3203783420322, 487968.791498340782709 ], [ 122179.408072314792662, 487964.813901804154739 ], [ 122146.745885369702592, 487972.46312591311289 ], [ 122148.887668120209128, 487976.440722449740861 ], [ 122181.3203783420322, 487968.791498340782709 ] ] ] } },
{ "type": "Feature", "properties": { "sensor": "GASA-02-01", "time": "2025-08-20T10:26:00+02:00", "count_line": -1, "location": "BrugOostertoegang1", "count_area": -1.0, "countline_length": 6, "density": -0.0068981722917292824, "flow": -0.16666666666666666, "LoS": "LoS A" }, "geometry": { "type": "Polygon", "coordinates": [ [ [ 122181.3203783420322, 487968.791498340782709 ], [ 122179.408072314792662, 487964.813901804154739 ], [ 122146.745885369702592, 487972.46312591311289 ], [ 122148.887668120209128, 487976.440722449740861 ], [ 122181.3203783420322, 487968.791498340782709 ] ] ] } },
{ "type": "Feature", "properties": { "sensor": "GASA-02-01", "time": "2025-08-20T10:27:00+02:00", "count_line": 5, "location": "BrugOostertoegang1", "count_area": 7.0, "countline_length": 6, "density": 0.048287206042104978, "flow": 0.83333333333333337, "LoS": "LoS A" }, "geometry": { "type": "Polygon", "coordinates": [ [ [ 122181.3203783420322, 487968.791498340782709 ], [ 122179.408072314792662, 487964.813901804154739 ], [ 122146.745885369702592, 487972.46312591311289 ], [ 122148.887668120209128, 487976.440722449740861 ], [ 122181.3203783420322, 487968.791498340782709 ] ] ] } },
{ "type": "Feature", "properties": { "sensor": "GASA-02-01", "time": "2025-08-20T10:28:00+02:00", "count_line": 7, "location": "BrugOostertoegang1", "count_area": 10.0, "countline_length": 6, "density": 0.06898172291729282, "flow": 1.1666666666666667, "LoS": "LoS A" }, "geometry": { "type": "Polygon", "coordinates": [ [ [ 122181.3203783420322, 487968.791498340782709 ], [ 122179.408072314792662, 487964.813901804154739 ], [ 122146.745885369702592, 487972.46312591311289 ], [ 122148.887668120209128, 487976.440722449740861 ], [ 122181.3203783420322, 487968.791498340782709 ] ] ] } },
{ "type": "Feature", "properties": { "sensor": "GASA-02-01", "time": "2025-08-20T10:29:00+02:00", "count_line": 5, "location": "BrugOostertoegang1", "count_area": 8.0, "countline_length": 6, "density": 0.055185378333834259, "flow": 0.83333333333333337, "LoS": "LoS A" }, "geometry": { "type": "Polygon", "coordinates": [ [ [ 122181.3203783420322, 487968.791498340782709 ], [ 122179.408072314792662, 487964.813901804154739 ], [ 122146.745885369702592, 487972.46312591311289 ], [ 122148.887668120209128, 487976.440722449740861 ], [ 122181.3203783420322, 487968.791498340782709 ] ] ] } },
{ "type": "Feature", "properties": { "sensor": "GASA-02-01", "time": "2025-08-20T10:30:00+02:00", "count_line": 4, "location": "BrugOostertoegang1", "count_area": 7.0, "countline_length": 6, "density": 0.048287206042104978, "flow": 0.66666666666666663, "LoS": "LoS A" }, "geometry": { "type": "Polygon", "coordinates": [ [ [ 122181.3203783420322, 487968.791498340782709 ], [ 122179.408072314792662, 487964.813901804154739 ], [ 122146.745885369702592, 487972.46312591311289 ], [ 122148.887668120209128, 487976.440722449740861 ], [ 122181.3203783420322, 487968.791498340782709 ] ] ] } },
{ "type": "Feature", "properties": { "sensor": "GASA-02-01", "time": "2025-08-20T10:31:00+02:00", "count_line": 16, "location": "BrugOostertoegang1", "count_area": 27.0, "countline_length": 6, "density": 0.18625065187669063, "flow": 2.6666666666666665, "LoS": "LoS A" }, "geometry": { "type": "Polygon", "coordinates": [ [ [ 122181.3203783420322, 487968.791498340782709 ], [ 122179.408072314792662, 487964.813901804154739 ], [ 122146.745885369702592, 487972.46312591311289 ], [ 122148.887668120209128, 487976.440722449740861 ], [ 122181.3203783420322, 487968.791498340782709 ] ] ] } },
{ "type": "Feature", "properties": { "sensor": "GASA-02-01", "time": "2025-08-20T10:33:00+02:00", "count_line": 6, "location": "BrugOostertoegang1", "count_area": 11.0, "countline_length": 6, "density": 0.075879895209022108, "flow": 1.0, "LoS": "LoS A" }, "geometry": { "type": "Polygon", "coordinates": [ [ [ 122181.3203783420322, 487968.791498340782709 ], [ 122179.408072314792662, 487964.813901804154739 ], [ 122146.745885369702592, 487972.46312591311289 ], [ 122148.887668120209128, 487976.440722449740861 ], [ 122181.3203783420322, 487968.791498340782709 ] ] ] } },
{ "type": "Feature", "properties": { "sensor": "GASA-02-01", "time": "2025-08-20T10:36:00+02:00", "count_line": 2, "location": "BrugOostertoegang1", "count_area": 3.0, "countline_length": 6, "density": 0.020694516875187845, "flow": 0.33333333333333331, "LoS": "LoS A" }, "geometry": { "type": "Polygon", "coordinates": [ [ [ 122181.3203783420322, 487968.791498340782709 ], [ 122179.408072314792662, 487964.813901804154739 ], [ 122146.745885369702592, 487972.46312591311289 ], [ 122148.887668120209128, 487976.440722449740861 ], [ 122181.3203783420322, 487968.791498340782709 ] ] ] } },
{ "type": "Feature", "properties": { "sensor": "GASA-02-01", "time": "2025-08-20T10:37:00+02:00", "count_line": 8, "location": "BrugOostertoegang1", "count_area": 14.0, "countline_length": 6, "density": 0.096574412084209957, "flow": 1.3333333333333333, "LoS": "LoS A" }, "geometry": { "type": "Polygon", "coordinates": [ [ [ 122181.3203783420322, 487968.791498340782709 ], [ 122179.408072314792662, 487964.813901804154739 ], [ 122146.745885369702592, 487972.46312591311289 ], [ 122148.887668120209128, 487976.440722449740861 ], [ 122181.3203783420322, 487968.791498340782709 ] ] ] } },
{ "type": "Feature", "properties": { "sensor": "GASA-02-01", "time": "2025-08-20T10:39:00+02:00", "count_line": 0, "location": "BrugOostertoegang1", "count_area": 0.0, "countline_length": 6, "density": 0.0, "flow": 0.0, "LoS": "LoS A" }, "geometry": { "type": "Polygon", "coordinates": [ [ [ 122181.3203783420322, 487968.791498340782709 ], [ 122179.408072314792662, 487964.813901804154739 ], [ 122146.745885369702592, 487972.46312591311289 ], [ 122148.887668120209128, 487976.440722449740861 ], [ 122181.3203783420322, 487968.791498340782709 ] ] ] } },
{ "type": "Feature", "properties": { "sensor": "GASA-02-01", "time": "2025-08-20T10:44:00+02:00", "count_line": 15, "location": "BrugOostertoegang1", "count_area": 26.0, "countline_length": 6, "density": 0.17935247958496134, "flow": 2.5, "LoS": "LoS A" }, "geometry": { "type": "Polygon", "coordinates": [ [ [ 122181.3203783420322, 487968.791498340782709 ], [ 122179.408072314792662, 487964.813901804154739 ], [ 122146.745885369702592, 487972.46312591311289 ], [ 122148.887668120209128, 487976.440722449740861 ], [ 122181.3203783420322, 487968.791498340782709 ] ] ] } },
{ "type": "Feature", "properties": { "sensor": "GASA-02-01", "time": "2025-08-20T10:48:00+02:00", "count_line": 1, "location": "BrugOostertoegang1", "count_area": 1.0, "countline_length": 6, "density": 0.0068981722917292824, "flow": 0.16666666666666666, "LoS": "LoS A" }, "geometry": { "type": "Polygon", "coordinates": [ [ [ 122181.3203783420322, 487968.791498340782709 ], [ 122179.408072314792662, 487964.813901804154739 ], [ 122146.745885369702592, 487972.46312591311289 ], [ 122148.887668120209128, 487976.440722449740861 ], [ 122181.3203783420322, 487968.791498340782709 ] ] ] } },
{ "type": "Feature", "properties": { "sensor": "GASA-02-01", "time": "2025-08-20T10:50:00+02:00", "count_line": 4, "location": "BrugOostertoegang1", "count_area": 7.0, "countline_length": 6, "density": 0.048287206042104978, "flow": 0.66666666666666663, "LoS": "LoS A" }, "geometry": { "type": "Polygon", "coordinates": [ [ [ 122181.3203783420322, 487968.791498340782709 ], [ 122179.408072314792662, 487964.813901804154739 ], [ 122146.745885369702592, 487972.46312591311289 ], [ 122148.887668120209128, 487976.440722449740861 ], [ 122181.3203783420322, 487968.791498340782709 ] ] ] } },
{ "type": "Feature", "properties": { "sensor": "GASA-02-01", "time": "2025-08-20T10:52:00+02:00", "count_line": 6, "location": "BrugOostertoegang1", "count_area": 9.0, "countline_length": 6, "density": 0.06208355062556354, "flow": 1.0, "LoS": "LoS A" }, "geometry": { "type": "Polygon", "coordinates": [ [ [ 122181.3203783420322, 487968.791498340782709 ], [ 122179.408072314792662, 487964.813901804154739 ], [ 122146.745885369702592, 487972.46312591311289 ], [ 122148.887668120209128, 487976.440722449740861 ], [ 122181.3203783420322, 487968.791498340782709 ] ] ] } },
{ "type": "Feature", "properties": { "sensor": "GASA-02-01", "time": "2025-08-20T10:54:00+02:00", "count_line": 0, "location": "BrugOostertoegang1", "count_area": 0.0, "countline_length": 6, "density": 0.0, "flow": 0.0, "LoS": "LoS A" }, "geometry": { "type": "Polygon", "coordinates": [ [ [ 122181.3203783420322, 487968.791498340782709 ], [ 122179.408072314792662, 487964.813901804154739 ], [ 122146.745885369702592, 487972.46312591311289 ], [ 122148.887668120209128, 487976.440722449740861 ], [ 122181.3203783420322, 487968.791498340782709 ] ] ] } },
{ "type": "Feature", "properties": { "sensor": "GASA-02-01", "time": "2025-08-20T11:00:00+02:00", "count_line": 0, "location": "BrugOostertoegang1", "count_area": 0.0, "countline_length": 6, "density": 0.0, "flow": 0.0, "LoS": "LoS A" }, "geometry": { "type": "Polygon", "coordinates": [ [ [ 122181.3203783420322, 487968.791498340782709 ], [ 122179.408072314792662, 487964.813901804154739 ], [ 122146.745885369702592, 487972.46312591311289 ], [ 122148.887668120209128, 487976.440722449740861 ], [ 122181.3203783420322, 487968.791498340782709 ] ] ] } },
{ "type": "Feature", "properties": { "sensor": "GASA-02-01", "time": "2025-08-20T11:02:00+02:00", "count_line": 8, "location": "BrugOostertoegang1", "count_area": 15.0, "countline_length": 6, "density": 0.10347258437593923, "flow": 1.3333333333333333, "LoS": "LoS A" }, "geometry": { "type": "Polygon", "coordinates": [ [ [ 122181.3203783420322, 487968.791498340782709 ], [ 122179.408072314792662, 487964.813901804154739 ], [ 122146.745885369702592, 487972.46312591311289 ], [ 122148.887668120209128, 487976.440722449740861 ], [ 122181.3203783420322, 487968.791498340782709 ] ] ] } },
{ "type": "Feature", "properties": { "sensor": "GASA-02-01", "time": "2025-08-20T11:04:00+02:00", "count_line": 0, "location": "BrugOostertoegang1", "count_area": 0.0, "countline_length": 6, "density": 0.0, "flow": 0.0, "LoS": "LoS A" }, "geometry": { "type": "Polygon", "coordinates": [ [ [ 122181.3203783420322, 487968.791498340782709 ], [ 122179.408072314792662, 487964.813901804154739 ], [ 122146.745885369702592, 487972.46312591311289 ], [ 122148.887668120209128, 487976.440722449740861 ], [ 122181.3203783420322, 487968.791498340782709 ] ] ] } },
{ "type": "Feature", "properties": { "sensor": "GASA-02-01", "time": "2025-08-20T11:05:00+02:00", "count_line": 8, "location": "BrugOostertoegang1", "count_area": 12.0, "countline_length": 6, "density": 0.082778067500751382, "flow": 1.3333333333333333, "LoS": "LoS A" }, "geometry": { "type": "Polygon", "coordinates": [ [ [ 122181.3203783420322, 487968.791498340782709 ], [ 122179.408072314792662, 487964.813901804154739 ], [ 122146.745885369702592, 487972.46312591311289 ], [ 122148.887668120209128, 487976.440722449740861 ], [ 122181.3203783420322, 487968.791498340782709 ] ] ] } },
{ "type": "Feature", "properties": { "sensor": "GASA-02-01", "time": "2025-08-20T11:10:00+02:00", "count_line": 2, "location": "BrugOostertoegang1", "count_area": 3.0, "countline_length": 6, "density": 0.020694516875187845, "flow": 0.33333333333333331, "LoS": "LoS A" }, "geometry": { "type": "Polygon", "coordinates": [ [ [ 122181.3203783420322, 487968.791498340782709 ], [ 122179.408072314792662, 487964.813901804154739 ], [ 122146.745885369702592, 487972.46312591311289 ], [ 122148.887668120209128, 487976.440722449740861 ], [ 122181.3203783420322, 487968.791498340782709 ] ] ] } },
{ "type": "Feature", "properties": { "sensor": "GASA-02-01", "time": "2025-08-20T11:12:00+02:00", "count_line": 0, "location": "BrugOostertoegang1", "count_area": 0.0, "countline_length": 6, "density": 0.0, "flow": 0.0, "LoS": "LoS A" }, "geometry": { "type": "Polygon", "coordinates": [ [ [ 122181.3203783420322, 487968.791498340782709 ], [ 122179.408072314792662, 487964.813901804154739 ], [ 122146.745885369702592, 487972.46312591311289 ], [ 122148.887668120209128, 487976.440722449740861 ], [ 122181.3203783420322, 487968.791498340782709 ] ] ] } },
{ "type": "Feature", "properties": { "sensor": "GASA-02-01", "time": "2025-08-20T11:14:00+02:00", "count_line": 8, "location": "BrugOostertoegang1", "count_area": 14.0, "countline_length": 6, "density": 0.096574412084209957, "flow": 1.3333333333333333, "LoS": "LoS A" }, "geometry": { "type": "Polygon", "coordinates": [ [ [ 122181.3203783420322, 487968.791498340782709 ], [ 122179.408072314792662, 487964.813901804154739 ], [ 122146.745885369702592, 487972.46312591311289 ], [ 122148.887668120209128, 487976.440722449740861 ], [ 122181.3203783420322, 487968.791498340782709 ] ] ] } },
{ "type": "Feature", "properties": { "sensor": "GASA-02-01", "time": "2025-08-20T11:15:00+02:00", "count_line": 8, "location": "BrugOostertoegang1", "count_area": 15.0, "countline_length": 6, "density": 0.10347258437593923, "flow": 1.3333333333333333, "LoS": "LoS A" }, "geometry": { "type": "Polygon", "coordinates": [ [ [ 122181.3203783420322, 487968.791498340782709 ], [ 122179.408072314792662, 487964.813901804154739 ], [ 122146.745885369702592, 487972.46312591311289 ], [ 122148.887668120209128, 487976.440722449740861 ], [ 122181.3203783420322, 487968.791498340782709 ] ] ] } },
{ "type": "Feature", "properties": { "sensor": "GASA-02-01", "time": "2025-08-20T11:16:00+02:00", "count_line": 1, "location": "BrugOostertoegang1", "count_area": 1.0, "countline_length": 6, "density": 0.0068981722917292824, "flow": 0.16666666666666666, "LoS": "LoS A" }, "geometry": { "type": "Polygon", "coordinates": [ [ [ 122181.3203783420322, 487968.791498340782709 ], [ 122179.408072314792662, 487964.813901804154739 ], [ 122146.745885369702592, 487972.46312591311289 ], [ 122148.887668120209128, 487976.440722449740861 ], [ 122181.3203783420322, 487968.791498340782709 ] ] ] } },
{ "type": "Feature", "properties": { "sensor": "GASA-02-01", "time": "2025-08-20T11:18:00+02:00", "count_line": 8, "location": "BrugOostertoegang1", "count_area": 14.0, "countline_length": 6, "density": 0.096574412084209957, "flow": 1.3333333333333333, "LoS": "LoS A" }, "geometry": { "type": "Polygon", "coordinates": [ [ [ 122181.3203783420322, 487968.791498340782709 ], [ 122179.408072314792662, 487964.813901804154739 ], [ 122146.745885369702592, 487972.46312591311289 ], [ 122148.887668120209128, 487976.440722449740861 ], [ 122181.3203783420322, 487968.791498340782709 ] ] ] } },
{ "type": "Feature", "properties": { "sensor": "GASA-02-01", "time": "2025-08-20T11:21:00+02:00", "count_line": 0, "location": "BrugOostertoegang1", "count_area": 0.0, "countline_length": 6, "density": 0.0, "flow": 0.0, "LoS": "LoS A" }, "geometry": { "type": "Polygon", "coordinates": [ [ [ 122181.3203783420322, 487968.791498340782709 ], [ 122179.408072314792662, 487964.813901804154739 ], [ 122146.745885369702592, 487972.46312591311289 ], [ 122148.887668120209128, 487976.440722449740861 ], [ 122181.3203783420322, 487968.791498340782709 ] ] ] } },
{ "type": "Feature", "properties": { "sensor": "GASA-02-01", "time": "2025-08-20T11:24:00+02:00", "count_line": 0, "location": "BrugOostertoegang1", "count_area": 0.0, "countline_length": 6, "density": 0.0, "flow": 0.0, "LoS": "LoS A" }, "geometry": { "type": "Polygon", "coordinates": [ [ [ 122181.3203783420322, 487968.791498340782709 ], [ 122179.408072314792662, 487964.813901804154739 ], [ 122146.745885369702592, 487972.46312591311289 ], [ 122148.887668120209128, 487976.440722449740861 ], [ 122181.3203783420322, 487968.791498340782709 ] ] ] } },
{ "type": "Feature", "properties": { "sensor": "GASA-02-01", "time": "2025-08-20T11:25:00+02:00", "count_line": 10, "location": "BrugOostertoegang1", "count_area": 15.0, "countline_length": 6, "density": 0.10347258437593923, "flow": 1.6666666666666667, "LoS": "LoS A" }, "geometry": { "type": "Polygon", "coordinates": [ [ [ 122181.3203783420322, 487968.791498340782709 ], [ 122179.408072314792662, 487964.813901804154739 ], [ 122146.745885369702592, 487972.46312591311289 ], [ 122148.887668120209128, 487976.440722449740861 ], [ 122181.3203783420322, 487968.791498340782709 ] ] ] } },
{ "type": "Feature", "properties": { "sensor": "GASA-02-01", "time": "2025-08-20T11:28:00+02:00", "count_line": 4, "location": "BrugOostertoegang1", "count_area": 6.0, "countline_length": 6, "density": 0.041389033750375691, "flow": 0.66666666666666663, "LoS": "LoS A" }, "geometry": { "type": "Polygon", "coordinates": [ [ [ 122181.3203783420322, 487968.791498340782709 ], [ 122179.408072314792662, 487964.813901804154739 ], [ 122146.745885369702592, 487972.46312591311289 ], [ 122148.887668120209128, 487976.440722449740861 ], [ 122181.3203783420322, 487968.791498340782709 ] ] ] } },
{ "type": "Feature", "properties": { "sensor": "GASA-02-01", "time": "2025-08-20T11:30:00+02:00", "count_line": 4, "location": "BrugOostertoegang1", "count_area": 7.0, "countline_length": 6, "density": 0.048287206042104978, "flow": 0.66666666666666663, "LoS": "LoS A" }, "geometry": { "type": "Polygon", "coordinates": [ [ [ 122181.3203783420322, 487968.791498340782709 ], [ 122179.408072314792662, 487964.813901804154739 ], [ 122146.745885369702592, 487972.46312591311289 ], [ 122148.887668120209128, 487976.440722449740861 ], [ 122181.3203783420322, 487968.791498340782709 ] ] ] } },
{ "type": "Feature", "properties": { "sensor": "GASA-02-01", "time": "2025-08-20T11:32:00+02:00", "count_line": 0, "location": "BrugOostertoegang1", "count_area": 0.0, "countline_length": 6, "density": 0.0, "flow": 0.0, "LoS": "LoS A" }, "geometry": { "type": "Polygon", "coordinates": [ [ [ 122181.3203783420322, 487968.791498340782709 ], [ 122179.408072314792662, 487964.813901804154739 ], [ 122146.745885369702592, 487972.46312591311289 ], [ 122148.887668120209128, 487976.440722449740861 ], [ 122181.3203783420322, 487968.791498340782709 ] ] ] } },
{ "type": "Feature", "properties": { "sensor": "GASA-02-01", "time": "2025-08-20T11:34:00+02:00", "count_line": 10, "location": "BrugOostertoegang1", "count_area": 19.0, "countline_length": 6, "density": 0.13106527354285635, "flow": 1.6666666666666667, "LoS": "LoS A" }, "geometry": { "type": "Polygon", "coordinates": [ [ [ 122181.3203783420322, 487968.791498340782709 ], [ 122179.408072314792662, 487964.813901804154739 ], [ 122146.745885369702592, 487972.46312591311289 ], [ 122148.887668120209128, 487976.440722449740861 ], [ 122181.3203783420322, 487968.791498340782709 ] ] ] } },
{ "type": "Feature", "properties": { "sensor": "GASA-02-01", "time": "2025-08-20T11:35:00+02:00", "count_line": 4, "location": "BrugOostertoegang1", "count_area": 7.0, "countline_length": 6, "density": 0.048287206042104978, "flow": 0.66666666666666663, "LoS": "LoS A" }, "geometry": { "type": "Polygon", "coordinates": [ [ [ 122181.3203783420322, 487968.791498340782709 ], [ 122179.408072314792662, 487964.813901804154739 ], [ 122146.745885369702592, 487972.46312591311289 ], [ 122148.887668120209128, 487976.440722449740861 ], [ 122181.3203783420322, 487968.791498340782709 ] ] ] } },
{ "type": "Feature", "properties": { "sensor": "GASA-02-01", "time": "2025-08-20T11:38:00+02:00", "count_line": 4, "location": "BrugOostertoegang1", "count_area": 6.0, "countline_length": 6, "density": 0.041389033750375691, "flow": 0.66666666666666663, "LoS": "LoS A" }, "geometry": { "type": "Polygon", "coordinates": [ [ [ 122181.3203783420322, 487968.791498340782709 ], [ 122179.408072314792662, 487964.813901804154739 ], [ 122146.745885369702592, 487972.46312591311289 ], [ 122148.887668120209128, 487976.440722449740861 ], [ 122181.3203783420322, 487968.791498340782709 ] ] ] } },
{ "type": "Feature", "properties": { "sensor": "GASA-02-01", "time": "2025-08-20T11:42:00+02:00", "count_line": 4, "location": "BrugOostertoegang1", "count_area": 7.0, "countline_length": 6, "density": 0.048287206042104978, "flow": 0.66666666666666663, "LoS": "LoS A" }, "geometry": { "type": "Polygon", "coordinates": [ [ [ 122181.3203783420322, 487968.791498340782709 ], [ 122179.408072314792662, 487964.813901804154739 ], [ 122146.745885369702592, 487972.46312591311289 ], [ 122148.887668120209128, 487976.440722449740861 ], [ 122181.3203783420322, 487968.791498340782709 ] ] ] } },
{ "type": "Feature", "properties": { "sensor": "GASA-02-01", "time": "2025-08-20T11:44:00+02:00", "count_line": 12, "location": "BrugOostertoegang1", "count_area": 20.0, "countline_length": 6, "density": 0.13796344583458564, "flow": 2.0, "LoS": "LoS A" }, "geometry": { "type": "Polygon", "coordinates": [ [ [ 122181.3203783420322, 487968.791498340782709 ], [ 122179.408072314792662, 487964.813901804154739 ], [ 122146.745885369702592, 487972.46312591311289 ], [ 122148.887668120209128, 487976.440722449740861 ], [ 122181.3203783420322, 487968.791498340782709 ] ] ] } },
{ "type": "Feature", "properties": { "sensor": "GASA-02-01", "time": "2025-08-20T11:48:00+02:00", "count_line": 0, "location": "BrugOostertoegang1", "count_area": 0.0, "countline_length": 6, "density": 0.0, "flow": 0.0, "LoS": "LoS A" }, "geometry": { "type": "Polygon", "coordinates": [ [ [ 122181.3203783420322, 487968.791498340782709 ], [ 122179.408072314792662, 487964.813901804154739 ], [ 122146.745885369702592, 487972.46312591311289 ], [ 122148.887668120209128, 487976.440722449740861 ], [ 122181.3203783420322, 487968.791498340782709 ] ] ] } },
{ "type": "Feature", "properties": { "sensor": "GASA-02-01", "time": "2025-08-20T11:49:00+02:00", "count_line": 10, "location": "BrugOostertoegang1", "count_area": 17.0, "countline_length": 6, "density": 0.11726892895939779, "flow": 1.6666666666666667, "LoS": "LoS A" }, "geometry": { "type": "Polygon", "coordinates": [ [ [ 122181.3203783420322, 487968.791498340782709 ], [ 122179.408072314792662, 487964.813901804154739 ], [ 122146.745885369702592, 487972.46312591311289 ], [ 122148.887668120209128, 487976.440722449740861 ], [ 122181.3203783420322, 487968.791498340782709 ] ] ] } },
{ "type": "Feature", "properties": { "sensor": "GASA-02-01", "time": "2025-08-20T11:52:00+02:00", "count_line": 0, "location": "BrugOostertoegang1", "count_area": 0.0, "countline_length": 6, "density": 0.0, "flow": 0.0, "LoS": "LoS A" }, "geometry": { "type": "Polygon", "coordinates": [ [ [ 122181.3203783420322, 487968.791498340782709 ], [ 122179.408072314792662, 487964.813901804154739 ], [ 122146.745885369702592, 487972.46312591311289 ], [ 122148.887668120209128, 487976.440722449740861 ], [ 122181.3203783420322, 487968.791498340782709 ] ] ] } },
{ "type": "Feature", "properties": { "sensor": "GASA-02-01", "time": "2025-08-20T11:54:00+02:00", "count_line": 2, "location": "BrugOostertoegang1", "count_area": 3.0, "countline_length": 6, "density": 0.020694516875187845, "flow": 0.33333333333333331, "LoS": "LoS A" }, "geometry": { "type": "Polygon", "coordinates": [ [ [ 122181.3203783420322, 487968.791498340782709 ], [ 122179.408072314792662, 487964.813901804154739 ], [ 122146.745885369702592, 487972.46312591311289 ], [ 122148.887668120209128, 487976.440722449740861 ], [ 122181.3203783420322, 487968.791498340782709 ] ] ] } },
{ "type": "Feature", "properties": { "sensor": "GASA-02-01", "time": "2025-08-20T11:55:00+02:00", "count_line": 10, "location": "BrugOostertoegang1", "count_area": 16.0, "countline_length": 6, "density": 0.11037075666766852, "flow": 1.6666666666666667, "LoS": "LoS A" }, "geometry": { "type": "Polygon", "coordinates": [ [ [ 122181.3203783420322, 487968.791498340782709 ], [ 122179.408072314792662, 487964.813901804154739 ], [ 122146.745885369702592, 487972.46312591311289 ], [ 122148.887668120209128, 487976.440722449740861 ], [ 122181.3203783420322, 487968.791498340782709 ] ] ] } },
{ "type": "Feature", "properties": { "sensor": "GASA-02-01", "time": "2025-08-20T11:58:00+02:00", "count_line": 4, "location": "BrugOostertoegang1", "count_area": 6.0, "countline_length": 6, "density": 0.041389033750375691, "flow": 0.66666666666666663, "LoS": "LoS A" }, "geometry": { "type": "Polygon", "coordinates": [ [ [ 122181.3203783420322, 487968.791498340782709 ], [ 122179.408072314792662, 487964.813901804154739 ], [ 122146.745885369702592, 487972.46312591311289 ], [ 122148.887668120209128, 487976.440722449740861 ], [ 122181.3203783420322, 487968.791498340782709 ] ] ] } },
{ "type": "Feature", "properties": { "sensor": "GASA-02-01", "time": "2025-08-20T12:00:00+02:00", "count_line": 0, "location": "BrugOostertoegang1", "count_area": 0.0, "countline_length": 6, "density": 0.0, "flow": 0.0, "LoS": "LoS A" }, "geometry": { "type": "Polygon", "coordinates": [ [ [ 122181.3203783420322, 487968.791498340782709 ], [ 122179.408072314792662, 487964.813901804154739 ], [ 122146.745885369702592, 487972.46312591311289 ], [ 122148.887668120209128, 487976.440722449740861 ], [ 122181.3203783420322, 487968.791498340782709 ] ] ] } },
{ "type": "Feature", "properties": { "sensor": "GASA-02-01", "time": "2025-08-20T12:01:00+02:00", "count_line": 6, "location": "BrugOostertoegang1", "count_area": 11.0, "countline_length": 6, "density": 0.075879895209022108, "flow": 1.0, "LoS": "LoS A" }, "geometry": { "type": "Polygon", "coordinates": [ [ [ 122181.3203783420322, 487968.791498340782709 ], [ 122179.408072314792662, 487964.813901804154739 ], [ 122146.745885369702592, 487972.46312591311289 ], [ 122148.887668120209128, 487976.440722449740861 ], [ 122181.3203783420322, 487968.791498340782709 ] ] ] } },
{ "type": "Feature", "properties": { "sensor": "GASA-02-01", "time": "2025-08-20T12:04:00+02:00", "count_line": 2, "location": "BrugOostertoegang1", "count_area": 3.0, "countline_length": 6, "density": 0.020694516875187845, "flow": 0.33333333333333331, "LoS": "LoS A" }, "geometry": { "type": "Polygon", "coordinates": [ [ [ 122181.3203783420322, 487968.791498340782709 ], [ 122179.408072314792662, 487964.813901804154739 ], [ 122146.745885369702592, 487972.46312591311289 ], [ 122148.887668120209128, 487976.440722449740861 ], [ 122181.3203783420322, 487968.791498340782709 ] ] ] } },
{ "type": "Feature", "properties": { "sensor": "GASA-02-01", "time": "2025-08-20T12:06:00+02:00", "count_line": 6, "location": "BrugOostertoegang1", "count_area": 10.0, "countline_length": 6, "density": 0.06898172291729282, "flow": 1.0, "LoS": "LoS A" }, "geometry": { "type": "Polygon", "coordinates": [ [ [ 122181.3203783420322, 487968.791498340782709 ], [ 122179.408072314792662, 487964.813901804154739 ], [ 122146.745885369702592, 487972.46312591311289 ], [ 122148.887668120209128, 487976.440722449740861 ], [ 122181.3203783420322, 487968.791498340782709 ] ] ] } },
{ "type": "Feature", "properties": { "sensor": "GASA-02-01", "time": "2025-08-20T12:07:00+02:00", "count_line": 6, "location": "BrugOostertoegang1", "count_area": 11.0, "countline_length": 6, "density": 0.075879895209022108, "flow": 1.0, "LoS": "LoS A" }, "geometry": { "type": "Polygon", "coordinates": [ [ [ 122181.3203783420322, 487968.791498340782709 ], [ 122179.408072314792662, 487964.813901804154739 ], [ 122146.745885369702592, 487972.46312591311289 ], [ 122148.887668120209128, 487976.440722449740861 ], [ 122181.3203783420322, 487968.791498340782709 ] ] ] } },
{ "type": "Feature", "properties": { "sensor": "GASA-02-01", "time": "2025-08-20T12:10:00+02:00", "count_line": 2, "location": "BrugOostertoegang1", "count_area": 3.0, "countline_length": 6, "density": 0.020694516875187845, "flow": 0.33333333333333331, "LoS": "LoS A" }, "geometry": { "type": "Polygon", "coordinates": [ [ [ 122181.3203783420322, 487968.791498340782709 ], [ 122179.408072314792662, 487964.813901804154739 ], [ 122146.745885369702592, 487972.46312591311289 ], [ 122148.887668120209128, 487976.440722449740861 ], [ 122181.3203783420322, 487968.791498340782709 ] ] ] } },
{ "type": "Feature", "properties": { "sensor": "GASA-02-01", "time": "2025-08-20T12:12:00+02:00", "count_line": 0, "location": "BrugOostertoegang1", "count_area": 0.0, "countline_length": 6, "density": 0.0, "flow": 0.0, "LoS": "LoS A" }, "geometry": { "type": "Polygon", "coordinates": [ [ [ 122181.3203783420322, 487968.791498340782709 ], [ 122179.408072314792662, 487964.813901804154739 ], [ 122146.745885369702592, 487972.46312591311289 ], [ 122148.887668120209128, 487976.440722449740861 ], [ 122181.3203783420322, 487968.791498340782709 ] ] ] } },
{ "type": "Feature", "properties": { "sensor": "GASA-02-01", "time": "2025-08-20T12:14:00+02:00", "count_line": 8, "location": "BrugOostertoegang1", "count_area": 12.0, "countline_length": 6, "density": 0.082778067500751382, "flow": 1.3333333333333333, "LoS": "LoS A" }, "geometry": { "type": "Polygon", "coordinates": [ [ [ 122181.3203783420322, 487968.791498340782709 ], [ 122179.408072314792662, 487964.813901804154739 ], [ 122146.745885369702592, 487972.46312591311289 ], [ 122148.887668120209128, 487976.440722449740861 ], [ 122181.3203783420322, 487968.791498340782709 ] ] ] } },
{ "type": "Feature", "properties": { "sensor": "GASA-02-01", "time": "2025-08-20T12:16:00+02:00", "count_line": 2, "location": "BrugOostertoegang1", "count_area": 3.0, "countline_length": 6, "density": 0.020694516875187845, "flow": 0.33333333333333331, "LoS": "LoS A" }, "geometry": { "type": "Polygon", "coordinates": [ [ [ 122181.3203783420322, 487968.791498340782709 ], [ 122179.408072314792662, 487964.813901804154739 ], [ 122146.745885369702592, 487972.46312591311289 ], [ 122148.887668120209128, 487976.440722449740861 ], [ 122181.3203783420322, 487968.791498340782709 ] ] ] } },
{ "type": "Feature", "properties": { "sensor": "GASA-02-01", "time": "2025-08-20T12:18:00+02:00", "count_line": 2, "location": "BrugOostertoegang1", "count_area": 3.0, "countline_length": 6, "density": 0.020694516875187845, "flow": 0.33333333333333331, "LoS": "LoS A" }, "geometry": { "type": "Polygon", "coordinates": [ [ [ 122181.3203783420322, 487968.791498340782709 ], [ 122179.408072314792662, 487964.813901804154739 ], [ 122146.745885369702592, 487972.46312591311289 ], [ 122148.887668120209128, 487976.440722449740861 ], [ 122181.3203783420322, 487968.791498340782709 ] ] ] } },
{ "type": "Feature", "properties": { "sensor": "GASA-02-01", "time": "2025-08-20T12:20:00+02:00", "count_line": 20, "location": "BrugOostertoegang1", "count_area": 39.0, "countline_length": 6, "density": 0.26902871937744199, "flow": 3.3333333333333335, "LoS": "LoS A" }, "geometry": { "type": "Polygon", "coordinates": [ [ [ 122181.3203783420322, 487968.791498340782709 ], [ 122179.408072314792662, 487964.813901804154739 ], [ 122146.745885369702592, 487972.46312591311289 ], [ 122148.887668120209128, 487976.440722449740861 ], [ 122181.3203783420322, 487968.791498340782709 ] ] ] } },
{ "type": "Feature", "properties": { "sensor": "GASA-02-01", "time": "2025-08-20T12:22:00+02:00", "count_line": 14, "location": "BrugOostertoegang1", "count_area": 22.0, "countline_length": 6, "density": 0.15175979041804422, "flow": 2.3333333333333335, "LoS": "LoS A" }, "geometry": { "type": "Polygon", "coordinates": [ [ [ 122181.3203783420322, 487968.791498340782709 ], [ 122179.408072314792662, 487964.813901804154739 ], [ 122146.745885369702592, 487972.46312591311289 ], [ 122148.887668120209128, 487976.440722449740861 ], [ 122181.3203783420322, 487968.791498340782709 ] ] ] } },
{ "type": "Feature", "properties": { "sensor": "GASA-02-01", "time": "2025-08-20T12:24:00+02:00", "count_line": 4, "location": "BrugOostertoegang1", "count_area": 6.0, "countline_length": 6, "density": 0.041389033750375691, "flow": 0.66666666666666663, "LoS": "LoS A" }, "geometry": { "type": "Polygon", "coordinates": [ [ [ 122181.3203783420322, 487968.791498340782709 ], [ 122179.408072314792662, 487964.813901804154739 ], [ 122146.745885369702592, 487972.46312591311289 ], [ 122148.887668120209128, 487976.440722449740861 ], [ 122181.3203783420322, 487968.791498340782709 ] ] ] } },
{ "type": "Feature", "properties": { "sensor": "GASA-02-01", "time": "2025-08-20T12:26:00+02:00", "count_line": 4, "location": "BrugOostertoegang1", "count_area": 7.0, "countline_length": 6, "density": 0.048287206042104978, "flow": 0.66666666666666663, "LoS": "LoS A" }, "geometry": { "type": "Polygon", "coordinates": [ [ [ 122181.3203783420322, 487968.791498340782709 ], [ 122179.408072314792662, 487964.813901804154739 ], [ 122146.745885369702592, 487972.46312591311289 ], [ 122148.887668120209128, 487976.440722449740861 ], [ 122181.3203783420322, 487968.791498340782709 ] ] ] } },
{ "type": "Feature", "properties": { "sensor": "GASA-02-01", "time": "2025-08-20T12:28:00+02:00", "count_line": 0, "location": "BrugOostertoegang1", "count_area": 0.0, "countline_length": 6, "density": 0.0, "flow": 0.0, "LoS": "LoS A" }, "geometry": { "type": "Polygon", "coordinates": [ [ [ 122181.3203783420322, 487968.791498340782709 ], [ 122179.408072314792662, 487964.813901804154739 ], [ 122146.745885369702592, 487972.46312591311289 ], [ 122148.887668120209128, 487976.440722449740861 ], [ 122181.3203783420322, 487968.791498340782709 ] ] ] } },
{ "type": "Feature", "properties": { "sensor": "GASA-02-01", "time": "2025-08-20T12:30:00+02:00", "count_line": -2, "location": "BrugOostertoegang1", "count_area": -3.0, "countline_length": 6, "density": -0.020694516875187845, "flow": -0.33333333333333331, "LoS": "LoS A" }, "geometry": { "type": "Polygon", "coordinates": [ [ [ 122181.3203783420322, 487968.791498340782709 ], [ 122179.408072314792662, 487964.813901804154739 ], [ 122146.745885369702592, 487972.46312591311289 ], [ 122148.887668120209128, 487976.440722449740861 ], [ 122181.3203783420322, 487968.791498340782709 ] ] ] } },
{ "type": "Feature", "properties": { "sensor": "GASA-02-01", "time": "2025-08-20T12:32:00+02:00", "count_line": 0, "location": "BrugOostertoegang1", "count_area": 0.0, "countline_length": 6, "density": 0.0, "flow": 0.0, "LoS": "LoS A" }, "geometry": { "type": "Polygon", "coordinates": [ [ [ 122181.3203783420322, 487968.791498340782709 ], [ 122179.408072314792662, 487964.813901804154739 ], [ 122146.745885369702592, 487972.46312591311289 ], [ 122148.887668120209128, 487976.440722449740861 ], [ 122181.3203783420322, 487968.791498340782709 ] ] ] } },
{ "type": "Feature", "properties": { "sensor": "GASA-02-01", "time": "2025-08-20T12:34:00+02:00", "count_line": 12, "location": "BrugOostertoegang1", "count_area": 22.0, "countline_length": 6, "density": 0.15175979041804422, "flow": 2.0, "LoS": "LoS A" }, "geometry": { "type": "Polygon", "coordinates": [ [ [ 122181.3203783420322, 487968.791498340782709 ], [ 122179.408072314792662, 487964.813901804154739 ], [ 122146.745885369702592, 487972.46312591311289 ], [ 122148.887668120209128, 487976.440722449740861 ], [ 122181.3203783420322, 487968.791498340782709 ] ] ] } },
{ "type": "Feature", "properties": { "sensor": "GASA-02-01", "time": "2025-08-20T12:36:00+02:00", "count_line": 4, "location": "BrugOostertoegang1", "count_area": 6.0, "countline_length": 6, "density": 0.041389033750375691, "flow": 0.66666666666666663, "LoS": "LoS A" }, "geometry": { "type": "Polygon", "coordinates": [ [ [ 122181.3203783420322, 487968.791498340782709 ], [ 122179.408072314792662, 487964.813901804154739 ], [ 122146.745885369702592, 487972.46312591311289 ], [ 122148.887668120209128, 487976.440722449740861 ], [ 122181.3203783420322, 487968.791498340782709 ] ] ] } },
{ "type": "Feature", "properties": { "sensor": "GASA-02-01", "time": "2025-08-20T12:37:00+02:00", "count_line": 2, "location": "BrugOostertoegang1", "count_area": 3.0, "countline_length": 6, "density": 0.020694516875187845, "flow": 0.33333333333333331, "LoS": "LoS A" }, "geometry": { "type": "Polygon", "coordinates": [ [ [ 122181.3203783420322, 487968.791498340782709 ], [ 122179.408072314792662, 487964.813901804154739 ], [ 122146.745885369702592, 487972.46312591311289 ], [ 122148.887668120209128, 487976.440722449740861 ], [ 122181.3203783420322, 487968.791498340782709 ] ] ] } },
{ "type": "Feature", "properties": { "sensor": "GASA-02-01", "time": "2025-08-20T12:40:00+02:00", "count_line": 16, "location": "BrugOostertoegang1", "count_area": 31.0, "countline_length": 6, "density": 0.21384334104360775, "flow": 2.6666666666666665, "LoS": "LoS A" }, "geometry": { "type": "Polygon", "coordinates": [ [ [ 122181.3203783420322, 487968.791498340782709 ], [ 122179.408072314792662, 487964.813901804154739 ], [ 122146.745885369702592, 487972.46312591311289 ], [ 122148.887668120209128, 487976.440722449740861 ], [ 122181.3203783420322, 487968.791498340782709 ] ] ] } },
{ "type": "Feature", "properties": { "sensor": "GASA-02-01", "time": "2025-08-20T12:42:00+02:00", "count_line": 4, "location": "BrugOostertoegang1", "count_area": 7.0, "countline_length": 6, "density": 0.048287206042104978, "flow": 0.66666666666666663, "LoS": "LoS A" }, "geometry": { "type": "Polygon", "coordinates": [ [ [ 122181.3203783420322, 487968.791498340782709 ], [ 122179.408072314792662, 487964.813901804154739 ], [ 122146.745885369702592, 487972.46312591311289 ], [ 122148.887668120209128, 487976.440722449740861 ], [ 122181.3203783420322, 487968.791498340782709 ] ] ] } },
{ "type": "Feature", "properties": { "sensor": "GASA-02-01", "time": "2025-08-20T12:44:00+02:00", "count_line": 4, "location": "BrugOostertoegang1", "count_area": 7.0, "countline_length": 6, "density": 0.048287206042104978, "flow": 0.66666666666666663, "LoS": "LoS A" }, "geometry": { "type": "Polygon", "coordinates": [ [ [ 122181.3203783420322, 487968.791498340782709 ], [ 122179.408072314792662, 487964.813901804154739 ], [ 122146.745885369702592, 487972.46312591311289 ], [ 122148.887668120209128, 487976.440722449740861 ], [ 122181.3203783420322, 487968.791498340782709 ] ] ] } },
{ "type": "Feature", "properties": { "sensor": "GASA-02-01", "time": "2025-08-20T12:46:00+02:00", "count_line": 8, "location": "BrugOostertoegang1", "count_area": 14.0, "countline_length": 6, "density": 0.096574412084209957, "flow": 1.3333333333333333, "LoS": "LoS A" }, "geometry": { "type": "Polygon", "coordinates": [ [ [ 122181.3203783420322, 487968.791498340782709 ], [ 122179.408072314792662, 487964.813901804154739 ], [ 122146.745885369702592, 487972.46312591311289 ], [ 122148.887668120209128, 487976.440722449740861 ], [ 122181.3203783420322, 487968.791498340782709 ] ] ] } },
{ "type": "Feature", "properties": { "sensor": "GASA-02-01", "time": "2025-08-20T12:48:00+02:00", "count_line": 10, "location": "BrugOostertoegang1", "count_area": 16.0, "countline_length": 6, "density": 0.11037075666766852, "flow": 1.6666666666666667, "LoS": "LoS A" }, "geometry": { "type": "Polygon", "coordinates": [ [ [ 122181.3203783420322, 487968.791498340782709 ], [ 122179.408072314792662, 487964.813901804154739 ], [ 122146.745885369702592, 487972.46312591311289 ], [ 122148.887668120209128, 487976.440722449740861 ], [ 122181.3203783420322, 487968.791498340782709 ] ] ] } },
{ "type": "Feature", "properties": { "sensor": "GASA-02-01", "time": "2025-08-20T12:50:00+02:00", "count_line": 6, "location": "BrugOostertoegang1", "count_area": 9.0, "countline_length": 6, "density": 0.06208355062556354, "flow": 1.0, "LoS": "LoS A" }, "geometry": { "type": "Polygon", "coordinates": [ [ [ 122181.3203783420322, 487968.791498340782709 ], [ 122179.408072314792662, 487964.813901804154739 ], [ 122146.745885369702592, 487972.46312591311289 ], [ 122148.887668120209128, 487976.440722449740861 ], [ 122181.3203783420322, 487968.791498340782709 ] ] ] } },
{ "type": "Feature", "properties": { "sensor": "GASA-02-01", "time": "2025-08-20T12:52:00+02:00", "count_line": 0, "location": "BrugOostertoegang1", "count_area": 0.0, "countline_length": 6, "density": 0.0, "flow": 0.0, "LoS": "LoS A" }, "geometry": { "type": "Polygon", "coordinates": [ [ [ 122181.3203783420322, 487968.791498340782709 ], [ 122179.408072314792662, 487964.813901804154739 ], [ 122146.745885369702592, 487972.46312591311289 ], [ 122148.887668120209128, 487976.440722449740861 ], [ 122181.3203783420322, 487968.791498340782709 ] ] ] } },
{ "type": "Feature", "properties": { "sensor": "GASA-02-01", "time": "2025-08-20T12:54:00+02:00", "count_line": 12, "location": "BrugOostertoegang1", "count_area": 22.0, "countline_length": 6, "density": 0.15175979041804422, "flow": 2.0, "LoS": "LoS A" }, "geometry": { "type": "Polygon", "coordinates": [ [ [ 122181.3203783420322, 487968.791498340782709 ], [ 122179.408072314792662, 487964.813901804154739 ], [ 122146.745885369702592, 487972.46312591311289 ], [ 122148.887668120209128, 487976.440722449740861 ], [ 122181.3203783420322, 487968.791498340782709 ] ] ] } },
{ "type": "Feature", "properties": { "sensor": "GASA-02-01", "time": "2025-08-20T12:57:00+02:00", "count_line": 4, "location": "BrugOostertoegang1", "count_area": 7.0, "countline_length": 6, "density": 0.048287206042104978, "flow": 0.66666666666666663, "LoS": "LoS A" }, "geometry": { "type": "Polygon", "coordinates": [ [ [ 122181.3203783420322, 487968.791498340782709 ], [ 122179.408072314792662, 487964.813901804154739 ], [ 122146.745885369702592, 487972.46312591311289 ], [ 122148.887668120209128, 487976.440722449740861 ], [ 122181.3203783420322, 487968.791498340782709 ] ] ] } },
{ "type": "Feature", "properties": { "sensor": "GASA-02-01", "time": "2025-08-20T13:00:00+02:00", "count_line": 6, "location": "BrugOostertoegang1", "count_area": 11.0, "countline_length": 6, "density": 0.075879895209022108, "flow": 1.0, "LoS": "LoS A" }, "geometry": { "type": "Polygon", "coordinates": [ [ [ 122181.3203783420322, 487968.791498340782709 ], [ 122179.408072314792662, 487964.813901804154739 ], [ 122146.745885369702592, 487972.46312591311289 ], [ 122148.887668120209128, 487976.440722449740861 ], [ 122181.3203783420322, 487968.791498340782709 ] ] ] } },
{ "type": "Feature", "properties": { "sensor": "GASA-02-01", "time": "2025-08-20T13:02:00+02:00", "count_line": 6, "location": "BrugOostertoegang1", "count_area": 11.0, "countline_length": 6, "density": 0.075879895209022108, "flow": 1.0, "LoS": "LoS A" }, "geometry": { "type": "Polygon", "coordinates": [ [ [ 122181.3203783420322, 487968.791498340782709 ], [ 122179.408072314792662, 487964.813901804154739 ], [ 122146.745885369702592, 487972.46312591311289 ], [ 122148.887668120209128, 487976.440722449740861 ], [ 122181.3203783420322, 487968.791498340782709 ] ] ] } },
{ "type": "Feature", "properties": { "sensor": "GASA-02-01", "time": "2025-08-20T13:04:00+02:00", "count_line": 4, "location": "BrugOostertoegang1", "count_area": 6.0, "countline_length": 6, "density": 0.041389033750375691, "flow": 0.66666666666666663, "LoS": "LoS A" }, "geometry": { "type": "Polygon", "coordinates": [ [ [ 122181.3203783420322, 487968.791498340782709 ], [ 122179.408072314792662, 487964.813901804154739 ], [ 122146.745885369702592, 487972.46312591311289 ], [ 122148.887668120209128, 487976.440722449740861 ], [ 122181.3203783420322, 487968.791498340782709 ] ] ] } },
{ "type": "Feature", "properties": { "sensor": "GASA-02-01", "time": "2025-08-20T13:06:00+02:00", "count_line": 6, "location": "BrugOostertoegang1", "count_area": 11.0, "countline_length": 6, "density": 0.075879895209022108, "flow": 1.0, "LoS": "LoS A" }, "geometry": { "type": "Polygon", "coordinates": [ [ [ 122181.3203783420322, 487968.791498340782709 ], [ 122179.408072314792662, 487964.813901804154739 ], [ 122146.745885369702592, 487972.46312591311289 ], [ 122148.887668120209128, 487976.440722449740861 ], [ 122181.3203783420322, 487968.791498340782709 ] ] ] } },
{ "type": "Feature", "properties": { "sensor": "GASA-02-01", "time": "2025-08-20T13:08:00+02:00", "count_line": 10, "location": "BrugOostertoegang1", "count_area": 18.0, "countline_length": 6, "density": 0.12416710125112708, "flow": 1.6666666666666667, "LoS": "LoS A" }, "geometry": { "type": "Polygon", "coordinates": [ [ [ 122181.3203783420322, 487968.791498340782709 ], [ 122179.408072314792662, 487964.813901804154739 ], [ 122146.745885369702592, 487972.46312591311289 ], [ 122148.887668120209128, 487976.440722449740861 ], [ 122181.3203783420322, 487968.791498340782709 ] ] ] } },
{ "type": "Feature", "properties": { "sensor": "GASA-02-01", "time": "2025-08-20T13:10:00+02:00", "count_line": 20, "location": "BrugOostertoegang1", "count_area": 32.0, "countline_length": 6, "density": 0.22074151333533704, "flow": 3.3333333333333335, "LoS": "LoS A" }, "geometry": { "type": "Polygon", "coordinates": [ [ [ 122181.3203783420322, 487968.791498340782709 ], [ 122179.408072314792662, 487964.813901804154739 ], [ 122146.745885369702592, 487972.46312591311289 ], [ 122148.887668120209128, 487976.440722449740861 ], [ 122181.3203783420322, 487968.791498340782709 ] ] ] } },
{ "type": "Feature", "properties": { "sensor": "GASA-02-01", "time": "2025-08-20T13:12:00+02:00", "count_line": 8, "location": "BrugOostertoegang1", "count_area": 15.0, "countline_length": 6, "density": 0.10347258437593923, "flow": 1.3333333333333333, "LoS": "LoS A" }, "geometry": { "type": "Polygon", "coordinates": [ [ [ 122181.3203783420322, 487968.791498340782709 ], [ 122179.408072314792662, 487964.813901804154739 ], [ 122146.745885369702592, 487972.46312591311289 ], [ 122148.887668120209128, 487976.440722449740861 ], [ 122181.3203783420322, 487968.791498340782709 ] ] ] } },
{ "type": "Feature", "properties": { "sensor": "GASA-02-01", "time": "2025-08-20T13:14:00+02:00", "count_line": 18, "location": "BrugOostertoegang1", "count_area": 29.0, "countline_length": 6, "density": 0.20004699646014917, "flow": 3.0, "LoS": "LoS A" }, "geometry": { "type": "Polygon", "coordinates": [ [ [ 122181.3203783420322, 487968.791498340782709 ], [ 122179.408072314792662, 487964.813901804154739 ], [ 122146.745885369702592, 487972.46312591311289 ], [ 122148.887668120209128, 487976.440722449740861 ], [ 122181.3203783420322, 487968.791498340782709 ] ] ] } },
{ "type": "Feature", "properties": { "sensor": "GASA-02-01", "time": "2025-08-20T13:15:00+02:00", "count_line": 10, "location": "BrugOostertoegang1", "count_area": 17.0, "countline_length": 6, "density": 0.11726892895939779, "flow": 1.6666666666666667, "LoS": "LoS A" }, "geometry": { "type": "Polygon", "coordinates": [ [ [ 122181.3203783420322, 487968.791498340782709 ], [ 122179.408072314792662, 487964.813901804154739 ], [ 122146.745885369702592, 487972.46312591311289 ], [ 122148.887668120209128, 487976.440722449740861 ], [ 122181.3203783420322, 487968.791498340782709 ] ] ] } },
{ "type": "Feature", "properties": { "sensor": "GASA-02-01", "time": "2025-08-20T13:16:00+02:00", "count_line": 14, "location": "BrugOostertoegang1", "count_area": 26.0, "countline_length": 6, "density": 0.17935247958496134, "flow": 2.3333333333333335, "LoS": "LoS A" }, "geometry": { "type": "Polygon", "coordinates": [ [ [ 122181.3203783420322, 487968.791498340782709 ], [ 122179.408072314792662, 487964.813901804154739 ], [ 122146.745885369702592, 487972.46312591311289 ], [ 122148.887668120209128, 487976.440722449740861 ], [ 122181.3203783420322, 487968.791498340782709 ] ] ] } },
{ "type": "Feature", "properties": { "sensor": "GASA-02-01", "time": "2025-08-20T13:18:00+02:00", "count_line": 12, "location": "BrugOostertoegang1", "count_area": 18.0, "countline_length": 6, "density": 0.12416710125112708, "flow": 2.0, "LoS": "LoS A" }, "geometry": { "type": "Polygon", "coordinates": [ [ [ 122181.3203783420322, 487968.791498340782709 ], [ 122179.408072314792662, 487964.813901804154739 ], [ 122146.745885369702592, 487972.46312591311289 ], [ 122148.887668120209128, 487976.440722449740861 ], [ 122181.3203783420322, 487968.791498340782709 ] ] ] } },
{ "type": "Feature", "properties": { "sensor": "GASA-02-01", "time": "2025-08-20T13:20:00+02:00", "count_line": 2, "location": "BrugOostertoegang1", "count_area": 3.0, "countline_length": 6, "density": 0.020694516875187845, "flow": 0.33333333333333331, "LoS": "LoS A" }, "geometry": { "type": "Polygon", "coordinates": [ [ [ 122181.3203783420322, 487968.791498340782709 ], [ 122179.408072314792662, 487964.813901804154739 ], [ 122146.745885369702592, 487972.46312591311289 ], [ 122148.887668120209128, 487976.440722449740861 ], [ 122181.3203783420322, 487968.791498340782709 ] ] ] } },
{ "type": "Feature", "properties": { "sensor": "GASA-02-01", "time": "2025-08-20T13:22:00+02:00", "count_line": 1, "location": "BrugOostertoegang1", "count_area": 1.0, "countline_length": 6, "density": 0.0068981722917292824, "flow": 0.16666666666666666, "LoS": "LoS A" }, "geometry": { "type": "Polygon", "coordinates": [ [ [ 122181.3203783420322, 487968.791498340782709 ], [ 122179.408072314792662, 487964.813901804154739 ], [ 122146.745885369702592, 487972.46312591311289 ], [ 122148.887668120209128, 487976.440722449740861 ], [ 122181.3203783420322, 487968.791498340782709 ] ] ] } },
{ "type": "Feature", "properties": { "sensor": "GASA-02-01", "time": "2025-08-20T13:24:00+02:00", "count_line": 8, "location": "BrugOostertoegang1", "count_area": 12.0, "countline_length": 6, "density": 0.082778067500751382, "flow": 1.3333333333333333, "LoS": "LoS A" }, "geometry": { "type": "Polygon", "coordinates": [ [ [ 122181.3203783420322, 487968.791498340782709 ], [ 122179.408072314792662, 487964.813901804154739 ], [ 122146.745885369702592, 487972.46312591311289 ], [ 122148.887668120209128, 487976.440722449740861 ], [ 122181.3203783420322, 487968.791498340782709 ] ] ] } },
{ "type": "Feature", "properties": { "sensor": "GASA-02-01", "time": "2025-08-20T13:26:00+02:00", "count_line": 0, "location": "BrugOostertoegang1", "count_area": 0.0, "countline_length": 6, "density": 0.0, "flow": 0.0, "LoS": "LoS A" }, "geometry": { "type": "Polygon", "coordinates": [ [ [ 122181.3203783420322, 487968.791498340782709 ], [ 122179.408072314792662, 487964.813901804154739 ], [ 122146.745885369702592, 487972.46312591311289 ], [ 122148.887668120209128, 487976.440722449740861 ], [ 122181.3203783420322, 487968.791498340782709 ] ] ] } },
{ "type": "Feature", "properties": { "sensor": "GASA-02-01", "time": "2025-08-20T13:28:00+02:00", "count_line": 14, "location": "BrugOostertoegang1", "count_area": 26.0, "countline_length": 6, "density": 0.17935247958496134, "flow": 2.3333333333333335, "LoS": "LoS A" }, "geometry": { "type": "Polygon", "coordinates": [ [ [ 122181.3203783420322, 487968.791498340782709 ], [ 122179.408072314792662, 487964.813901804154739 ], [ 122146.745885369702592, 487972.46312591311289 ], [ 122148.887668120209128, 487976.440722449740861 ], [ 122181.3203783420322, 487968.791498340782709 ] ] ] } },
{ "type": "Feature", "properties": { "sensor": "GASA-02-01", "time": "2025-08-20T13:30:00+02:00", "count_line": 10, "location": "BrugOostertoegang1", "count_area": 16.0, "countline_length": 6, "density": 0.11037075666766852, "flow": 1.6666666666666667, "LoS": "LoS A" }, "geometry": { "type": "Polygon", "coordinates": [ [ [ 122181.3203783420322, 487968.791498340782709 ], [ 122179.408072314792662, 487964.813901804154739 ], [ 122146.745885369702592, 487972.46312591311289 ], [ 122148.887668120209128, 487976.440722449740861 ], [ 122181.3203783420322, 487968.791498340782709 ] ] ] } },
{ "type": "Feature", "properties": { "sensor": "GASA-02-01", "time": "2025-08-20T13:32:00+02:00", "count_line": 18, "location": "BrugOostertoegang1", "count_area": 31.0, "countline_length": 6, "density": 0.21384334104360775, "flow": 3.0, "LoS": "LoS A" }, "geometry": { "type": "Polygon", "coordinates": [ [ [ 122181.3203783420322, 487968.791498340782709 ], [ 122179.408072314792662, 487964.813901804154739 ], [ 122146.745885369702592, 487972.46312591311289 ], [ 122148.887668120209128, 487976.440722449740861 ], [ 122181.3203783420322, 487968.791498340782709 ] ] ] } },
{ "type": "Feature", "properties": { "sensor": "GASA-02-01", "time": "2025-08-20T13:34:00+02:00", "count_line": 4, "location": "BrugOostertoegang1", "count_area": 7.0, "countline_length": 6, "density": 0.048287206042104978, "flow": 0.66666666666666663, "LoS": "LoS A" }, "geometry": { "type": "Polygon", "coordinates": [ [ [ 122181.3203783420322, 487968.791498340782709 ], [ 122179.408072314792662, 487964.813901804154739 ], [ 122146.745885369702592, 487972.46312591311289 ], [ 122148.887668120209128, 487976.440722449740861 ], [ 122181.3203783420322, 487968.791498340782709 ] ] ] } },
{ "type": "Feature", "properties": { "sensor": "GASA-02-01", "time": "2025-08-20T13:36:00+02:00", "count_line": 50, "location": "BrugOostertoegang1", "count_area": 75.0, "countline_length": 6, "density": 0.51736292187969612, "flow": 8.3333333333333339, "LoS": "LoS B" }, "geometry": { "type": "Polygon", "coordinates": [ [ [ 122181.3203783420322, 487968.791498340782709 ], [ 122179.408072314792662, 487964.813901804154739 ], [ 122146.745885369702592, 487972.46312591311289 ], [ 122148.887668120209128, 487976.440722449740861 ], [ 122181.3203783420322, 487968.791498340782709 ] ] ] } },
{ "type": "Feature", "properties": { "sensor": "GASA-02-01", "time": "2025-08-20T13:38:00+02:00", "count_line": 26, "location": "BrugOostertoegang1", "count_area": 47.0, "countline_length": 6, "density": 0.32421409771127624, "flow": 4.333333333333333, "LoS": "LoS B" }, "geometry": { "type": "Polygon", "coordinates": [ [ [ 122181.3203783420322, 487968.791498340782709 ], [ 122179.408072314792662, 487964.813901804154739 ], [ 122146.745885369702592, 487972.46312591311289 ], [ 122148.887668120209128, 487976.440722449740861 ], [ 122181.3203783420322, 487968.791498340782709 ] ] ] } },
{ "type": "Feature", "properties": { "sensor": "GASA-02-01", "time": "2025-08-20T13:40:00+02:00", "count_line": 28, "location": "BrugOostertoegang1", "count_area": 43.0, "countline_length": 6, "density": 0.29662140854435914, "flow": 4.666666666666667, "LoS": "LoS A" }, "geometry": { "type": "Polygon", "coordinates": [ [ [ 122181.3203783420322, 487968.791498340782709 ], [ 122179.408072314792662, 487964.813901804154739 ], [ 122146.745885369702592, 487972.46312591311289 ], [ 122148.887668120209128, 487976.440722449740861 ], [ 122181.3203783420322, 487968.791498340782709 ] ] ] } },
{ "type": "Feature", "properties": { "sensor": "GASA-02-01", "time": "2025-08-20T13:42:00+02:00", "count_line": 26, "location": "BrugOostertoegang1", "count_area": 49.0, "countline_length": 6, "density": 0.33801044229473481, "flow": 4.333333333333333, "LoS": "LoS B" }, "geometry": { "type": "Polygon", "coordinates": [ [ [ 122181.3203783420322, 487968.791498340782709 ], [ 122179.408072314792662, 487964.813901804154739 ], [ 122146.745885369702592, 487972.46312591311289 ], [ 122148.887668120209128, 487976.440722449740861 ], [ 122181.3203783420322, 487968.791498340782709 ] ] ] } },
{ "type": "Feature", "properties": { "sensor": "GASA-02-01", "time": "2025-08-20T13:44:00+02:00", "count_line": 3, "location": "BrugOostertoegang1", "count_area": 5.0, "countline_length": 6, "density": 0.03449086145864641, "flow": 0.5, "LoS": "LoS A" }, "geometry": { "type": "Polygon", "coordinates": [ [ [ 122181.3203783420322, 487968.791498340782709 ], [ 122179.408072314792662, 487964.813901804154739 ], [ 122146.745885369702592, 487972.46312591311289 ], [ 122148.887668120209128, 487976.440722449740861 ], [ 122181.3203783420322, 487968.791498340782709 ] ] ] } },
{ "type": "Feature", "properties": { "sensor": "GASA-02-01", "time": "2025-08-20T13:46:00+02:00", "count_line": 26, "location": "BrugOostertoegang1", "count_area": 51.0, "countline_length": 6, "density": 0.35180678687819339, "flow": 4.333333333333333, "LoS": "LoS B" }, "geometry": { "type": "Polygon", "coordinates": [ [ [ 122181.3203783420322, 487968.791498340782709 ], [ 122179.408072314792662, 487964.813901804154739 ], [ 122146.745885369702592, 487972.46312591311289 ], [ 122148.887668120209128, 487976.440722449740861 ], [ 122181.3203783420322, 487968.791498340782709 ] ] ] } },
{ "type": "Feature", "properties": { "sensor": "GASA-02-01", "time": "2025-08-20T13:56:00+02:00", "count_line": 10, "location": "BrugOostertoegang1", "count_area": 16.0, "countline_length": 6, "density": 0.11037075666766852, "flow": 1.6666666666666667, "LoS": "LoS A" }, "geometry": { "type": "Polygon", "coordinates": [ [ [ 122181.3203783420322, 487968.791498340782709 ], [ 122179.408072314792662, 487964.813901804154739 ], [ 122146.745885369702592, 487972.46312591311289 ], [ 122148.887668120209128, 487976.440722449740861 ], [ 122181.3203783420322, 487968.791498340782709 ] ] ] } },
{ "type": "Feature", "properties": { "sensor": "GASA-02-01", "time": "2025-08-20T13:58:00+02:00", "count_line": 16, "location": "BrugOostertoegang1", "count_area": 25.0, "countline_length": 6, "density": 0.17245430729323205, "flow": 2.6666666666666665, "LoS": "LoS A" }, "geometry": { "type": "Polygon", "coordinates": [ [ [ 122181.3203783420322, 487968.791498340782709 ], [ 122179.408072314792662, 487964.813901804154739 ], [ 122146.745885369702592, 487972.46312591311289 ], [ 122148.887668120209128, 487976.440722449740861 ], [ 122181.3203783420322, 487968.791498340782709 ] ] ] } },
{ "type": "Feature", "properties": { "sensor": "GASA-02-01", "time": "2025-08-20T14:00:00+02:00", "count_line": 23, "location": "BrugOostertoegang1", "count_area": 43.0, "countline_length": 6, "density": 0.29662140854435914, "flow": 3.8333333333333335, "LoS": "LoS A" }, "geometry": { "type": "Polygon", "coordinates": [ [ [ 122181.3203783420322, 487968.791498340782709 ], [ 122179.408072314792662, 487964.813901804154739 ], [ 122146.745885369702592, 487972.46312591311289 ], [ 122148.887668120209128, 487976.440722449740861 ], [ 122181.3203783420322, 487968.791498340782709 ] ] ] } },
{ "type": "Feature", "properties": { "sensor": "GASA-02-01", "time": "2025-08-20T14:01:00+02:00", "count_line": 11, "location": "BrugOostertoegang1", "count_area": 17.0, "countline_length": 6, "density": 0.11726892895939779, "flow": 1.8333333333333333, "LoS": "LoS A" }, "geometry": { "type": "Polygon", "coordinates": [ [ [ 122181.3203783420322, 487968.791498340782709 ], [ 122179.408072314792662, 487964.813901804154739 ], [ 122146.745885369702592, 487972.46312591311289 ], [ 122148.887668120209128, 487976.440722449740861 ], [ 122181.3203783420322, 487968.791498340782709 ] ] ] } },
{ "type": "Feature", "properties": { "sensor": "GASA-02-01", "time": "2025-08-20T14:02:00+02:00", "count_line": 19, "location": "BrugOostertoegang1", "count_area": 35.0, "countline_length": 6, "density": 0.24143603021052487, "flow": 3.1666666666666665, "LoS": "LoS A" }, "geometry": { "type": "Polygon", "coordinates": [ [ [ 122181.3203783420322, 487968.791498340782709 ], [ 122179.408072314792662, 487964.813901804154739 ], [ 122146.745885369702592, 487972.46312591311289 ], [ 122148.887668120209128, 487976.440722449740861 ], [ 122181.3203783420322, 487968.791498340782709 ] ] ] } },
{ "type": "Feature", "properties": { "sensor": "GASA-02-01", "time": "2025-08-20T14:04:00+02:00", "count_line": 32, "location": "BrugOostertoegang1", "count_area": 63.0, "countline_length": 6, "density": 0.43458485437894478, "flow": 5.333333333333333, "LoS": "LoS B" }, "geometry": { "type": "Polygon", "coordinates": [ [ [ 122181.3203783420322, 487968.791498340782709 ], [ 122179.408072314792662, 487964.813901804154739 ], [ 122146.745885369702592, 487972.46312591311289 ], [ 122148.887668120209128, 487976.440722449740861 ], [ 122181.3203783420322, 487968.791498340782709 ] ] ] } },
{ "type": "Feature", "properties": { "sensor": "GASA-02-01", "time": "2025-08-20T14:06:00+02:00", "count_line": 6, "location": "BrugOostertoegang1", "count_area": 10.0, "countline_length": 6, "density": 0.06898172291729282, "flow": 1.0, "LoS": "LoS A" }, "geometry": { "type": "Polygon", "coordinates": [ [ [ 122181.3203783420322, 487968.791498340782709 ], [ 122179.408072314792662, 487964.813901804154739 ], [ 122146.745885369702592, 487972.46312591311289 ], [ 122148.887668120209128, 487976.440722449740861 ], [ 122181.3203783420322, 487968.791498340782709 ] ] ] } },
{ "type": "Feature", "properties": { "sensor": "GASA-02-01", "time": "2025-08-20T14:08:00+02:00", "count_line": 20, "location": "BrugOostertoegang1", "count_area": 30.0, "countline_length": 6, "density": 0.20694516875187846, "flow": 3.3333333333333335, "LoS": "LoS A" }, "geometry": { "type": "Polygon", "coordinates": [ [ [ 122181.3203783420322, 487968.791498340782709 ], [ 122179.408072314792662, 487964.813901804154739 ], [ 122146.745885369702592, 487972.46312591311289 ], [ 122148.887668120209128, 487976.440722449740861 ], [ 122181.3203783420322, 487968.791498340782709 ] ] ] } },
{ "type": "Feature", "properties": { "sensor": "GASA-02-01", "time": "2025-08-20T14:10:00+02:00", "count_line": 14, "location": "BrugOostertoegang1", "count_area": 27.0, "countline_length": 6, "density": 0.18625065187669063, "flow": 2.3333333333333335, "LoS": "LoS A" }, "geometry": { "type": "Polygon", "coordinates": [ [ [ 122181.3203783420322, 487968.791498340782709 ], [ 122179.408072314792662, 487964.813901804154739 ], [ 122146.745885369702592, 487972.46312591311289 ], [ 122148.887668120209128, 487976.440722449740861 ], [ 122181.3203783420322, 487968.791498340782709 ] ] ] } },
{ "type": "Feature", "properties": { "sensor": "GASA-02-01", "time": "2025-08-20T14:12:00+02:00", "count_line": 6, "location": "BrugOostertoegang1", "count_area": 11.0, "countline_length": 6, "density": 0.075879895209022108, "flow": 1.0, "LoS": "LoS A" }, "geometry": { "type": "Polygon", "coordinates": [ [ [ 122181.3203783420322, 487968.791498340782709 ], [ 122179.408072314792662, 487964.813901804154739 ], [ 122146.745885369702592, 487972.46312591311289 ], [ 122148.887668120209128, 487976.440722449740861 ], [ 122181.3203783420322, 487968.791498340782709 ] ] ] } },
{ "type": "Feature", "properties": { "sensor": "GASA-02-01", "time": "2025-08-20T14:14:00+02:00", "count_line": 2, "location": "BrugOostertoegang1", "count_area": 3.0, "countline_length": 6, "density": 0.020694516875187845, "flow": 0.33333333333333331, "LoS": "LoS A" }, "geometry": { "type": "Polygon", "coordinates": [ [ [ 122181.3203783420322, 487968.791498340782709 ], [ 122179.408072314792662, 487964.813901804154739 ], [ 122146.745885369702592, 487972.46312591311289 ], [ 122148.887668120209128, 487976.440722449740861 ], [ 122181.3203783420322, 487968.791498340782709 ] ] ] } },
{ "type": "Feature", "properties": { "sensor": "GASA-02-01", "time": "2025-08-20T14:16:00+02:00", "count_line": 11, "location": "BrugOostertoegang1", "count_area": 21.0, "countline_length": 6, "density": 0.14486161812631493, "flow": 1.8333333333333333, "LoS": "LoS A" }, "geometry": { "type": "Polygon", "coordinates": [ [ [ 122181.3203783420322, 487968.791498340782709 ], [ 122179.408072314792662, 487964.813901804154739 ], [ 122146.745885369702592, 487972.46312591311289 ], [ 122148.887668120209128, 487976.440722449740861 ], [ 122181.3203783420322, 487968.791498340782709 ] ] ] } },
{ "type": "Feature", "properties": { "sensor": "GASA-02-01", "time": "2025-08-20T14:18:00+02:00", "count_line": 37, "location": "BrugOostertoegang1", "count_area": 61.0, "countline_length": 6, "density": 0.42078850979548621, "flow": 6.166666666666667, "LoS": "LoS B" }, "geometry": { "type": "Polygon", "coordinates": [ [ [ 122181.3203783420322, 487968.791498340782709 ], [ 122179.408072314792662, 487964.813901804154739 ], [ 122146.745885369702592, 487972.46312591311289 ], [ 122148.887668120209128, 487976.440722449740861 ], [ 122181.3203783420322, 487968.791498340782709 ] ] ] } },
{ "type": "Feature", "properties": { "sensor": "GASA-02-01", "time": "2025-08-20T14:20:00+02:00", "count_line": 16, "location": "BrugOostertoegang1", "count_area": 25.0, "countline_length": 6, "density": 0.17245430729323205, "flow": 2.6666666666666665, "LoS": "LoS A" }, "geometry": { "type": "Polygon", "coordinates": [ [ [ 122181.3203783420322, 487968.791498340782709 ], [ 122179.408072314792662, 487964.813901804154739 ], [ 122146.745885369702592, 487972.46312591311289 ], [ 122148.887668120209128, 487976.440722449740861 ], [ 122181.3203783420322, 487968.791498340782709 ] ] ] } },
{ "type": "Feature", "properties": { "sensor": "GASA-02-01", "time": "2025-08-20T14:22:00+02:00", "count_line": 24, "location": "BrugOostertoegang1", "count_area": 47.0, "countline_length": 6, "density": 0.32421409771127624, "flow": 4.0, "LoS": "LoS B" }, "geometry": { "type": "Polygon", "coordinates": [ [ [ 122181.3203783420322, 487968.791498340782709 ], [ 122179.408072314792662, 487964.813901804154739 ], [ 122146.745885369702592, 487972.46312591311289 ], [ 122148.887668120209128, 487976.440722449740861 ], [ 122181.3203783420322, 487968.791498340782709 ] ] ] } },
{ "type": "Feature", "properties": { "sensor": "GASA-02-01", "time": "2025-08-20T14:23:00+02:00", "count_line": 15, "location": "BrugOostertoegang1", "count_area": 24.0, "countline_length": 6, "density": 0.16555613500150276, "flow": 2.5, "LoS": "LoS A" }, "geometry": { "type": "Polygon", "coordinates": [ [ [ 122181.3203783420322, 487968.791498340782709 ], [ 122179.408072314792662, 487964.813901804154739 ], [ 122146.745885369702592, 487972.46312591311289 ], [ 122148.887668120209128, 487976.440722449740861 ], [ 122181.3203783420322, 487968.791498340782709 ] ] ] } },
{ "type": "Feature", "properties": { "sensor": "GASA-02-01", "time": "2025-08-20T14:24:00+02:00", "count_line": 10, "location": "BrugOostertoegang1", "count_area": 17.0, "countline_length": 6, "density": 0.11726892895939779, "flow": 1.6666666666666667, "LoS": "LoS A" }, "geometry": { "type": "Polygon", "coordinates": [ [ [ 122181.3203783420322, 487968.791498340782709 ], [ 122179.408072314792662, 487964.813901804154739 ], [ 122146.745885369702592, 487972.46312591311289 ], [ 122148.887668120209128, 487976.440722449740861 ], [ 122181.3203783420322, 487968.791498340782709 ] ] ] } },
{ "type": "Feature", "properties": { "sensor": "GASA-02-01", "time": "2025-08-20T14:26:00+02:00", "count_line": 8, "location": "BrugOostertoegang1", "count_area": 15.0, "countline_length": 6, "density": 0.10347258437593923, "flow": 1.3333333333333333, "LoS": "LoS A" }, "geometry": { "type": "Polygon", "coordinates": [ [ [ 122181.3203783420322, 487968.791498340782709 ], [ 122179.408072314792662, 487964.813901804154739 ], [ 122146.745885369702592, 487972.46312591311289 ], [ 122148.887668120209128, 487976.440722449740861 ], [ 122181.3203783420322, 487968.791498340782709 ] ] ] } },
{ "type": "Feature", "properties": { "sensor": "GASA-02-01", "time": "2025-08-20T14:28:00+02:00", "count_line": 16, "location": "BrugOostertoegang1", "count_area": 28.0, "countline_length": 6, "density": 0.19314882416841991, "flow": 2.6666666666666665, "LoS": "LoS A" }, "geometry": { "type": "Polygon", "coordinates": [ [ [ 122181.3203783420322, 487968.791498340782709 ], [ 122179.408072314792662, 487964.813901804154739 ], [ 122146.745885369702592, 487972.46312591311289 ], [ 122148.887668120209128, 487976.440722449740861 ], [ 122181.3203783420322, 487968.791498340782709 ] ] ] } },
{ "type": "Feature", "properties": { "sensor": "GASA-02-01", "time": "2025-08-20T14:30:00+02:00", "count_line": 15, "location": "BrugOostertoegang1", "count_area": 22.0, "countline_length": 6, "density": 0.15175979041804422, "flow": 2.5, "LoS": "LoS A" }, "geometry": { "type": "Polygon", "coordinates": [ [ [ 122181.3203783420322, 487968.791498340782709 ], [ 122179.408072314792662, 487964.813901804154739 ], [ 122146.745885369702592, 487972.46312591311289 ], [ 122148.887668120209128, 487976.440722449740861 ], [ 122181.3203783420322, 487968.791498340782709 ] ] ] } },
{ "type": "Feature", "properties": { "sensor": "GASA-02-01", "time": "2025-08-20T14:32:00+02:00", "count_line": 15, "location": "BrugOostertoegang1", "count_area": 25.0, "countline_length": 6, "density": 0.17245430729323205, "flow": 2.5, "LoS": "LoS A" }, "geometry": { "type": "Polygon", "coordinates": [ [ [ 122181.3203783420322, 487968.791498340782709 ], [ 122179.408072314792662, 487964.813901804154739 ], [ 122146.745885369702592, 487972.46312591311289 ], [ 122148.887668120209128, 487976.440722449740861 ], [ 122181.3203783420322, 487968.791498340782709 ] ] ] } },
{ "type": "Feature", "properties": { "sensor": "GASA-02-01", "time": "2025-08-20T14:34:00+02:00", "count_line": 17, "location": "BrugOostertoegang1", "count_area": 29.0, "countline_length": 6, "density": 0.20004699646014917, "flow": 2.8333333333333335, "LoS": "LoS A" }, "geometry": { "type": "Polygon", "coordinates": [ [ [ 122181.3203783420322, 487968.791498340782709 ], [ 122179.408072314792662, 487964.813901804154739 ], [ 122146.745885369702592, 487972.46312591311289 ], [ 122148.887668120209128, 487976.440722449740861 ], [ 122181.3203783420322, 487968.791498340782709 ] ] ] } },
{ "type": "Feature", "properties": { "sensor": "GASA-02-01", "time": "2025-08-20T14:36:00+02:00", "count_line": 26, "location": "BrugOostertoegang1", "count_area": 48.0, "countline_length": 6, "density": 0.33111227000300553, "flow": 4.333333333333333, "LoS": "LoS B" }, "geometry": { "type": "Polygon", "coordinates": [ [ [ 122181.3203783420322, 487968.791498340782709 ], [ 122179.408072314792662, 487964.813901804154739 ], [ 122146.745885369702592, 487972.46312591311289 ], [ 122148.887668120209128, 487976.440722449740861 ], [ 122181.3203783420322, 487968.791498340782709 ] ] ] } },
{ "type": "Feature", "properties": { "sensor": "GASA-02-01", "time": "2025-08-20T14:38:00+02:00", "count_line": 21, "location": "BrugOostertoegang1", "count_area": 36.0, "countline_length": 6, "density": 0.24833420250225416, "flow": 3.5, "LoS": "LoS A" }, "geometry": { "type": "Polygon", "coordinates": [ [ [ 122181.3203783420322, 487968.791498340782709 ], [ 122179.408072314792662, 487964.813901804154739 ], [ 122146.745885369702592, 487972.46312591311289 ], [ 122148.887668120209128, 487976.440722449740861 ], [ 122181.3203783420322, 487968.791498340782709 ] ] ] } },
{ "type": "Feature", "properties": { "sensor": "GASA-02-01", "time": "2025-08-20T14:40:00+02:00", "count_line": 19, "location": "BrugOostertoegang1", "count_area": 28.0, "countline_length": 6, "density": 0.19314882416841991, "flow": 3.1666666666666665, "LoS": "LoS A" }, "geometry": { "type": "Polygon", "coordinates": [ [ [ 122181.3203783420322, 487968.791498340782709 ], [ 122179.408072314792662, 487964.813901804154739 ], [ 122146.745885369702592, 487972.46312591311289 ], [ 122148.887668120209128, 487976.440722449740861 ], [ 122181.3203783420322, 487968.791498340782709 ] ] ] } },
{ "type": "Feature", "properties": { "sensor": "GASA-02-01", "time": "2025-08-20T14:42:00+02:00", "count_line": 22, "location": "BrugOostertoegang1", "count_area": 37.0, "countline_length": 6, "density": 0.25523237479398342, "flow": 3.6666666666666665, "LoS": "LoS A" }, "geometry": { "type": "Polygon", "coordinates": [ [ [ 122181.3203783420322, 487968.791498340782709 ], [ 122179.408072314792662, 487964.813901804154739 ], [ 122146.745885369702592, 487972.46312591311289 ], [ 122148.887668120209128, 487976.440722449740861 ], [ 122181.3203783420322, 487968.791498340782709 ] ] ] } },
{ "type": "Feature", "properties": { "sensor": "GASA-02-01", "time": "2025-08-20T14:44:00+02:00", "count_line": 50, "location": "BrugOostertoegang1", "count_area": 82.0, "countline_length": 6, "density": 0.56565012792180114, "flow": 8.3333333333333339, "LoS": "LoS B" }, "geometry": { "type": "Polygon", "coordinates": [ [ [ 122181.3203783420322, 487968.791498340782709 ], [ 122179.408072314792662, 487964.813901804154739 ], [ 122146.745885369702592, 487972.46312591311289 ], [ 122148.887668120209128, 487976.440722449740861 ], [ 122181.3203783420322, 487968.791498340782709 ] ] ] } },
{ "type": "Feature", "properties": { "sensor": "GASA-02-01", "time": "2025-08-20T14:46:00+02:00", "count_line": 41, "location": "BrugOostertoegang1", "count_area": 75.0, "countline_length": 6, "density": 0.51736292187969612, "flow": 6.833333333333333, "LoS": "LoS B" }, "geometry": { "type": "Polygon", "coordinates": [ [ [ 122181.3203783420322, 487968.791498340782709 ], [ 122179.408072314792662, 487964.813901804154739 ], [ 122146.745885369702592, 487972.46312591311289 ], [ 122148.887668120209128, 487976.440722449740861 ], [ 122181.3203783420322, 487968.791498340782709 ] ] ] } },
{ "type": "Feature", "properties": { "sensor": "GASA-02-01", "time": "2025-08-20T14:48:00+02:00", "count_line": 54, "location": "BrugOostertoegang1", "count_area": 104.0, "countline_length": 6, "density": 0.71740991833984535, "flow": 9.0, "LoS": "LoS C" }, "geometry": { "type": "Polygon", "coordinates": [ [ [ 122181.3203783420322, 487968.791498340782709 ], [ 122179.408072314792662, 487964.813901804154739 ], [ 122146.745885369702592, 487972.46312591311289 ], [ 122148.887668120209128, 487976.440722449740861 ], [ 122181.3203783420322, 487968.791498340782709 ] ] ] } },
{ "type": "Feature", "properties": { "sensor": "GASA-02-01", "time": "2025-08-20T14:50:00+02:00", "count_line": 38, "location": "BrugOostertoegang1", "count_area": 72.0, "countline_length": 6, "density": 0.49666840500450832, "flow": 6.333333333333333, "LoS": "LoS B" }, "geometry": { "type": "Polygon", "coordinates": [ [ [ 122181.3203783420322, 487968.791498340782709 ], [ 122179.408072314792662, 487964.813901804154739 ], [ 122146.745885369702592, 487972.46312591311289 ], [ 122148.887668120209128, 487976.440722449740861 ], [ 122181.3203783420322, 487968.791498340782709 ] ] ] } },
{ "type": "Feature", "properties": { "sensor": "GASA-02-01", "time": "2025-08-20T14:52:00+02:00", "count_line": 37, "location": "BrugOostertoegang1", "count_area": 62.0, "countline_length": 6, "density": 0.4276866820872155, "flow": 6.166666666666667, "LoS": "LoS B" }, "geometry": { "type": "Polygon", "coordinates": [ [ [ 122181.3203783420322, 487968.791498340782709 ], [ 122179.408072314792662, 487964.813901804154739 ], [ 122146.745885369702592, 487972.46312591311289 ], [ 122148.887668120209128, 487976.440722449740861 ], [ 122181.3203783420322, 487968.791498340782709 ] ] ] } },
{ "type": "Feature", "properties": { "sensor": "GASA-02-01", "time": "2025-08-20T14:54:00+02:00", "count_line": 56, "location": "BrugOostertoegang1", "count_area": 110.0, "countline_length": 6, "density": 0.75879895209022108, "flow": 9.3333333333333339, "LoS": "LoS C" }, "geometry": { "type": "Polygon", "coordinates": [ [ [ 122181.3203783420322, 487968.791498340782709 ], [ 122179.408072314792662, 487964.813901804154739 ], [ 122146.745885369702592, 487972.46312591311289 ], [ 122148.887668120209128, 487976.440722449740861 ], [ 122181.3203783420322, 487968.791498340782709 ] ] ] } },
{ "type": "Feature", "properties": { "sensor": "GASA-02-01", "time": "2025-08-20T14:55:00+02:00", "count_line": 53, "location": "BrugOostertoegang1", "count_area": 93.0, "countline_length": 6, "density": 0.64153002313082319, "flow": 8.8333333333333339, "LoS": "LoS B" }, "geometry": { "type": "Polygon", "coordinates": [ [ [ 122181.3203783420322, 487968.791498340782709 ], [ 122179.408072314792662, 487964.813901804154739 ], [ 122146.745885369702592, 487972.46312591311289 ], [ 122148.887668120209128, 487976.440722449740861 ], [ 122181.3203783420322, 487968.791498340782709 ] ] ] } },
{ "type": "Feature", "properties": { "sensor": "GASA-02-01", "time": "2025-08-20T14:56:00+02:00", "count_line": 39, "location": "BrugOostertoegang1", "count_area": 69.0, "countline_length": 6, "density": 0.47597388812932045, "flow": 6.5, "LoS": "LoS B" }, "geometry": { "type": "Polygon", "coordinates": [ [ [ 122181.3203783420322, 487968.791498340782709 ], [ 122179.408072314792662, 487964.813901804154739 ], [ 122146.745885369702592, 487972.46312591311289 ], [ 122148.887668120209128, 487976.440722449740861 ], [ 122181.3203783420322, 487968.791498340782709 ] ] ] } },
{ "type": "Feature", "properties": { "sensor": "GASA-02-01", "time": "2025-08-20T14:58:00+02:00", "count_line": 26, "location": "BrugOostertoegang1", "count_area": 49.0, "countline_length": 6, "density": 0.33801044229473481, "flow": 4.333333333333333, "LoS": "LoS B" }, "geometry": { "type": "Polygon", "coordinates": [ [ [ 122181.3203783420322, 487968.791498340782709 ], [ 122179.408072314792662, 487964.813901804154739 ], [ 122146.745885369702592, 487972.46312591311289 ], [ 122148.887668120209128, 487976.440722449740861 ], [ 122181.3203783420322, 487968.791498340782709 ] ] ] } },
{ "type": "Feature", "properties": { "sensor": "GASA-02-01", "time": "2025-08-20T15:00:00+02:00", "count_line": 20, "location": "BrugOostertoegang1", "count_area": 35.0, "countline_length": 6, "density": 0.24143603021052487, "flow": 3.3333333333333335, "LoS": "LoS A" }, "geometry": { "type": "Polygon", "coordinates": [ [ [ 122181.3203783420322, 487968.791498340782709 ], [ 122179.408072314792662, 487964.813901804154739 ], [ 122146.745885369702592, 487972.46312591311289 ], [ 122148.887668120209128, 487976.440722449740861 ], [ 122181.3203783420322, 487968.791498340782709 ] ] ] } },
{ "type": "Feature", "properties": { "sensor": "GASA-02-01", "time": "2025-08-20T15:02:00+02:00", "count_line": 26, "location": "BrugOostertoegang1", "count_area": 49.0, "countline_length": 6, "density": 0.33801044229473481, "flow": 4.333333333333333, "LoS": "LoS B" }, "geometry": { "type": "Polygon", "coordinates": [ [ [ 122181.3203783420322, 487968.791498340782709 ], [ 122179.408072314792662, 487964.813901804154739 ], [ 122146.745885369702592, 487972.46312591311289 ], [ 122148.887668120209128, 487976.440722449740861 ], [ 122181.3203783420322, 487968.791498340782709 ] ] ] } },
{ "type": "Feature", "properties": { "sensor": "GASA-02-01", "time": "2025-08-20T15:04:00+02:00", "count_line": 51, "location": "BrugOostertoegang1", "count_area": 91.0, "countline_length": 6, "density": 0.62773367854736473, "flow": 8.5, "LoS": "LoS B" }, "geometry": { "type": "Polygon", "coordinates": [ [ [ 122181.3203783420322, 487968.791498340782709 ], [ 122179.408072314792662, 487964.813901804154739 ], [ 122146.745885369702592, 487972.46312591311289 ], [ 122148.887668120209128, 487976.440722449740861 ], [ 122181.3203783420322, 487968.791498340782709 ] ] ] } },
{ "type": "Feature", "properties": { "sensor": "GASA-02-01", "time": "2025-08-20T15:05:00+02:00", "count_line": 58, "location": "BrugOostertoegang1", "count_area": 94.0, "countline_length": 6, "density": 0.64842819542255248, "flow": 9.6666666666666661, "LoS": "LoS B" }, "geometry": { "type": "Polygon", "coordinates": [ [ [ 122181.3203783420322, 487968.791498340782709 ], [ 122179.408072314792662, 487964.813901804154739 ], [ 122146.745885369702592, 487972.46312591311289 ], [ 122148.887668120209128, 487976.440722449740861 ], [ 122181.3203783420322, 487968.791498340782709 ] ] ] } },
{ "type": "Feature", "properties": { "sensor": "GASA-02-01", "time": "2025-08-20T15:06:00+02:00", "count_line": 55, "location": "BrugOostertoegang1", "count_area": 108.0, "countline_length": 6, "density": 0.7450026075067625, "flow": 9.1666666666666661, "LoS": "LoS C" }, "geometry": { "type": "Polygon", "coordinates": [ [ [ 122181.3203783420322, 487968.791498340782709 ], [ 122179.408072314792662, 487964.813901804154739 ], [ 122146.745885369702592, 487972.46312591311289 ], [ 122148.887668120209128, 487976.440722449740861 ], [ 122181.3203783420322, 487968.791498340782709 ] ] ] } },
{ "type": "Feature", "properties": { "sensor": "GASA-02-01", "time": "2025-08-20T15:08:00+02:00", "count_line": 71, "location": "BrugOostertoegang1", "count_area": 112.0, "countline_length": 6, "density": 0.77259529667367965, "flow": 11.833333333333334, "LoS": "LoS C" }, "geometry": { "type": "Polygon", "coordinates": [ [ [ 122181.3203783420322, 487968.791498340782709 ], [ 122179.408072314792662, 487964.813901804154739 ], [ 122146.745885369702592, 487972.46312591311289 ], [ 122148.887668120209128, 487976.440722449740861 ], [ 122181.3203783420322, 487968.791498340782709 ] ] ] } },
{ "type": "Feature", "properties": { "sensor": "GASA-02-01", "time": "2025-08-20T15:10:00+02:00", "count_line": 65, "location": "BrugOostertoegang1", "count_area": 110.0, "countline_length": 6, "density": 0.75879895209022108, "flow": 10.833333333333334, "LoS": "LoS C" }, "geometry": { "type": "Polygon", "coordinates": [ [ [ 122181.3203783420322, 487968.791498340782709 ], [ 122179.408072314792662, 487964.813901804154739 ], [ 122146.745885369702592, 487972.46312591311289 ], [ 122148.887668120209128, 487976.440722449740861 ], [ 122181.3203783420322, 487968.791498340782709 ] ] ] } },
{ "type": "Feature", "properties": { "sensor": "GASA-02-01", "time": "2025-08-20T15:12:00+02:00", "count_line": 87, "location": "BrugOostertoegang1", "count_area": 134.0, "countline_length": 6, "density": 0.92435508709172376, "flow": 14.5, "LoS": "LoS C" }, "geometry": { "type": "Polygon", "coordinates": [ [ [ 122181.3203783420322, 487968.791498340782709 ], [ 122179.408072314792662, 487964.813901804154739 ], [ 122146.745885369702592, 487972.46312591311289 ], [ 122148.887668120209128, 487976.440722449740861 ], [ 122181.3203783420322, 487968.791498340782709 ] ] ] } },
{ "type": "Feature", "properties": { "sensor": "GASA-02-01", "time": "2025-08-20T15:14:00+02:00", "count_line": 58, "location": "BrugOostertoegang1", "count_area": 112.0, "countline_length": 6, "density": 0.77259529667367965, "flow": 9.6666666666666661, "LoS": "LoS C" }, "geometry": { "type": "Polygon", "coordinates": [ [ [ 122181.3203783420322, 487968.791498340782709 ], [ 122179.408072314792662, 487964.813901804154739 ], [ 122146.745885369702592, 487972.46312591311289 ], [ 122148.887668120209128, 487976.440722449740861 ], [ 122181.3203783420322, 487968.791498340782709 ] ] ] } },
{ "type": "Feature", "properties": { "sensor": "GASA-02-01", "time": "2025-08-20T15:16:00+02:00", "count_line": 59, "location": "BrugOostertoegang1", "count_area": 106.0, "countline_length": 6, "density": 0.73120626292330393, "flow": 9.8333333333333339, "LoS": "LoS C" }, "geometry": { "type": "Polygon", "coordinates": [ [ [ 122181.3203783420322, 487968.791498340782709 ], [ 122179.408072314792662, 487964.813901804154739 ], [ 122146.745885369702592, 487972.46312591311289 ], [ 122148.887668120209128, 487976.440722449740861 ], [ 122181.3203783420322, 487968.791498340782709 ] ] ] } },
{ "type": "Feature", "properties": { "sensor": "GASA-02-01", "time": "2025-08-20T15:18:00+02:00", "count_line": 45, "location": "BrugOostertoegang1", "count_area": 87.0, "countline_length": 6, "density": 0.60014098938044758, "flow": 7.5, "LoS": "LoS B" }, "geometry": { "type": "Polygon", "coordinates": [ [ [ 122181.3203783420322, 487968.791498340782709 ], [ 122179.408072314792662, 487964.813901804154739 ], [ 122146.745885369702592, 487972.46312591311289 ], [ 122148.887668120209128, 487976.440722449740861 ], [ 122181.3203783420322, 487968.791498340782709 ] ] ] } },
{ "type": "Feature", "properties": { "sensor": "GASA-02-01", "time": "2025-08-20T15:20:00+02:00", "count_line": 62, "location": "BrugOostertoegang1", "count_area": 110.0, "countline_length": 6, "density": 0.75879895209022108, "flow": 10.333333333333334, "LoS": "LoS C" }, "geometry": { "type": "Polygon", "coordinates": [ [ [ 122181.3203783420322, 487968.791498340782709 ], [ 122179.408072314792662, 487964.813901804154739 ], [ 122146.745885369702592, 487972.46312591311289 ], [ 122148.887668120209128, 487976.440722449740861 ], [ 122181.3203783420322, 487968.791498340782709 ] ] ] } },
{ "type": "Feature", "properties": { "sensor": "GASA-02-01", "time": "2025-08-20T15:22:00+02:00", "count_line": 72, "location": "BrugOostertoegang1", "count_area": 138.0, "countline_length": 6, "density": 0.95194777625864091, "flow": 12.0, "LoS": "LoS C" }, "geometry": { "type": "Polygon", "coordinates": [ [ [ 122181.3203783420322, 487968.791498340782709 ], [ 122179.408072314792662, 487964.813901804154739 ], [ 122146.745885369702592, 487972.46312591311289 ], [ 122148.887668120209128, 487976.440722449740861 ], [ 122181.3203783420322, 487968.791498340782709 ] ] ] } },
{ "type": "Feature", "properties": { "sensor": "GASA-02-01", "time": "2025-08-20T15:24:00+02:00", "count_line": 53, "location": "BrugOostertoegang1", "count_area": 105.0, "countline_length": 6, "density": 0.72430809063157464, "flow": 8.8333333333333339, "LoS": "LoS C" }, "geometry": { "type": "Polygon", "coordinates": [ [ [ 122181.3203783420322, 487968.791498340782709 ], [ 122179.408072314792662, 487964.813901804154739 ], [ 122146.745885369702592, 487972.46312591311289 ], [ 122148.887668120209128, 487976.440722449740861 ], [ 122181.3203783420322, 487968.791498340782709 ] ] ] } },
{ "type": "Feature", "properties": { "sensor": "GASA-02-01", "time": "2025-08-20T15:26:00+02:00", "count_line": 69, "location": "BrugOostertoegang1", "count_area": 130.0, "countline_length": 6, "density": 0.89676239792480672, "flow": 11.5, "LoS": "LoS C" }, "geometry": { "type": "Polygon", "coordinates": [ [ [ 122181.3203783420322, 487968.791498340782709 ], [ 122179.408072314792662, 487964.813901804154739 ], [ 122146.745885369702592, 487972.46312591311289 ], [ 122148.887668120209128, 487976.440722449740861 ], [ 122181.3203783420322, 487968.791498340782709 ] ] ] } },
{ "type": "Feature", "properties": { "sensor": "GASA-02-01", "time": "2025-08-20T15:27:00+02:00", "count_line": 65, "location": "BrugOostertoegang1", "count_area": 120.0, "countline_length": 6, "density": 0.82778067500751384, "flow": 10.833333333333334, "LoS": "LoS C" }, "geometry": { "type": "Polygon", "coordinates": [ [ [ 122181.3203783420322, 487968.791498340782709 ], [ 122179.408072314792662, 487964.813901804154739 ], [ 122146.745885369702592, 487972.46312591311289 ], [ 122148.887668120209128, 487976.440722449740861 ], [ 122181.3203783420322, 487968.791498340782709 ] ] ] } },
{ "type": "Feature", "properties": { "sensor": "GASA-02-01", "time": "2025-08-20T15:28:00+02:00", "count_line": 101, "location": "BrugOostertoegang1", "count_area": 194.0, "countline_length": 6, "density": 1.3382454245954807, "flow": 16.833333333333332, "LoS": "LoS D" }, "geometry": { "type": "Polygon", "coordinates": [ [ [ 122181.3203783420322, 487968.791498340782709 ], [ 122179.408072314792662, 487964.813901804154739 ], [ 122146.745885369702592, 487972.46312591311289 ], [ 122148.887668120209128, 487976.440722449740861 ], [ 122181.3203783420322, 487968.791498340782709 ] ] ] } },
{ "type": "Feature", "properties": { "sensor": "GASA-02-01", "time": "2025-08-20T15:30:00+02:00", "count_line": 107, "location": "BrugOostertoegang1", "count_area": 170.0, "countline_length": 6, "density": 1.172689289593978, "flow": 17.833333333333332, "LoS": "LoS C" }, "geometry": { "type": "Polygon", "coordinates": [ [ [ 122181.3203783420322, 487968.791498340782709 ], [ 122179.408072314792662, 487964.813901804154739 ], [ 122146.745885369702592, 487972.46312591311289 ], [ 122148.887668120209128, 487976.440722449740861 ], [ 122181.3203783420322, 487968.791498340782709 ] ] ] } },
{ "type": "Feature", "properties": { "sensor": "GASA-02-01", "time": "2025-08-20T15:32:00+02:00", "count_line": 107, "location": "BrugOostertoegang1", "count_area": 211.0, "countline_length": 6, "density": 1.4555143535548785, "flow": 17.833333333333332, "LoS": "LoS D" }, "geometry": { "type": "Polygon", "coordinates": [ [ [ 122181.3203783420322, 487968.791498340782709 ], [ 122179.408072314792662, 487964.813901804154739 ], [ 122146.745885369702592, 487972.46312591311289 ], [ 122148.887668120209128, 487976.440722449740861 ], [ 122181.3203783420322, 487968.791498340782709 ] ] ] } },
{ "type": "Feature", "properties": { "sensor": "GASA-02-01", "time": "2025-08-20T15:34:00+02:00", "count_line": 96, "location": "BrugOostertoegang1", "count_area": 148.0, "countline_length": 6, "density": 1.0209294991759337, "flow": 16.0, "LoS": "LoS C" }, "geometry": { "type": "Polygon", "coordinates": [ [ [ 122181.3203783420322, 487968.791498340782709 ], [ 122179.408072314792662, 487964.813901804154739 ], [ 122146.745885369702592, 487972.46312591311289 ], [ 122148.887668120209128, 487976.440722449740861 ], [ 122181.3203783420322, 487968.791498340782709 ] ] ] } },
{ "type": "Feature", "properties": { "sensor": "GASA-02-01", "time": "2025-08-20T15:36:00+02:00", "count_line": 71, "location": "BrugOostertoegang1", "count_area": 141.0, "countline_length": 6, "density": 0.97264229313382877, "flow": 11.833333333333334, "LoS": "LoS C" }, "geometry": { "type": "Polygon", "coordinates": [ [ [ 122181.3203783420322, 487968.791498340782709 ], [ 122179.408072314792662, 487964.813901804154739 ], [ 122146.745885369702592, 487972.46312591311289 ], [ 122148.887668120209128, 487976.440722449740861 ], [ 122181.3203783420322, 487968.791498340782709 ] ] ] } },
{ "type": "Feature", "properties": { "sensor": "GASA-02-01", "time": "2025-08-20T15:37:00+02:00", "count_line": 74, "location": "BrugOostertoegang1", "count_area": 143.0, "countline_length": 6, "density": 0.98643863771728735, "flow": 12.333333333333334, "LoS": "LoS C" }, "geometry": { "type": "Polygon", "coordinates": [ [ [ 122181.3203783420322, 487968.791498340782709 ], [ 122179.408072314792662, 487964.813901804154739 ], [ 122146.745885369702592, 487972.46312591311289 ], [ 122148.887668120209128, 487976.440722449740861 ], [ 122181.3203783420322, 487968.791498340782709 ] ] ] } },
{ "type": "Feature", "properties": { "sensor": "GASA-02-01", "time": "2025-08-20T15:38:00+02:00", "count_line": 46, "location": "BrugOostertoegang1", "count_area": 81.0, "countline_length": 6, "density": 0.55875195563007185, "flow": 7.666666666666667, "LoS": "LoS B" }, "geometry": { "type": "Polygon", "coordinates": [ [ [ 122181.3203783420322, 487968.791498340782709 ], [ 122179.408072314792662, 487964.813901804154739 ], [ 122146.745885369702592, 487972.46312591311289 ], [ 122148.887668120209128, 487976.440722449740861 ], [ 122181.3203783420322, 487968.791498340782709 ] ] ] } },
{ "type": "Feature", "properties": { "sensor": "GASA-02-01", "time": "2025-08-20T15:40:00+02:00", "count_line": 75, "location": "BrugOostertoegang1", "count_area": 137.0, "countline_length": 6, "density": 0.94504960396691162, "flow": 12.5, "LoS": "LoS C" }, "geometry": { "type": "Polygon", "coordinates": [ [ [ 122181.3203783420322, 487968.791498340782709 ], [ 122179.408072314792662, 487964.813901804154739 ], [ 122146.745885369702592, 487972.46312591311289 ], [ 122148.887668120209128, 487976.440722449740861 ], [ 122181.3203783420322, 487968.791498340782709 ] ] ] } },
{ "type": "Feature", "properties": { "sensor": "GASA-02-01", "time": "2025-08-20T15:42:00+02:00", "count_line": 64, "location": "BrugOostertoegang1", "count_area": 100.0, "countline_length": 6, "density": 0.6898172291729282, "flow": 10.666666666666666, "LoS": "LoS B" }, "geometry": { "type": "Polygon", "coordinates": [ [ [ 122181.3203783420322, 487968.791498340782709 ], [ 122179.408072314792662, 487964.813901804154739 ], [ 122146.745885369702592, 487972.46312591311289 ], [ 122148.887668120209128, 487976.440722449740861 ], [ 122181.3203783420322, 487968.791498340782709 ] ] ] } },
{ "type": "Feature", "properties": { "sensor": "GASA-02-01", "time": "2025-08-20T15:44:00+02:00", "count_line": 127, "location": "BrugOostertoegang1", "count_area": 219.0, "countline_length": 6, "density": 1.5106997318887128, "flow": 21.166666666666668, "LoS": "LoS D" }, "geometry": { "type": "Polygon", "coordinates": [ [ [ 122181.3203783420322, 487968.791498340782709 ], [ 122179.408072314792662, 487964.813901804154739 ], [ 122146.745885369702592, 487972.46312591311289 ], [ 122148.887668120209128, 487976.440722449740861 ], [ 122181.3203783420322, 487968.791498340782709 ] ] ] } },
{ "type": "Feature", "properties": { "sensor": "GASA-02-01", "time": "2025-08-20T15:46:00+02:00", "count_line": 86, "location": "BrugOostertoegang1", "count_area": 133.0, "countline_length": 6, "density": 0.91745691479999458, "flow": 14.333333333333334, "LoS": "LoS C" }, "geometry": { "type": "Polygon", "coordinates": [ [ [ 122181.3203783420322, 487968.791498340782709 ], [ 122179.408072314792662, 487964.813901804154739 ], [ 122146.745885369702592, 487972.46312591311289 ], [ 122148.887668120209128, 487976.440722449740861 ], [ 122181.3203783420322, 487968.791498340782709 ] ] ] } },
{ "type": "Feature", "properties": { "sensor": "GASA-02-01", "time": "2025-08-20T15:48:00+02:00", "count_line": 73, "location": "BrugOostertoegang1", "count_area": 141.0, "countline_length": 6, "density": 0.97264229313382877, "flow": 12.166666666666666, "LoS": "LoS C" }, "geometry": { "type": "Polygon", "coordinates": [ [ [ 122181.3203783420322, 487968.791498340782709 ], [ 122179.408072314792662, 487964.813901804154739 ], [ 122146.745885369702592, 487972.46312591311289 ], [ 122148.887668120209128, 487976.440722449740861 ], [ 122181.3203783420322, 487968.791498340782709 ] ] ] } },
{ "type": "Feature", "properties": { "sensor": "GASA-02-01", "time": "2025-08-20T15:50:00+02:00", "count_line": 59, "location": "BrugOostertoegang1", "count_area": 98.0, "countline_length": 6, "density": 0.67602088458946963, "flow": 9.8333333333333339, "LoS": "LoS B" }, "geometry": { "type": "Polygon", "coordinates": [ [ [ 122181.3203783420322, 487968.791498340782709 ], [ 122179.408072314792662, 487964.813901804154739 ], [ 122146.745885369702592, 487972.46312591311289 ], [ 122148.887668120209128, 487976.440722449740861 ], [ 122181.3203783420322, 487968.791498340782709 ] ] ] } },
{ "type": "Feature", "properties": { "sensor": "GASA-02-01", "time": "2025-08-20T15:52:00+02:00", "count_line": 128, "location": "BrugOostertoegang1", "count_area": 228.0, "countline_length": 6, "density": 1.5727832825142762, "flow": 21.333333333333332, "LoS": "LoS D" }, "geometry": { "type": "Polygon", "coordinates": [ [ [ 122181.3203783420322, 487968.791498340782709 ], [ 122179.408072314792662, 487964.813901804154739 ], [ 122146.745885369702592, 487972.46312591311289 ], [ 122148.887668120209128, 487976.440722449740861 ], [ 122181.3203783420322, 487968.791498340782709 ] ] ] } },
{ "type": "Feature", "properties": { "sensor": "GASA-02-01", "time": "2025-08-20T15:54:00+02:00", "count_line": 91, "location": "BrugOostertoegang1", "count_area": 164.0, "countline_length": 6, "density": 1.1313002558436023, "flow": 15.166666666666666, "LoS": "LoS C" }, "geometry": { "type": "Polygon", "coordinates": [ [ [ 122181.3203783420322, 487968.791498340782709 ], [ 122179.408072314792662, 487964.813901804154739 ], [ 122146.745885369702592, 487972.46312591311289 ], [ 122148.887668120209128, 487976.440722449740861 ], [ 122181.3203783420322, 487968.791498340782709 ] ] ] } },
{ "type": "Feature", "properties": { "sensor": "GASA-02-01", "time": "2025-08-20T15:56:00+02:00", "count_line": 176, "location": "BrugOostertoegang1", "count_area": 337.0, "countline_length": 6, "density": 2.3246840623127683, "flow": 29.333333333333332, "LoS": "LoS E" }, "geometry": { "type": "Polygon", "coordinates": [ [ [ 122181.3203783420322, 487968.791498340782709 ], [ 122179.408072314792662, 487964.813901804154739 ], [ 122146.745885369702592, 487972.46312591311289 ], [ 122148.887668120209128, 487976.440722449740861 ], [ 122181.3203783420322, 487968.791498340782709 ] ] ] } },
{ "type": "Feature", "properties": { "sensor": "GASA-02-01", "time": "2025-08-20T15:58:00+02:00", "count_line": 198, "location": "BrugOostertoegang1", "count_area": 311.0, "countline_length": 6, "density": 2.1453315827278066, "flow": 33.0, "LoS": "LoS E" }, "geometry": { "type": "Polygon", "coordinates": [ [ [ 122181.3203783420322, 487968.791498340782709 ], [ 122179.408072314792662, 487964.813901804154739 ], [ 122146.745885369702592, 487972.46312591311289 ], [ 122148.887668120209128, 487976.440722449740861 ], [ 122181.3203783420322, 487968.791498340782709 ] ] ] } },
{ "type": "Feature", "properties": { "sensor": "GASA-02-01", "time": "2025-08-20T15:59:00+02:00", "count_line": 54, "location": "BrugOostertoegang1", "count_area": 95.0, "countline_length": 6, "density": 0.65532636771428177, "flow": 9.0, "LoS": "LoS B" }, "geometry": { "type": "Polygon", "coordinates": [ [ [ 122181.3203783420322, 487968.791498340782709 ], [ 122179.408072314792662, 487964.813901804154739 ], [ 122146.745885369702592, 487972.46312591311289 ], [ 122148.887668120209128, 487976.440722449740861 ], [ 122181.3203783420322, 487968.791498340782709 ] ] ] } },
{ "type": "Feature", "properties": { "sensor": "GASA-02-01", "time": "2025-08-20T16:00:00+02:00", "count_line": 50, "location": "BrugOostertoegang1", "count_area": 80.0, "countline_length": 6, "density": 0.55185378333834256, "flow": 8.3333333333333339, "LoS": "LoS B" }, "geometry": { "type": "Polygon", "coordinates": [ [ [ 122181.3203783420322, 487968.791498340782709 ], [ 122179.408072314792662, 487964.813901804154739 ], [ 122146.745885369702592, 487972.46312591311289 ], [ 122148.887668120209128, 487976.440722449740861 ], [ 122181.3203783420322, 487968.791498340782709 ] ] ] } },
{ "type": "Feature", "properties": { "sensor": "GASA-02-01", "time": "2025-08-20T16:02:00+02:00", "count_line": 61, "location": "BrugOostertoegang1", "count_area": 115.0, "countline_length": 6, "density": 0.79328981354886741, "flow": 10.166666666666666, "LoS": "LoS C" }, "geometry": { "type": "Polygon", "coordinates": [ [ [ 122181.3203783420322, 487968.791498340782709 ], [ 122179.408072314792662, 487964.813901804154739 ], [ 122146.745885369702592, 487972.46312591311289 ], [ 122148.887668120209128, 487976.440722449740861 ], [ 122181.3203783420322, 487968.791498340782709 ] ] ] } },
{ "type": "Feature", "properties": { "sensor": "GASA-02-01", "time": "2025-08-20T16:04:00+02:00", "count_line": 89, "location": "BrugOostertoegang1", "count_area": 151.0, "countline_length": 6, "density": 1.0416240160511216, "flow": 14.833333333333334, "LoS": "LoS C" }, "geometry": { "type": "Polygon", "coordinates": [ [ [ 122181.3203783420322, 487968.791498340782709 ], [ 122179.408072314792662, 487964.813901804154739 ], [ 122146.745885369702592, 487972.46312591311289 ], [ 122148.887668120209128, 487976.440722449740861 ], [ 122181.3203783420322, 487968.791498340782709 ] ] ] } },
{ "type": "Feature", "properties": { "sensor": "GASA-02-01", "time": "2025-08-20T16:06:00+02:00", "count_line": 182, "location": "BrugOostertoegang1", "count_area": 287.0, "countline_length": 6, "density": 1.9797754477263041, "flow": 30.333333333333332, "LoS": "LoS D" }, "geometry": { "type": "Polygon", "coordinates": [ [ [ 122181.3203783420322, 487968.791498340782709 ], [ 122179.408072314792662, 487964.813901804154739 ], [ 122146.745885369702592, 487972.46312591311289 ], [ 122148.887668120209128, 487976.440722449740861 ], [ 122181.3203783420322, 487968.791498340782709 ] ] ] } },
{ "type": "Feature", "properties": { "sensor": "GASA-02-01", "time": "2025-08-20T16:08:00+02:00", "count_line": 124, "location": "BrugOostertoegang1", "count_area": 243.0, "countline_length": 6, "density": 1.6762558668902157, "flow": 20.666666666666668, "LoS": "LoS D" }, "geometry": { "type": "Polygon", "coordinates": [ [ [ 122181.3203783420322, 487968.791498340782709 ], [ 122179.408072314792662, 487964.813901804154739 ], [ 122146.745885369702592, 487972.46312591311289 ], [ 122148.887668120209128, 487976.440722449740861 ], [ 122181.3203783420322, 487968.791498340782709 ] ] ] } },
{ "type": "Feature", "properties": { "sensor": "GASA-02-01", "time": "2025-08-20T16:10:00+02:00", "count_line": 86, "location": "BrugOostertoegang1", "count_area": 149.0, "countline_length": 6, "density": 1.0278276714676631, "flow": 14.333333333333334, "LoS": "LoS C" }, "geometry": { "type": "Polygon", "coordinates": [ [ [ 122181.3203783420322, 487968.791498340782709 ], [ 122179.408072314792662, 487964.813901804154739 ], [ 122146.745885369702592, 487972.46312591311289 ], [ 122148.887668120209128, 487976.440722449740861 ], [ 122181.3203783420322, 487968.791498340782709 ] ] ] } },
{ "type": "Feature", "properties": { "sensor": "GASA-02-01", "time": "2025-08-20T16:12:00+02:00", "count_line": 62, "location": "BrugOostertoegang1", "count_area": 105.0, "countline_length": 6, "density": 0.72430809063157464, "flow": 10.333333333333334, "LoS": "LoS C" }, "geometry": { "type": "Polygon", "coordinates": [ [ [ 122181.3203783420322, 487968.791498340782709 ], [ 122179.408072314792662, 487964.813901804154739 ], [ 122146.745885369702592, 487972.46312591311289 ], [ 122148.887668120209128, 487976.440722449740861 ], [ 122181.3203783420322, 487968.791498340782709 ] ] ] } },
{ "type": "Feature", "properties": { "sensor": "GASA-02-01", "time": "2025-08-20T16:14:00+02:00", "count_line": 74, "location": "BrugOostertoegang1", "count_area": 141.0, "countline_length": 6, "density": 0.97264229313382877, "flow": 12.333333333333334, "LoS": "LoS C" }, "geometry": { "type": "Polygon", "coordinates": [ [ [ 122181.3203783420322, 487968.791498340782709 ], [ 122179.408072314792662, 487964.813901804154739 ], [ 122146.745885369702592, 487972.46312591311289 ], [ 122148.887668120209128, 487976.440722449740861 ], [ 122181.3203783420322, 487968.791498340782709 ] ] ] } },
{ "type": "Feature", "properties": { "sensor": "GASA-02-01", "time": "2025-08-20T16:16:00+02:00", "count_line": 116, "location": "BrugOostertoegang1", "count_area": 206.0, "countline_length": 6, "density": 1.4210234920962321, "flow": 19.333333333333332, "LoS": "LoS D" }, "geometry": { "type": "Polygon", "coordinates": [ [ [ 122181.3203783420322, 487968.791498340782709 ], [ 122179.408072314792662, 487964.813901804154739 ], [ 122146.745885369702592, 487972.46312591311289 ], [ 122148.887668120209128, 487976.440722449740861 ], [ 122181.3203783420322, 487968.791498340782709 ] ] ] } },
{ "type": "Feature", "properties": { "sensor": "GASA-02-01", "time": "2025-08-20T16:18:00+02:00", "count_line": 90, "location": "BrugOostertoegang1", "count_area": 147.0, "countline_length": 6, "density": 1.0140313268842045, "flow": 15.0, "LoS": "LoS C" }, "geometry": { "type": "Polygon", "coordinates": [ [ [ 122181.3203783420322, 487968.791498340782709 ], [ 122179.408072314792662, 487964.813901804154739 ], [ 122146.745885369702592, 487972.46312591311289 ], [ 122148.887668120209128, 487976.440722449740861 ], [ 122181.3203783420322, 487968.791498340782709 ] ] ] } },
{ "type": "Feature", "properties": { "sensor": "GASA-02-01", "time": "2025-08-20T16:20:00+02:00", "count_line": 77, "location": "BrugOostertoegang1", "count_area": 125.0, "countline_length": 6, "density": 0.86227153646616028, "flow": 12.833333333333334, "LoS": "LoS C" }, "geometry": { "type": "Polygon", "coordinates": [ [ [ 122181.3203783420322, 487968.791498340782709 ], [ 122179.408072314792662, 487964.813901804154739 ], [ 122146.745885369702592, 487972.46312591311289 ], [ 122148.887668120209128, 487976.440722449740861 ], [ 122181.3203783420322, 487968.791498340782709 ] ] ] } },
{ "type": "Feature", "properties": { "sensor": "GASA-02-01", "time": "2025-08-20T16:21:00+02:00", "count_line": 38, "location": "BrugOostertoegang1", "count_area": 57.0, "countline_length": 6, "density": 0.39319582062856906, "flow": 6.333333333333333, "LoS": "LoS B" }, "geometry": { "type": "Polygon", "coordinates": [ [ [ 122181.3203783420322, 487968.791498340782709 ], [ 122179.408072314792662, 487964.813901804154739 ], [ 122146.745885369702592, 487972.46312591311289 ], [ 122148.887668120209128, 487976.440722449740861 ], [ 122181.3203783420322, 487968.791498340782709 ] ] ] } },
{ "type": "Feature", "properties": { "sensor": "GASA-02-01", "time": "2025-08-20T16:22:00+02:00", "count_line": 87, "location": "BrugOostertoegang1", "count_area": 154.0, "countline_length": 6, "density": 1.0623185329263094, "flow": 14.5, "LoS": "LoS C" }, "geometry": { "type": "Polygon", "coordinates": [ [ [ 122181.3203783420322, 487968.791498340782709 ], [ 122179.408072314792662, 487964.813901804154739 ], [ 122146.745885369702592, 487972.46312591311289 ], [ 122148.887668120209128, 487976.440722449740861 ], [ 122181.3203783420322, 487968.791498340782709 ] ] ] } },
{ "type": "Feature", "properties": { "sensor": "GASA-02-01", "time": "2025-08-20T16:24:00+02:00", "count_line": 96, "location": "BrugOostertoegang1", "count_area": 172.0, "countline_length": 6, "density": 1.1864856341774366, "flow": 16.0, "LoS": "LoS C" }, "geometry": { "type": "Polygon", "coordinates": [ [ [ 122181.3203783420322, 487968.791498340782709 ], [ 122179.408072314792662, 487964.813901804154739 ], [ 122146.745885369702592, 487972.46312591311289 ], [ 122148.887668120209128, 487976.440722449740861 ], [ 122181.3203783420322, 487968.791498340782709 ] ] ] } },
{ "type": "Feature", "properties": { "sensor": "GASA-02-01", "time": "2025-08-20T16:26:00+02:00", "count_line": 82, "location": "BrugOostertoegang1", "count_area": 124.0, "countline_length": 6, "density": 0.85537336417443099, "flow": 13.666666666666666, "LoS": "LoS C" }, "geometry": { "type": "Polygon", "coordinates": [ [ [ 122181.3203783420322, 487968.791498340782709 ], [ 122179.408072314792662, 487964.813901804154739 ], [ 122146.745885369702592, 487972.46312591311289 ], [ 122148.887668120209128, 487976.440722449740861 ], [ 122181.3203783420322, 487968.791498340782709 ] ] ] } },
{ "type": "Feature", "properties": { "sensor": "GASA-02-01", "time": "2025-08-20T16:28:00+02:00", "count_line": 54, "location": "BrugOostertoegang1", "count_area": 100.0, "countline_length": 6, "density": 0.6898172291729282, "flow": 9.0, "LoS": "LoS B" }, "geometry": { "type": "Polygon", "coordinates": [ [ [ 122181.3203783420322, 487968.791498340782709 ], [ 122179.408072314792662, 487964.813901804154739 ], [ 122146.745885369702592, 487972.46312591311289 ], [ 122148.887668120209128, 487976.440722449740861 ], [ 122181.3203783420322, 487968.791498340782709 ] ] ] } },
{ "type": "Feature", "properties": { "sensor": "GASA-02-02", "time": "2025-08-20T08:10:00+02:00", "count_line": 10, "location": "BrugOostertoegang2", "count_area": 15.0, "countline_length": 6, "density": 0.057373230622037474, "flow": 1.6666666666666667, "LoS": "LoS A" }, "geometry": { "type": "Polygon", "coordinates": [ [ [ 122176.271890430143685, 487960.53033630317077 ], [ 122171.22340251825517, 487951.351267372490838 ], [ 122141.391428493458079, 487962.595626812602859 ], [ 122144.068656931587611, 487967.950083688832819 ], [ 122176.271890430143685, 487960.53033630317077 ] ] ] } },
{ "type": "Feature", "properties": { "sensor": "GASA-02-02", "time": "2025-08-20T08:11:00+02:00", "count_line": 10, "location": "BrugOostertoegang2", "count_area": 18.0, "countline_length": 6, "density": 0.068847876746444964, "flow": 1.6666666666666667, "LoS": "LoS A" }, "geometry": { "type": "Polygon", "coordinates": [ [ [ 122176.271890430143685, 487960.53033630317077 ], [ 122171.22340251825517, 487951.351267372490838 ], [ 122141.391428493458079, 487962.595626812602859 ], [ 122144.068656931587611, 487967.950083688832819 ], [ 122176.271890430143685, 487960.53033630317077 ] ] ] } },
{ "type": "Feature", "properties": { "sensor": "GASA-02-02", "time": "2025-08-20T08:12:00+02:00", "count_line": 17, "location": "BrugOostertoegang2", "count_area": 30.0, "countline_length": 6, "density": 0.11474646124407495, "flow": 2.8333333333333335, "LoS": "LoS A" }, "geometry": { "type": "Polygon", "coordinates": [ [ [ 122176.271890430143685, 487960.53033630317077 ], [ 122171.22340251825517, 487951.351267372490838 ], [ 122141.391428493458079, 487962.595626812602859 ], [ 122144.068656931587611, 487967.950083688832819 ], [ 122176.271890430143685, 487960.53033630317077 ] ] ] } },
{ "type": "Feature", "properties": { "sensor": "GASA-02-02", "time": "2025-08-20T08:13:00+02:00", "count_line": 12, "location": "BrugOostertoegang2", "count_area": 22.0, "countline_length": 6, "density": 0.08414740491232163, "flow": 2.0, "LoS": "LoS A" }, "geometry": { "type": "Polygon", "coordinates": [ [ [ 122176.271890430143685, 487960.53033630317077 ], [ 122171.22340251825517, 487951.351267372490838 ], [ 122141.391428493458079, 487962.595626812602859 ], [ 122144.068656931587611, 487967.950083688832819 ], [ 122176.271890430143685, 487960.53033630317077 ] ] ] } },
{ "type": "Feature", "properties": { "sensor": "GASA-02-02", "time": "2025-08-20T08:14:00+02:00", "count_line": 6, "location": "BrugOostertoegang2", "count_area": 9.0, "countline_length": 6, "density": 0.034423938373222482, "flow": 1.0, "LoS": "LoS A" }, "geometry": { "type": "Polygon", "coordinates": [ [ [ 122176.271890430143685, 487960.53033630317077 ], [ 122171.22340251825517, 487951.351267372490838 ], [ 122141.391428493458079, 487962.595626812602859 ], [ 122144.068656931587611, 487967.950083688832819 ], [ 122176.271890430143685, 487960.53033630317077 ] ] ] } },
{ "type": "Feature", "properties": { "sensor": "GASA-02-02", "time": "2025-08-20T08:15:00+02:00", "count_line": 30, "location": "BrugOostertoegang2", "count_area": 54.0, "countline_length": 6, "density": 0.20654363023933489, "flow": 5.0, "LoS": "LoS A" }, "geometry": { "type": "Polygon", "coordinates": [ [ [ 122176.271890430143685, 487960.53033630317077 ], [ 122171.22340251825517, 487951.351267372490838 ], [ 122141.391428493458079, 487962.595626812602859 ], [ 122144.068656931587611, 487967.950083688832819 ], [ 122176.271890430143685, 487960.53033630317077 ] ] ] } },
{ "type": "Feature", "properties": { "sensor": "GASA-02-02", "time": "2025-08-20T08:16:00+02:00", "count_line": 7, "location": "BrugOostertoegang2", "count_area": 13.0, "countline_length": 6, "density": 0.049723466539099141, "flow": 1.1666666666666667, "LoS": "LoS A" }, "geometry": { "type": "Polygon", "coordinates": [ [ [ 122176.271890430143685, 487960.53033630317077 ], [ 122171.22340251825517, 487951.351267372490838 ], [ 122141.391428493458079, 487962.595626812602859 ], [ 122144.068656931587611, 487967.950083688832819 ], [ 122176.271890430143685, 487960.53033630317077 ] ] ] } },
{ "type": "Feature", "properties": { "sensor": "GASA-02-02", "time": "2025-08-20T08:17:00+02:00", "count_line": 9, "location": "BrugOostertoegang2", "count_area": 15.0, "countline_length": 6, "density": 0.057373230622037474, "flow": 1.5, "LoS": "LoS A" }, "geometry": { "type": "Polygon", "coordinates": [ [ [ 122176.271890430143685, 487960.53033630317077 ], [ 122171.22340251825517, 487951.351267372490838 ], [ 122141.391428493458079, 487962.595626812602859 ], [ 122144.068656931587611, 487967.950083688832819 ], [ 122176.271890430143685, 487960.53033630317077 ] ] ] } },
{ "type": "Feature", "properties": { "sensor": "GASA-02-02", "time": "2025-08-20T08:18:00+02:00", "count_line": 12, "location": "BrugOostertoegang2", "count_area": 18.0, "countline_length": 6, "density": 0.068847876746444964, "flow": 2.0, "LoS": "LoS A" }, "geometry": { "type": "Polygon", "coordinates": [ [ [ 122176.271890430143685, 487960.53033630317077 ], [ 122171.22340251825517, 487951.351267372490838 ], [ 122141.391428493458079, 487962.595626812602859 ], [ 122144.068656931587611, 487967.950083688832819 ], [ 122176.271890430143685, 487960.53033630317077 ] ] ] } },
{ "type": "Feature", "properties": { "sensor": "GASA-02-02", "time": "2025-08-20T08:19:00+02:00", "count_line": 9, "location": "BrugOostertoegang2", "count_area": 16.0, "countline_length": 6, "density": 0.061198112663506637, "flow": 1.5, "LoS": "LoS A" }, "geometry": { "type": "Polygon", "coordinates": [ [ [ 122176.271890430143685, 487960.53033630317077 ], [ 122171.22340251825517, 487951.351267372490838 ], [ 122141.391428493458079, 487962.595626812602859 ], [ 122144.068656931587611, 487967.950083688832819 ], [ 122176.271890430143685, 487960.53033630317077 ] ] ] } },
{ "type": "Feature", "properties": { "sensor": "GASA-02-02", "time": "2025-08-20T08:20:00+02:00", "count_line": 8, "location": "BrugOostertoegang2", "count_area": 12.0, "countline_length": 6, "density": 0.045898584497629978, "flow": 1.3333333333333333, "LoS": "LoS A" }, "geometry": { "type": "Polygon", "coordinates": [ [ [ 122176.271890430143685, 487960.53033630317077 ], [ 122171.22340251825517, 487951.351267372490838 ], [ 122141.391428493458079, 487962.595626812602859 ], [ 122144.068656931587611, 487967.950083688832819 ], [ 122176.271890430143685, 487960.53033630317077 ] ] ] } },
{ "type": "Feature", "properties": { "sensor": "GASA-02-02", "time": "2025-08-20T08:21:00+02:00", "count_line": 15, "location": "BrugOostertoegang2", "count_area": 26.0, "countline_length": 6, "density": 0.099446933078198282, "flow": 2.5, "LoS": "LoS A" }, "geometry": { "type": "Polygon", "coordinates": [ [ [ 122176.271890430143685, 487960.53033630317077 ], [ 122171.22340251825517, 487951.351267372490838 ], [ 122141.391428493458079, 487962.595626812602859 ], [ 122144.068656931587611, 487967.950083688832819 ], [ 122176.271890430143685, 487960.53033630317077 ] ] ] } },
{ "type": "Feature", "properties": { "sensor": "GASA-02-02", "time": "2025-08-20T08:22:00+02:00", "count_line": 12, "location": "BrugOostertoegang2", "count_area": 23.0, "countline_length": 6, "density": 0.087972286953790793, "flow": 2.0, "LoS": "LoS A" }, "geometry": { "type": "Polygon", "coordinates": [ [ [ 122176.271890430143685, 487960.53033630317077 ], [ 122171.22340251825517, 487951.351267372490838 ], [ 122141.391428493458079, 487962.595626812602859 ], [ 122144.068656931587611, 487967.950083688832819 ], [ 122176.271890430143685, 487960.53033630317077 ] ] ] } },
{ "type": "Feature", "properties": { "sensor": "GASA-02-02", "time": "2025-08-20T08:23:00+02:00", "count_line": 10, "location": "BrugOostertoegang2", "count_area": 17.0, "countline_length": 6, "density": 0.065022994704975801, "flow": 1.6666666666666667, "LoS": "LoS A" }, "geometry": { "type": "Polygon", "coordinates": [ [ [ 122176.271890430143685, 487960.53033630317077 ], [ 122171.22340251825517, 487951.351267372490838 ], [ 122141.391428493458079, 487962.595626812602859 ], [ 122144.068656931587611, 487967.950083688832819 ], [ 122176.271890430143685, 487960.53033630317077 ] ] ] } },
{ "type": "Feature", "properties": { "sensor": "GASA-02-02", "time": "2025-08-20T08:25:00+02:00", "count_line": 7, "location": "BrugOostertoegang2", "count_area": 11.0, "countline_length": 6, "density": 0.042073702456160815, "flow": 1.1666666666666667, "LoS": "LoS A" }, "geometry": { "type": "Polygon", "coordinates": [ [ [ 122176.271890430143685, 487960.53033630317077 ], [ 122171.22340251825517, 487951.351267372490838 ], [ 122141.391428493458079, 487962.595626812602859 ], [ 122144.068656931587611, 487967.950083688832819 ], [ 122176.271890430143685, 487960.53033630317077 ] ] ] } },
{ "type": "Feature", "properties": { "sensor": "GASA-02-02", "time": "2025-08-20T08:26:00+02:00", "count_line": 10, "location": "BrugOostertoegang2", "count_area": 16.0, "countline_length": 6, "density": 0.061198112663506637, "flow": 1.6666666666666667, "LoS": "LoS A" }, "geometry": { "type": "Polygon", "coordinates": [ [ [ 122176.271890430143685, 487960.53033630317077 ], [ 122171.22340251825517, 487951.351267372490838 ], [ 122141.391428493458079, 487962.595626812602859 ], [ 122144.068656931587611, 487967.950083688832819 ], [ 122176.271890430143685, 487960.53033630317077 ] ] ] } },
{ "type": "Feature", "properties": { "sensor": "GASA-02-02", "time": "2025-08-20T08:27:00+02:00", "count_line": 15, "location": "BrugOostertoegang2", "count_area": 26.0, "countline_length": 6, "density": 0.099446933078198282, "flow": 2.5, "LoS": "LoS A" }, "geometry": { "type": "Polygon", "coordinates": [ [ [ 122176.271890430143685, 487960.53033630317077 ], [ 122171.22340251825517, 487951.351267372490838 ], [ 122141.391428493458079, 487962.595626812602859 ], [ 122144.068656931587611, 487967.950083688832819 ], [ 122176.271890430143685, 487960.53033630317077 ] ] ] } },
{ "type": "Feature", "properties": { "sensor": "GASA-02-02", "time": "2025-08-20T08:28:00+02:00", "count_line": 14, "location": "BrugOostertoegang2", "count_area": 26.0, "countline_length": 6, "density": 0.099446933078198282, "flow": 2.3333333333333335, "LoS": "LoS A" }, "geometry": { "type": "Polygon", "coordinates": [ [ [ 122176.271890430143685, 487960.53033630317077 ], [ 122171.22340251825517, 487951.351267372490838 ], [ 122141.391428493458079, 487962.595626812602859 ], [ 122144.068656931587611, 487967.950083688832819 ], [ 122176.271890430143685, 487960.53033630317077 ] ] ] } },
{ "type": "Feature", "properties": { "sensor": "GASA-02-02", "time": "2025-08-20T08:29:00+02:00", "count_line": 21, "location": "BrugOostertoegang2", "count_area": 39.0, "countline_length": 6, "density": 0.14917039961729742, "flow": 3.5, "LoS": "LoS A" }, "geometry": { "type": "Polygon", "coordinates": [ [ [ 122176.271890430143685, 487960.53033630317077 ], [ 122171.22340251825517, 487951.351267372490838 ], [ 122141.391428493458079, 487962.595626812602859 ], [ 122144.068656931587611, 487967.950083688832819 ], [ 122176.271890430143685, 487960.53033630317077 ] ] ] } },
{ "type": "Feature", "properties": { "sensor": "GASA-02-02", "time": "2025-08-20T08:30:00+02:00", "count_line": 24, "location": "BrugOostertoegang2", "count_area": 44.0, "countline_length": 6, "density": 0.16829480982464326, "flow": 4.0, "LoS": "LoS A" }, "geometry": { "type": "Polygon", "coordinates": [ [ [ 122176.271890430143685, 487960.53033630317077 ], [ 122171.22340251825517, 487951.351267372490838 ], [ 122141.391428493458079, 487962.595626812602859 ], [ 122144.068656931587611, 487967.950083688832819 ], [ 122176.271890430143685, 487960.53033630317077 ] ] ] } },
{ "type": "Feature", "properties": { "sensor": "GASA-02-02", "time": "2025-08-20T08:31:00+02:00", "count_line": 33, "location": "BrugOostertoegang2", "count_area": 51.0, "countline_length": 6, "density": 0.1950689841149274, "flow": 5.5, "LoS": "LoS A" }, "geometry": { "type": "Polygon", "coordinates": [ [ [ 122176.271890430143685, 487960.53033630317077 ], [ 122171.22340251825517, 487951.351267372490838 ], [ 122141.391428493458079, 487962.595626812602859 ], [ 122144.068656931587611, 487967.950083688832819 ], [ 122176.271890430143685, 487960.53033630317077 ] ] ] } },
{ "type": "Feature", "properties": { "sensor": "GASA-02-02", "time": "2025-08-20T08:32:00+02:00", "count_line": 15, "location": "BrugOostertoegang2", "count_area": 29.0, "countline_length": 6, "density": 0.11092157920260577, "flow": 2.5, "LoS": "LoS A" }, "geometry": { "type": "Polygon", "coordinates": [ [ [ 122176.271890430143685, 487960.53033630317077 ], [ 122171.22340251825517, 487951.351267372490838 ], [ 122141.391428493458079, 487962.595626812602859 ], [ 122144.068656931587611, 487967.950083688832819 ], [ 122176.271890430143685, 487960.53033630317077 ] ] ] } },
{ "type": "Feature", "properties": { "sensor": "GASA-02-02", "time": "2025-08-20T08:34:00+02:00", "count_line": 22, "location": "BrugOostertoegang2", "count_area": 38.0, "countline_length": 6, "density": 0.14534551757582825, "flow": 3.6666666666666665, "LoS": "LoS A" }, "geometry": { "type": "Polygon", "coordinates": [ [ [ 122176.271890430143685, 487960.53033630317077 ], [ 122171.22340251825517, 487951.351267372490838 ], [ 122141.391428493458079, 487962.595626812602859 ], [ 122144.068656931587611, 487967.950083688832819 ], [ 122176.271890430143685, 487960.53033630317077 ] ] ] } },
{ "type": "Feature", "properties": { "sensor": "GASA-02-02", "time": "2025-08-20T08:35:00+02:00", "count_line": 29, "location": "BrugOostertoegang2", "count_area": 55.0, "countline_length": 6, "density": 0.21036851228080405, "flow": 4.833333333333333, "LoS": "LoS A" }, "geometry": { "type": "Polygon", "coordinates": [ [ [ 122176.271890430143685, 487960.53033630317077 ], [ 122171.22340251825517, 487951.351267372490838 ], [ 122141.391428493458079, 487962.595626812602859 ], [ 122144.068656931587611, 487967.950083688832819 ], [ 122176.271890430143685, 487960.53033630317077 ] ] ] } },
{ "type": "Feature", "properties": { "sensor": "GASA-02-02", "time": "2025-08-20T08:36:00+02:00", "count_line": 8, "location": "BrugOostertoegang2", "count_area": 15.0, "countline_length": 6, "density": 0.057373230622037474, "flow": 1.3333333333333333, "LoS": "LoS A" }, "geometry": { "type": "Polygon", "coordinates": [ [ [ 122176.271890430143685, 487960.53033630317077 ], [ 122171.22340251825517, 487951.351267372490838 ], [ 122141.391428493458079, 487962.595626812602859 ], [ 122144.068656931587611, 487967.950083688832819 ], [ 122176.271890430143685, 487960.53033630317077 ] ] ] } },
{ "type": "Feature", "properties": { "sensor": "GASA-02-02", "time": "2025-08-20T08:37:00+02:00", "count_line": 7, "location": "BrugOostertoegang2", "count_area": 11.0, "countline_length": 6, "density": 0.042073702456160815, "flow": 1.1666666666666667, "LoS": "LoS A" }, "geometry": { "type": "Polygon", "coordinates": [ [ [ 122176.271890430143685, 487960.53033630317077 ], [ 122171.22340251825517, 487951.351267372490838 ], [ 122141.391428493458079, 487962.595626812602859 ], [ 122144.068656931587611, 487967.950083688832819 ], [ 122176.271890430143685, 487960.53033630317077 ] ] ] } },
{ "type": "Feature", "properties": { "sensor": "GASA-02-02", "time": "2025-08-20T08:38:00+02:00", "count_line": 9, "location": "BrugOostertoegang2", "count_area": 16.0, "countline_length": 6, "density": 0.061198112663506637, "flow": 1.5, "LoS": "LoS A" }, "geometry": { "type": "Polygon", "coordinates": [ [ [ 122176.271890430143685, 487960.53033630317077 ], [ 122171.22340251825517, 487951.351267372490838 ], [ 122141.391428493458079, 487962.595626812602859 ], [ 122144.068656931587611, 487967.950083688832819 ], [ 122176.271890430143685, 487960.53033630317077 ] ] ] } },
{ "type": "Feature", "properties": { "sensor": "GASA-02-02", "time": "2025-08-20T08:39:00+02:00", "count_line": 2, "location": "BrugOostertoegang2", "count_area": 3.0, "countline_length": 6, "density": 0.011474646124407495, "flow": 0.33333333333333331, "LoS": "LoS A" }, "geometry": { "type": "Polygon", "coordinates": [ [ [ 122176.271890430143685, 487960.53033630317077 ], [ 122171.22340251825517, 487951.351267372490838 ], [ 122141.391428493458079, 487962.595626812602859 ], [ 122144.068656931587611, 487967.950083688832819 ], [ 122176.271890430143685, 487960.53033630317077 ] ] ] } },
{ "type": "Feature", "properties": { "sensor": "GASA-02-02", "time": "2025-08-20T08:40:00+02:00", "count_line": 18, "location": "BrugOostertoegang2", "count_area": 28.0, "countline_length": 6, "density": 0.10709669716113661, "flow": 3.0, "LoS": "LoS A" }, "geometry": { "type": "Polygon", "coordinates": [ [ [ 122176.271890430143685, 487960.53033630317077 ], [ 122171.22340251825517, 487951.351267372490838 ], [ 122141.391428493458079, 487962.595626812602859 ], [ 122144.068656931587611, 487967.950083688832819 ], [ 122176.271890430143685, 487960.53033630317077 ] ] ] } },
{ "type": "Feature", "properties": { "sensor": "GASA-02-02", "time": "2025-08-20T08:41:00+02:00", "count_line": 18, "location": "BrugOostertoegang2", "count_area": 31.0, "countline_length": 6, "density": 0.11857134328554411, "flow": 3.0, "LoS": "LoS A" }, "geometry": { "type": "Polygon", "coordinates": [ [ [ 122176.271890430143685, 487960.53033630317077 ], [ 122171.22340251825517, 487951.351267372490838 ], [ 122141.391428493458079, 487962.595626812602859 ], [ 122144.068656931587611, 487967.950083688832819 ], [ 122176.271890430143685, 487960.53033630317077 ] ] ] } },
{ "type": "Feature", "properties": { "sensor": "GASA-02-02", "time": "2025-08-20T08:42:00+02:00", "count_line": 22, "location": "BrugOostertoegang2", "count_area": 40.0, "countline_length": 6, "density": 0.15299528165876658, "flow": 3.6666666666666665, "LoS": "LoS A" }, "geometry": { "type": "Polygon", "coordinates": [ [ [ 122176.271890430143685, 487960.53033630317077 ], [ 122171.22340251825517, 487951.351267372490838 ], [ 122141.391428493458079, 487962.595626812602859 ], [ 122144.068656931587611, 487967.950083688832819 ], [ 122176.271890430143685, 487960.53033630317077 ] ] ] } },
{ "type": "Feature", "properties": { "sensor": "GASA-02-02", "time": "2025-08-20T08:44:00+02:00", "count_line": 24, "location": "BrugOostertoegang2", "count_area": 46.0, "countline_length": 6, "density": 0.17594457390758159, "flow": 4.0, "LoS": "LoS A" }, "geometry": { "type": "Polygon", "coordinates": [ [ [ 122176.271890430143685, 487960.53033630317077 ], [ 122171.22340251825517, 487951.351267372490838 ], [ 122141.391428493458079, 487962.595626812602859 ], [ 122144.068656931587611, 487967.950083688832819 ], [ 122176.271890430143685, 487960.53033630317077 ] ] ] } },
{ "type": "Feature", "properties": { "sensor": "GASA-02-02", "time": "2025-08-20T08:45:00+02:00", "count_line": 16, "location": "BrugOostertoegang2", "count_area": 30.0, "countline_length": 6, "density": 0.11474646124407495, "flow": 2.6666666666666665, "LoS": "LoS A" }, "geometry": { "type": "Polygon", "coordinates": [ [ [ 122176.271890430143685, 487960.53033630317077 ], [ 122171.22340251825517, 487951.351267372490838 ], [ 122141.391428493458079, 487962.595626812602859 ], [ 122144.068656931587611, 487967.950083688832819 ], [ 122176.271890430143685, 487960.53033630317077 ] ] ] } },
{ "type": "Feature", "properties": { "sensor": "GASA-02-02", "time": "2025-08-20T08:46:00+02:00", "count_line": 18, "location": "BrugOostertoegang2", "count_area": 32.0, "countline_length": 6, "density": 0.12239622532701327, "flow": 3.0, "LoS": "LoS A" }, "geometry": { "type": "Polygon", "coordinates": [ [ [ 122176.271890430143685, 487960.53033630317077 ], [ 122171.22340251825517, 487951.351267372490838 ], [ 122141.391428493458079, 487962.595626812602859 ], [ 122144.068656931587611, 487967.950083688832819 ], [ 122176.271890430143685, 487960.53033630317077 ] ] ] } },
{ "type": "Feature", "properties": { "sensor": "GASA-02-02", "time": "2025-08-20T08:47:00+02:00", "count_line": 17, "location": "BrugOostertoegang2", "count_area": 30.0, "countline_length": 6, "density": 0.11474646124407495, "flow": 2.8333333333333335, "LoS": "LoS A" }, "geometry": { "type": "Polygon", "coordinates": [ [ [ 122176.271890430143685, 487960.53033630317077 ], [ 122171.22340251825517, 487951.351267372490838 ], [ 122141.391428493458079, 487962.595626812602859 ], [ 122144.068656931587611, 487967.950083688832819 ], [ 122176.271890430143685, 487960.53033630317077 ] ] ] } },
{ "type": "Feature", "properties": { "sensor": "GASA-02-02", "time": "2025-08-20T08:48:00+02:00", "count_line": 12, "location": "BrugOostertoegang2", "count_area": 19.0, "countline_length": 6, "density": 0.072672758787914127, "flow": 2.0, "LoS": "LoS A" }, "geometry": { "type": "Polygon", "coordinates": [ [ [ 122176.271890430143685, 487960.53033630317077 ], [ 122171.22340251825517, 487951.351267372490838 ], [ 122141.391428493458079, 487962.595626812602859 ], [ 122144.068656931587611, 487967.950083688832819 ], [ 122176.271890430143685, 487960.53033630317077 ] ] ] } },
{ "type": "Feature", "properties": { "sensor": "GASA-02-02", "time": "2025-08-20T08:49:00+02:00", "count_line": 29, "location": "BrugOostertoegang2", "count_area": 47.0, "countline_length": 6, "density": 0.17976945594905075, "flow": 4.833333333333333, "LoS": "LoS A" }, "geometry": { "type": "Polygon", "coordinates": [ [ [ 122176.271890430143685, 487960.53033630317077 ], [ 122171.22340251825517, 487951.351267372490838 ], [ 122141.391428493458079, 487962.595626812602859 ], [ 122144.068656931587611, 487967.950083688832819 ], [ 122176.271890430143685, 487960.53033630317077 ] ] ] } },
{ "type": "Feature", "properties": { "sensor": "GASA-02-02", "time": "2025-08-20T08:50:00+02:00", "count_line": 13, "location": "BrugOostertoegang2", "count_area": 19.0, "countline_length": 6, "density": 0.072672758787914127, "flow": 2.1666666666666665, "LoS": "LoS A" }, "geometry": { "type": "Polygon", "coordinates": [ [ [ 122176.271890430143685, 487960.53033630317077 ], [ 122171.22340251825517, 487951.351267372490838 ], [ 122141.391428493458079, 487962.595626812602859 ], [ 122144.068656931587611, 487967.950083688832819 ], [ 122176.271890430143685, 487960.53033630317077 ] ] ] } },
{ "type": "Feature", "properties": { "sensor": "GASA-02-02", "time": "2025-08-20T08:51:00+02:00", "count_line": 11, "location": "BrugOostertoegang2", "count_area": 18.0, "countline_length": 6, "density": 0.068847876746444964, "flow": 1.8333333333333333, "LoS": "LoS A" }, "geometry": { "type": "Polygon", "coordinates": [ [ [ 122176.271890430143685, 487960.53033630317077 ], [ 122171.22340251825517, 487951.351267372490838 ], [ 122141.391428493458079, 487962.595626812602859 ], [ 122144.068656931587611, 487967.950083688832819 ], [ 122176.271890430143685, 487960.53033630317077 ] ] ] } },
{ "type": "Feature", "properties": { "sensor": "GASA-02-02", "time": "2025-08-20T08:52:00+02:00", "count_line": 10, "location": "BrugOostertoegang2", "count_area": 16.0, "countline_length": 6, "density": 0.061198112663506637, "flow": 1.6666666666666667, "LoS": "LoS A" }, "geometry": { "type": "Polygon", "coordinates": [ [ [ 122176.271890430143685, 487960.53033630317077 ], [ 122171.22340251825517, 487951.351267372490838 ], [ 122141.391428493458079, 487962.595626812602859 ], [ 122144.068656931587611, 487967.950083688832819 ], [ 122176.271890430143685, 487960.53033630317077 ] ] ] } },
{ "type": "Feature", "properties": { "sensor": "GASA-02-02", "time": "2025-08-20T08:54:00+02:00", "count_line": 8, "location": "BrugOostertoegang2", "count_area": 14.0, "countline_length": 6, "density": 0.053548348580568304, "flow": 1.3333333333333333, "LoS": "LoS A" }, "geometry": { "type": "Polygon", "coordinates": [ [ [ 122176.271890430143685, 487960.53033630317077 ], [ 122171.22340251825517, 487951.351267372490838 ], [ 122141.391428493458079, 487962.595626812602859 ], [ 122144.068656931587611, 487967.950083688832819 ], [ 122176.271890430143685, 487960.53033630317077 ] ] ] } },
{ "type": "Feature", "properties": { "sensor": "GASA-02-02", "time": "2025-08-20T08:55:00+02:00", "count_line": 10, "location": "BrugOostertoegang2", "count_area": 19.0, "countline_length": 6, "density": 0.072672758787914127, "flow": 1.6666666666666667, "LoS": "LoS A" }, "geometry": { "type": "Polygon", "coordinates": [ [ [ 122176.271890430143685, 487960.53033630317077 ], [ 122171.22340251825517, 487951.351267372490838 ], [ 122141.391428493458079, 487962.595626812602859 ], [ 122144.068656931587611, 487967.950083688832819 ], [ 122176.271890430143685, 487960.53033630317077 ] ] ] } },
{ "type": "Feature", "properties": { "sensor": "GASA-02-02", "time": "2025-08-20T08:56:00+02:00", "count_line": 10, "location": "BrugOostertoegang2", "count_area": 15.0, "countline_length": 6, "density": 0.057373230622037474, "flow": 1.6666666666666667, "LoS": "LoS A" }, "geometry": { "type": "Polygon", "coordinates": [ [ [ 122176.271890430143685, 487960.53033630317077 ], [ 122171.22340251825517, 487951.351267372490838 ], [ 122141.391428493458079, 487962.595626812602859 ], [ 122144.068656931587611, 487967.950083688832819 ], [ 122176.271890430143685, 487960.53033630317077 ] ] ] } },
{ "type": "Feature", "properties": { "sensor": "GASA-02-02", "time": "2025-08-20T08:57:00+02:00", "count_line": 22, "location": "BrugOostertoegang2", "count_area": 34.0, "countline_length": 6, "density": 0.1300459894099516, "flow": 3.6666666666666665, "LoS": "LoS A" }, "geometry": { "type": "Polygon", "coordinates": [ [ [ 122176.271890430143685, 487960.53033630317077 ], [ 122171.22340251825517, 487951.351267372490838 ], [ 122141.391428493458079, 487962.595626812602859 ], [ 122144.068656931587611, 487967.950083688832819 ], [ 122176.271890430143685, 487960.53033630317077 ] ] ] } },
{ "type": "Feature", "properties": { "sensor": "GASA-02-02", "time": "2025-08-20T08:58:00+02:00", "count_line": 14, "location": "BrugOostertoegang2", "count_area": 25.0, "countline_length": 6, "density": 0.095622051036729119, "flow": 2.3333333333333335, "LoS": "LoS A" }, "geometry": { "type": "Polygon", "coordinates": [ [ [ 122176.271890430143685, 487960.53033630317077 ], [ 122171.22340251825517, 487951.351267372490838 ], [ 122141.391428493458079, 487962.595626812602859 ], [ 122144.068656931587611, 487967.950083688832819 ], [ 122176.271890430143685, 487960.53033630317077 ] ] ] } },
{ "type": "Feature", "properties": { "sensor": "GASA-02-02", "time": "2025-08-20T08:59:00+02:00", "count_line": 21, "location": "BrugOostertoegang2", "count_area": 38.0, "countline_length": 6, "density": 0.14534551757582825, "flow": 3.5, "LoS": "LoS A" }, "geometry": { "type": "Polygon", "coordinates": [ [ [ 122176.271890430143685, 487960.53033630317077 ], [ 122171.22340251825517, 487951.351267372490838 ], [ 122141.391428493458079, 487962.595626812602859 ], [ 122144.068656931587611, 487967.950083688832819 ], [ 122176.271890430143685, 487960.53033630317077 ] ] ] } },
{ "type": "Feature", "properties": { "sensor": "GASA-02-02", "time": "2025-08-20T09:00:00+02:00", "count_line": 16, "location": "BrugOostertoegang2", "count_area": 27.0, "countline_length": 6, "density": 0.10327181511966745, "flow": 2.6666666666666665, "LoS": "LoS A" }, "geometry": { "type": "Polygon", "coordinates": [ [ [ 122176.271890430143685, 487960.53033630317077 ], [ 122171.22340251825517, 487951.351267372490838 ], [ 122141.391428493458079, 487962.595626812602859 ], [ 122144.068656931587611, 487967.950083688832819 ], [ 122176.271890430143685, 487960.53033630317077 ] ] ] } },
{ "type": "Feature", "properties": { "sensor": "GASA-02-02", "time": "2025-08-20T09:01:00+02:00", "count_line": 8, "location": "BrugOostertoegang2", "count_area": 12.0, "countline_length": 6, "density": 0.045898584497629978, "flow": 1.3333333333333333, "LoS": "LoS A" }, "geometry": { "type": "Polygon", "coordinates": [ [ [ 122176.271890430143685, 487960.53033630317077 ], [ 122171.22340251825517, 487951.351267372490838 ], [ 122141.391428493458079, 487962.595626812602859 ], [ 122144.068656931587611, 487967.950083688832819 ], [ 122176.271890430143685, 487960.53033630317077 ] ] ] } },
{ "type": "Feature", "properties": { "sensor": "GASA-02-02", "time": "2025-08-20T09:02:00+02:00", "count_line": 23, "location": "BrugOostertoegang2", "count_area": 41.0, "countline_length": 6, "density": 0.15682016370023574, "flow": 3.8333333333333335, "LoS": "LoS A" }, "geometry": { "type": "Polygon", "coordinates": [ [ [ 122176.271890430143685, 487960.53033630317077 ], [ 122171.22340251825517, 487951.351267372490838 ], [ 122141.391428493458079, 487962.595626812602859 ], [ 122144.068656931587611, 487967.950083688832819 ], [ 122176.271890430143685, 487960.53033630317077 ] ] ] } },
{ "type": "Feature", "properties": { "sensor": "GASA-02-02", "time": "2025-08-20T09:04:00+02:00", "count_line": 26, "location": "BrugOostertoegang2", "count_area": 51.0, "countline_length": 6, "density": 0.1950689841149274, "flow": 4.333333333333333, "LoS": "LoS A" }, "geometry": { "type": "Polygon", "coordinates": [ [ [ 122176.271890430143685, 487960.53033630317077 ], [ 122171.22340251825517, 487951.351267372490838 ], [ 122141.391428493458079, 487962.595626812602859 ], [ 122144.068656931587611, 487967.950083688832819 ], [ 122176.271890430143685, 487960.53033630317077 ] ] ] } },
{ "type": "Feature", "properties": { "sensor": "GASA-02-02", "time": "2025-08-20T09:05:00+02:00", "count_line": 26, "location": "BrugOostertoegang2", "count_area": 42.0, "countline_length": 6, "density": 0.16064504574170493, "flow": 4.333333333333333, "LoS": "LoS A" }, "geometry": { "type": "Polygon", "coordinates": [ [ [ 122176.271890430143685, 487960.53033630317077 ], [ 122171.22340251825517, 487951.351267372490838 ], [ 122141.391428493458079, 487962.595626812602859 ], [ 122144.068656931587611, 487967.950083688832819 ], [ 122176.271890430143685, 487960.53033630317077 ] ] ] } },
{ "type": "Feature", "properties": { "sensor": "GASA-02-02", "time": "2025-08-20T09:06:00+02:00", "count_line": 15, "location": "BrugOostertoegang2", "count_area": 25.0, "countline_length": 6, "density": 0.095622051036729119, "flow": 2.5, "LoS": "LoS A" }, "geometry": { "type": "Polygon", "coordinates": [ [ [ 122176.271890430143685, 487960.53033630317077 ], [ 122171.22340251825517, 487951.351267372490838 ], [ 122141.391428493458079, 487962.595626812602859 ], [ 122144.068656931587611, 487967.950083688832819 ], [ 122176.271890430143685, 487960.53033630317077 ] ] ] } },
{ "type": "Feature", "properties": { "sensor": "GASA-02-02", "time": "2025-08-20T09:07:00+02:00", "count_line": 25, "location": "BrugOostertoegang2", "count_area": 49.0, "countline_length": 6, "density": 0.18741922003198908, "flow": 4.166666666666667, "LoS": "LoS A" }, "geometry": { "type": "Polygon", "coordinates": [ [ [ 122176.271890430143685, 487960.53033630317077 ], [ 122171.22340251825517, 487951.351267372490838 ], [ 122141.391428493458079, 487962.595626812602859 ], [ 122144.068656931587611, 487967.950083688832819 ], [ 122176.271890430143685, 487960.53033630317077 ] ] ] } },
{ "type": "Feature", "properties": { "sensor": "GASA-02-02", "time": "2025-08-20T09:08:00+02:00", "count_line": 16, "location": "BrugOostertoegang2", "count_area": 25.0, "countline_length": 6, "density": 0.095622051036729119, "flow": 2.6666666666666665, "LoS": "LoS A" }, "geometry": { "type": "Polygon", "coordinates": [ [ [ 122176.271890430143685, 487960.53033630317077 ], [ 122171.22340251825517, 487951.351267372490838 ], [ 122141.391428493458079, 487962.595626812602859 ], [ 122144.068656931587611, 487967.950083688832819 ], [ 122176.271890430143685, 487960.53033630317077 ] ] ] } },
{ "type": "Feature", "properties": { "sensor": "GASA-02-02", "time": "2025-08-20T09:09:00+02:00", "count_line": 18, "location": "BrugOostertoegang2", "count_area": 29.0, "countline_length": 6, "density": 0.11092157920260577, "flow": 3.0, "LoS": "LoS A" }, "geometry": { "type": "Polygon", "coordinates": [ [ [ 122176.271890430143685, 487960.53033630317077 ], [ 122171.22340251825517, 487951.351267372490838 ], [ 122141.391428493458079, 487962.595626812602859 ], [ 122144.068656931587611, 487967.950083688832819 ], [ 122176.271890430143685, 487960.53033630317077 ] ] ] } },
{ "type": "Feature", "properties": { "sensor": "GASA-02-02", "time": "2025-08-20T09:10:00+02:00", "count_line": 7, "location": "BrugOostertoegang2", "count_area": 12.0, "countline_length": 6, "density": 0.045898584497629978, "flow": 1.1666666666666667, "LoS": "LoS A" }, "geometry": { "type": "Polygon", "coordinates": [ [ [ 122176.271890430143685, 487960.53033630317077 ], [ 122171.22340251825517, 487951.351267372490838 ], [ 122141.391428493458079, 487962.595626812602859 ], [ 122144.068656931587611, 487967.950083688832819 ], [ 122176.271890430143685, 487960.53033630317077 ] ] ] } },
{ "type": "Feature", "properties": { "sensor": "GASA-02-02", "time": "2025-08-20T09:11:00+02:00", "count_line": 12, "location": "BrugOostertoegang2", "count_area": 19.0, "countline_length": 6, "density": 0.072672758787914127, "flow": 2.0, "LoS": "LoS A" }, "geometry": { "type": "Polygon", "coordinates": [ [ [ 122176.271890430143685, 487960.53033630317077 ], [ 122171.22340251825517, 487951.351267372490838 ], [ 122141.391428493458079, 487962.595626812602859 ], [ 122144.068656931587611, 487967.950083688832819 ], [ 122176.271890430143685, 487960.53033630317077 ] ] ] } },
{ "type": "Feature", "properties": { "sensor": "GASA-02-02", "time": "2025-08-20T09:12:00+02:00", "count_line": 20, "location": "BrugOostertoegang2", "count_area": 36.0, "countline_length": 6, "density": 0.13769575349288993, "flow": 3.3333333333333335, "LoS": "LoS A" }, "geometry": { "type": "Polygon", "coordinates": [ [ [ 122176.271890430143685, 487960.53033630317077 ], [ 122171.22340251825517, 487951.351267372490838 ], [ 122141.391428493458079, 487962.595626812602859 ], [ 122144.068656931587611, 487967.950083688832819 ], [ 122176.271890430143685, 487960.53033630317077 ] ] ] } },
{ "type": "Feature", "properties": { "sensor": "GASA-02-02", "time": "2025-08-20T09:14:00+02:00", "count_line": 34, "location": "BrugOostertoegang2", "count_area": 60.0, "countline_length": 6, "density": 0.2294929224881499, "flow": 5.666666666666667, "LoS": "LoS A" }, "geometry": { "type": "Polygon", "coordinates": [ [ [ 122176.271890430143685, 487960.53033630317077 ], [ 122171.22340251825517, 487951.351267372490838 ], [ 122141.391428493458079, 487962.595626812602859 ], [ 122144.068656931587611, 487967.950083688832819 ], [ 122176.271890430143685, 487960.53033630317077 ] ] ] } },
{ "type": "Feature", "properties": { "sensor": "GASA-02-02", "time": "2025-08-20T09:15:00+02:00", "count_line": 40, "location": "BrugOostertoegang2", "count_area": 74.0, "countline_length": 6, "density": 0.28304127106871818, "flow": 6.666666666666667, "LoS": "LoS A" }, "geometry": { "type": "Polygon", "coordinates": [ [ [ 122176.271890430143685, 487960.53033630317077 ], [ 122171.22340251825517, 487951.351267372490838 ], [ 122141.391428493458079, 487962.595626812602859 ], [ 122144.068656931587611, 487967.950083688832819 ], [ 122176.271890430143685, 487960.53033630317077 ] ] ] } },
{ "type": "Feature", "properties": { "sensor": "GASA-02-02", "time": "2025-08-20T09:16:00+02:00", "count_line": 6, "location": "BrugOostertoegang2", "count_area": 11.0, "countline_length": 6, "density": 0.042073702456160815, "flow": 1.0, "LoS": "LoS A" }, "geometry": { "type": "Polygon", "coordinates": [ [ [ 122176.271890430143685, 487960.53033630317077 ], [ 122171.22340251825517, 487951.351267372490838 ], [ 122141.391428493458079, 487962.595626812602859 ], [ 122144.068656931587611, 487967.950083688832819 ], [ 122176.271890430143685, 487960.53033630317077 ] ] ] } },
{ "type": "Feature", "properties": { "sensor": "GASA-02-02", "time": "2025-08-20T09:17:00+02:00", "count_line": 17, "location": "BrugOostertoegang2", "count_area": 32.0, "countline_length": 6, "density": 0.12239622532701327, "flow": 2.8333333333333335, "LoS": "LoS A" }, "geometry": { "type": "Polygon", "coordinates": [ [ [ 122176.271890430143685, 487960.53033630317077 ], [ 122171.22340251825517, 487951.351267372490838 ], [ 122141.391428493458079, 487962.595626812602859 ], [ 122144.068656931587611, 487967.950083688832819 ], [ 122176.271890430143685, 487960.53033630317077 ] ] ] } },
{ "type": "Feature", "properties": { "sensor": "GASA-02-02", "time": "2025-08-20T09:18:00+02:00", "count_line": 14, "location": "BrugOostertoegang2", "count_area": 22.0, "countline_length": 6, "density": 0.08414740491232163, "flow": 2.3333333333333335, "LoS": "LoS A" }, "geometry": { "type": "Polygon", "coordinates": [ [ [ 122176.271890430143685, 487960.53033630317077 ], [ 122171.22340251825517, 487951.351267372490838 ], [ 122141.391428493458079, 487962.595626812602859 ], [ 122144.068656931587611, 487967.950083688832819 ], [ 122176.271890430143685, 487960.53033630317077 ] ] ] } },
{ "type": "Feature", "properties": { "sensor": "GASA-02-02", "time": "2025-08-20T09:19:00+02:00", "count_line": 10, "location": "BrugOostertoegang2", "count_area": 15.0, "countline_length": 6, "density": 0.057373230622037474, "flow": 1.6666666666666667, "LoS": "LoS A" }, "geometry": { "type": "Polygon", "coordinates": [ [ [ 122176.271890430143685, 487960.53033630317077 ], [ 122171.22340251825517, 487951.351267372490838 ], [ 122141.391428493458079, 487962.595626812602859 ], [ 122144.068656931587611, 487967.950083688832819 ], [ 122176.271890430143685, 487960.53033630317077 ] ] ] } },
{ "type": "Feature", "properties": { "sensor": "GASA-02-02", "time": "2025-08-20T09:20:00+02:00", "count_line": 20, "location": "BrugOostertoegang2", "count_area": 35.0, "countline_length": 6, "density": 0.13387087145142076, "flow": 3.3333333333333335, "LoS": "LoS A" }, "geometry": { "type": "Polygon", "coordinates": [ [ [ 122176.271890430143685, 487960.53033630317077 ], [ 122171.22340251825517, 487951.351267372490838 ], [ 122141.391428493458079, 487962.595626812602859 ], [ 122144.068656931587611, 487967.950083688832819 ], [ 122176.271890430143685, 487960.53033630317077 ] ] ] } },
{ "type": "Feature", "properties": { "sensor": "GASA-02-02", "time": "2025-08-20T09:21:00+02:00", "count_line": 18, "location": "BrugOostertoegang2", "count_area": 27.0, "countline_length": 6, "density": 0.10327181511966745, "flow": 3.0, "LoS": "LoS A" }, "geometry": { "type": "Polygon", "coordinates": [ [ [ 122176.271890430143685, 487960.53033630317077 ], [ 122171.22340251825517, 487951.351267372490838 ], [ 122141.391428493458079, 487962.595626812602859 ], [ 122144.068656931587611, 487967.950083688832819 ], [ 122176.271890430143685, 487960.53033630317077 ] ] ] } },
{ "type": "Feature", "properties": { "sensor": "GASA-02-02", "time": "2025-08-20T09:22:00+02:00", "count_line": 15, "location": "BrugOostertoegang2", "count_area": 24.0, "countline_length": 6, "density": 0.091797168995259956, "flow": 2.5, "LoS": "LoS A" }, "geometry": { "type": "Polygon", "coordinates": [ [ [ 122176.271890430143685, 487960.53033630317077 ], [ 122171.22340251825517, 487951.351267372490838 ], [ 122141.391428493458079, 487962.595626812602859 ], [ 122144.068656931587611, 487967.950083688832819 ], [ 122176.271890430143685, 487960.53033630317077 ] ] ] } },
{ "type": "Feature", "properties": { "sensor": "GASA-02-02", "time": "2025-08-20T09:24:00+02:00", "count_line": 22, "location": "BrugOostertoegang2", "count_area": 34.0, "countline_length": 6, "density": 0.1300459894099516, "flow": 3.6666666666666665, "LoS": "LoS A" }, "geometry": { "type": "Polygon", "coordinates": [ [ [ 122176.271890430143685, 487960.53033630317077 ], [ 122171.22340251825517, 487951.351267372490838 ], [ 122141.391428493458079, 487962.595626812602859 ], [ 122144.068656931587611, 487967.950083688832819 ], [ 122176.271890430143685, 487960.53033630317077 ] ] ] } },
{ "type": "Feature", "properties": { "sensor": "GASA-02-02", "time": "2025-08-20T09:25:00+02:00", "count_line": 30, "location": "BrugOostertoegang2", "count_area": 50.0, "countline_length": 6, "density": 0.19124410207345824, "flow": 5.0, "LoS": "LoS A" }, "geometry": { "type": "Polygon", "coordinates": [ [ [ 122176.271890430143685, 487960.53033630317077 ], [ 122171.22340251825517, 487951.351267372490838 ], [ 122141.391428493458079, 487962.595626812602859 ], [ 122144.068656931587611, 487967.950083688832819 ], [ 122176.271890430143685, 487960.53033630317077 ] ] ] } },
{ "type": "Feature", "properties": { "sensor": "GASA-02-02", "time": "2025-08-20T09:26:00+02:00", "count_line": 26, "location": "BrugOostertoegang2", "count_area": 50.0, "countline_length": 6, "density": 0.19124410207345824, "flow": 4.333333333333333, "LoS": "LoS A" }, "geometry": { "type": "Polygon", "coordinates": [ [ [ 122176.271890430143685, 487960.53033630317077 ], [ 122171.22340251825517, 487951.351267372490838 ], [ 122141.391428493458079, 487962.595626812602859 ], [ 122144.068656931587611, 487967.950083688832819 ], [ 122176.271890430143685, 487960.53033630317077 ] ] ] } },
{ "type": "Feature", "properties": { "sensor": "GASA-02-02", "time": "2025-08-20T09:27:00+02:00", "count_line": 27, "location": "BrugOostertoegang2", "count_area": 44.0, "countline_length": 6, "density": 0.16829480982464326, "flow": 4.5, "LoS": "LoS A" }, "geometry": { "type": "Polygon", "coordinates": [ [ [ 122176.271890430143685, 487960.53033630317077 ], [ 122171.22340251825517, 487951.351267372490838 ], [ 122141.391428493458079, 487962.595626812602859 ], [ 122144.068656931587611, 487967.950083688832819 ], [ 122176.271890430143685, 487960.53033630317077 ] ] ] } },
{ "type": "Feature", "properties": { "sensor": "GASA-02-02", "time": "2025-08-20T09:28:00+02:00", "count_line": 16, "location": "BrugOostertoegang2", "count_area": 26.0, "countline_length": 6, "density": 0.099446933078198282, "flow": 2.6666666666666665, "LoS": "LoS A" }, "geometry": { "type": "Polygon", "coordinates": [ [ [ 122176.271890430143685, 487960.53033630317077 ], [ 122171.22340251825517, 487951.351267372490838 ], [ 122141.391428493458079, 487962.595626812602859 ], [ 122144.068656931587611, 487967.950083688832819 ], [ 122176.271890430143685, 487960.53033630317077 ] ] ] } },
{ "type": "Feature", "properties": { "sensor": "GASA-02-02", "time": "2025-08-20T09:29:00+02:00", "count_line": 21, "location": "BrugOostertoegang2", "count_area": 40.0, "countline_length": 6, "density": 0.15299528165876658, "flow": 3.5, "LoS": "LoS A" }, "geometry": { "type": "Polygon", "coordinates": [ [ [ 122176.271890430143685, 487960.53033630317077 ], [ 122171.22340251825517, 487951.351267372490838 ], [ 122141.391428493458079, 487962.595626812602859 ], [ 122144.068656931587611, 487967.950083688832819 ], [ 122176.271890430143685, 487960.53033630317077 ] ] ] } },
{ "type": "Feature", "properties": { "sensor": "GASA-02-02", "time": "2025-08-20T09:30:00+02:00", "count_line": 25, "location": "BrugOostertoegang2", "count_area": 42.0, "countline_length": 6, "density": 0.16064504574170493, "flow": 4.166666666666667, "LoS": "LoS A" }, "geometry": { "type": "Polygon", "coordinates": [ [ [ 122176.271890430143685, 487960.53033630317077 ], [ 122171.22340251825517, 487951.351267372490838 ], [ 122141.391428493458079, 487962.595626812602859 ], [ 122144.068656931587611, 487967.950083688832819 ], [ 122176.271890430143685, 487960.53033630317077 ] ] ] } },
{ "type": "Feature", "properties": { "sensor": "GASA-02-02", "time": "2025-08-20T09:31:00+02:00", "count_line": 18, "location": "BrugOostertoegang2", "count_area": 29.0, "countline_length": 6, "density": 0.11092157920260577, "flow": 3.0, "LoS": "LoS A" }, "geometry": { "type": "Polygon", "coordinates": [ [ [ 122176.271890430143685, 487960.53033630317077 ], [ 122171.22340251825517, 487951.351267372490838 ], [ 122141.391428493458079, 487962.595626812602859 ], [ 122144.068656931587611, 487967.950083688832819 ], [ 122176.271890430143685, 487960.53033630317077 ] ] ] } },
{ "type": "Feature", "properties": { "sensor": "GASA-02-02", "time": "2025-08-20T09:32:00+02:00", "count_line": 36, "location": "BrugOostertoegang2", "count_area": 65.0, "countline_length": 6, "density": 0.24861733269549571, "flow": 6.0, "LoS": "LoS A" }, "geometry": { "type": "Polygon", "coordinates": [ [ [ 122176.271890430143685, 487960.53033630317077 ], [ 122171.22340251825517, 487951.351267372490838 ], [ 122141.391428493458079, 487962.595626812602859 ], [ 122144.068656931587611, 487967.950083688832819 ], [ 122176.271890430143685, 487960.53033630317077 ] ] ] } },
{ "type": "Feature", "properties": { "sensor": "GASA-02-02", "time": "2025-08-20T09:34:00+02:00", "count_line": 18, "location": "BrugOostertoegang2", "count_area": 31.0, "countline_length": 6, "density": 0.11857134328554411, "flow": 3.0, "LoS": "LoS A" }, "geometry": { "type": "Polygon", "coordinates": [ [ [ 122176.271890430143685, 487960.53033630317077 ], [ 122171.22340251825517, 487951.351267372490838 ], [ 122141.391428493458079, 487962.595626812602859 ], [ 122144.068656931587611, 487967.950083688832819 ], [ 122176.271890430143685, 487960.53033630317077 ] ] ] } },
{ "type": "Feature", "properties": { "sensor": "GASA-02-02", "time": "2025-08-20T09:35:00+02:00", "count_line": 6, "location": "BrugOostertoegang2", "count_area": 10.0, "countline_length": 6, "density": 0.038248820414691645, "flow": 1.0, "LoS": "LoS A" }, "geometry": { "type": "Polygon", "coordinates": [ [ [ 122176.271890430143685, 487960.53033630317077 ], [ 122171.22340251825517, 487951.351267372490838 ], [ 122141.391428493458079, 487962.595626812602859 ], [ 122144.068656931587611, 487967.950083688832819 ], [ 122176.271890430143685, 487960.53033630317077 ] ] ] } },
{ "type": "Feature", "properties": { "sensor": "GASA-02-02", "time": "2025-08-20T09:36:00+02:00", "count_line": 33, "location": "BrugOostertoegang2", "count_area": 64.0, "countline_length": 6, "density": 0.24479245065402655, "flow": 5.5, "LoS": "LoS A" }, "geometry": { "type": "Polygon", "coordinates": [ [ [ 122176.271890430143685, 487960.53033630317077 ], [ 122171.22340251825517, 487951.351267372490838 ], [ 122141.391428493458079, 487962.595626812602859 ], [ 122144.068656931587611, 487967.950083688832819 ], [ 122176.271890430143685, 487960.53033630317077 ] ] ] } },
{ "type": "Feature", "properties": { "sensor": "GASA-02-02", "time": "2025-08-20T09:37:00+02:00", "count_line": 31, "location": "BrugOostertoegang2", "count_area": 55.0, "countline_length": 6, "density": 0.21036851228080405, "flow": 5.166666666666667, "LoS": "LoS A" }, "geometry": { "type": "Polygon", "coordinates": [ [ [ 122176.271890430143685, 487960.53033630317077 ], [ 122171.22340251825517, 487951.351267372490838 ], [ 122141.391428493458079, 487962.595626812602859 ], [ 122144.068656931587611, 487967.950083688832819 ], [ 122176.271890430143685, 487960.53033630317077 ] ] ] } },
{ "type": "Feature", "properties": { "sensor": "GASA-02-02", "time": "2025-08-20T09:38:00+02:00", "count_line": 18, "location": "BrugOostertoegang2", "count_area": 33.0, "countline_length": 6, "density": 0.12622110736848244, "flow": 3.0, "LoS": "LoS A" }, "geometry": { "type": "Polygon", "coordinates": [ [ [ 122176.271890430143685, 487960.53033630317077 ], [ 122171.22340251825517, 487951.351267372490838 ], [ 122141.391428493458079, 487962.595626812602859 ], [ 122144.068656931587611, 487967.950083688832819 ], [ 122176.271890430143685, 487960.53033630317077 ] ] ] } },
{ "type": "Feature", "properties": { "sensor": "GASA-02-02", "time": "2025-08-20T09:39:00+02:00", "count_line": 19, "location": "BrugOostertoegang2", "count_area": 29.0, "countline_length": 6, "density": 0.11092157920260577, "flow": 3.1666666666666665, "LoS": "LoS A" }, "geometry": { "type": "Polygon", "coordinates": [ [ [ 122176.271890430143685, 487960.53033630317077 ], [ 122171.22340251825517, 487951.351267372490838 ], [ 122141.391428493458079, 487962.595626812602859 ], [ 122144.068656931587611, 487967.950083688832819 ], [ 122176.271890430143685, 487960.53033630317077 ] ] ] } },
{ "type": "Feature", "properties": { "sensor": "GASA-02-02", "time": "2025-08-20T09:40:00+02:00", "count_line": 19, "location": "BrugOostertoegang2", "count_area": 36.0, "countline_length": 6, "density": 0.13769575349288993, "flow": 3.1666666666666665, "LoS": "LoS A" }, "geometry": { "type": "Polygon", "coordinates": [ [ [ 122176.271890430143685, 487960.53033630317077 ], [ 122171.22340251825517, 487951.351267372490838 ], [ 122141.391428493458079, 487962.595626812602859 ], [ 122144.068656931587611, 487967.950083688832819 ], [ 122176.271890430143685, 487960.53033630317077 ] ] ] } },
{ "type": "Feature", "properties": { "sensor": "GASA-02-02", "time": "2025-08-20T09:41:00+02:00", "count_line": 15, "location": "BrugOostertoegang2", "count_area": 23.0, "countline_length": 6, "density": 0.087972286953790793, "flow": 2.5, "LoS": "LoS A" }, "geometry": { "type": "Polygon", "coordinates": [ [ [ 122176.271890430143685, 487960.53033630317077 ], [ 122171.22340251825517, 487951.351267372490838 ], [ 122141.391428493458079, 487962.595626812602859 ], [ 122144.068656931587611, 487967.950083688832819 ], [ 122176.271890430143685, 487960.53033630317077 ] ] ] } },
{ "type": "Feature", "properties": { "sensor": "GASA-02-02", "time": "2025-08-20T09:42:00+02:00", "count_line": 10, "location": "BrugOostertoegang2", "count_area": 19.0, "countline_length": 6, "density": 0.072672758787914127, "flow": 1.6666666666666667, "LoS": "LoS A" }, "geometry": { "type": "Polygon", "coordinates": [ [ [ 122176.271890430143685, 487960.53033630317077 ], [ 122171.22340251825517, 487951.351267372490838 ], [ 122141.391428493458079, 487962.595626812602859 ], [ 122144.068656931587611, 487967.950083688832819 ], [ 122176.271890430143685, 487960.53033630317077 ] ] ] } },
{ "type": "Feature", "properties": { "sensor": "GASA-02-02", "time": "2025-08-20T09:44:00+02:00", "count_line": 40, "location": "BrugOostertoegang2", "count_area": 67.0, "countline_length": 6, "density": 0.25626709677843407, "flow": 6.666666666666667, "LoS": "LoS A" }, "geometry": { "type": "Polygon", "coordinates": [ [ [ 122176.271890430143685, 487960.53033630317077 ], [ 122171.22340251825517, 487951.351267372490838 ], [ 122141.391428493458079, 487962.595626812602859 ], [ 122144.068656931587611, 487967.950083688832819 ], [ 122176.271890430143685, 487960.53033630317077 ] ] ] } },
{ "type": "Feature", "properties": { "sensor": "GASA-02-02", "time": "2025-08-20T09:45:00+02:00", "count_line": 23, "location": "BrugOostertoegang2", "count_area": 43.0, "countline_length": 6, "density": 0.1644699277831741, "flow": 3.8333333333333335, "LoS": "LoS A" }, "geometry": { "type": "Polygon", "coordinates": [ [ [ 122176.271890430143685, 487960.53033630317077 ], [ 122171.22340251825517, 487951.351267372490838 ], [ 122141.391428493458079, 487962.595626812602859 ], [ 122144.068656931587611, 487967.950083688832819 ], [ 122176.271890430143685, 487960.53033630317077 ] ] ] } },
{ "type": "Feature", "properties": { "sensor": "GASA-02-02", "time": "2025-08-20T09:46:00+02:00", "count_line": 25, "location": "BrugOostertoegang2", "count_area": 42.0, "countline_length": 6, "density": 0.16064504574170493, "flow": 4.166666666666667, "LoS": "LoS A" }, "geometry": { "type": "Polygon", "coordinates": [ [ [ 122176.271890430143685, 487960.53033630317077 ], [ 122171.22340251825517, 487951.351267372490838 ], [ 122141.391428493458079, 487962.595626812602859 ], [ 122144.068656931587611, 487967.950083688832819 ], [ 122176.271890430143685, 487960.53033630317077 ] ] ] } },
{ "type": "Feature", "properties": { "sensor": "GASA-02-02", "time": "2025-08-20T09:47:00+02:00", "count_line": 16, "location": "BrugOostertoegang2", "count_area": 29.0, "countline_length": 6, "density": 0.11092157920260577, "flow": 2.6666666666666665, "LoS": "LoS A" }, "geometry": { "type": "Polygon", "coordinates": [ [ [ 122176.271890430143685, 487960.53033630317077 ], [ 122171.22340251825517, 487951.351267372490838 ], [ 122141.391428493458079, 487962.595626812602859 ], [ 122144.068656931587611, 487967.950083688832819 ], [ 122176.271890430143685, 487960.53033630317077 ] ] ] } },
{ "type": "Feature", "properties": { "sensor": "GASA-02-02", "time": "2025-08-20T09:48:00+02:00", "count_line": 8, "location": "BrugOostertoegang2", "count_area": 12.0, "countline_length": 6, "density": 0.045898584497629978, "flow": 1.3333333333333333, "LoS": "LoS A" }, "geometry": { "type": "Polygon", "coordinates": [ [ [ 122176.271890430143685, 487960.53033630317077 ], [ 122171.22340251825517, 487951.351267372490838 ], [ 122141.391428493458079, 487962.595626812602859 ], [ 122144.068656931587611, 487967.950083688832819 ], [ 122176.271890430143685, 487960.53033630317077 ] ] ] } },
{ "type": "Feature", "properties": { "sensor": "GASA-02-02", "time": "2025-08-20T09:49:00+02:00", "count_line": 11, "location": "BrugOostertoegang2", "count_area": 20.0, "countline_length": 6, "density": 0.07649764082938329, "flow": 1.8333333333333333, "LoS": "LoS A" }, "geometry": { "type": "Polygon", "coordinates": [ [ [ 122176.271890430143685, 487960.53033630317077 ], [ 122171.22340251825517, 487951.351267372490838 ], [ 122141.391428493458079, 487962.595626812602859 ], [ 122144.068656931587611, 487967.950083688832819 ], [ 122176.271890430143685, 487960.53033630317077 ] ] ] } },
{ "type": "Feature", "properties": { "sensor": "GASA-02-02", "time": "2025-08-20T09:50:00+02:00", "count_line": 12, "location": "BrugOostertoegang2", "count_area": 18.0, "countline_length": 6, "density": 0.068847876746444964, "flow": 2.0, "LoS": "LoS A" }, "geometry": { "type": "Polygon", "coordinates": [ [ [ 122176.271890430143685, 487960.53033630317077 ], [ 122171.22340251825517, 487951.351267372490838 ], [ 122141.391428493458079, 487962.595626812602859 ], [ 122144.068656931587611, 487967.950083688832819 ], [ 122176.271890430143685, 487960.53033630317077 ] ] ] } },
{ "type": "Feature", "properties": { "sensor": "GASA-02-02", "time": "2025-08-20T09:51:00+02:00", "count_line": 12, "location": "BrugOostertoegang2", "count_area": 19.0, "countline_length": 6, "density": 0.072672758787914127, "flow": 2.0, "LoS": "LoS A" }, "geometry": { "type": "Polygon", "coordinates": [ [ [ 122176.271890430143685, 487960.53033630317077 ], [ 122171.22340251825517, 487951.351267372490838 ], [ 122141.391428493458079, 487962.595626812602859 ], [ 122144.068656931587611, 487967.950083688832819 ], [ 122176.271890430143685, 487960.53033630317077 ] ] ] } },
{ "type": "Feature", "properties": { "sensor": "GASA-02-02", "time": "2025-08-20T09:52:00+02:00", "count_line": 20, "location": "BrugOostertoegang2", "count_area": 30.0, "countline_length": 6, "density": 0.11474646124407495, "flow": 3.3333333333333335, "LoS": "LoS A" }, "geometry": { "type": "Polygon", "coordinates": [ [ [ 122176.271890430143685, 487960.53033630317077 ], [ 122171.22340251825517, 487951.351267372490838 ], [ 122141.391428493458079, 487962.595626812602859 ], [ 122144.068656931587611, 487967.950083688832819 ], [ 122176.271890430143685, 487960.53033630317077 ] ] ] } },
{ "type": "Feature", "properties": { "sensor": "GASA-02-02", "time": "2025-08-20T09:54:00+02:00", "count_line": 28, "location": "BrugOostertoegang2", "count_area": 49.0, "countline_length": 6, "density": 0.18741922003198908, "flow": 4.666666666666667, "LoS": "LoS A" }, "geometry": { "type": "Polygon", "coordinates": [ [ [ 122176.271890430143685, 487960.53033630317077 ], [ 122171.22340251825517, 487951.351267372490838 ], [ 122141.391428493458079, 487962.595626812602859 ], [ 122144.068656931587611, 487967.950083688832819 ], [ 122176.271890430143685, 487960.53033630317077 ] ] ] } },
{ "type": "Feature", "properties": { "sensor": "GASA-02-02", "time": "2025-08-20T09:55:00+02:00", "count_line": 22, "location": "BrugOostertoegang2", "count_area": 36.0, "countline_length": 6, "density": 0.13769575349288993, "flow": 3.6666666666666665, "LoS": "LoS A" }, "geometry": { "type": "Polygon", "coordinates": [ [ [ 122176.271890430143685, 487960.53033630317077 ], [ 122171.22340251825517, 487951.351267372490838 ], [ 122141.391428493458079, 487962.595626812602859 ], [ 122144.068656931587611, 487967.950083688832819 ], [ 122176.271890430143685, 487960.53033630317077 ] ] ] } },
{ "type": "Feature", "properties": { "sensor": "GASA-02-02", "time": "2025-08-20T09:56:00+02:00", "count_line": 16, "location": "BrugOostertoegang2", "count_area": 27.0, "countline_length": 6, "density": 0.10327181511966745, "flow": 2.6666666666666665, "LoS": "LoS A" }, "geometry": { "type": "Polygon", "coordinates": [ [ [ 122176.271890430143685, 487960.53033630317077 ], [ 122171.22340251825517, 487951.351267372490838 ], [ 122141.391428493458079, 487962.595626812602859 ], [ 122144.068656931587611, 487967.950083688832819 ], [ 122176.271890430143685, 487960.53033630317077 ] ] ] } },
{ "type": "Feature", "properties": { "sensor": "GASA-02-02", "time": "2025-08-20T09:57:00+02:00", "count_line": 16, "location": "BrugOostertoegang2", "count_area": 31.0, "countline_length": 6, "density": 0.11857134328554411, "flow": 2.6666666666666665, "LoS": "LoS A" }, "geometry": { "type": "Polygon", "coordinates": [ [ [ 122176.271890430143685, 487960.53033630317077 ], [ 122171.22340251825517, 487951.351267372490838 ], [ 122141.391428493458079, 487962.595626812602859 ], [ 122144.068656931587611, 487967.950083688832819 ], [ 122176.271890430143685, 487960.53033630317077 ] ] ] } },
{ "type": "Feature", "properties": { "sensor": "GASA-02-02", "time": "2025-08-20T09:58:00+02:00", "count_line": 11, "location": "BrugOostertoegang2", "count_area": 17.0, "countline_length": 6, "density": 0.065022994704975801, "flow": 1.8333333333333333, "LoS": "LoS A" }, "geometry": { "type": "Polygon", "coordinates": [ [ [ 122176.271890430143685, 487960.53033630317077 ], [ 122171.22340251825517, 487951.351267372490838 ], [ 122141.391428493458079, 487962.595626812602859 ], [ 122144.068656931587611, 487967.950083688832819 ], [ 122176.271890430143685, 487960.53033630317077 ] ] ] } },
{ "type": "Feature", "properties": { "sensor": "GASA-02-02", "time": "2025-08-20T09:59:00+02:00", "count_line": 11, "location": "BrugOostertoegang2", "count_area": 17.0, "countline_length": 6, "density": 0.065022994704975801, "flow": 1.8333333333333333, "LoS": "LoS A" }, "geometry": { "type": "Polygon", "coordinates": [ [ [ 122176.271890430143685, 487960.53033630317077 ], [ 122171.22340251825517, 487951.351267372490838 ], [ 122141.391428493458079, 487962.595626812602859 ], [ 122144.068656931587611, 487967.950083688832819 ], [ 122176.271890430143685, 487960.53033630317077 ] ] ] } },
{ "type": "Feature", "properties": { "sensor": "GASA-02-02", "time": "2025-08-20T10:00:00+02:00", "count_line": 16, "location": "BrugOostertoegang2", "count_area": 30.0, "countline_length": 6, "density": 0.11474646124407495, "flow": 2.6666666666666665, "LoS": "LoS A" }, "geometry": { "type": "Polygon", "coordinates": [ [ [ 122176.271890430143685, 487960.53033630317077 ], [ 122171.22340251825517, 487951.351267372490838 ], [ 122141.391428493458079, 487962.595626812602859 ], [ 122144.068656931587611, 487967.950083688832819 ], [ 122176.271890430143685, 487960.53033630317077 ] ] ] } },
{ "type": "Feature", "properties": { "sensor": "GASA-02-02", "time": "2025-08-20T10:01:00+02:00", "count_line": 17, "location": "BrugOostertoegang2", "count_area": 29.0, "countline_length": 6, "density": 0.11092157920260577, "flow": 2.8333333333333335, "LoS": "LoS A" }, "geometry": { "type": "Polygon", "coordinates": [ [ [ 122176.271890430143685, 487960.53033630317077 ], [ 122171.22340251825517, 487951.351267372490838 ], [ 122141.391428493458079, 487962.595626812602859 ], [ 122144.068656931587611, 487967.950083688832819 ], [ 122176.271890430143685, 487960.53033630317077 ] ] ] } },
{ "type": "Feature", "properties": { "sensor": "GASA-02-02", "time": "2025-08-20T10:02:00+02:00", "count_line": 14, "location": "BrugOostertoegang2", "count_area": 27.0, "countline_length": 6, "density": 0.10327181511966745, "flow": 2.3333333333333335, "LoS": "LoS A" }, "geometry": { "type": "Polygon", "coordinates": [ [ [ 122176.271890430143685, 487960.53033630317077 ], [ 122171.22340251825517, 487951.351267372490838 ], [ 122141.391428493458079, 487962.595626812602859 ], [ 122144.068656931587611, 487967.950083688832819 ], [ 122176.271890430143685, 487960.53033630317077 ] ] ] } },
{ "type": "Feature", "properties": { "sensor": "GASA-02-02", "time": "2025-08-20T10:04:00+02:00", "count_line": 42, "location": "BrugOostertoegang2", "count_area": 64.0, "countline_length": 6, "density": 0.24479245065402655, "flow": 7.0, "LoS": "LoS A" }, "geometry": { "type": "Polygon", "coordinates": [ [ [ 122176.271890430143685, 487960.53033630317077 ], [ 122171.22340251825517, 487951.351267372490838 ], [ 122141.391428493458079, 487962.595626812602859 ], [ 122144.068656931587611, 487967.950083688832819 ], [ 122176.271890430143685, 487960.53033630317077 ] ] ] } },
{ "type": "Feature", "properties": { "sensor": "GASA-02-02", "time": "2025-08-20T10:05:00+02:00", "count_line": 21, "location": "BrugOostertoegang2", "count_area": 34.0, "countline_length": 6, "density": 0.1300459894099516, "flow": 3.5, "LoS": "LoS A" }, "geometry": { "type": "Polygon", "coordinates": [ [ [ 122176.271890430143685, 487960.53033630317077 ], [ 122171.22340251825517, 487951.351267372490838 ], [ 122141.391428493458079, 487962.595626812602859 ], [ 122144.068656931587611, 487967.950083688832819 ], [ 122176.271890430143685, 487960.53033630317077 ] ] ] } },
{ "type": "Feature", "properties": { "sensor": "GASA-02-02", "time": "2025-08-20T10:06:00+02:00", "count_line": 22, "location": "BrugOostertoegang2", "count_area": 35.0, "countline_length": 6, "density": 0.13387087145142076, "flow": 3.6666666666666665, "LoS": "LoS A" }, "geometry": { "type": "Polygon", "coordinates": [ [ [ 122176.271890430143685, 487960.53033630317077 ], [ 122171.22340251825517, 487951.351267372490838 ], [ 122141.391428493458079, 487962.595626812602859 ], [ 122144.068656931587611, 487967.950083688832819 ], [ 122176.271890430143685, 487960.53033630317077 ] ] ] } },
{ "type": "Feature", "properties": { "sensor": "GASA-02-02", "time": "2025-08-20T10:07:00+02:00", "count_line": 41, "location": "BrugOostertoegang2", "count_area": 68.0, "countline_length": 6, "density": 0.2600919788199032, "flow": 6.833333333333333, "LoS": "LoS A" }, "geometry": { "type": "Polygon", "coordinates": [ [ [ 122176.271890430143685, 487960.53033630317077 ], [ 122171.22340251825517, 487951.351267372490838 ], [ 122141.391428493458079, 487962.595626812602859 ], [ 122144.068656931587611, 487967.950083688832819 ], [ 122176.271890430143685, 487960.53033630317077 ] ] ] } },
{ "type": "Feature", "properties": { "sensor": "GASA-02-02", "time": "2025-08-20T10:08:00+02:00", "count_line": 26, "location": "BrugOostertoegang2", "count_area": 47.0, "countline_length": 6, "density": 0.17976945594905075, "flow": 4.333333333333333, "LoS": "LoS A" }, "geometry": { "type": "Polygon", "coordinates": [ [ [ 122176.271890430143685, 487960.53033630317077 ], [ 122171.22340251825517, 487951.351267372490838 ], [ 122141.391428493458079, 487962.595626812602859 ], [ 122144.068656931587611, 487967.950083688832819 ], [ 122176.271890430143685, 487960.53033630317077 ] ] ] } },
{ "type": "Feature", "properties": { "sensor": "GASA-02-02", "time": "2025-08-20T10:09:00+02:00", "count_line": 27, "location": "BrugOostertoegang2", "count_area": 44.0, "countline_length": 6, "density": 0.16829480982464326, "flow": 4.5, "LoS": "LoS A" }, "geometry": { "type": "Polygon", "coordinates": [ [ [ 122176.271890430143685, 487960.53033630317077 ], [ 122171.22340251825517, 487951.351267372490838 ], [ 122141.391428493458079, 487962.595626812602859 ], [ 122144.068656931587611, 487967.950083688832819 ], [ 122176.271890430143685, 487960.53033630317077 ] ] ] } },
{ "type": "Feature", "properties": { "sensor": "GASA-02-02", "time": "2025-08-20T10:10:00+02:00", "count_line": 22, "location": "BrugOostertoegang2", "count_area": 37.0, "countline_length": 6, "density": 0.14152063553435909, "flow": 3.6666666666666665, "LoS": "LoS A" }, "geometry": { "type": "Polygon", "coordinates": [ [ [ 122176.271890430143685, 487960.53033630317077 ], [ 122171.22340251825517, 487951.351267372490838 ], [ 122141.391428493458079, 487962.595626812602859 ], [ 122144.068656931587611, 487967.950083688832819 ], [ 122176.271890430143685, 487960.53033630317077 ] ] ] } },
{ "type": "Feature", "properties": { "sensor": "GASA-02-02", "time": "2025-08-20T10:11:00+02:00", "count_line": 33, "location": "BrugOostertoegang2", "count_area": 61.0, "countline_length": 6, "density": 0.23331780452961906, "flow": 5.5, "LoS": "LoS A" }, "geometry": { "type": "Polygon", "coordinates": [ [ [ 122176.271890430143685, 487960.53033630317077 ], [ 122171.22340251825517, 487951.351267372490838 ], [ 122141.391428493458079, 487962.595626812602859 ], [ 122144.068656931587611, 487967.950083688832819 ], [ 122176.271890430143685, 487960.53033630317077 ] ] ] } },
{ "type": "Feature", "properties": { "sensor": "GASA-02-02", "time": "2025-08-20T10:12:00+02:00", "count_line": 23, "location": "BrugOostertoegang2", "count_area": 44.0, "countline_length": 6, "density": 0.16829480982464326, "flow": 3.8333333333333335, "LoS": "LoS A" }, "geometry": { "type": "Polygon", "coordinates": [ [ [ 122176.271890430143685, 487960.53033630317077 ], [ 122171.22340251825517, 487951.351267372490838 ], [ 122141.391428493458079, 487962.595626812602859 ], [ 122144.068656931587611, 487967.950083688832819 ], [ 122176.271890430143685, 487960.53033630317077 ] ] ] } },
{ "type": "Feature", "properties": { "sensor": "GASA-02-02", "time": "2025-08-20T10:14:00+02:00", "count_line": 32, "location": "BrugOostertoegang2", "count_area": 50.0, "countline_length": 6, "density": 0.19124410207345824, "flow": 5.333333333333333, "LoS": "LoS A" }, "geometry": { "type": "Polygon", "coordinates": [ [ [ 122176.271890430143685, 487960.53033630317077 ], [ 122171.22340251825517, 487951.351267372490838 ], [ 122141.391428493458079, 487962.595626812602859 ], [ 122144.068656931587611, 487967.950083688832819 ], [ 122176.271890430143685, 487960.53033630317077 ] ] ] } },
{ "type": "Feature", "properties": { "sensor": "GASA-02-02", "time": "2025-08-20T10:15:00+02:00", "count_line": 25, "location": "BrugOostertoegang2", "count_area": 38.0, "countline_length": 6, "density": 0.14534551757582825, "flow": 4.166666666666667, "LoS": "LoS A" }, "geometry": { "type": "Polygon", "coordinates": [ [ [ 122176.271890430143685, 487960.53033630317077 ], [ 122171.22340251825517, 487951.351267372490838 ], [ 122141.391428493458079, 487962.595626812602859 ], [ 122144.068656931587611, 487967.950083688832819 ], [ 122176.271890430143685, 487960.53033630317077 ] ] ] } },
{ "type": "Feature", "properties": { "sensor": "GASA-02-02", "time": "2025-08-20T10:16:00+02:00", "count_line": 21, "location": "BrugOostertoegang2", "count_area": 37.0, "countline_length": 6, "density": 0.14152063553435909, "flow": 3.5, "LoS": "LoS A" }, "geometry": { "type": "Polygon", "coordinates": [ [ [ 122176.271890430143685, 487960.53033630317077 ], [ 122171.22340251825517, 487951.351267372490838 ], [ 122141.391428493458079, 487962.595626812602859 ], [ 122144.068656931587611, 487967.950083688832819 ], [ 122176.271890430143685, 487960.53033630317077 ] ] ] } },
{ "type": "Feature", "properties": { "sensor": "GASA-02-02", "time": "2025-08-20T10:17:00+02:00", "count_line": 18, "location": "BrugOostertoegang2", "count_area": 27.0, "countline_length": 6, "density": 0.10327181511966745, "flow": 3.0, "LoS": "LoS A" }, "geometry": { "type": "Polygon", "coordinates": [ [ [ 122176.271890430143685, 487960.53033630317077 ], [ 122171.22340251825517, 487951.351267372490838 ], [ 122141.391428493458079, 487962.595626812602859 ], [ 122144.068656931587611, 487967.950083688832819 ], [ 122176.271890430143685, 487960.53033630317077 ] ] ] } },
{ "type": "Feature", "properties": { "sensor": "GASA-02-02", "time": "2025-08-20T10:18:00+02:00", "count_line": 22, "location": "BrugOostertoegang2", "count_area": 41.0, "countline_length": 6, "density": 0.15682016370023574, "flow": 3.6666666666666665, "LoS": "LoS A" }, "geometry": { "type": "Polygon", "coordinates": [ [ [ 122176.271890430143685, 487960.53033630317077 ], [ 122171.22340251825517, 487951.351267372490838 ], [ 122141.391428493458079, 487962.595626812602859 ], [ 122144.068656931587611, 487967.950083688832819 ], [ 122176.271890430143685, 487960.53033630317077 ] ] ] } },
{ "type": "Feature", "properties": { "sensor": "GASA-02-02", "time": "2025-08-20T10:19:00+02:00", "count_line": 24, "location": "BrugOostertoegang2", "count_area": 39.0, "countline_length": 6, "density": 0.14917039961729742, "flow": 4.0, "LoS": "LoS A" }, "geometry": { "type": "Polygon", "coordinates": [ [ [ 122176.271890430143685, 487960.53033630317077 ], [ 122171.22340251825517, 487951.351267372490838 ], [ 122141.391428493458079, 487962.595626812602859 ], [ 122144.068656931587611, 487967.950083688832819 ], [ 122176.271890430143685, 487960.53033630317077 ] ] ] } },
{ "type": "Feature", "properties": { "sensor": "GASA-02-02", "time": "2025-08-20T10:20:00+02:00", "count_line": 25, "location": "BrugOostertoegang2", "count_area": 46.0, "countline_length": 6, "density": 0.17594457390758159, "flow": 4.166666666666667, "LoS": "LoS A" }, "geometry": { "type": "Polygon", "coordinates": [ [ [ 122176.271890430143685, 487960.53033630317077 ], [ 122171.22340251825517, 487951.351267372490838 ], [ 122141.391428493458079, 487962.595626812602859 ], [ 122144.068656931587611, 487967.950083688832819 ], [ 122176.271890430143685, 487960.53033630317077 ] ] ] } },
{ "type": "Feature", "properties": { "sensor": "GASA-02-02", "time": "2025-08-20T10:21:00+02:00", "count_line": 19, "location": "BrugOostertoegang2", "count_area": 31.0, "countline_length": 6, "density": 0.11857134328554411, "flow": 3.1666666666666665, "LoS": "LoS A" }, "geometry": { "type": "Polygon", "coordinates": [ [ [ 122176.271890430143685, 487960.53033630317077 ], [ 122171.22340251825517, 487951.351267372490838 ], [ 122141.391428493458079, 487962.595626812602859 ], [ 122144.068656931587611, 487967.950083688832819 ], [ 122176.271890430143685, 487960.53033630317077 ] ] ] } },
{ "type": "Feature", "properties": { "sensor": "GASA-02-02", "time": "2025-08-20T10:22:00+02:00", "count_line": 18, "location": "BrugOostertoegang2", "count_area": 35.0, "countline_length": 6, "density": 0.13387087145142076, "flow": 3.0, "LoS": "LoS A" }, "geometry": { "type": "Polygon", "coordinates": [ [ [ 122176.271890430143685, 487960.53033630317077 ], [ 122171.22340251825517, 487951.351267372490838 ], [ 122141.391428493458079, 487962.595626812602859 ], [ 122144.068656931587611, 487967.950083688832819 ], [ 122176.271890430143685, 487960.53033630317077 ] ] ] } },
{ "type": "Feature", "properties": { "sensor": "GASA-02-02", "time": "2025-08-20T10:24:00+02:00", "count_line": 16, "location": "BrugOostertoegang2", "count_area": 26.0, "countline_length": 6, "density": 0.099446933078198282, "flow": 2.6666666666666665, "LoS": "LoS A" }, "geometry": { "type": "Polygon", "coordinates": [ [ [ 122176.271890430143685, 487960.53033630317077 ], [ 122171.22340251825517, 487951.351267372490838 ], [ 122141.391428493458079, 487962.595626812602859 ], [ 122144.068656931587611, 487967.950083688832819 ], [ 122176.271890430143685, 487960.53033630317077 ] ] ] } },
{ "type": "Feature", "properties": { "sensor": "GASA-02-02", "time": "2025-08-20T10:25:00+02:00", "count_line": 30, "location": "BrugOostertoegang2", "count_area": 56.0, "countline_length": 6, "density": 0.21419339432227322, "flow": 5.0, "LoS": "LoS A" }, "geometry": { "type": "Polygon", "coordinates": [ [ [ 122176.271890430143685, 487960.53033630317077 ], [ 122171.22340251825517, 487951.351267372490838 ], [ 122141.391428493458079, 487962.595626812602859 ], [ 122144.068656931587611, 487967.950083688832819 ], [ 122176.271890430143685, 487960.53033630317077 ] ] ] } },
{ "type": "Feature", "properties": { "sensor": "GASA-02-02", "time": "2025-08-20T10:26:00+02:00", "count_line": 32, "location": "BrugOostertoegang2", "count_area": 53.0, "countline_length": 6, "density": 0.20271874819786573, "flow": 5.333333333333333, "LoS": "LoS A" }, "geometry": { "type": "Polygon", "coordinates": [ [ [ 122176.271890430143685, 487960.53033630317077 ], [ 122171.22340251825517, 487951.351267372490838 ], [ 122141.391428493458079, 487962.595626812602859 ], [ 122144.068656931587611, 487967.950083688832819 ], [ 122176.271890430143685, 487960.53033630317077 ] ] ] } },
{ "type": "Feature", "properties": { "sensor": "GASA-02-02", "time": "2025-08-20T10:27:00+02:00", "count_line": 46, "location": "BrugOostertoegang2", "count_area": 83.0, "countline_length": 6, "density": 0.31746520944194068, "flow": 7.666666666666667, "LoS": "LoS B" }, "geometry": { "type": "Polygon", "coordinates": [ [ [ 122176.271890430143685, 487960.53033630317077 ], [ 122171.22340251825517, 487951.351267372490838 ], [ 122141.391428493458079, 487962.595626812602859 ], [ 122144.068656931587611, 487967.950083688832819 ], [ 122176.271890430143685, 487960.53033630317077 ] ] ] } },
{ "type": "Feature", "properties": { "sensor": "GASA-02-02", "time": "2025-08-20T10:28:00+02:00", "count_line": 45, "location": "BrugOostertoegang2", "count_area": 80.0, "countline_length": 6, "density": 0.30599056331753316, "flow": 7.5, "LoS": "LoS B" }, "geometry": { "type": "Polygon", "coordinates": [ [ [ 122176.271890430143685, 487960.53033630317077 ], [ 122171.22340251825517, 487951.351267372490838 ], [ 122141.391428493458079, 487962.595626812602859 ], [ 122144.068656931587611, 487967.950083688832819 ], [ 122176.271890430143685, 487960.53033630317077 ] ] ] } },
{ "type": "Feature", "properties": { "sensor": "GASA-02-02", "time": "2025-08-20T10:29:00+02:00", "count_line": 43, "location": "BrugOostertoegang2", "count_area": 78.0, "countline_length": 6, "density": 0.29834079923459483, "flow": 7.166666666666667, "LoS": "LoS A" }, "geometry": { "type": "Polygon", "coordinates": [ [ [ 122176.271890430143685, 487960.53033630317077 ], [ 122171.22340251825517, 487951.351267372490838 ], [ 122141.391428493458079, 487962.595626812602859 ], [ 122144.068656931587611, 487967.950083688832819 ], [ 122176.271890430143685, 487960.53033630317077 ] ] ] } },
{ "type": "Feature", "properties": { "sensor": "GASA-02-02", "time": "2025-08-20T10:30:00+02:00", "count_line": 22, "location": "BrugOostertoegang2", "count_area": 36.0, "countline_length": 6, "density": 0.13769575349288993, "flow": 3.6666666666666665, "LoS": "LoS A" }, "geometry": { "type": "Polygon", "coordinates": [ [ [ 122176.271890430143685, 487960.53033630317077 ], [ 122171.22340251825517, 487951.351267372490838 ], [ 122141.391428493458079, 487962.595626812602859 ], [ 122144.068656931587611, 487967.950083688832819 ], [ 122176.271890430143685, 487960.53033630317077 ] ] ] } },
{ "type": "Feature", "properties": { "sensor": "GASA-02-02", "time": "2025-08-20T10:31:00+02:00", "count_line": 54, "location": "BrugOostertoegang2", "count_area": 106.0, "countline_length": 6, "density": 0.40543749639573146, "flow": 9.0, "LoS": "LoS B" }, "geometry": { "type": "Polygon", "coordinates": [ [ [ 122176.271890430143685, 487960.53033630317077 ], [ 122171.22340251825517, 487951.351267372490838 ], [ 122141.391428493458079, 487962.595626812602859 ], [ 122144.068656931587611, 487967.950083688832819 ], [ 122176.271890430143685, 487960.53033630317077 ] ] ] } },
{ "type": "Feature", "properties": { "sensor": "GASA-02-02", "time": "2025-08-20T10:32:00+02:00", "count_line": 13, "location": "BrugOostertoegang2", "count_area": 22.0, "countline_length": 6, "density": 0.08414740491232163, "flow": 2.1666666666666665, "LoS": "LoS A" }, "geometry": { "type": "Polygon", "coordinates": [ [ [ 122176.271890430143685, 487960.53033630317077 ], [ 122171.22340251825517, 487951.351267372490838 ], [ 122141.391428493458079, 487962.595626812602859 ], [ 122144.068656931587611, 487967.950083688832819 ], [ 122176.271890430143685, 487960.53033630317077 ] ] ] } },
{ "type": "Feature", "properties": { "sensor": "GASA-02-02", "time": "2025-08-20T10:34:00+02:00", "count_line": 52, "location": "BrugOostertoegang2", "count_area": 103.0, "countline_length": 6, "density": 0.39396285027132399, "flow": 8.6666666666666661, "LoS": "LoS B" }, "geometry": { "type": "Polygon", "coordinates": [ [ [ 122176.271890430143685, 487960.53033630317077 ], [ 122171.22340251825517, 487951.351267372490838 ], [ 122141.391428493458079, 487962.595626812602859 ], [ 122144.068656931587611, 487967.950083688832819 ], [ 122176.271890430143685, 487960.53033630317077 ] ] ] } },
{ "type": "Feature", "properties": { "sensor": "GASA-02-02", "time": "2025-08-20T10:35:00+02:00", "count_line": 19, "location": "BrugOostertoegang2", "count_area": 35.0, "countline_length": 6, "density": 0.13387087145142076, "flow": 3.1666666666666665, "LoS": "LoS A" }, "geometry": { "type": "Polygon", "coordinates": [ [ [ 122176.271890430143685, 487960.53033630317077 ], [ 122171.22340251825517, 487951.351267372490838 ], [ 122141.391428493458079, 487962.595626812602859 ], [ 122144.068656931587611, 487967.950083688832819 ], [ 122176.271890430143685, 487960.53033630317077 ] ] ] } },
{ "type": "Feature", "properties": { "sensor": "GASA-02-02", "time": "2025-08-20T10:36:00+02:00", "count_line": 45, "location": "BrugOostertoegang2", "count_area": 80.0, "countline_length": 6, "density": 0.30599056331753316, "flow": 7.5, "LoS": "LoS B" }, "geometry": { "type": "Polygon", "coordinates": [ [ [ 122176.271890430143685, 487960.53033630317077 ], [ 122171.22340251825517, 487951.351267372490838 ], [ 122141.391428493458079, 487962.595626812602859 ], [ 122144.068656931587611, 487967.950083688832819 ], [ 122176.271890430143685, 487960.53033630317077 ] ] ] } },
{ "type": "Feature", "properties": { "sensor": "GASA-02-02", "time": "2025-08-20T10:37:00+02:00", "count_line": 28, "location": "BrugOostertoegang2", "count_area": 49.0, "countline_length": 6, "density": 0.18741922003198908, "flow": 4.666666666666667, "LoS": "LoS A" }, "geometry": { "type": "Polygon", "coordinates": [ [ [ 122176.271890430143685, 487960.53033630317077 ], [ 122171.22340251825517, 487951.351267372490838 ], [ 122141.391428493458079, 487962.595626812602859 ], [ 122144.068656931587611, 487967.950083688832819 ], [ 122176.271890430143685, 487960.53033630317077 ] ] ] } },
{ "type": "Feature", "properties": { "sensor": "GASA-02-02", "time": "2025-08-20T10:38:00+02:00", "count_line": 40, "location": "BrugOostertoegang2", "count_area": 68.0, "countline_length": 6, "density": 0.2600919788199032, "flow": 6.666666666666667, "LoS": "LoS A" }, "geometry": { "type": "Polygon", "coordinates": [ [ [ 122176.271890430143685, 487960.53033630317077 ], [ 122171.22340251825517, 487951.351267372490838 ], [ 122141.391428493458079, 487962.595626812602859 ], [ 122144.068656931587611, 487967.950083688832819 ], [ 122176.271890430143685, 487960.53033630317077 ] ] ] } },
{ "type": "Feature", "properties": { "sensor": "GASA-02-02", "time": "2025-08-20T10:39:00+02:00", "count_line": 29, "location": "BrugOostertoegang2", "count_area": 46.0, "countline_length": 6, "density": 0.17594457390758159, "flow": 4.833333333333333, "LoS": "LoS A" }, "geometry": { "type": "Polygon", "coordinates": [ [ [ 122176.271890430143685, 487960.53033630317077 ], [ 122171.22340251825517, 487951.351267372490838 ], [ 122141.391428493458079, 487962.595626812602859 ], [ 122144.068656931587611, 487967.950083688832819 ], [ 122176.271890430143685, 487960.53033630317077 ] ] ] } },
{ "type": "Feature", "properties": { "sensor": "GASA-02-02", "time": "2025-08-20T10:40:00+02:00", "count_line": 45, "location": "BrugOostertoegang2", "count_area": 79.0, "countline_length": 6, "density": 0.30216568127606402, "flow": 7.5, "LoS": "LoS B" }, "geometry": { "type": "Polygon", "coordinates": [ [ [ 122176.271890430143685, 487960.53033630317077 ], [ 122171.22340251825517, 487951.351267372490838 ], [ 122141.391428493458079, 487962.595626812602859 ], [ 122144.068656931587611, 487967.950083688832819 ], [ 122176.271890430143685, 487960.53033630317077 ] ] ] } },
{ "type": "Feature", "properties": { "sensor": "GASA-02-02", "time": "2025-08-20T10:41:00+02:00", "count_line": 33, "location": "BrugOostertoegang2", "count_area": 58.0, "countline_length": 6, "density": 0.22184315840521154, "flow": 5.5, "LoS": "LoS A" }, "geometry": { "type": "Polygon", "coordinates": [ [ [ 122176.271890430143685, 487960.53033630317077 ], [ 122171.22340251825517, 487951.351267372490838 ], [ 122141.391428493458079, 487962.595626812602859 ], [ 122144.068656931587611, 487967.950083688832819 ], [ 122176.271890430143685, 487960.53033630317077 ] ] ] } },
{ "type": "Feature", "properties": { "sensor": "GASA-02-02", "time": "2025-08-20T10:42:00+02:00", "count_line": 26, "location": "BrugOostertoegang2", "count_area": 43.0, "countline_length": 6, "density": 0.1644699277831741, "flow": 4.333333333333333, "LoS": "LoS A" }, "geometry": { "type": "Polygon", "coordinates": [ [ [ 122176.271890430143685, 487960.53033630317077 ], [ 122171.22340251825517, 487951.351267372490838 ], [ 122141.391428493458079, 487962.595626812602859 ], [ 122144.068656931587611, 487967.950083688832819 ], [ 122176.271890430143685, 487960.53033630317077 ] ] ] } },
{ "type": "Feature", "properties": { "sensor": "GASA-02-02", "time": "2025-08-20T10:44:00+02:00", "count_line": 54, "location": "BrugOostertoegang2", "count_area": 85.0, "countline_length": 6, "density": 0.325114973524879, "flow": 9.0, "LoS": "LoS B" }, "geometry": { "type": "Polygon", "coordinates": [ [ [ 122176.271890430143685, 487960.53033630317077 ], [ 122171.22340251825517, 487951.351267372490838 ], [ 122141.391428493458079, 487962.595626812602859 ], [ 122144.068656931587611, 487967.950083688832819 ], [ 122176.271890430143685, 487960.53033630317077 ] ] ] } },
{ "type": "Feature", "properties": { "sensor": "GASA-02-02", "time": "2025-08-20T10:45:00+02:00", "count_line": 37, "location": "BrugOostertoegang2", "count_area": 65.0, "countline_length": 6, "density": 0.24861733269549571, "flow": 6.166666666666667, "LoS": "LoS A" }, "geometry": { "type": "Polygon", "coordinates": [ [ [ 122176.271890430143685, 487960.53033630317077 ], [ 122171.22340251825517, 487951.351267372490838 ], [ 122141.391428493458079, 487962.595626812602859 ], [ 122144.068656931587611, 487967.950083688832819 ], [ 122176.271890430143685, 487960.53033630317077 ] ] ] } },
{ "type": "Feature", "properties": { "sensor": "GASA-02-02", "time": "2025-08-20T10:46:00+02:00", "count_line": 27, "location": "BrugOostertoegang2", "count_area": 48.0, "countline_length": 6, "density": 0.18359433799051991, "flow": 4.5, "LoS": "LoS A" }, "geometry": { "type": "Polygon", "coordinates": [ [ [ 122176.271890430143685, 487960.53033630317077 ], [ 122171.22340251825517, 487951.351267372490838 ], [ 122141.391428493458079, 487962.595626812602859 ], [ 122144.068656931587611, 487967.950083688832819 ], [ 122176.271890430143685, 487960.53033630317077 ] ] ] } },
{ "type": "Feature", "properties": { "sensor": "GASA-02-02", "time": "2025-08-20T10:47:00+02:00", "count_line": 35, "location": "BrugOostertoegang2", "count_area": 60.0, "countline_length": 6, "density": 0.2294929224881499, "flow": 5.833333333333333, "LoS": "LoS A" }, "geometry": { "type": "Polygon", "coordinates": [ [ [ 122176.271890430143685, 487960.53033630317077 ], [ 122171.22340251825517, 487951.351267372490838 ], [ 122141.391428493458079, 487962.595626812602859 ], [ 122144.068656931587611, 487967.950083688832819 ], [ 122176.271890430143685, 487960.53033630317077 ] ] ] } },
{ "type": "Feature", "properties": { "sensor": "GASA-02-02", "time": "2025-08-20T10:48:00+02:00", "count_line": 15, "location": "BrugOostertoegang2", "count_area": 22.0, "countline_length": 6, "density": 0.08414740491232163, "flow": 2.5, "LoS": "LoS A" }, "geometry": { "type": "Polygon", "coordinates": [ [ [ 122176.271890430143685, 487960.53033630317077 ], [ 122171.22340251825517, 487951.351267372490838 ], [ 122141.391428493458079, 487962.595626812602859 ], [ 122144.068656931587611, 487967.950083688832819 ], [ 122176.271890430143685, 487960.53033630317077 ] ] ] } },
{ "type": "Feature", "properties": { "sensor": "GASA-02-02", "time": "2025-08-20T10:50:00+02:00", "count_line": 60, "location": "BrugOostertoegang2", "count_area": 111.0, "countline_length": 6, "density": 0.4245619066030773, "flow": 10.0, "LoS": "LoS B" }, "geometry": { "type": "Polygon", "coordinates": [ [ [ 122176.271890430143685, 487960.53033630317077 ], [ 122171.22340251825517, 487951.351267372490838 ], [ 122141.391428493458079, 487962.595626812602859 ], [ 122144.068656931587611, 487967.950083688832819 ], [ 122176.271890430143685, 487960.53033630317077 ] ] ] } },
{ "type": "Feature", "properties": { "sensor": "GASA-02-02", "time": "2025-08-20T10:52:00+02:00", "count_line": 66, "location": "BrugOostertoegang2", "count_area": 112.0, "countline_length": 6, "density": 0.42838678864454643, "flow": 11.0, "LoS": "LoS B" }, "geometry": { "type": "Polygon", "coordinates": [ [ [ 122176.271890430143685, 487960.53033630317077 ], [ 122171.22340251825517, 487951.351267372490838 ], [ 122141.391428493458079, 487962.595626812602859 ], [ 122144.068656931587611, 487967.950083688832819 ], [ 122176.271890430143685, 487960.53033630317077 ] ] ] } },
{ "type": "Feature", "properties": { "sensor": "GASA-02-02", "time": "2025-08-20T10:54:00+02:00", "count_line": 66, "location": "BrugOostertoegang2", "count_area": 127.0, "countline_length": 6, "density": 0.48576001926658391, "flow": 11.0, "LoS": "LoS B" }, "geometry": { "type": "Polygon", "coordinates": [ [ [ 122176.271890430143685, 487960.53033630317077 ], [ 122171.22340251825517, 487951.351267372490838 ], [ 122141.391428493458079, 487962.595626812602859 ], [ 122144.068656931587611, 487967.950083688832819 ], [ 122176.271890430143685, 487960.53033630317077 ] ] ] } },
{ "type": "Feature", "properties": { "sensor": "GASA-02-02", "time": "2025-08-20T10:55:00+02:00", "count_line": 39, "location": "BrugOostertoegang2", "count_area": 63.0, "countline_length": 6, "density": 0.24096756861255739, "flow": 6.5, "LoS": "LoS A" }, "geometry": { "type": "Polygon", "coordinates": [ [ [ 122176.271890430143685, 487960.53033630317077 ], [ 122171.22340251825517, 487951.351267372490838 ], [ 122141.391428493458079, 487962.595626812602859 ], [ 122144.068656931587611, 487967.950083688832819 ], [ 122176.271890430143685, 487960.53033630317077 ] ] ] } },
{ "type": "Feature", "properties": { "sensor": "GASA-02-02", "time": "2025-08-20T10:56:00+02:00", "count_line": 24, "location": "BrugOostertoegang2", "count_area": 42.0, "countline_length": 6, "density": 0.16064504574170493, "flow": 4.0, "LoS": "LoS A" }, "geometry": { "type": "Polygon", "coordinates": [ [ [ 122176.271890430143685, 487960.53033630317077 ], [ 122171.22340251825517, 487951.351267372490838 ], [ 122141.391428493458079, 487962.595626812602859 ], [ 122144.068656931587611, 487967.950083688832819 ], [ 122176.271890430143685, 487960.53033630317077 ] ] ] } },
{ "type": "Feature", "properties": { "sensor": "GASA-02-02", "time": "2025-08-20T10:58:00+02:00", "count_line": 90, "location": "BrugOostertoegang2", "count_area": 170.0, "countline_length": 6, "density": 0.65022994704975801, "flow": 15.0, "LoS": "LoS B" }, "geometry": { "type": "Polygon", "coordinates": [ [ [ 122176.271890430143685, 487960.53033630317077 ], [ 122171.22340251825517, 487951.351267372490838 ], [ 122141.391428493458079, 487962.595626812602859 ], [ 122144.068656931587611, 487967.950083688832819 ], [ 122176.271890430143685, 487960.53033630317077 ] ] ] } },
{ "type": "Feature", "properties": { "sensor": "GASA-02-02", "time": "2025-08-20T11:00:00+02:00", "count_line": 130, "location": "BrugOostertoegang2", "count_area": 251.0, "countline_length": 6, "density": 0.96004539240876041, "flow": 21.666666666666668, "LoS": "LoS C" }, "geometry": { "type": "Polygon", "coordinates": [ [ [ 122176.271890430143685, 487960.53033630317077 ], [ 122171.22340251825517, 487951.351267372490838 ], [ 122141.391428493458079, 487962.595626812602859 ], [ 122144.068656931587611, 487967.950083688832819 ], [ 122176.271890430143685, 487960.53033630317077 ] ] ] } },
{ "type": "Feature", "properties": { "sensor": "GASA-02-02", "time": "2025-08-20T11:02:00+02:00", "count_line": 80, "location": "BrugOostertoegang2", "count_area": 146.0, "countline_length": 6, "density": 0.55843277805449809, "flow": 13.333333333333334, "LoS": "LoS B" }, "geometry": { "type": "Polygon", "coordinates": [ [ [ 122176.271890430143685, 487960.53033630317077 ], [ 122171.22340251825517, 487951.351267372490838 ], [ 122141.391428493458079, 487962.595626812602859 ], [ 122144.068656931587611, 487967.950083688832819 ], [ 122176.271890430143685, 487960.53033630317077 ] ] ] } },
{ "type": "Feature", "properties": { "sensor": "GASA-02-02", "time": "2025-08-20T11:04:00+02:00", "count_line": 58, "location": "BrugOostertoegang2", "count_area": 92.0, "countline_length": 6, "density": 0.35188914781516317, "flow": 9.6666666666666661, "LoS": "LoS B" }, "geometry": { "type": "Polygon", "coordinates": [ [ [ 122176.271890430143685, 487960.53033630317077 ], [ 122171.22340251825517, 487951.351267372490838 ], [ 122141.391428493458079, 487962.595626812602859 ], [ 122144.068656931587611, 487967.950083688832819 ], [ 122176.271890430143685, 487960.53033630317077 ] ] ] } },
{ "type": "Feature", "properties": { "sensor": "GASA-02-02", "time": "2025-08-20T11:05:00+02:00", "count_line": 38, "location": "BrugOostertoegang2", "count_area": 61.0, "countline_length": 6, "density": 0.23331780452961906, "flow": 6.333333333333333, "LoS": "LoS A" }, "geometry": { "type": "Polygon", "coordinates": [ [ [ 122176.271890430143685, 487960.53033630317077 ], [ 122171.22340251825517, 487951.351267372490838 ], [ 122141.391428493458079, 487962.595626812602859 ], [ 122144.068656931587611, 487967.950083688832819 ], [ 122176.271890430143685, 487960.53033630317077 ] ] ] } },
{ "type": "Feature", "properties": { "sensor": "GASA-02-02", "time": "2025-08-20T11:06:00+02:00", "count_line": 25, "location": "BrugOostertoegang2", "count_area": 47.0, "countline_length": 6, "density": 0.17976945594905075, "flow": 4.166666666666667, "LoS": "LoS A" }, "geometry": { "type": "Polygon", "coordinates": [ [ [ 122176.271890430143685, 487960.53033630317077 ], [ 122171.22340251825517, 487951.351267372490838 ], [ 122141.391428493458079, 487962.595626812602859 ], [ 122144.068656931587611, 487967.950083688832819 ], [ 122176.271890430143685, 487960.53033630317077 ] ] ] } },
{ "type": "Feature", "properties": { "sensor": "GASA-02-02", "time": "2025-08-20T11:08:00+02:00", "count_line": 126, "location": "BrugOostertoegang2", "count_area": 199.0, "countline_length": 6, "density": 0.76115152625236382, "flow": 21.0, "LoS": "LoS C" }, "geometry": { "type": "Polygon", "coordinates": [ [ [ 122176.271890430143685, 487960.53033630317077 ], [ 122171.22340251825517, 487951.351267372490838 ], [ 122141.391428493458079, 487962.595626812602859 ], [ 122144.068656931587611, 487967.950083688832819 ], [ 122176.271890430143685, 487960.53033630317077 ] ] ] } },
{ "type": "Feature", "properties": { "sensor": "GASA-02-02", "time": "2025-08-20T11:10:00+02:00", "count_line": 96, "location": "BrugOostertoegang2", "count_area": 148.0, "countline_length": 6, "density": 0.56608254213743636, "flow": 16.0, "LoS": "LoS B" }, "geometry": { "type": "Polygon", "coordinates": [ [ [ 122176.271890430143685, 487960.53033630317077 ], [ 122171.22340251825517, 487951.351267372490838 ], [ 122141.391428493458079, 487962.595626812602859 ], [ 122144.068656931587611, 487967.950083688832819 ], [ 122176.271890430143685, 487960.53033630317077 ] ] ] } },
{ "type": "Feature", "properties": { "sensor": "GASA-02-02", "time": "2025-08-20T11:12:00+02:00", "count_line": 102, "location": "BrugOostertoegang2", "count_area": 197.0, "countline_length": 6, "density": 0.75350176216942544, "flow": 17.0, "LoS": "LoS C" }, "geometry": { "type": "Polygon", "coordinates": [ [ [ 122176.271890430143685, 487960.53033630317077 ], [ 122171.22340251825517, 487951.351267372490838 ], [ 122141.391428493458079, 487962.595626812602859 ], [ 122144.068656931587611, 487967.950083688832819 ], [ 122176.271890430143685, 487960.53033630317077 ] ] ] } },
{ "type": "Feature", "properties": { "sensor": "GASA-02-02", "time": "2025-08-20T11:14:00+02:00", "count_line": 110, "location": "BrugOostertoegang2", "count_area": 170.0, "countline_length": 6, "density": 0.65022994704975801, "flow": 18.333333333333332, "LoS": "LoS B" }, "geometry": { "type": "Polygon", "coordinates": [ [ [ 122176.271890430143685, 487960.53033630317077 ], [ 122171.22340251825517, 487951.351267372490838 ], [ 122141.391428493458079, 487962.595626812602859 ], [ 122144.068656931587611, 487967.950083688832819 ], [ 122176.271890430143685, 487960.53033630317077 ] ] ] } },
{ "type": "Feature", "properties": { "sensor": "GASA-02-02", "time": "2025-08-20T11:15:00+02:00", "count_line": 49, "location": "BrugOostertoegang2", "count_area": 95.0, "countline_length": 6, "density": 0.36336379393957063, "flow": 8.1666666666666661, "LoS": "LoS B" }, "geometry": { "type": "Polygon", "coordinates": [ [ [ 122176.271890430143685, 487960.53033630317077 ], [ 122171.22340251825517, 487951.351267372490838 ], [ 122141.391428493458079, 487962.595626812602859 ], [ 122144.068656931587611, 487967.950083688832819 ], [ 122176.271890430143685, 487960.53033630317077 ] ] ] } },
{ "type": "Feature", "properties": { "sensor": "GASA-02-02", "time": "2025-08-20T11:16:00+02:00", "count_line": 40, "location": "BrugOostertoegang2", "count_area": 79.0, "countline_length": 6, "density": 0.30216568127606402, "flow": 6.666666666666667, "LoS": "LoS B" }, "geometry": { "type": "Polygon", "coordinates": [ [ [ 122176.271890430143685, 487960.53033630317077 ], [ 122171.22340251825517, 487951.351267372490838 ], [ 122141.391428493458079, 487962.595626812602859 ], [ 122144.068656931587611, 487967.950083688832819 ], [ 122176.271890430143685, 487960.53033630317077 ] ] ] } },
{ "type": "Feature", "properties": { "sensor": "GASA-02-02", "time": "2025-08-20T11:18:00+02:00", "count_line": 144, "location": "BrugOostertoegang2", "count_area": 232.0, "countline_length": 6, "density": 0.88737263362084617, "flow": 24.0, "LoS": "LoS C" }, "geometry": { "type": "Polygon", "coordinates": [ [ [ 122176.271890430143685, 487960.53033630317077 ], [ 122171.22340251825517, 487951.351267372490838 ], [ 122141.391428493458079, 487962.595626812602859 ], [ 122144.068656931587611, 487967.950083688832819 ], [ 122176.271890430143685, 487960.53033630317077 ] ] ] } },
{ "type": "Feature", "properties": { "sensor": "GASA-02-02", "time": "2025-08-20T11:20:00+02:00", "count_line": 96, "location": "BrugOostertoegang2", "count_area": 171.0, "countline_length": 6, "density": 0.65405482909122714, "flow": 16.0, "LoS": "LoS B" }, "geometry": { "type": "Polygon", "coordinates": [ [ [ 122176.271890430143685, 487960.53033630317077 ], [ 122171.22340251825517, 487951.351267372490838 ], [ 122141.391428493458079, 487962.595626812602859 ], [ 122144.068656931587611, 487967.950083688832819 ], [ 122176.271890430143685, 487960.53033630317077 ] ] ] } },
{ "type": "Feature", "properties": { "sensor": "GASA-02-02", "time": "2025-08-20T11:22:00+02:00", "count_line": 80, "location": "BrugOostertoegang2", "count_area": 156.0, "countline_length": 6, "density": 0.59668159846918967, "flow": 13.333333333333334, "LoS": "LoS B" }, "geometry": { "type": "Polygon", "coordinates": [ [ [ 122176.271890430143685, 487960.53033630317077 ], [ 122171.22340251825517, 487951.351267372490838 ], [ 122141.391428493458079, 487962.595626812602859 ], [ 122144.068656931587611, 487967.950083688832819 ], [ 122176.271890430143685, 487960.53033630317077 ] ] ] } },
{ "type": "Feature", "properties": { "sensor": "GASA-02-02", "time": "2025-08-20T11:24:00+02:00", "count_line": 72, "location": "BrugOostertoegang2", "count_area": 113.0, "countline_length": 6, "density": 0.43221167068601563, "flow": 12.0, "LoS": "LoS B" }, "geometry": { "type": "Polygon", "coordinates": [ [ [ 122176.271890430143685, 487960.53033630317077 ], [ 122171.22340251825517, 487951.351267372490838 ], [ 122141.391428493458079, 487962.595626812602859 ], [ 122144.068656931587611, 487967.950083688832819 ], [ 122176.271890430143685, 487960.53033630317077 ] ] ] } },
{ "type": "Feature", "properties": { "sensor": "GASA-02-02", "time": "2025-08-20T11:25:00+02:00", "count_line": 23, "location": "BrugOostertoegang2", "count_area": 41.0, "countline_length": 6, "density": 0.15682016370023574, "flow": 3.8333333333333335, "LoS": "LoS A" }, "geometry": { "type": "Polygon", "coordinates": [ [ [ 122176.271890430143685, 487960.53033630317077 ], [ 122171.22340251825517, 487951.351267372490838 ], [ 122141.391428493458079, 487962.595626812602859 ], [ 122144.068656931587611, 487967.950083688832819 ], [ 122176.271890430143685, 487960.53033630317077 ] ] ] } },
{ "type": "Feature", "properties": { "sensor": "GASA-02-02", "time": "2025-08-20T11:26:00+02:00", "count_line": 48, "location": "BrugOostertoegang2", "count_area": 78.0, "countline_length": 6, "density": 0.29834079923459483, "flow": 8.0, "LoS": "LoS A" }, "geometry": { "type": "Polygon", "coordinates": [ [ [ 122176.271890430143685, 487960.53033630317077 ], [ 122171.22340251825517, 487951.351267372490838 ], [ 122141.391428493458079, 487962.595626812602859 ], [ 122144.068656931587611, 487967.950083688832819 ], [ 122176.271890430143685, 487960.53033630317077 ] ] ] } },
{ "type": "Feature", "properties": { "sensor": "GASA-02-02", "time": "2025-08-20T11:28:00+02:00", "count_line": 132, "location": "BrugOostertoegang2", "count_area": 212.0, "countline_length": 6, "density": 0.81087499279146291, "flow": 22.0, "LoS": "LoS C" }, "geometry": { "type": "Polygon", "coordinates": [ [ [ 122176.271890430143685, 487960.53033630317077 ], [ 122171.22340251825517, 487951.351267372490838 ], [ 122141.391428493458079, 487962.595626812602859 ], [ 122144.068656931587611, 487967.950083688832819 ], [ 122176.271890430143685, 487960.53033630317077 ] ] ] } },
{ "type": "Feature", "properties": { "sensor": "GASA-02-02", "time": "2025-08-20T11:30:00+02:00", "count_line": 156, "location": "BrugOostertoegang2", "count_area": 258.0, "countline_length": 6, "density": 0.98681956669904447, "flow": 26.0, "LoS": "LoS C" }, "geometry": { "type": "Polygon", "coordinates": [ [ [ 122176.271890430143685, 487960.53033630317077 ], [ 122171.22340251825517, 487951.351267372490838 ], [ 122141.391428493458079, 487962.595626812602859 ], [ 122144.068656931587611, 487967.950083688832819 ], [ 122176.271890430143685, 487960.53033630317077 ] ] ] } },
{ "type": "Feature", "properties": { "sensor": "GASA-02-02", "time": "2025-08-20T11:32:00+02:00", "count_line": 76, "location": "BrugOostertoegang2", "count_area": 129.0, "countline_length": 6, "density": 0.49340978334952224, "flow": 12.666666666666666, "LoS": "LoS B" }, "geometry": { "type": "Polygon", "coordinates": [ [ [ 122176.271890430143685, 487960.53033630317077 ], [ 122171.22340251825517, 487951.351267372490838 ], [ 122141.391428493458079, 487962.595626812602859 ], [ 122144.068656931587611, 487967.950083688832819 ], [ 122176.271890430143685, 487960.53033630317077 ] ] ] } },
{ "type": "Feature", "properties": { "sensor": "GASA-02-02", "time": "2025-08-20T11:34:00+02:00", "count_line": 120, "location": "BrugOostertoegang2", "count_area": 187.0, "countline_length": 6, "density": 0.71525294175473386, "flow": 20.0, "LoS": "LoS C" }, "geometry": { "type": "Polygon", "coordinates": [ [ [ 122176.271890430143685, 487960.53033630317077 ], [ 122171.22340251825517, 487951.351267372490838 ], [ 122141.391428493458079, 487962.595626812602859 ], [ 122144.068656931587611, 487967.950083688832819 ], [ 122176.271890430143685, 487960.53033630317077 ] ] ] } },
{ "type": "Feature", "properties": { "sensor": "GASA-02-02", "time": "2025-08-20T11:36:00+02:00", "count_line": 148, "location": "BrugOostertoegang2", "count_area": 235.0, "countline_length": 6, "density": 0.89884727974525369, "flow": 24.666666666666668, "LoS": "LoS C" }, "geometry": { "type": "Polygon", "coordinates": [ [ [ 122176.271890430143685, 487960.53033630317077 ], [ 122171.22340251825517, 487951.351267372490838 ], [ 122141.391428493458079, 487962.595626812602859 ], [ 122144.068656931587611, 487967.950083688832819 ], [ 122176.271890430143685, 487960.53033630317077 ] ] ] } },
{ "type": "Feature", "properties": { "sensor": "GASA-02-02", "time": "2025-08-20T11:38:00+02:00", "count_line": 62, "location": "BrugOostertoegang2", "count_area": 99.0, "countline_length": 6, "density": 0.37866332210544729, "flow": 10.333333333333334, "LoS": "LoS B" }, "geometry": { "type": "Polygon", "coordinates": [ [ [ 122176.271890430143685, 487960.53033630317077 ], [ 122171.22340251825517, 487951.351267372490838 ], [ 122141.391428493458079, 487962.595626812602859 ], [ 122144.068656931587611, 487967.950083688832819 ], [ 122176.271890430143685, 487960.53033630317077 ] ] ] } },
{ "type": "Feature", "properties": { "sensor": "GASA-02-02", "time": "2025-08-20T11:40:00+02:00", "count_line": 68, "location": "BrugOostertoegang2", "count_area": 111.0, "countline_length": 6, "density": 0.4245619066030773, "flow": 11.333333333333334, "LoS": "LoS B" }, "geometry": { "type": "Polygon", "coordinates": [ [ [ 122176.271890430143685, 487960.53033630317077 ], [ 122171.22340251825517, 487951.351267372490838 ], [ 122141.391428493458079, 487962.595626812602859 ], [ 122144.068656931587611, 487967.950083688832819 ], [ 122176.271890430143685, 487960.53033630317077 ] ] ] } },
{ "type": "Feature", "properties": { "sensor": "GASA-02-02", "time": "2025-08-20T11:42:00+02:00", "count_line": 100, "location": "BrugOostertoegang2", "count_area": 173.0, "countline_length": 6, "density": 0.66170459317416552, "flow": 16.666666666666668, "LoS": "LoS B" }, "geometry": { "type": "Polygon", "coordinates": [ [ [ 122176.271890430143685, 487960.53033630317077 ], [ 122171.22340251825517, 487951.351267372490838 ], [ 122141.391428493458079, 487962.595626812602859 ], [ 122144.068656931587611, 487967.950083688832819 ], [ 122176.271890430143685, 487960.53033630317077 ] ] ] } },
{ "type": "Feature", "properties": { "sensor": "GASA-02-02", "time": "2025-08-20T11:44:00+02:00", "count_line": 80, "location": "BrugOostertoegang2", "count_area": 149.0, "countline_length": 6, "density": 0.5699074241789055, "flow": 13.333333333333334, "LoS": "LoS B" }, "geometry": { "type": "Polygon", "coordinates": [ [ [ 122176.271890430143685, 487960.53033630317077 ], [ 122171.22340251825517, 487951.351267372490838 ], [ 122141.391428493458079, 487962.595626812602859 ], [ 122144.068656931587611, 487967.950083688832819 ], [ 122176.271890430143685, 487960.53033630317077 ] ] ] } },
{ "type": "Feature", "properties": { "sensor": "GASA-02-02", "time": "2025-08-20T11:46:00+02:00", "count_line": 106, "location": "BrugOostertoegang2", "count_area": 184.0, "countline_length": 6, "density": 0.70377829563032634, "flow": 17.666666666666668, "LoS": "LoS C" }, "geometry": { "type": "Polygon", "coordinates": [ [ [ 122176.271890430143685, 487960.53033630317077 ], [ 122171.22340251825517, 487951.351267372490838 ], [ 122141.391428493458079, 487962.595626812602859 ], [ 122144.068656931587611, 487967.950083688832819 ], [ 122176.271890430143685, 487960.53033630317077 ] ] ] } },
{ "type": "Feature", "properties": { "sensor": "GASA-02-02", "time": "2025-08-20T11:48:00+02:00", "count_line": 138, "location": "BrugOostertoegang2", "count_area": 231.0, "countline_length": 6, "density": 0.88354775157937704, "flow": 23.0, "LoS": "LoS C" }, "geometry": { "type": "Polygon", "coordinates": [ [ [ 122176.271890430143685, 487960.53033630317077 ], [ 122171.22340251825517, 487951.351267372490838 ], [ 122141.391428493458079, 487962.595626812602859 ], [ 122144.068656931587611, 487967.950083688832819 ], [ 122176.271890430143685, 487960.53033630317077 ] ] ] } },
{ "type": "Feature", "properties": { "sensor": "GASA-02-02", "time": "2025-08-20T11:50:00+02:00", "count_line": 54, "location": "BrugOostertoegang2", "count_area": 100.0, "countline_length": 6, "density": 0.38248820414691648, "flow": 9.0, "LoS": "LoS B" }, "geometry": { "type": "Polygon", "coordinates": [ [ [ 122176.271890430143685, 487960.53033630317077 ], [ 122171.22340251825517, 487951.351267372490838 ], [ 122141.391428493458079, 487962.595626812602859 ], [ 122144.068656931587611, 487967.950083688832819 ], [ 122176.271890430143685, 487960.53033630317077 ] ] ] } },
{ "type": "Feature", "properties": { "sensor": "GASA-02-02", "time": "2025-08-20T11:52:00+02:00", "count_line": 66, "location": "BrugOostertoegang2", "count_area": 107.0, "countline_length": 6, "density": 0.40926237843720065, "flow": 11.0, "LoS": "LoS B" }, "geometry": { "type": "Polygon", "coordinates": [ [ [ 122176.271890430143685, 487960.53033630317077 ], [ 122171.22340251825517, 487951.351267372490838 ], [ 122141.391428493458079, 487962.595626812602859 ], [ 122144.068656931587611, 487967.950083688832819 ], [ 122176.271890430143685, 487960.53033630317077 ] ] ] } },
{ "type": "Feature", "properties": { "sensor": "GASA-02-02", "time": "2025-08-20T11:54:00+02:00", "count_line": 148, "location": "BrugOostertoegang2", "count_area": 237.0, "countline_length": 6, "density": 0.90649704382819207, "flow": 24.666666666666668, "LoS": "LoS C" }, "geometry": { "type": "Polygon", "coordinates": [ [ [ 122176.271890430143685, 487960.53033630317077 ], [ 122171.22340251825517, 487951.351267372490838 ], [ 122141.391428493458079, 487962.595626812602859 ], [ 122144.068656931587611, 487967.950083688832819 ], [ 122176.271890430143685, 487960.53033630317077 ] ] ] } },
{ "type": "Feature", "properties": { "sensor": "GASA-02-02", "time": "2025-08-20T11:56:00+02:00", "count_line": 82, "location": "BrugOostertoegang2", "count_area": 162.0, "countline_length": 6, "density": 0.6196308907180047, "flow": 13.666666666666666, "LoS": "LoS B" }, "geometry": { "type": "Polygon", "coordinates": [ [ [ 122176.271890430143685, 487960.53033630317077 ], [ 122171.22340251825517, 487951.351267372490838 ], [ 122141.391428493458079, 487962.595626812602859 ], [ 122144.068656931587611, 487967.950083688832819 ], [ 122176.271890430143685, 487960.53033630317077 ] ] ] } },
{ "type": "Feature", "properties": { "sensor": "GASA-02-02", "time": "2025-08-20T11:58:00+02:00", "count_line": 68, "location": "BrugOostertoegang2", "count_area": 106.0, "countline_length": 6, "density": 0.40543749639573146, "flow": 11.333333333333334, "LoS": "LoS B" }, "geometry": { "type": "Polygon", "coordinates": [ [ [ 122176.271890430143685, 487960.53033630317077 ], [ 122171.22340251825517, 487951.351267372490838 ], [ 122141.391428493458079, 487962.595626812602859 ], [ 122144.068656931587611, 487967.950083688832819 ], [ 122176.271890430143685, 487960.53033630317077 ] ] ] } },
{ "type": "Feature", "properties": { "sensor": "GASA-02-02", "time": "2025-08-20T12:00:00+02:00", "count_line": 74, "location": "BrugOostertoegang2", "count_area": 124.0, "countline_length": 6, "density": 0.47428537314217645, "flow": 12.333333333333334, "LoS": "LoS B" }, "geometry": { "type": "Polygon", "coordinates": [ [ [ 122176.271890430143685, 487960.53033630317077 ], [ 122171.22340251825517, 487951.351267372490838 ], [ 122141.391428493458079, 487962.595626812602859 ], [ 122144.068656931587611, 487967.950083688832819 ], [ 122176.271890430143685, 487960.53033630317077 ] ] ] } },
{ "type": "Feature", "properties": { "sensor": "GASA-02-02", "time": "2025-08-20T12:02:00+02:00", "count_line": 90, "location": "BrugOostertoegang2", "count_area": 140.0, "countline_length": 6, "density": 0.53548348580568306, "flow": 15.0, "LoS": "LoS B" }, "geometry": { "type": "Polygon", "coordinates": [ [ [ 122176.271890430143685, 487960.53033630317077 ], [ 122171.22340251825517, 487951.351267372490838 ], [ 122141.391428493458079, 487962.595626812602859 ], [ 122144.068656931587611, 487967.950083688832819 ], [ 122176.271890430143685, 487960.53033630317077 ] ] ] } },
{ "type": "Feature", "properties": { "sensor": "GASA-02-02", "time": "2025-08-20T12:04:00+02:00", "count_line": 108, "location": "BrugOostertoegang2", "count_area": 177.0, "countline_length": 6, "density": 0.67700412134004218, "flow": 18.0, "LoS": "LoS B" }, "geometry": { "type": "Polygon", "coordinates": [ [ [ 122176.271890430143685, 487960.53033630317077 ], [ 122171.22340251825517, 487951.351267372490838 ], [ 122141.391428493458079, 487962.595626812602859 ], [ 122144.068656931587611, 487967.950083688832819 ], [ 122176.271890430143685, 487960.53033630317077 ] ] ] } },
{ "type": "Feature", "properties": { "sensor": "GASA-02-02", "time": "2025-08-20T12:06:00+02:00", "count_line": 120, "location": "BrugOostertoegang2", "count_area": 239.0, "countline_length": 6, "density": 0.91414680791113034, "flow": 20.0, "LoS": "LoS C" }, "geometry": { "type": "Polygon", "coordinates": [ [ [ 122176.271890430143685, 487960.53033630317077 ], [ 122171.22340251825517, 487951.351267372490838 ], [ 122141.391428493458079, 487962.595626812602859 ], [ 122144.068656931587611, 487967.950083688832819 ], [ 122176.271890430143685, 487960.53033630317077 ] ] ] } },
{ "type": "Feature", "properties": { "sensor": "GASA-02-02", "time": "2025-08-20T12:08:00+02:00", "count_line": 86, "location": "BrugOostertoegang2", "count_area": 166.0, "countline_length": 6, "density": 0.63493041888388135, "flow": 14.333333333333334, "LoS": "LoS B" }, "geometry": { "type": "Polygon", "coordinates": [ [ [ 122176.271890430143685, 487960.53033630317077 ], [ 122171.22340251825517, 487951.351267372490838 ], [ 122141.391428493458079, 487962.595626812602859 ], [ 122144.068656931587611, 487967.950083688832819 ], [ 122176.271890430143685, 487960.53033630317077 ] ] ] } },
{ "type": "Feature", "properties": { "sensor": "GASA-02-02", "time": "2025-08-20T12:10:00+02:00", "count_line": 114, "location": "BrugOostertoegang2", "count_area": 190.0, "countline_length": 6, "density": 0.72672758787914127, "flow": 19.0, "LoS": "LoS C" }, "geometry": { "type": "Polygon", "coordinates": [ [ [ 122176.271890430143685, 487960.53033630317077 ], [ 122171.22340251825517, 487951.351267372490838 ], [ 122141.391428493458079, 487962.595626812602859 ], [ 122144.068656931587611, 487967.950083688832819 ], [ 122176.271890430143685, 487960.53033630317077 ] ] ] } },
{ "type": "Feature", "properties": { "sensor": "GASA-02-02", "time": "2025-08-20T12:12:00+02:00", "count_line": 118, "location": "BrugOostertoegang2", "count_area": 194.0, "countline_length": 6, "density": 0.74202711604501792, "flow": 19.666666666666668, "LoS": "LoS C" }, "geometry": { "type": "Polygon", "coordinates": [ [ [ 122176.271890430143685, 487960.53033630317077 ], [ 122171.22340251825517, 487951.351267372490838 ], [ 122141.391428493458079, 487962.595626812602859 ], [ 122144.068656931587611, 487967.950083688832819 ], [ 122176.271890430143685, 487960.53033630317077 ] ] ] } },
{ "type": "Feature", "properties": { "sensor": "GASA-02-02", "time": "2025-08-20T12:14:00+02:00", "count_line": 162, "location": "BrugOostertoegang2", "count_area": 318.0, "countline_length": 6, "density": 1.2163124891871944, "flow": 27.0, "LoS": "LoS C" }, "geometry": { "type": "Polygon", "coordinates": [ [ [ 122176.271890430143685, 487960.53033630317077 ], [ 122171.22340251825517, 487951.351267372490838 ], [ 122141.391428493458079, 487962.595626812602859 ], [ 122144.068656931587611, 487967.950083688832819 ], [ 122176.271890430143685, 487960.53033630317077 ] ] ] } },
{ "type": "Feature", "properties": { "sensor": "GASA-02-02", "time": "2025-08-20T12:16:00+02:00", "count_line": 126, "location": "BrugOostertoegang2", "count_area": 193.0, "countline_length": 6, "density": 0.73820223400354879, "flow": 21.0, "LoS": "LoS C" }, "geometry": { "type": "Polygon", "coordinates": [ [ [ 122176.271890430143685, 487960.53033630317077 ], [ 122171.22340251825517, 487951.351267372490838 ], [ 122141.391428493458079, 487962.595626812602859 ], [ 122144.068656931587611, 487967.950083688832819 ], [ 122176.271890430143685, 487960.53033630317077 ] ] ] } },
{ "type": "Feature", "properties": { "sensor": "GASA-02-02", "time": "2025-08-20T12:18:00+02:00", "count_line": 94, "location": "BrugOostertoegang2", "count_area": 174.0, "countline_length": 6, "density": 0.66552947521563466, "flow": 15.666666666666666, "LoS": "LoS B" }, "geometry": { "type": "Polygon", "coordinates": [ [ [ 122176.271890430143685, 487960.53033630317077 ], [ 122171.22340251825517, 487951.351267372490838 ], [ 122141.391428493458079, 487962.595626812602859 ], [ 122144.068656931587611, 487967.950083688832819 ], [ 122176.271890430143685, 487960.53033630317077 ] ] ] } },
{ "type": "Feature", "properties": { "sensor": "GASA-02-02", "time": "2025-08-20T12:20:00+02:00", "count_line": 122, "location": "BrugOostertoegang2", "count_area": 198.0, "countline_length": 6, "density": 0.75732664421089457, "flow": 20.333333333333332, "LoS": "LoS C" }, "geometry": { "type": "Polygon", "coordinates": [ [ [ 122176.271890430143685, 487960.53033630317077 ], [ 122171.22340251825517, 487951.351267372490838 ], [ 122141.391428493458079, 487962.595626812602859 ], [ 122144.068656931587611, 487967.950083688832819 ], [ 122176.271890430143685, 487960.53033630317077 ] ] ] } },
{ "type": "Feature", "properties": { "sensor": "GASA-02-02", "time": "2025-08-20T12:22:00+02:00", "count_line": 118, "location": "BrugOostertoegang2", "count_area": 204.0, "countline_length": 6, "density": 0.78027593645970961, "flow": 19.666666666666668, "LoS": "LoS C" }, "geometry": { "type": "Polygon", "coordinates": [ [ [ 122176.271890430143685, 487960.53033630317077 ], [ 122171.22340251825517, 487951.351267372490838 ], [ 122141.391428493458079, 487962.595626812602859 ], [ 122144.068656931587611, 487967.950083688832819 ], [ 122176.271890430143685, 487960.53033630317077 ] ] ] } },
{ "type": "Feature", "properties": { "sensor": "GASA-02-02", "time": "2025-08-20T12:24:00+02:00", "count_line": 136, "location": "BrugOostertoegang2", "count_area": 230.0, "countline_length": 6, "density": 0.8797228695379079, "flow": 22.666666666666668, "LoS": "LoS C" }, "geometry": { "type": "Polygon", "coordinates": [ [ [ 122176.271890430143685, 487960.53033630317077 ], [ 122171.22340251825517, 487951.351267372490838 ], [ 122141.391428493458079, 487962.595626812602859 ], [ 122144.068656931587611, 487967.950083688832819 ], [ 122176.271890430143685, 487960.53033630317077 ] ] ] } },
{ "type": "Feature", "properties": { "sensor": "GASA-02-02", "time": "2025-08-20T12:26:00+02:00", "count_line": 136, "location": "BrugOostertoegang2", "count_area": 225.0, "countline_length": 6, "density": 0.86059845933056212, "flow": 22.666666666666668, "LoS": "LoS C" }, "geometry": { "type": "Polygon", "coordinates": [ [ [ 122176.271890430143685, 487960.53033630317077 ], [ 122171.22340251825517, 487951.351267372490838 ], [ 122141.391428493458079, 487962.595626812602859 ], [ 122144.068656931587611, 487967.950083688832819 ], [ 122176.271890430143685, 487960.53033630317077 ] ] ] } },
{ "type": "Feature", "properties": { "sensor": "GASA-02-02", "time": "2025-08-20T12:28:00+02:00", "count_line": 114, "location": "BrugOostertoegang2", "count_area": 217.0, "countline_length": 6, "density": 0.82999940299880881, "flow": 19.0, "LoS": "LoS C" }, "geometry": { "type": "Polygon", "coordinates": [ [ [ 122176.271890430143685, 487960.53033630317077 ], [ 122171.22340251825517, 487951.351267372490838 ], [ 122141.391428493458079, 487962.595626812602859 ], [ 122144.068656931587611, 487967.950083688832819 ], [ 122176.271890430143685, 487960.53033630317077 ] ] ] } },
{ "type": "Feature", "properties": { "sensor": "GASA-02-02", "time": "2025-08-20T12:30:00+02:00", "count_line": 82, "location": "BrugOostertoegang2", "count_area": 162.0, "countline_length": 6, "density": 0.6196308907180047, "flow": 13.666666666666666, "LoS": "LoS B" }, "geometry": { "type": "Polygon", "coordinates": [ [ [ 122176.271890430143685, 487960.53033630317077 ], [ 122171.22340251825517, 487951.351267372490838 ], [ 122141.391428493458079, 487962.595626812602859 ], [ 122144.068656931587611, 487967.950083688832819 ], [ 122176.271890430143685, 487960.53033630317077 ] ] ] } },
{ "type": "Feature", "properties": { "sensor": "GASA-02-02", "time": "2025-08-20T12:32:00+02:00", "count_line": 222, "location": "BrugOostertoegang2", "count_area": 412.0, "countline_length": 6, "density": 1.575851401085296, "flow": 37.0, "LoS": "LoS D" }, "geometry": { "type": "Polygon", "coordinates": [ [ [ 122176.271890430143685, 487960.53033630317077 ], [ 122171.22340251825517, 487951.351267372490838 ], [ 122141.391428493458079, 487962.595626812602859 ], [ 122144.068656931587611, 487967.950083688832819 ], [ 122176.271890430143685, 487960.53033630317077 ] ] ] } },
{ "type": "Feature", "properties": { "sensor": "GASA-02-02", "time": "2025-08-20T12:34:00+02:00", "count_line": 114, "location": "BrugOostertoegang2", "count_area": 174.0, "countline_length": 6, "density": 0.66552947521563466, "flow": 19.0, "LoS": "LoS B" }, "geometry": { "type": "Polygon", "coordinates": [ [ [ 122176.271890430143685, 487960.53033630317077 ], [ 122171.22340251825517, 487951.351267372490838 ], [ 122141.391428493458079, 487962.595626812602859 ], [ 122144.068656931587611, 487967.950083688832819 ], [ 122176.271890430143685, 487960.53033630317077 ] ] ] } },
{ "type": "Feature", "properties": { "sensor": "GASA-02-02", "time": "2025-08-20T12:36:00+02:00", "count_line": 96, "location": "BrugOostertoegang2", "count_area": 150.0, "countline_length": 6, "density": 0.57373230622037474, "flow": 16.0, "LoS": "LoS B" }, "geometry": { "type": "Polygon", "coordinates": [ [ [ 122176.271890430143685, 487960.53033630317077 ], [ 122171.22340251825517, 487951.351267372490838 ], [ 122141.391428493458079, 487962.595626812602859 ], [ 122144.068656931587611, 487967.950083688832819 ], [ 122176.271890430143685, 487960.53033630317077 ] ] ] } },
{ "type": "Feature", "properties": { "sensor": "GASA-02-02", "time": "2025-08-20T12:38:00+02:00", "count_line": 194, "location": "BrugOostertoegang2", "count_area": 327.0, "countline_length": 6, "density": 1.2507364275604169, "flow": 32.333333333333336, "LoS": "LoS C" }, "geometry": { "type": "Polygon", "coordinates": [ [ [ 122176.271890430143685, 487960.53033630317077 ], [ 122171.22340251825517, 487951.351267372490838 ], [ 122141.391428493458079, 487962.595626812602859 ], [ 122144.068656931587611, 487967.950083688832819 ], [ 122176.271890430143685, 487960.53033630317077 ] ] ] } },
{ "type": "Feature", "properties": { "sensor": "GASA-02-02", "time": "2025-08-20T12:40:00+02:00", "count_line": 108, "location": "BrugOostertoegang2", "count_area": 172.0, "countline_length": 6, "density": 0.65787971113269639, "flow": 18.0, "LoS": "LoS B" }, "geometry": { "type": "Polygon", "coordinates": [ [ [ 122176.271890430143685, 487960.53033630317077 ], [ 122171.22340251825517, 487951.351267372490838 ], [ 122141.391428493458079, 487962.595626812602859 ], [ 122144.068656931587611, 487967.950083688832819 ], [ 122176.271890430143685, 487960.53033630317077 ] ] ] } },
{ "type": "Feature", "properties": { "sensor": "GASA-02-02", "time": "2025-08-20T12:42:00+02:00", "count_line": 144, "location": "BrugOostertoegang2", "count_area": 279.0, "countline_length": 6, "density": 1.0671420895698969, "flow": 24.0, "LoS": "LoS C" }, "geometry": { "type": "Polygon", "coordinates": [ [ [ 122176.271890430143685, 487960.53033630317077 ], [ 122171.22340251825517, 487951.351267372490838 ], [ 122141.391428493458079, 487962.595626812602859 ], [ 122144.068656931587611, 487967.950083688832819 ], [ 122176.271890430143685, 487960.53033630317077 ] ] ] } },
{ "type": "Feature", "properties": { "sensor": "GASA-02-02", "time": "2025-08-20T12:44:00+02:00", "count_line": 94, "location": "BrugOostertoegang2", "count_area": 145.0, "countline_length": 6, "density": 0.55460789601302884, "flow": 15.666666666666666, "LoS": "LoS B" }, "geometry": { "type": "Polygon", "coordinates": [ [ [ 122176.271890430143685, 487960.53033630317077 ], [ 122171.22340251825517, 487951.351267372490838 ], [ 122141.391428493458079, 487962.595626812602859 ], [ 122144.068656931587611, 487967.950083688832819 ], [ 122176.271890430143685, 487960.53033630317077 ] ] ] } },
{ "type": "Feature", "properties": { "sensor": "GASA-02-02", "time": "2025-08-20T12:46:00+02:00", "count_line": 148, "location": "BrugOostertoegang2", "count_area": 273.0, "countline_length": 6, "density": 1.0441927973210821, "flow": 24.666666666666668, "LoS": "LoS C" }, "geometry": { "type": "Polygon", "coordinates": [ [ [ 122176.271890430143685, 487960.53033630317077 ], [ 122171.22340251825517, 487951.351267372490838 ], [ 122141.391428493458079, 487962.595626812602859 ], [ 122144.068656931587611, 487967.950083688832819 ], [ 122176.271890430143685, 487960.53033630317077 ] ] ] } },
{ "type": "Feature", "properties": { "sensor": "GASA-02-02", "time": "2025-08-20T12:48:00+02:00", "count_line": 148, "location": "BrugOostertoegang2", "count_area": 266.0, "countline_length": 6, "density": 1.0174186230307978, "flow": 24.666666666666668, "LoS": "LoS C" }, "geometry": { "type": "Polygon", "coordinates": [ [ [ 122176.271890430143685, 487960.53033630317077 ], [ 122171.22340251825517, 487951.351267372490838 ], [ 122141.391428493458079, 487962.595626812602859 ], [ 122144.068656931587611, 487967.950083688832819 ], [ 122176.271890430143685, 487960.53033630317077 ] ] ] } },
{ "type": "Feature", "properties": { "sensor": "GASA-02-02", "time": "2025-08-20T12:50:00+02:00", "count_line": 160, "location": "BrugOostertoegang2", "count_area": 312.0, "countline_length": 6, "density": 1.1933631969383793, "flow": 26.666666666666668, "LoS": "LoS C" }, "geometry": { "type": "Polygon", "coordinates": [ [ [ 122176.271890430143685, 487960.53033630317077 ], [ 122171.22340251825517, 487951.351267372490838 ], [ 122141.391428493458079, 487962.595626812602859 ], [ 122144.068656931587611, 487967.950083688832819 ], [ 122176.271890430143685, 487960.53033630317077 ] ] ] } },
{ "type": "Feature", "properties": { "sensor": "GASA-02-02", "time": "2025-08-20T12:52:00+02:00", "count_line": 140, "location": "BrugOostertoegang2", "count_area": 213.0, "countline_length": 6, "density": 0.81469987483293205, "flow": 23.333333333333332, "LoS": "LoS C" }, "geometry": { "type": "Polygon", "coordinates": [ [ [ 122176.271890430143685, 487960.53033630317077 ], [ 122171.22340251825517, 487951.351267372490838 ], [ 122141.391428493458079, 487962.595626812602859 ], [ 122144.068656931587611, 487967.950083688832819 ], [ 122176.271890430143685, 487960.53033630317077 ] ] ] } },
{ "type": "Feature", "properties": { "sensor": "GASA-02-02", "time": "2025-08-20T12:54:00+02:00", "count_line": 66, "location": "BrugOostertoegang2", "count_area": 102.0, "countline_length": 6, "density": 0.3901379682298548, "flow": 11.0, "LoS": "LoS B" }, "geometry": { "type": "Polygon", "coordinates": [ [ [ 122176.271890430143685, 487960.53033630317077 ], [ 122171.22340251825517, 487951.351267372490838 ], [ 122141.391428493458079, 487962.595626812602859 ], [ 122144.068656931587611, 487967.950083688832819 ], [ 122176.271890430143685, 487960.53033630317077 ] ] ] } },
{ "type": "Feature", "properties": { "sensor": "GASA-02-02", "time": "2025-08-20T12:56:00+02:00", "count_line": 116, "location": "BrugOostertoegang2", "count_area": 213.0, "countline_length": 6, "density": 0.81469987483293205, "flow": 19.333333333333332, "LoS": "LoS C" }, "geometry": { "type": "Polygon", "coordinates": [ [ [ 122176.271890430143685, 487960.53033630317077 ], [ 122171.22340251825517, 487951.351267372490838 ], [ 122141.391428493458079, 487962.595626812602859 ], [ 122144.068656931587611, 487967.950083688832819 ], [ 122176.271890430143685, 487960.53033630317077 ] ] ] } },
{ "type": "Feature", "properties": { "sensor": "GASA-02-02", "time": "2025-08-20T12:58:00+02:00", "count_line": 162, "location": "BrugOostertoegang2", "count_area": 314.0, "countline_length": 6, "density": 1.2010129610213178, "flow": 27.0, "LoS": "LoS C" }, "geometry": { "type": "Polygon", "coordinates": [ [ [ 122176.271890430143685, 487960.53033630317077 ], [ 122171.22340251825517, 487951.351267372490838 ], [ 122141.391428493458079, 487962.595626812602859 ], [ 122144.068656931587611, 487967.950083688832819 ], [ 122176.271890430143685, 487960.53033630317077 ] ] ] } },
{ "type": "Feature", "properties": { "sensor": "GASA-02-02", "time": "2025-08-20T13:00:00+02:00", "count_line": 192, "location": "BrugOostertoegang2", "count_area": 336.0, "countline_length": 6, "density": 1.2851603659336395, "flow": 32.0, "LoS": "LoS C" }, "geometry": { "type": "Polygon", "coordinates": [ [ [ 122176.271890430143685, 487960.53033630317077 ], [ 122171.22340251825517, 487951.351267372490838 ], [ 122141.391428493458079, 487962.595626812602859 ], [ 122144.068656931587611, 487967.950083688832819 ], [ 122176.271890430143685, 487960.53033630317077 ] ] ] } },
{ "type": "Feature", "properties": { "sensor": "GASA-02-02", "time": "2025-08-20T13:02:00+02:00", "count_line": 106, "location": "BrugOostertoegang2", "count_area": 175.0, "countline_length": 6, "density": 0.66935435725710379, "flow": 17.666666666666668, "LoS": "LoS B" }, "geometry": { "type": "Polygon", "coordinates": [ [ [ 122176.271890430143685, 487960.53033630317077 ], [ 122171.22340251825517, 487951.351267372490838 ], [ 122141.391428493458079, 487962.595626812602859 ], [ 122144.068656931587611, 487967.950083688832819 ], [ 122176.271890430143685, 487960.53033630317077 ] ] ] } },
{ "type": "Feature", "properties": { "sensor": "GASA-02-02", "time": "2025-08-20T13:04:00+02:00", "count_line": 68, "location": "BrugOostertoegang2", "count_area": 104.0, "countline_length": 6, "density": 0.39778773231279313, "flow": 11.333333333333334, "LoS": "LoS B" }, "geometry": { "type": "Polygon", "coordinates": [ [ [ 122176.271890430143685, 487960.53033630317077 ], [ 122171.22340251825517, 487951.351267372490838 ], [ 122141.391428493458079, 487962.595626812602859 ], [ 122144.068656931587611, 487967.950083688832819 ], [ 122176.271890430143685, 487960.53033630317077 ] ] ] } },
{ "type": "Feature", "properties": { "sensor": "GASA-02-02", "time": "2025-08-20T13:06:00+02:00", "count_line": 150, "location": "BrugOostertoegang2", "count_area": 241.0, "countline_length": 6, "density": 0.92179657199406873, "flow": 25.0, "LoS": "LoS C" }, "geometry": { "type": "Polygon", "coordinates": [ [ [ 122176.271890430143685, 487960.53033630317077 ], [ 122171.22340251825517, 487951.351267372490838 ], [ 122141.391428493458079, 487962.595626812602859 ], [ 122144.068656931587611, 487967.950083688832819 ], [ 122176.271890430143685, 487960.53033630317077 ] ] ] } },
{ "type": "Feature", "properties": { "sensor": "GASA-02-02", "time": "2025-08-20T13:08:00+02:00", "count_line": 138, "location": "BrugOostertoegang2", "count_area": 251.0, "countline_length": 6, "density": 0.96004539240876041, "flow": 23.0, "LoS": "LoS C" }, "geometry": { "type": "Polygon", "coordinates": [ [ [ 122176.271890430143685, 487960.53033630317077 ], [ 122171.22340251825517, 487951.351267372490838 ], [ 122141.391428493458079, 487962.595626812602859 ], [ 122144.068656931587611, 487967.950083688832819 ], [ 122176.271890430143685, 487960.53033630317077 ] ] ] } },
{ "type": "Feature", "properties": { "sensor": "GASA-02-02", "time": "2025-08-20T13:10:00+02:00", "count_line": 120, "location": "BrugOostertoegang2", "count_area": 189.0, "countline_length": 6, "density": 0.72290270583767213, "flow": 20.0, "LoS": "LoS C" }, "geometry": { "type": "Polygon", "coordinates": [ [ [ 122176.271890430143685, 487960.53033630317077 ], [ 122171.22340251825517, 487951.351267372490838 ], [ 122141.391428493458079, 487962.595626812602859 ], [ 122144.068656931587611, 487967.950083688832819 ], [ 122176.271890430143685, 487960.53033630317077 ] ] ] } },
{ "type": "Feature", "properties": { "sensor": "GASA-02-02", "time": "2025-08-20T13:12:00+02:00", "count_line": 130, "location": "BrugOostertoegang2", "count_area": 242.0, "countline_length": 6, "density": 0.92562145403553786, "flow": 21.666666666666668, "LoS": "LoS C" }, "geometry": { "type": "Polygon", "coordinates": [ [ [ 122176.271890430143685, 487960.53033630317077 ], [ 122171.22340251825517, 487951.351267372490838 ], [ 122141.391428493458079, 487962.595626812602859 ], [ 122144.068656931587611, 487967.950083688832819 ], [ 122176.271890430143685, 487960.53033630317077 ] ] ] } },
{ "type": "Feature", "properties": { "sensor": "GASA-02-02", "time": "2025-08-20T13:14:00+02:00", "count_line": 77, "location": "BrugOostertoegang2", "count_area": 128.0, "countline_length": 6, "density": 0.4895849013080531, "flow": 12.833333333333334, "LoS": "LoS B" }, "geometry": { "type": "Polygon", "coordinates": [ [ [ 122176.271890430143685, 487960.53033630317077 ], [ 122171.22340251825517, 487951.351267372490838 ], [ 122141.391428493458079, 487962.595626812602859 ], [ 122144.068656931587611, 487967.950083688832819 ], [ 122176.271890430143685, 487960.53033630317077 ] ] ] } },
{ "type": "Feature", "properties": { "sensor": "GASA-02-02", "time": "2025-08-20T13:15:00+02:00", "count_line": 60, "location": "BrugOostertoegang2", "count_area": 118.0, "countline_length": 6, "density": 0.45133608089336147, "flow": 10.0, "LoS": "LoS B" }, "geometry": { "type": "Polygon", "coordinates": [ [ [ 122176.271890430143685, 487960.53033630317077 ], [ 122171.22340251825517, 487951.351267372490838 ], [ 122141.391428493458079, 487962.595626812602859 ], [ 122144.068656931587611, 487967.950083688832819 ], [ 122176.271890430143685, 487960.53033630317077 ] ] ] } },
{ "type": "Feature", "properties": { "sensor": "GASA-02-02", "time": "2025-08-20T13:16:00+02:00", "count_line": 162, "location": "BrugOostertoegang2", "count_area": 289.0, "countline_length": 6, "density": 1.1053909099845887, "flow": 27.0, "LoS": "LoS C" }, "geometry": { "type": "Polygon", "coordinates": [ [ [ 122176.271890430143685, 487960.53033630317077 ], [ 122171.22340251825517, 487951.351267372490838 ], [ 122141.391428493458079, 487962.595626812602859 ], [ 122144.068656931587611, 487967.950083688832819 ], [ 122176.271890430143685, 487960.53033630317077 ] ] ] } },
{ "type": "Feature", "properties": { "sensor": "GASA-02-02", "time": "2025-08-20T13:18:00+02:00", "count_line": 140, "location": "BrugOostertoegang2", "count_area": 212.0, "countline_length": 6, "density": 0.81087499279146291, "flow": 23.333333333333332, "LoS": "LoS C" }, "geometry": { "type": "Polygon", "coordinates": [ [ [ 122176.271890430143685, 487960.53033630317077 ], [ 122171.22340251825517, 487951.351267372490838 ], [ 122141.391428493458079, 487962.595626812602859 ], [ 122144.068656931587611, 487967.950083688832819 ], [ 122176.271890430143685, 487960.53033630317077 ] ] ] } },
{ "type": "Feature", "properties": { "sensor": "GASA-02-02", "time": "2025-08-20T13:20:00+02:00", "count_line": 132, "location": "BrugOostertoegang2", "count_area": 198.0, "countline_length": 6, "density": 0.75732664421089457, "flow": 22.0, "LoS": "LoS C" }, "geometry": { "type": "Polygon", "coordinates": [ [ [ 122176.271890430143685, 487960.53033630317077 ], [ 122171.22340251825517, 487951.351267372490838 ], [ 122141.391428493458079, 487962.595626812602859 ], [ 122144.068656931587611, 487967.950083688832819 ], [ 122176.271890430143685, 487960.53033630317077 ] ] ] } },
{ "type": "Feature", "properties": { "sensor": "GASA-02-02", "time": "2025-08-20T13:22:00+02:00", "count_line": 65, "location": "BrugOostertoegang2", "count_area": 124.0, "countline_length": 6, "density": 0.47428537314217645, "flow": 10.833333333333334, "LoS": "LoS B" }, "geometry": { "type": "Polygon", "coordinates": [ [ [ 122176.271890430143685, 487960.53033630317077 ], [ 122171.22340251825517, 487951.351267372490838 ], [ 122141.391428493458079, 487962.595626812602859 ], [ 122144.068656931587611, 487967.950083688832819 ], [ 122176.271890430143685, 487960.53033630317077 ] ] ] } },
{ "type": "Feature", "properties": { "sensor": "GASA-02-02", "time": "2025-08-20T13:24:00+02:00", "count_line": 41, "location": "BrugOostertoegang2", "count_area": 76.0, "countline_length": 6, "density": 0.29069103515165651, "flow": 6.833333333333333, "LoS": "LoS A" }, "geometry": { "type": "Polygon", "coordinates": [ [ [ 122176.271890430143685, 487960.53033630317077 ], [ 122171.22340251825517, 487951.351267372490838 ], [ 122141.391428493458079, 487962.595626812602859 ], [ 122144.068656931587611, 487967.950083688832819 ], [ 122176.271890430143685, 487960.53033630317077 ] ] ] } },
{ "type": "Feature", "properties": { "sensor": "GASA-02-02", "time": "2025-08-20T13:26:00+02:00", "count_line": 76, "location": "BrugOostertoegang2", "count_area": 118.0, "countline_length": 6, "density": 0.45133608089336147, "flow": 12.666666666666666, "LoS": "LoS B" }, "geometry": { "type": "Polygon", "coordinates": [ [ [ 122176.271890430143685, 487960.53033630317077 ], [ 122171.22340251825517, 487951.351267372490838 ], [ 122141.391428493458079, 487962.595626812602859 ], [ 122144.068656931587611, 487967.950083688832819 ], [ 122176.271890430143685, 487960.53033630317077 ] ] ] } },
{ "type": "Feature", "properties": { "sensor": "GASA-02-02", "time": "2025-08-20T13:28:00+02:00", "count_line": 116, "location": "BrugOostertoegang2", "count_area": 183.0, "countline_length": 6, "density": 0.6999534135888571, "flow": 19.333333333333332, "LoS": "LoS B" }, "geometry": { "type": "Polygon", "coordinates": [ [ [ 122176.271890430143685, 487960.53033630317077 ], [ 122171.22340251825517, 487951.351267372490838 ], [ 122141.391428493458079, 487962.595626812602859 ], [ 122144.068656931587611, 487967.950083688832819 ], [ 122176.271890430143685, 487960.53033630317077 ] ] ] } },
{ "type": "Feature", "properties": { "sensor": "GASA-02-02", "time": "2025-08-20T13:30:00+02:00", "count_line": 96, "location": "BrugOostertoegang2", "count_area": 147.0, "countline_length": 6, "density": 0.56225766009596723, "flow": 16.0, "LoS": "LoS B" }, "geometry": { "type": "Polygon", "coordinates": [ [ [ 122176.271890430143685, 487960.53033630317077 ], [ 122171.22340251825517, 487951.351267372490838 ], [ 122141.391428493458079, 487962.595626812602859 ], [ 122144.068656931587611, 487967.950083688832819 ], [ 122176.271890430143685, 487960.53033630317077 ] ] ] } },
{ "type": "Feature", "properties": { "sensor": "GASA-02-02", "time": "2025-08-20T13:32:00+02:00", "count_line": 148, "location": "BrugOostertoegang2", "count_area": 230.0, "countline_length": 6, "density": 0.8797228695379079, "flow": 24.666666666666668, "LoS": "LoS C" }, "geometry": { "type": "Polygon", "coordinates": [ [ [ 122176.271890430143685, 487960.53033630317077 ], [ 122171.22340251825517, 487951.351267372490838 ], [ 122141.391428493458079, 487962.595626812602859 ], [ 122144.068656931587611, 487967.950083688832819 ], [ 122176.271890430143685, 487960.53033630317077 ] ] ] } },
{ "type": "Feature", "properties": { "sensor": "GASA-02-02", "time": "2025-08-20T13:34:00+02:00", "count_line": 60, "location": "BrugOostertoegang2", "count_area": 119.0, "countline_length": 6, "density": 0.4551609629348306, "flow": 10.0, "LoS": "LoS B" }, "geometry": { "type": "Polygon", "coordinates": [ [ [ 122176.271890430143685, 487960.53033630317077 ], [ 122171.22340251825517, 487951.351267372490838 ], [ 122141.391428493458079, 487962.595626812602859 ], [ 122144.068656931587611, 487967.950083688832819 ], [ 122176.271890430143685, 487960.53033630317077 ] ] ] } },
{ "type": "Feature", "properties": { "sensor": "GASA-02-02", "time": "2025-08-20T13:36:00+02:00", "count_line": 178, "location": "BrugOostertoegang2", "count_area": 313.0, "countline_length": 6, "density": 1.1971880789798486, "flow": 29.666666666666668, "LoS": "LoS C" }, "geometry": { "type": "Polygon", "coordinates": [ [ [ 122176.271890430143685, 487960.53033630317077 ], [ 122171.22340251825517, 487951.351267372490838 ], [ 122141.391428493458079, 487962.595626812602859 ], [ 122144.068656931587611, 487967.950083688832819 ], [ 122176.271890430143685, 487960.53033630317077 ] ] ] } },
{ "type": "Feature", "properties": { "sensor": "GASA-02-02", "time": "2025-08-20T13:38:00+02:00", "count_line": 156, "location": "BrugOostertoegang2", "count_area": 237.0, "countline_length": 6, "density": 0.90649704382819207, "flow": 26.0, "LoS": "LoS C" }, "geometry": { "type": "Polygon", "coordinates": [ [ [ 122176.271890430143685, 487960.53033630317077 ], [ 122171.22340251825517, 487951.351267372490838 ], [ 122141.391428493458079, 487962.595626812602859 ], [ 122144.068656931587611, 487967.950083688832819 ], [ 122176.271890430143685, 487960.53033630317077 ] ] ] } },
{ "type": "Feature", "properties": { "sensor": "GASA-02-02", "time": "2025-08-20T13:40:00+02:00", "count_line": 136, "location": "BrugOostertoegang2", "count_area": 260.0, "countline_length": 6, "density": 0.99446933078198285, "flow": 22.666666666666668, "LoS": "LoS C" }, "geometry": { "type": "Polygon", "coordinates": [ [ [ 122176.271890430143685, 487960.53033630317077 ], [ 122171.22340251825517, 487951.351267372490838 ], [ 122141.391428493458079, 487962.595626812602859 ], [ 122144.068656931587611, 487967.950083688832819 ], [ 122176.271890430143685, 487960.53033630317077 ] ] ] } },
{ "type": "Feature", "properties": { "sensor": "GASA-02-02", "time": "2025-08-20T13:42:00+02:00", "count_line": 132, "location": "BrugOostertoegang2", "count_area": 262.0, "countline_length": 6, "density": 1.0021190948649212, "flow": 22.0, "LoS": "LoS C" }, "geometry": { "type": "Polygon", "coordinates": [ [ [ 122176.271890430143685, 487960.53033630317077 ], [ 122171.22340251825517, 487951.351267372490838 ], [ 122141.391428493458079, 487962.595626812602859 ], [ 122144.068656931587611, 487967.950083688832819 ], [ 122176.271890430143685, 487960.53033630317077 ] ] ] } },
{ "type": "Feature", "properties": { "sensor": "GASA-02-02", "time": "2025-08-20T13:44:00+02:00", "count_line": 73, "location": "BrugOostertoegang2", "count_area": 131.0, "countline_length": 6, "density": 0.50105954743246062, "flow": 12.166666666666666, "LoS": "LoS B" }, "geometry": { "type": "Polygon", "coordinates": [ [ [ 122176.271890430143685, 487960.53033630317077 ], [ 122171.22340251825517, 487951.351267372490838 ], [ 122141.391428493458079, 487962.595626812602859 ], [ 122144.068656931587611, 487967.950083688832819 ], [ 122176.271890430143685, 487960.53033630317077 ] ] ] } },
{ "type": "Feature", "properties": { "sensor": "GASA-02-02", "time": "2025-08-20T13:46:00+02:00", "count_line": 126, "location": "BrugOostertoegang2", "count_area": 237.0, "countline_length": 6, "density": 0.90649704382819207, "flow": 21.0, "LoS": "LoS C" }, "geometry": { "type": "Polygon", "coordinates": [ [ [ 122176.271890430143685, 487960.53033630317077 ], [ 122171.22340251825517, 487951.351267372490838 ], [ 122141.391428493458079, 487962.595626812602859 ], [ 122144.068656931587611, 487967.950083688832819 ], [ 122176.271890430143685, 487960.53033630317077 ] ] ] } },
{ "type": "Feature", "properties": { "sensor": "GASA-02-02", "time": "2025-08-20T13:56:00+02:00", "count_line": 69, "location": "BrugOostertoegang2", "count_area": 136.0, "countline_length": 6, "density": 0.5201839576398064, "flow": 11.5, "LoS": "LoS B" }, "geometry": { "type": "Polygon", "coordinates": [ [ [ 122176.271890430143685, 487960.53033630317077 ], [ 122171.22340251825517, 487951.351267372490838 ], [ 122141.391428493458079, 487962.595626812602859 ], [ 122144.068656931587611, 487967.950083688832819 ], [ 122176.271890430143685, 487960.53033630317077 ] ] ] } },
{ "type": "Feature", "properties": { "sensor": "GASA-02-02", "time": "2025-08-20T13:58:00+02:00", "count_line": 73, "location": "BrugOostertoegang2", "count_area": 120.0, "countline_length": 6, "density": 0.45898584497629979, "flow": 12.166666666666666, "LoS": "LoS B" }, "geometry": { "type": "Polygon", "coordinates": [ [ [ 122176.271890430143685, 487960.53033630317077 ], [ 122171.22340251825517, 487951.351267372490838 ], [ 122141.391428493458079, 487962.595626812602859 ], [ 122144.068656931587611, 487967.950083688832819 ], [ 122176.271890430143685, 487960.53033630317077 ] ] ] } },
{ "type": "Feature", "properties": { "sensor": "GASA-02-02", "time": "2025-08-20T14:00:00+02:00", "count_line": 70, "location": "BrugOostertoegang2", "count_area": 116.0, "countline_length": 6, "density": 0.44368631681042309, "flow": 11.666666666666666, "LoS": "LoS B" }, "geometry": { "type": "Polygon", "coordinates": [ [ [ 122176.271890430143685, 487960.53033630317077 ], [ 122171.22340251825517, 487951.351267372490838 ], [ 122141.391428493458079, 487962.595626812602859 ], [ 122144.068656931587611, 487967.950083688832819 ], [ 122176.271890430143685, 487960.53033630317077 ] ] ] } },
{ "type": "Feature", "properties": { "sensor": "GASA-02-02", "time": "2025-08-20T14:01:00+02:00", "count_line": 92, "location": "BrugOostertoegang2", "count_area": 168.0, "countline_length": 6, "density": 0.64258018296681974, "flow": 15.333333333333334, "LoS": "LoS B" }, "geometry": { "type": "Polygon", "coordinates": [ [ [ 122176.271890430143685, 487960.53033630317077 ], [ 122171.22340251825517, 487951.351267372490838 ], [ 122141.391428493458079, 487962.595626812602859 ], [ 122144.068656931587611, 487967.950083688832819 ], [ 122176.271890430143685, 487960.53033630317077 ] ] ] } },
{ "type": "Feature", "properties": { "sensor": "GASA-02-02", "time": "2025-08-20T14:02:00+02:00", "count_line": 46, "location": "BrugOostertoegang2", "count_area": 72.0, "countline_length": 6, "density": 0.27539150698577985, "flow": 7.666666666666667, "LoS": "LoS A" }, "geometry": { "type": "Polygon", "coordinates": [ [ [ 122176.271890430143685, 487960.53033630317077 ], [ 122171.22340251825517, 487951.351267372490838 ], [ 122141.391428493458079, 487962.595626812602859 ], [ 122144.068656931587611, 487967.950083688832819 ], [ 122176.271890430143685, 487960.53033630317077 ] ] ] } },
{ "type": "Feature", "properties": { "sensor": "GASA-02-02", "time": "2025-08-20T14:04:00+02:00", "count_line": 79, "location": "BrugOostertoegang2", "count_area": 131.0, "countline_length": 6, "density": 0.50105954743246062, "flow": 13.166666666666666, "LoS": "LoS B" }, "geometry": { "type": "Polygon", "coordinates": [ [ [ 122176.271890430143685, 487960.53033630317077 ], [ 122171.22340251825517, 487951.351267372490838 ], [ 122141.391428493458079, 487962.595626812602859 ], [ 122144.068656931587611, 487967.950083688832819 ], [ 122176.271890430143685, 487960.53033630317077 ] ] ] } },
{ "type": "Feature", "properties": { "sensor": "GASA-02-02", "time": "2025-08-20T14:06:00+02:00", "count_line": 45, "location": "BrugOostertoegang2", "count_area": 88.0, "countline_length": 6, "density": 0.33658961964928652, "flow": 7.5, "LoS": "LoS B" }, "geometry": { "type": "Polygon", "coordinates": [ [ [ 122176.271890430143685, 487960.53033630317077 ], [ 122171.22340251825517, 487951.351267372490838 ], [ 122141.391428493458079, 487962.595626812602859 ], [ 122144.068656931587611, 487967.950083688832819 ], [ 122176.271890430143685, 487960.53033630317077 ] ] ] } },
{ "type": "Feature", "properties": { "sensor": "GASA-02-02", "time": "2025-08-20T14:08:00+02:00", "count_line": 79, "location": "BrugOostertoegang2", "count_area": 128.0, "countline_length": 6, "density": 0.4895849013080531, "flow": 13.166666666666666, "LoS": "LoS B" }, "geometry": { "type": "Polygon", "coordinates": [ [ [ 122176.271890430143685, 487960.53033630317077 ], [ 122171.22340251825517, 487951.351267372490838 ], [ 122141.391428493458079, 487962.595626812602859 ], [ 122144.068656931587611, 487967.950083688832819 ], [ 122176.271890430143685, 487960.53033630317077 ] ] ] } },
{ "type": "Feature", "properties": { "sensor": "GASA-02-02", "time": "2025-08-20T14:10:00+02:00", "count_line": 50, "location": "BrugOostertoegang2", "count_area": 88.0, "countline_length": 6, "density": 0.33658961964928652, "flow": 8.3333333333333339, "LoS": "LoS B" }, "geometry": { "type": "Polygon", "coordinates": [ [ [ 122176.271890430143685, 487960.53033630317077 ], [ 122171.22340251825517, 487951.351267372490838 ], [ 122141.391428493458079, 487962.595626812602859 ], [ 122144.068656931587611, 487967.950083688832819 ], [ 122176.271890430143685, 487960.53033630317077 ] ] ] } },
{ "type": "Feature", "properties": { "sensor": "GASA-02-02", "time": "2025-08-20T14:12:00+02:00", "count_line": 51, "location": "BrugOostertoegang2", "count_area": 80.0, "countline_length": 6, "density": 0.30599056331753316, "flow": 8.5, "LoS": "LoS B" }, "geometry": { "type": "Polygon", "coordinates": [ [ [ 122176.271890430143685, 487960.53033630317077 ], [ 122171.22340251825517, 487951.351267372490838 ], [ 122141.391428493458079, 487962.595626812602859 ], [ 122144.068656931587611, 487967.950083688832819 ], [ 122176.271890430143685, 487960.53033630317077 ] ] ] } },
{ "type": "Feature", "properties": { "sensor": "GASA-02-02", "time": "2025-08-20T14:14:00+02:00", "count_line": 64, "location": "BrugOostertoegang2", "count_area": 98.0, "countline_length": 6, "density": 0.37483844006397815, "flow": 10.666666666666666, "LoS": "LoS B" }, "geometry": { "type": "Polygon", "coordinates": [ [ [ 122176.271890430143685, 487960.53033630317077 ], [ 122171.22340251825517, 487951.351267372490838 ], [ 122141.391428493458079, 487962.595626812602859 ], [ 122144.068656931587611, 487967.950083688832819 ], [ 122176.271890430143685, 487960.53033630317077 ] ] ] } },
{ "type": "Feature", "properties": { "sensor": "GASA-02-02", "time": "2025-08-20T14:16:00+02:00", "count_line": 41, "location": "BrugOostertoegang2", "count_area": 66.0, "countline_length": 6, "density": 0.25244221473696488, "flow": 6.833333333333333, "LoS": "LoS A" }, "geometry": { "type": "Polygon", "coordinates": [ [ [ 122176.271890430143685, 487960.53033630317077 ], [ 122171.22340251825517, 487951.351267372490838 ], [ 122141.391428493458079, 487962.595626812602859 ], [ 122144.068656931587611, 487967.950083688832819 ], [ 122176.271890430143685, 487960.53033630317077 ] ] ] } },
{ "type": "Feature", "properties": { "sensor": "GASA-02-02", "time": "2025-08-20T14:18:00+02:00", "count_line": 65, "location": "BrugOostertoegang2", "count_area": 104.0, "countline_length": 6, "density": 0.39778773231279313, "flow": 10.833333333333334, "LoS": "LoS B" }, "geometry": { "type": "Polygon", "coordinates": [ [ [ 122176.271890430143685, 487960.53033630317077 ], [ 122171.22340251825517, 487951.351267372490838 ], [ 122141.391428493458079, 487962.595626812602859 ], [ 122144.068656931587611, 487967.950083688832819 ], [ 122176.271890430143685, 487960.53033630317077 ] ] ] } },
{ "type": "Feature", "properties": { "sensor": "GASA-02-02", "time": "2025-08-20T14:20:00+02:00", "count_line": 51, "location": "BrugOostertoegang2", "count_area": 78.0, "countline_length": 6, "density": 0.29834079923459483, "flow": 8.5, "LoS": "LoS A" }, "geometry": { "type": "Polygon", "coordinates": [ [ [ 122176.271890430143685, 487960.53033630317077 ], [ 122171.22340251825517, 487951.351267372490838 ], [ 122141.391428493458079, 487962.595626812602859 ], [ 122144.068656931587611, 487967.950083688832819 ], [ 122176.271890430143685, 487960.53033630317077 ] ] ] } },
{ "type": "Feature", "properties": { "sensor": "GASA-02-02", "time": "2025-08-20T14:22:00+02:00", "count_line": 45, "location": "BrugOostertoegang2", "count_area": 77.0, "countline_length": 6, "density": 0.2945159171931257, "flow": 7.5, "LoS": "LoS A" }, "geometry": { "type": "Polygon", "coordinates": [ [ [ 122176.271890430143685, 487960.53033630317077 ], [ 122171.22340251825517, 487951.351267372490838 ], [ 122141.391428493458079, 487962.595626812602859 ], [ 122144.068656931587611, 487967.950083688832819 ], [ 122176.271890430143685, 487960.53033630317077 ] ] ] } },
{ "type": "Feature", "properties": { "sensor": "GASA-02-02", "time": "2025-08-20T14:23:00+02:00", "count_line": 58, "location": "BrugOostertoegang2", "count_area": 105.0, "countline_length": 6, "density": 0.40161261435426232, "flow": 9.6666666666666661, "LoS": "LoS B" }, "geometry": { "type": "Polygon", "coordinates": [ [ [ 122176.271890430143685, 487960.53033630317077 ], [ 122171.22340251825517, 487951.351267372490838 ], [ 122141.391428493458079, 487962.595626812602859 ], [ 122144.068656931587611, 487967.950083688832819 ], [ 122176.271890430143685, 487960.53033630317077 ] ] ] } },
{ "type": "Feature", "properties": { "sensor": "GASA-02-02", "time": "2025-08-20T14:24:00+02:00", "count_line": 79, "location": "BrugOostertoegang2", "count_area": 119.0, "countline_length": 6, "density": 0.4551609629348306, "flow": 13.166666666666666, "LoS": "LoS B" }, "geometry": { "type": "Polygon", "coordinates": [ [ [ 122176.271890430143685, 487960.53033630317077 ], [ 122171.22340251825517, 487951.351267372490838 ], [ 122141.391428493458079, 487962.595626812602859 ], [ 122144.068656931587611, 487967.950083688832819 ], [ 122176.271890430143685, 487960.53033630317077 ] ] ] } },
{ "type": "Feature", "properties": { "sensor": "GASA-02-02", "time": "2025-08-20T14:26:00+02:00", "count_line": 34, "location": "BrugOostertoegang2", "count_area": 62.0, "countline_length": 6, "density": 0.23714268657108822, "flow": 5.666666666666667, "LoS": "LoS A" }, "geometry": { "type": "Polygon", "coordinates": [ [ [ 122176.271890430143685, 487960.53033630317077 ], [ 122171.22340251825517, 487951.351267372490838 ], [ 122141.391428493458079, 487962.595626812602859 ], [ 122144.068656931587611, 487967.950083688832819 ], [ 122176.271890430143685, 487960.53033630317077 ] ] ] } },
{ "type": "Feature", "properties": { "sensor": "GASA-02-02", "time": "2025-08-20T14:28:00+02:00", "count_line": 35, "location": "BrugOostertoegang2", "count_area": 60.0, "countline_length": 6, "density": 0.2294929224881499, "flow": 5.833333333333333, "LoS": "LoS A" }, "geometry": { "type": "Polygon", "coordinates": [ [ [ 122176.271890430143685, 487960.53033630317077 ], [ 122171.22340251825517, 487951.351267372490838 ], [ 122141.391428493458079, 487962.595626812602859 ], [ 122144.068656931587611, 487967.950083688832819 ], [ 122176.271890430143685, 487960.53033630317077 ] ] ] } },
{ "type": "Feature", "properties": { "sensor": "GASA-02-02", "time": "2025-08-20T14:30:00+02:00", "count_line": 24, "location": "BrugOostertoegang2", "count_area": 38.0, "countline_length": 6, "density": 0.14534551757582825, "flow": 4.0, "LoS": "LoS A" }, "geometry": { "type": "Polygon", "coordinates": [ [ [ 122176.271890430143685, 487960.53033630317077 ], [ 122171.22340251825517, 487951.351267372490838 ], [ 122141.391428493458079, 487962.595626812602859 ], [ 122144.068656931587611, 487967.950083688832819 ], [ 122176.271890430143685, 487960.53033630317077 ] ] ] } },
{ "type": "Feature", "properties": { "sensor": "GASA-02-02", "time": "2025-08-20T14:32:00+02:00", "count_line": 42, "location": "BrugOostertoegang2", "count_area": 81.0, "countline_length": 6, "density": 0.30981544535900235, "flow": 7.0, "LoS": "LoS B" }, "geometry": { "type": "Polygon", "coordinates": [ [ [ 122176.271890430143685, 487960.53033630317077 ], [ 122171.22340251825517, 487951.351267372490838 ], [ 122141.391428493458079, 487962.595626812602859 ], [ 122144.068656931587611, 487967.950083688832819 ], [ 122176.271890430143685, 487960.53033630317077 ] ] ] } },
{ "type": "Feature", "properties": { "sensor": "GASA-02-02", "time": "2025-08-20T14:34:00+02:00", "count_line": 32, "location": "BrugOostertoegang2", "count_area": 58.0, "countline_length": 6, "density": 0.22184315840521154, "flow": 5.333333333333333, "LoS": "LoS A" }, "geometry": { "type": "Polygon", "coordinates": [ [ [ 122176.271890430143685, 487960.53033630317077 ], [ 122171.22340251825517, 487951.351267372490838 ], [ 122141.391428493458079, 487962.595626812602859 ], [ 122144.068656931587611, 487967.950083688832819 ], [ 122176.271890430143685, 487960.53033630317077 ] ] ] } },
{ "type": "Feature", "properties": { "sensor": "GASA-02-02", "time": "2025-08-20T14:36:00+02:00", "count_line": 63, "location": "BrugOostertoegang2", "count_area": 117.0, "countline_length": 6, "density": 0.44751119885189228, "flow": 10.5, "LoS": "LoS B" }, "geometry": { "type": "Polygon", "coordinates": [ [ [ 122176.271890430143685, 487960.53033630317077 ], [ 122171.22340251825517, 487951.351267372490838 ], [ 122141.391428493458079, 487962.595626812602859 ], [ 122144.068656931587611, 487967.950083688832819 ], [ 122176.271890430143685, 487960.53033630317077 ] ] ] } },
{ "type": "Feature", "properties": { "sensor": "GASA-02-02", "time": "2025-08-20T14:38:00+02:00", "count_line": 34, "location": "BrugOostertoegang2", "count_area": 54.0, "countline_length": 6, "density": 0.20654363023933489, "flow": 5.666666666666667, "LoS": "LoS A" }, "geometry": { "type": "Polygon", "coordinates": [ [ [ 122176.271890430143685, 487960.53033630317077 ], [ 122171.22340251825517, 487951.351267372490838 ], [ 122141.391428493458079, 487962.595626812602859 ], [ 122144.068656931587611, 487967.950083688832819 ], [ 122176.271890430143685, 487960.53033630317077 ] ] ] } },
{ "type": "Feature", "properties": { "sensor": "GASA-02-02", "time": "2025-08-20T14:40:00+02:00", "count_line": 39, "location": "BrugOostertoegang2", "count_area": 62.0, "countline_length": 6, "density": 0.23714268657108822, "flow": 6.5, "LoS": "LoS A" }, "geometry": { "type": "Polygon", "coordinates": [ [ [ 122176.271890430143685, 487960.53033630317077 ], [ 122171.22340251825517, 487951.351267372490838 ], [ 122141.391428493458079, 487962.595626812602859 ], [ 122144.068656931587611, 487967.950083688832819 ], [ 122176.271890430143685, 487960.53033630317077 ] ] ] } },
{ "type": "Feature", "properties": { "sensor": "GASA-02-02", "time": "2025-08-20T14:42:00+02:00", "count_line": 39, "location": "BrugOostertoegang2", "count_area": 68.0, "countline_length": 6, "density": 0.2600919788199032, "flow": 6.5, "LoS": "LoS A" }, "geometry": { "type": "Polygon", "coordinates": [ [ [ 122176.271890430143685, 487960.53033630317077 ], [ 122171.22340251825517, 487951.351267372490838 ], [ 122141.391428493458079, 487962.595626812602859 ], [ 122144.068656931587611, 487967.950083688832819 ], [ 122176.271890430143685, 487960.53033630317077 ] ] ] } },
{ "type": "Feature", "properties": { "sensor": "GASA-02-02", "time": "2025-08-20T14:44:00+02:00", "count_line": 61, "location": "BrugOostertoegang2", "count_area": 104.0, "countline_length": 6, "density": 0.39778773231279313, "flow": 10.166666666666666, "LoS": "LoS B" }, "geometry": { "type": "Polygon", "coordinates": [ [ [ 122176.271890430143685, 487960.53033630317077 ], [ 122171.22340251825517, 487951.351267372490838 ], [ 122141.391428493458079, 487962.595626812602859 ], [ 122144.068656931587611, 487967.950083688832819 ], [ 122176.271890430143685, 487960.53033630317077 ] ] ] } },
{ "type": "Feature", "properties": { "sensor": "GASA-02-02", "time": "2025-08-20T14:46:00+02:00", "count_line": 83, "location": "BrugOostertoegang2", "count_area": 136.0, "countline_length": 6, "density": 0.5201839576398064, "flow": 13.833333333333334, "LoS": "LoS B" }, "geometry": { "type": "Polygon", "coordinates": [ [ [ 122176.271890430143685, 487960.53033630317077 ], [ 122171.22340251825517, 487951.351267372490838 ], [ 122141.391428493458079, 487962.595626812602859 ], [ 122144.068656931587611, 487967.950083688832819 ], [ 122176.271890430143685, 487960.53033630317077 ] ] ] } },
{ "type": "Feature", "properties": { "sensor": "GASA-02-02", "time": "2025-08-20T14:48:00+02:00", "count_line": 60, "location": "BrugOostertoegang2", "count_area": 106.0, "countline_length": 6, "density": 0.40543749639573146, "flow": 10.0, "LoS": "LoS B" }, "geometry": { "type": "Polygon", "coordinates": [ [ [ 122176.271890430143685, 487960.53033630317077 ], [ 122171.22340251825517, 487951.351267372490838 ], [ 122141.391428493458079, 487962.595626812602859 ], [ 122144.068656931587611, 487967.950083688832819 ], [ 122176.271890430143685, 487960.53033630317077 ] ] ] } },
{ "type": "Feature", "properties": { "sensor": "GASA-02-02", "time": "2025-08-20T14:50:00+02:00", "count_line": 82, "location": "BrugOostertoegang2", "count_area": 141.0, "countline_length": 6, "density": 0.53930836784715219, "flow": 13.666666666666666, "LoS": "LoS B" }, "geometry": { "type": "Polygon", "coordinates": [ [ [ 122176.271890430143685, 487960.53033630317077 ], [ 122171.22340251825517, 487951.351267372490838 ], [ 122141.391428493458079, 487962.595626812602859 ], [ 122144.068656931587611, 487967.950083688832819 ], [ 122176.271890430143685, 487960.53033630317077 ] ] ] } },
{ "type": "Feature", "properties": { "sensor": "GASA-02-02", "time": "2025-08-20T14:52:00+02:00", "count_line": 70, "location": "BrugOostertoegang2", "count_area": 122.0, "countline_length": 6, "density": 0.46663560905923812, "flow": 11.666666666666666, "LoS": "LoS B" }, "geometry": { "type": "Polygon", "coordinates": [ [ [ 122176.271890430143685, 487960.53033630317077 ], [ 122171.22340251825517, 487951.351267372490838 ], [ 122141.391428493458079, 487962.595626812602859 ], [ 122144.068656931587611, 487967.950083688832819 ], [ 122176.271890430143685, 487960.53033630317077 ] ] ] } },
{ "type": "Feature", "properties": { "sensor": "GASA-02-02", "time": "2025-08-20T14:54:00+02:00", "count_line": 75, "location": "BrugOostertoegang2", "count_area": 131.0, "countline_length": 6, "density": 0.50105954743246062, "flow": 12.5, "LoS": "LoS B" }, "geometry": { "type": "Polygon", "coordinates": [ [ [ 122176.271890430143685, 487960.53033630317077 ], [ 122171.22340251825517, 487951.351267372490838 ], [ 122141.391428493458079, 487962.595626812602859 ], [ 122144.068656931587611, 487967.950083688832819 ], [ 122176.271890430143685, 487960.53033630317077 ] ] ] } },
{ "type": "Feature", "properties": { "sensor": "GASA-02-02", "time": "2025-08-20T14:55:00+02:00", "count_line": 81, "location": "BrugOostertoegang2", "count_area": 132.0, "countline_length": 6, "density": 0.50488442947392975, "flow": 13.5, "LoS": "LoS B" }, "geometry": { "type": "Polygon", "coordinates": [ [ [ 122176.271890430143685, 487960.53033630317077 ], [ 122171.22340251825517, 487951.351267372490838 ], [ 122141.391428493458079, 487962.595626812602859 ], [ 122144.068656931587611, 487967.950083688832819 ], [ 122176.271890430143685, 487960.53033630317077 ] ] ] } },
{ "type": "Feature", "properties": { "sensor": "GASA-02-02", "time": "2025-08-20T14:56:00+02:00", "count_line": 67, "location": "BrugOostertoegang2", "count_area": 114.0, "countline_length": 6, "density": 0.43603655272748476, "flow": 11.166666666666666, "LoS": "LoS B" }, "geometry": { "type": "Polygon", "coordinates": [ [ [ 122176.271890430143685, 487960.53033630317077 ], [ 122171.22340251825517, 487951.351267372490838 ], [ 122141.391428493458079, 487962.595626812602859 ], [ 122144.068656931587611, 487967.950083688832819 ], [ 122176.271890430143685, 487960.53033630317077 ] ] ] } },
{ "type": "Feature", "properties": { "sensor": "GASA-02-02", "time": "2025-08-20T14:58:00+02:00", "count_line": 41, "location": "BrugOostertoegang2", "count_area": 78.0, "countline_length": 6, "density": 0.29834079923459483, "flow": 6.833333333333333, "LoS": "LoS A" }, "geometry": { "type": "Polygon", "coordinates": [ [ [ 122176.271890430143685, 487960.53033630317077 ], [ 122171.22340251825517, 487951.351267372490838 ], [ 122141.391428493458079, 487962.595626812602859 ], [ 122144.068656931587611, 487967.950083688832819 ], [ 122176.271890430143685, 487960.53033630317077 ] ] ] } },
{ "type": "Feature", "properties": { "sensor": "GASA-02-02", "time": "2025-08-20T15:00:00+02:00", "count_line": 52, "location": "BrugOostertoegang2", "count_area": 99.0, "countline_length": 6, "density": 0.37866332210544729, "flow": 8.6666666666666661, "LoS": "LoS B" }, "geometry": { "type": "Polygon", "coordinates": [ [ [ 122176.271890430143685, 487960.53033630317077 ], [ 122171.22340251825517, 487951.351267372490838 ], [ 122141.391428493458079, 487962.595626812602859 ], [ 122144.068656931587611, 487967.950083688832819 ], [ 122176.271890430143685, 487960.53033630317077 ] ] ] } },
{ "type": "Feature", "properties": { "sensor": "GASA-02-02", "time": "2025-08-20T15:02:00+02:00", "count_line": 44, "location": "BrugOostertoegang2", "count_area": 67.0, "countline_length": 6, "density": 0.25626709677843407, "flow": 7.333333333333333, "LoS": "LoS A" }, "geometry": { "type": "Polygon", "coordinates": [ [ [ 122176.271890430143685, 487960.53033630317077 ], [ 122171.22340251825517, 487951.351267372490838 ], [ 122141.391428493458079, 487962.595626812602859 ], [ 122144.068656931587611, 487967.950083688832819 ], [ 122176.271890430143685, 487960.53033630317077 ] ] ] } },
{ "type": "Feature", "properties": { "sensor": "GASA-02-02", "time": "2025-08-20T15:04:00+02:00", "count_line": 61, "location": "BrugOostertoegang2", "count_area": 107.0, "countline_length": 6, "density": 0.40926237843720065, "flow": 10.166666666666666, "LoS": "LoS B" }, "geometry": { "type": "Polygon", "coordinates": [ [ [ 122176.271890430143685, 487960.53033630317077 ], [ 122171.22340251825517, 487951.351267372490838 ], [ 122141.391428493458079, 487962.595626812602859 ], [ 122144.068656931587611, 487967.950083688832819 ], [ 122176.271890430143685, 487960.53033630317077 ] ] ] } },
{ "type": "Feature", "properties": { "sensor": "GASA-02-02", "time": "2025-08-20T15:05:00+02:00", "count_line": 90, "location": "BrugOostertoegang2", "count_area": 155.0, "countline_length": 6, "density": 0.59285671642772053, "flow": 15.0, "LoS": "LoS B" }, "geometry": { "type": "Polygon", "coordinates": [ [ [ 122176.271890430143685, 487960.53033630317077 ], [ 122171.22340251825517, 487951.351267372490838 ], [ 122141.391428493458079, 487962.595626812602859 ], [ 122144.068656931587611, 487967.950083688832819 ], [ 122176.271890430143685, 487960.53033630317077 ] ] ] } },
{ "type": "Feature", "properties": { "sensor": "GASA-02-02", "time": "2025-08-20T15:06:00+02:00", "count_line": 71, "location": "BrugOostertoegang2", "count_area": 133.0, "countline_length": 6, "density": 0.50870931151539889, "flow": 11.833333333333334, "LoS": "LoS B" }, "geometry": { "type": "Polygon", "coordinates": [ [ [ 122176.271890430143685, 487960.53033630317077 ], [ 122171.22340251825517, 487951.351267372490838 ], [ 122141.391428493458079, 487962.595626812602859 ], [ 122144.068656931587611, 487967.950083688832819 ], [ 122176.271890430143685, 487960.53033630317077 ] ] ] } },
{ "type": "Feature", "properties": { "sensor": "GASA-02-02", "time": "2025-08-20T15:08:00+02:00", "count_line": 85, "location": "BrugOostertoegang2", "count_area": 143.0, "countline_length": 6, "density": 0.54695813193009057, "flow": 14.166666666666666, "LoS": "LoS B" }, "geometry": { "type": "Polygon", "coordinates": [ [ [ 122176.271890430143685, 487960.53033630317077 ], [ 122171.22340251825517, 487951.351267372490838 ], [ 122141.391428493458079, 487962.595626812602859 ], [ 122144.068656931587611, 487967.950083688832819 ], [ 122176.271890430143685, 487960.53033630317077 ] ] ] } },
{ "type": "Feature", "properties": { "sensor": "GASA-02-02", "time": "2025-08-20T15:10:00+02:00", "count_line": 87, "location": "BrugOostertoegang2", "count_area": 149.0, "countline_length": 6, "density": 0.5699074241789055, "flow": 14.5, "LoS": "LoS B" }, "geometry": { "type": "Polygon", "coordinates": [ [ [ 122176.271890430143685, 487960.53033630317077 ], [ 122171.22340251825517, 487951.351267372490838 ], [ 122141.391428493458079, 487962.595626812602859 ], [ 122144.068656931587611, 487967.950083688832819 ], [ 122176.271890430143685, 487960.53033630317077 ] ] ] } },
{ "type": "Feature", "properties": { "sensor": "GASA-02-02", "time": "2025-08-20T15:12:00+02:00", "count_line": 87, "location": "BrugOostertoegang2", "count_area": 173.0, "countline_length": 6, "density": 0.66170459317416552, "flow": 14.5, "LoS": "LoS B" }, "geometry": { "type": "Polygon", "coordinates": [ [ [ 122176.271890430143685, 487960.53033630317077 ], [ 122171.22340251825517, 487951.351267372490838 ], [ 122141.391428493458079, 487962.595626812602859 ], [ 122144.068656931587611, 487967.950083688832819 ], [ 122176.271890430143685, 487960.53033630317077 ] ] ] } },
{ "type": "Feature", "properties": { "sensor": "GASA-02-02", "time": "2025-08-20T15:14:00+02:00", "count_line": 71, "location": "BrugOostertoegang2", "count_area": 109.0, "countline_length": 6, "density": 0.41691214252013897, "flow": 11.833333333333334, "LoS": "LoS B" }, "geometry": { "type": "Polygon", "coordinates": [ [ [ 122176.271890430143685, 487960.53033630317077 ], [ 122171.22340251825517, 487951.351267372490838 ], [ 122141.391428493458079, 487962.595626812602859 ], [ 122144.068656931587611, 487967.950083688832819 ], [ 122176.271890430143685, 487960.53033630317077 ] ] ] } },
{ "type": "Feature", "properties": { "sensor": "GASA-02-02", "time": "2025-08-20T15:16:00+02:00", "count_line": 72, "location": "BrugOostertoegang2", "count_area": 111.0, "countline_length": 6, "density": 0.4245619066030773, "flow": 12.0, "LoS": "LoS B" }, "geometry": { "type": "Polygon", "coordinates": [ [ [ 122176.271890430143685, 487960.53033630317077 ], [ 122171.22340251825517, 487951.351267372490838 ], [ 122141.391428493458079, 487962.595626812602859 ], [ 122144.068656931587611, 487967.950083688832819 ], [ 122176.271890430143685, 487960.53033630317077 ] ] ] } },
{ "type": "Feature", "properties": { "sensor": "GASA-02-02", "time": "2025-08-20T15:18:00+02:00", "count_line": 72, "location": "BrugOostertoegang2", "count_area": 137.0, "countline_length": 6, "density": 0.52400883968127554, "flow": 12.0, "LoS": "LoS B" }, "geometry": { "type": "Polygon", "coordinates": [ [ [ 122176.271890430143685, 487960.53033630317077 ], [ 122171.22340251825517, 487951.351267372490838 ], [ 122141.391428493458079, 487962.595626812602859 ], [ 122144.068656931587611, 487967.950083688832819 ], [ 122176.271890430143685, 487960.53033630317077 ] ] ] } },
{ "type": "Feature", "properties": { "sensor": "GASA-02-02", "time": "2025-08-20T15:20:00+02:00", "count_line": 45, "location": "BrugOostertoegang2", "count_area": 72.0, "countline_length": 6, "density": 0.27539150698577985, "flow": 7.5, "LoS": "LoS A" }, "geometry": { "type": "Polygon", "coordinates": [ [ [ 122176.271890430143685, 487960.53033630317077 ], [ 122171.22340251825517, 487951.351267372490838 ], [ 122141.391428493458079, 487962.595626812602859 ], [ 122144.068656931587611, 487967.950083688832819 ], [ 122176.271890430143685, 487960.53033630317077 ] ] ] } },
{ "type": "Feature", "properties": { "sensor": "GASA-02-02", "time": "2025-08-20T15:22:00+02:00", "count_line": 61, "location": "BrugOostertoegang2", "count_area": 96.0, "countline_length": 6, "density": 0.36718867598103982, "flow": 10.166666666666666, "LoS": "LoS B" }, "geometry": { "type": "Polygon", "coordinates": [ [ [ 122176.271890430143685, 487960.53033630317077 ], [ 122171.22340251825517, 487951.351267372490838 ], [ 122141.391428493458079, 487962.595626812602859 ], [ 122144.068656931587611, 487967.950083688832819 ], [ 122176.271890430143685, 487960.53033630317077 ] ] ] } },
{ "type": "Feature", "properties": { "sensor": "GASA-02-02", "time": "2025-08-20T15:24:00+02:00", "count_line": 49, "location": "BrugOostertoegang2", "count_area": 85.0, "countline_length": 6, "density": 0.325114973524879, "flow": 8.1666666666666661, "LoS": "LoS B" }, "geometry": { "type": "Polygon", "coordinates": [ [ [ 122176.271890430143685, 487960.53033630317077 ], [ 122171.22340251825517, 487951.351267372490838 ], [ 122141.391428493458079, 487962.595626812602859 ], [ 122144.068656931587611, 487967.950083688832819 ], [ 122176.271890430143685, 487960.53033630317077 ] ] ] } },
{ "type": "Feature", "properties": { "sensor": "GASA-02-02", "time": "2025-08-20T15:26:00+02:00", "count_line": 58, "location": "BrugOostertoegang2", "count_area": 89.0, "countline_length": 6, "density": 0.34041450169075566, "flow": 9.6666666666666661, "LoS": "LoS B" }, "geometry": { "type": "Polygon", "coordinates": [ [ [ 122176.271890430143685, 487960.53033630317077 ], [ 122171.22340251825517, 487951.351267372490838 ], [ 122141.391428493458079, 487962.595626812602859 ], [ 122144.068656931587611, 487967.950083688832819 ], [ 122176.271890430143685, 487960.53033630317077 ] ] ] } },
{ "type": "Feature", "properties": { "sensor": "GASA-02-02", "time": "2025-08-20T15:27:00+02:00", "count_line": 52, "location": "BrugOostertoegang2", "count_area": 81.0, "countline_length": 6, "density": 0.30981544535900235, "flow": 8.6666666666666661, "LoS": "LoS B" }, "geometry": { "type": "Polygon", "coordinates": [ [ [ 122176.271890430143685, 487960.53033630317077 ], [ 122171.22340251825517, 487951.351267372490838 ], [ 122141.391428493458079, 487962.595626812602859 ], [ 122144.068656931587611, 487967.950083688832819 ], [ 122176.271890430143685, 487960.53033630317077 ] ] ] } },
{ "type": "Feature", "properties": { "sensor": "GASA-02-02", "time": "2025-08-20T15:28:00+02:00", "count_line": 74, "location": "BrugOostertoegang2", "count_area": 146.0, "countline_length": 6, "density": 0.55843277805449809, "flow": 12.333333333333334, "LoS": "LoS B" }, "geometry": { "type": "Polygon", "coordinates": [ [ [ 122176.271890430143685, 487960.53033630317077 ], [ 122171.22340251825517, 487951.351267372490838 ], [ 122141.391428493458079, 487962.595626812602859 ], [ 122144.068656931587611, 487967.950083688832819 ], [ 122176.271890430143685, 487960.53033630317077 ] ] ] } },
{ "type": "Feature", "properties": { "sensor": "GASA-02-02", "time": "2025-08-20T15:30:00+02:00", "count_line": 68, "location": "BrugOostertoegang2", "count_area": 104.0, "countline_length": 6, "density": 0.39778773231279313, "flow": 11.333333333333334, "LoS": "LoS B" }, "geometry": { "type": "Polygon", "coordinates": [ [ [ 122176.271890430143685, 487960.53033630317077 ], [ 122171.22340251825517, 487951.351267372490838 ], [ 122141.391428493458079, 487962.595626812602859 ], [ 122144.068656931587611, 487967.950083688832819 ], [ 122176.271890430143685, 487960.53033630317077 ] ] ] } },
{ "type": "Feature", "properties": { "sensor": "GASA-02-02", "time": "2025-08-20T15:32:00+02:00", "count_line": 85, "location": "BrugOostertoegang2", "count_area": 165.0, "countline_length": 6, "density": 0.63110553684241222, "flow": 14.166666666666666, "LoS": "LoS B" }, "geometry": { "type": "Polygon", "coordinates": [ [ [ 122176.271890430143685, 487960.53033630317077 ], [ 122171.22340251825517, 487951.351267372490838 ], [ 122141.391428493458079, 487962.595626812602859 ], [ 122144.068656931587611, 487967.950083688832819 ], [ 122176.271890430143685, 487960.53033630317077 ] ] ] } },
{ "type": "Feature", "properties": { "sensor": "GASA-02-02", "time": "2025-08-20T15:34:00+02:00", "count_line": 79, "location": "BrugOostertoegang2", "count_area": 127.0, "countline_length": 6, "density": 0.48576001926658391, "flow": 13.166666666666666, "LoS": "LoS B" }, "geometry": { "type": "Polygon", "coordinates": [ [ [ 122176.271890430143685, 487960.53033630317077 ], [ 122171.22340251825517, 487951.351267372490838 ], [ 122141.391428493458079, 487962.595626812602859 ], [ 122144.068656931587611, 487967.950083688832819 ], [ 122176.271890430143685, 487960.53033630317077 ] ] ] } },
{ "type": "Feature", "properties": { "sensor": "GASA-02-02", "time": "2025-08-20T15:36:00+02:00", "count_line": 84, "location": "BrugOostertoegang2", "count_area": 131.0, "countline_length": 6, "density": 0.50105954743246062, "flow": 14.0, "LoS": "LoS B" }, "geometry": { "type": "Polygon", "coordinates": [ [ [ 122176.271890430143685, 487960.53033630317077 ], [ 122171.22340251825517, 487951.351267372490838 ], [ 122141.391428493458079, 487962.595626812602859 ], [ 122144.068656931587611, 487967.950083688832819 ], [ 122176.271890430143685, 487960.53033630317077 ] ] ] } },
{ "type": "Feature", "properties": { "sensor": "GASA-02-02", "time": "2025-08-20T15:37:00+02:00", "count_line": 81, "location": "BrugOostertoegang2", "count_area": 138.0, "countline_length": 6, "density": 0.52783372172274479, "flow": 13.5, "LoS": "LoS B" }, "geometry": { "type": "Polygon", "coordinates": [ [ [ 122176.271890430143685, 487960.53033630317077 ], [ 122171.22340251825517, 487951.351267372490838 ], [ 122141.391428493458079, 487962.595626812602859 ], [ 122144.068656931587611, 487967.950083688832819 ], [ 122176.271890430143685, 487960.53033630317077 ] ] ] } },
{ "type": "Feature", "properties": { "sensor": "GASA-02-02", "time": "2025-08-20T15:38:00+02:00", "count_line": 60, "location": "BrugOostertoegang2", "count_area": 109.0, "countline_length": 6, "density": 0.41691214252013897, "flow": 10.0, "LoS": "LoS B" }, "geometry": { "type": "Polygon", "coordinates": [ [ [ 122176.271890430143685, 487960.53033630317077 ], [ 122171.22340251825517, 487951.351267372490838 ], [ 122141.391428493458079, 487962.595626812602859 ], [ 122144.068656931587611, 487967.950083688832819 ], [ 122176.271890430143685, 487960.53033630317077 ] ] ] } },
{ "type": "Feature", "properties": { "sensor": "GASA-02-02", "time": "2025-08-20T15:40:00+02:00", "count_line": 81, "location": "BrugOostertoegang2", "count_area": 129.0, "countline_length": 6, "density": 0.49340978334952224, "flow": 13.5, "LoS": "LoS B" }, "geometry": { "type": "Polygon", "coordinates": [ [ [ 122176.271890430143685, 487960.53033630317077 ], [ 122171.22340251825517, 487951.351267372490838 ], [ 122141.391428493458079, 487962.595626812602859 ], [ 122144.068656931587611, 487967.950083688832819 ], [ 122176.271890430143685, 487960.53033630317077 ] ] ] } },
{ "type": "Feature", "properties": { "sensor": "GASA-02-02", "time": "2025-08-20T15:42:00+02:00", "count_line": 48, "location": "BrugOostertoegang2", "count_area": 87.0, "countline_length": 6, "density": 0.33276473760781733, "flow": 8.0, "LoS": "LoS B" }, "geometry": { "type": "Polygon", "coordinates": [ [ [ 122176.271890430143685, 487960.53033630317077 ], [ 122171.22340251825517, 487951.351267372490838 ], [ 122141.391428493458079, 487962.595626812602859 ], [ 122144.068656931587611, 487967.950083688832819 ], [ 122176.271890430143685, 487960.53033630317077 ] ] ] } },
{ "type": "Feature", "properties": { "sensor": "GASA-02-02", "time": "2025-08-20T15:44:00+02:00", "count_line": 70, "location": "BrugOostertoegang2", "count_area": 128.0, "countline_length": 6, "density": 0.4895849013080531, "flow": 11.666666666666666, "LoS": "LoS B" }, "geometry": { "type": "Polygon", "coordinates": [ [ [ 122176.271890430143685, 487960.53033630317077 ], [ 122171.22340251825517, 487951.351267372490838 ], [ 122141.391428493458079, 487962.595626812602859 ], [ 122144.068656931587611, 487967.950083688832819 ], [ 122176.271890430143685, 487960.53033630317077 ] ] ] } },
{ "type": "Feature", "properties": { "sensor": "GASA-02-02", "time": "2025-08-20T15:46:00+02:00", "count_line": 84, "location": "BrugOostertoegang2", "count_area": 158.0, "countline_length": 6, "density": 0.60433136255212805, "flow": 14.0, "LoS": "LoS B" }, "geometry": { "type": "Polygon", "coordinates": [ [ [ 122176.271890430143685, 487960.53033630317077 ], [ 122171.22340251825517, 487951.351267372490838 ], [ 122141.391428493458079, 487962.595626812602859 ], [ 122144.068656931587611, 487967.950083688832819 ], [ 122176.271890430143685, 487960.53033630317077 ] ] ] } },
{ "type": "Feature", "properties": { "sensor": "GASA-02-02", "time": "2025-08-20T15:48:00+02:00", "count_line": 88, "location": "BrugOostertoegang2", "count_area": 145.0, "countline_length": 6, "density": 0.55460789601302884, "flow": 14.666666666666666, "LoS": "LoS B" }, "geometry": { "type": "Polygon", "coordinates": [ [ [ 122176.271890430143685, 487960.53033630317077 ], [ 122171.22340251825517, 487951.351267372490838 ], [ 122141.391428493458079, 487962.595626812602859 ], [ 122144.068656931587611, 487967.950083688832819 ], [ 122176.271890430143685, 487960.53033630317077 ] ] ] } },
{ "type": "Feature", "properties": { "sensor": "GASA-02-02", "time": "2025-08-20T15:50:00+02:00", "count_line": 99, "location": "BrugOostertoegang2", "count_area": 157.0, "countline_length": 6, "density": 0.60050648051065891, "flow": 16.5, "LoS": "LoS B" }, "geometry": { "type": "Polygon", "coordinates": [ [ [ 122176.271890430143685, 487960.53033630317077 ], [ 122171.22340251825517, 487951.351267372490838 ], [ 122141.391428493458079, 487962.595626812602859 ], [ 122144.068656931587611, 487967.950083688832819 ], [ 122176.271890430143685, 487960.53033630317077 ] ] ] } },
{ "type": "Feature", "properties": { "sensor": "GASA-02-02", "time": "2025-08-20T15:52:00+02:00", "count_line": 180, "location": "BrugOostertoegang2", "count_area": 326.0, "countline_length": 6, "density": 1.2469115455189477, "flow": 30.0, "LoS": "LoS C" }, "geometry": { "type": "Polygon", "coordinates": [ [ [ 122176.271890430143685, 487960.53033630317077 ], [ 122171.22340251825517, 487951.351267372490838 ], [ 122141.391428493458079, 487962.595626812602859 ], [ 122144.068656931587611, 487967.950083688832819 ], [ 122176.271890430143685, 487960.53033630317077 ] ] ] } },
{ "type": "Feature", "properties": { "sensor": "GASA-02-02", "time": "2025-08-20T15:54:00+02:00", "count_line": 54, "location": "BrugOostertoegang2", "count_area": 87.0, "countline_length": 6, "density": 0.33276473760781733, "flow": 9.0, "LoS": "LoS B" }, "geometry": { "type": "Polygon", "coordinates": [ [ [ 122176.271890430143685, 487960.53033630317077 ], [ 122171.22340251825517, 487951.351267372490838 ], [ 122141.391428493458079, 487962.595626812602859 ], [ 122144.068656931587611, 487967.950083688832819 ], [ 122176.271890430143685, 487960.53033630317077 ] ] ] } },
{ "type": "Feature", "properties": { "sensor": "GASA-02-02", "time": "2025-08-20T15:56:00+02:00", "count_line": 180, "location": "BrugOostertoegang2", "count_area": 309.0, "countline_length": 6, "density": 1.1818885508139718, "flow": 30.0, "LoS": "LoS C" }, "geometry": { "type": "Polygon", "coordinates": [ [ [ 122176.271890430143685, 487960.53033630317077 ], [ 122171.22340251825517, 487951.351267372490838 ], [ 122141.391428493458079, 487962.595626812602859 ], [ 122144.068656931587611, 487967.950083688832819 ], [ 122176.271890430143685, 487960.53033630317077 ] ] ] } },
{ "type": "Feature", "properties": { "sensor": "GASA-02-02", "time": "2025-08-20T15:58:00+02:00", "count_line": 92, "location": "BrugOostertoegang2", "count_area": 160.0, "countline_length": 6, "density": 0.61198112663506632, "flow": 15.333333333333334, "LoS": "LoS B" }, "geometry": { "type": "Polygon", "coordinates": [ [ [ 122176.271890430143685, 487960.53033630317077 ], [ 122171.22340251825517, 487951.351267372490838 ], [ 122141.391428493458079, 487962.595626812602859 ], [ 122144.068656931587611, 487967.950083688832819 ], [ 122176.271890430143685, 487960.53033630317077 ] ] ] } },
{ "type": "Feature", "properties": { "sensor": "GASA-02-02", "time": "2025-08-20T15:59:00+02:00", "count_line": 69, "location": "BrugOostertoegang2", "count_area": 133.0, "countline_length": 6, "density": 0.50870931151539889, "flow": 11.5, "LoS": "LoS B" }, "geometry": { "type": "Polygon", "coordinates": [ [ [ 122176.271890430143685, 487960.53033630317077 ], [ 122171.22340251825517, 487951.351267372490838 ], [ 122141.391428493458079, 487962.595626812602859 ], [ 122144.068656931587611, 487967.950083688832819 ], [ 122176.271890430143685, 487960.53033630317077 ] ] ] } },
{ "type": "Feature", "properties": { "sensor": "GASA-02-02", "time": "2025-08-20T16:00:00+02:00", "count_line": 71, "location": "BrugOostertoegang2", "count_area": 137.0, "countline_length": 6, "density": 0.52400883968127554, "flow": 11.833333333333334, "LoS": "LoS B" }, "geometry": { "type": "Polygon", "coordinates": [ [ [ 122176.271890430143685, 487960.53033630317077 ], [ 122171.22340251825517, 487951.351267372490838 ], [ 122141.391428493458079, 487962.595626812602859 ], [ 122144.068656931587611, 487967.950083688832819 ], [ 122176.271890430143685, 487960.53033630317077 ] ] ] } },
{ "type": "Feature", "properties": { "sensor": "GASA-02-02", "time": "2025-08-20T16:02:00+02:00", "count_line": 67, "location": "BrugOostertoegang2", "count_area": 128.0, "countline_length": 6, "density": 0.4895849013080531, "flow": 11.166666666666666, "LoS": "LoS B" }, "geometry": { "type": "Polygon", "coordinates": [ [ [ 122176.271890430143685, 487960.53033630317077 ], [ 122171.22340251825517, 487951.351267372490838 ], [ 122141.391428493458079, 487962.595626812602859 ], [ 122144.068656931587611, 487967.950083688832819 ], [ 122176.271890430143685, 487960.53033630317077 ] ] ] } },
{ "type": "Feature", "properties": { "sensor": "GASA-02-02", "time": "2025-08-20T16:04:00+02:00", "count_line": 58, "location": "BrugOostertoegang2", "count_area": 111.0, "countline_length": 6, "density": 0.4245619066030773, "flow": 9.6666666666666661, "LoS": "LoS B" }, "geometry": { "type": "Polygon", "coordinates": [ [ [ 122176.271890430143685, 487960.53033630317077 ], [ 122171.22340251825517, 487951.351267372490838 ], [ 122141.391428493458079, 487962.595626812602859 ], [ 122144.068656931587611, 487967.950083688832819 ], [ 122176.271890430143685, 487960.53033630317077 ] ] ] } },
{ "type": "Feature", "properties": { "sensor": "GASA-02-02", "time": "2025-08-20T16:06:00+02:00", "count_line": 168, "location": "BrugOostertoegang2", "count_area": 289.0, "countline_length": 6, "density": 1.1053909099845887, "flow": 28.0, "LoS": "LoS C" }, "geometry": { "type": "Polygon", "coordinates": [ [ [ 122176.271890430143685, 487960.53033630317077 ], [ 122171.22340251825517, 487951.351267372490838 ], [ 122141.391428493458079, 487962.595626812602859 ], [ 122144.068656931587611, 487967.950083688832819 ], [ 122176.271890430143685, 487960.53033630317077 ] ] ] } },
{ "type": "Feature", "properties": { "sensor": "GASA-02-02", "time": "2025-08-20T16:08:00+02:00", "count_line": 134, "location": "BrugOostertoegang2", "count_area": 219.0, "countline_length": 6, "density": 0.83764916708174708, "flow": 22.333333333333332, "LoS": "LoS C" }, "geometry": { "type": "Polygon", "coordinates": [ [ [ 122176.271890430143685, 487960.53033630317077 ], [ 122171.22340251825517, 487951.351267372490838 ], [ 122141.391428493458079, 487962.595626812602859 ], [ 122144.068656931587611, 487967.950083688832819 ], [ 122176.271890430143685, 487960.53033630317077 ] ] ] } },
{ "type": "Feature", "properties": { "sensor": "GASA-02-02", "time": "2025-08-20T16:10:00+02:00", "count_line": 148, "location": "BrugOostertoegang2", "count_area": 280.0, "countline_length": 6, "density": 1.0709669716113661, "flow": 24.666666666666668, "LoS": "LoS C" }, "geometry": { "type": "Polygon", "coordinates": [ [ [ 122176.271890430143685, 487960.53033630317077 ], [ 122171.22340251825517, 487951.351267372490838 ], [ 122141.391428493458079, 487962.595626812602859 ], [ 122144.068656931587611, 487967.950083688832819 ], [ 122176.271890430143685, 487960.53033630317077 ] ] ] } },
{ "type": "Feature", "properties": { "sensor": "GASA-02-02", "time": "2025-08-20T16:12:00+02:00", "count_line": 66, "location": "BrugOostertoegang2", "count_area": 119.0, "countline_length": 6, "density": 0.4551609629348306, "flow": 11.0, "LoS": "LoS B" }, "geometry": { "type": "Polygon", "coordinates": [ [ [ 122176.271890430143685, 487960.53033630317077 ], [ 122171.22340251825517, 487951.351267372490838 ], [ 122141.391428493458079, 487962.595626812602859 ], [ 122144.068656931587611, 487967.950083688832819 ], [ 122176.271890430143685, 487960.53033630317077 ] ] ] } },
{ "type": "Feature", "properties": { "sensor": "GASA-02-02", "time": "2025-08-20T16:14:00+02:00", "count_line": 104, "location": "BrugOostertoegang2", "count_area": 203.0, "countline_length": 6, "density": 0.77645105441824047, "flow": 17.333333333333332, "LoS": "LoS C" }, "geometry": { "type": "Polygon", "coordinates": [ [ [ 122176.271890430143685, 487960.53033630317077 ], [ 122171.22340251825517, 487951.351267372490838 ], [ 122141.391428493458079, 487962.595626812602859 ], [ 122144.068656931587611, 487967.950083688832819 ], [ 122176.271890430143685, 487960.53033630317077 ] ] ] } },
{ "type": "Feature", "properties": { "sensor": "GASA-02-02", "time": "2025-08-20T16:16:00+02:00", "count_line": 92, "location": "BrugOostertoegang2", "count_area": 173.0, "countline_length": 6, "density": 0.66170459317416552, "flow": 15.333333333333334, "LoS": "LoS B" }, "geometry": { "type": "Polygon", "coordinates": [ [ [ 122176.271890430143685, 487960.53033630317077 ], [ 122171.22340251825517, 487951.351267372490838 ], [ 122141.391428493458079, 487962.595626812602859 ], [ 122144.068656931587611, 487967.950083688832819 ], [ 122176.271890430143685, 487960.53033630317077 ] ] ] } },
{ "type": "Feature", "properties": { "sensor": "GASA-02-02", "time": "2025-08-20T16:18:00+02:00", "count_line": 77, "location": "BrugOostertoegang2", "count_area": 134.0, "countline_length": 6, "density": 0.51253419355686813, "flow": 12.833333333333334, "LoS": "LoS B" }, "geometry": { "type": "Polygon", "coordinates": [ [ [ 122176.271890430143685, 487960.53033630317077 ], [ 122171.22340251825517, 487951.351267372490838 ], [ 122141.391428493458079, 487962.595626812602859 ], [ 122144.068656931587611, 487967.950083688832819 ], [ 122176.271890430143685, 487960.53033630317077 ] ] ] } },
{ "type": "Feature", "properties": { "sensor": "GASA-02-02", "time": "2025-08-20T16:20:00+02:00", "count_line": 72, "location": "BrugOostertoegang2", "count_area": 116.0, "countline_length": 6, "density": 0.44368631681042309, "flow": 12.0, "LoS": "LoS B" }, "geometry": { "type": "Polygon", "coordinates": [ [ [ 122176.271890430143685, 487960.53033630317077 ], [ 122171.22340251825517, 487951.351267372490838 ], [ 122141.391428493458079, 487962.595626812602859 ], [ 122144.068656931587611, 487967.950083688832819 ], [ 122176.271890430143685, 487960.53033630317077 ] ] ] } },
{ "type": "Feature", "properties": { "sensor": "GASA-02-02", "time": "2025-08-20T16:21:00+02:00", "count_line": 58, "location": "BrugOostertoegang2", "count_area": 100.0, "countline_length": 6, "density": 0.38248820414691648, "flow": 9.6666666666666661, "LoS": "LoS B" }, "geometry": { "type": "Polygon", "coordinates": [ [ [ 122176.271890430143685, 487960.53033630317077 ], [ 122171.22340251825517, 487951.351267372490838 ], [ 122141.391428493458079, 487962.595626812602859 ], [ 122144.068656931587611, 487967.950083688832819 ], [ 122176.271890430143685, 487960.53033630317077 ] ] ] } },
{ "type": "Feature", "properties": { "sensor": "GASA-02-02", "time": "2025-08-20T16:22:00+02:00", "count_line": 68, "location": "BrugOostertoegang2", "count_area": 112.0, "countline_length": 6, "density": 0.42838678864454643, "flow": 11.333333333333334, "LoS": "LoS B" }, "geometry": { "type": "Polygon", "coordinates": [ [ [ 122176.271890430143685, 487960.53033630317077 ], [ 122171.22340251825517, 487951.351267372490838 ], [ 122141.391428493458079, 487962.595626812602859 ], [ 122144.068656931587611, 487967.950083688832819 ], [ 122176.271890430143685, 487960.53033630317077 ] ] ] } },
{ "type": "Feature", "properties": { "sensor": "GASA-02-02", "time": "2025-08-20T16:24:00+02:00", "count_line": 98, "location": "BrugOostertoegang2", "count_area": 180.0, "countline_length": 6, "density": 0.68847876746444969, "flow": 16.333333333333332, "LoS": "LoS B" }, "geometry": { "type": "Polygon", "coordinates": [ [ [ 122176.271890430143685, 487960.53033630317077 ], [ 122171.22340251825517, 487951.351267372490838 ], [ 122141.391428493458079, 487962.595626812602859 ], [ 122144.068656931587611, 487967.950083688832819 ], [ 122176.271890430143685, 487960.53033630317077 ] ] ] } },
{ "type": "Feature", "properties": { "sensor": "GASA-02-02", "time": "2025-08-20T16:26:00+02:00", "count_line": 130, "location": "BrugOostertoegang2", "count_area": 240.0, "countline_length": 6, "density": 0.91797168995259959, "flow": 21.666666666666668, "LoS": "LoS C" }, "geometry": { "type": "Polygon", "coordinates": [ [ [ 122176.271890430143685, 487960.53033630317077 ], [ 122171.22340251825517, 487951.351267372490838 ], [ 122141.391428493458079, 487962.595626812602859 ], [ 122144.068656931587611, 487967.950083688832819 ], [ 122176.271890430143685, 487960.53033630317077 ] ] ] } },
{ "type": "Feature", "properties": { "sensor": "GASA-02-02", "time": "2025-08-20T16:28:00+02:00", "count_line": 90, "location": "BrugOostertoegang2", "count_area": 148.0, "countline_length": 6, "density": 0.56608254213743636, "flow": 15.0, "LoS": "LoS B" }, "geometry": { "type": "Polygon", "coordinates": [ [ [ 122176.271890430143685, 487960.53033630317077 ], [ 122171.22340251825517, 487951.351267372490838 ], [ 122141.391428493458079, 487962.595626812602859 ], [ 122144.068656931587611, 487967.950083688832819 ], [ 122176.271890430143685, 487960.53033630317077 ] ] ] } },
{ "type": "Feature", "properties": { "sensor": "GASA-03", "time": "2025-08-20T08:10:00+02:00", "count_line": -1, "location": "Oosterdoksbrug", "count_area": -1.0, "countline_length": 8, "density": -0.0061928080548908394, "flow": -0.125, "LoS": "LoS A" }, "geometry": { "type": "Polygon", "coordinates": [ [ [ 122579.730216055279016, 487859.025132378330454 ], [ 122578.965293644389021, 487851.069939305016305 ], [ 122559.07731096119096, 487853.823659984220285 ], [ 122561.219093711682945, 487862.237806504068431 ], [ 122579.730216055279016, 487859.025132378330454 ] ] ] } },
{ "type": "Feature", "properties": { "sensor": "GASA-03", "time": "2025-08-20T08:11:00+02:00", "count_line": 7, "location": "Oosterdoksbrug", "count_area": 11.0, "countline_length": 8, "density": 0.068120888603799237, "flow": 0.875, "LoS": "LoS A" }, "geometry": { "type": "Polygon", "coordinates": [ [ [ 122579.730216055279016, 487859.025132378330454 ], [ 122578.965293644389021, 487851.069939305016305 ], [ 122559.07731096119096, 487853.823659984220285 ], [ 122561.219093711682945, 487862.237806504068431 ], [ 122579.730216055279016, 487859.025132378330454 ] ] ] } },
{ "type": "Feature", "properties": { "sensor": "GASA-03", "time": "2025-08-20T08:12:00+02:00", "count_line": 5, "location": "Oosterdoksbrug", "count_area": 8.0, "countline_length": 8, "density": 0.049542464439126715, "flow": 0.625, "LoS": "LoS A" }, "geometry": { "type": "Polygon", "coordinates": [ [ [ 122579.730216055279016, 487859.025132378330454 ], [ 122578.965293644389021, 487851.069939305016305 ], [ 122559.07731096119096, 487853.823659984220285 ], [ 122561.219093711682945, 487862.237806504068431 ], [ 122579.730216055279016, 487859.025132378330454 ] ] ] } },
{ "type": "Feature", "properties": { "sensor": "GASA-03", "time": "2025-08-20T08:13:00+02:00", "count_line": 2, "location": "Oosterdoksbrug", "count_area": 3.0, "countline_length": 8, "density": 0.018578424164672518, "flow": 0.25, "LoS": "LoS A" }, "geometry": { "type": "Polygon", "coordinates": [ [ [ 122579.730216055279016, 487859.025132378330454 ], [ 122578.965293644389021, 487851.069939305016305 ], [ 122559.07731096119096, 487853.823659984220285 ], [ 122561.219093711682945, 487862.237806504068431 ], [ 122579.730216055279016, 487859.025132378330454 ] ] ] } },
{ "type": "Feature", "properties": { "sensor": "GASA-03", "time": "2025-08-20T08:14:00+02:00", "count_line": 8, "location": "Oosterdoksbrug", "count_area": 13.0, "countline_length": 8, "density": 0.080506504713580909, "flow": 1.0, "LoS": "LoS A" }, "geometry": { "type": "Polygon", "coordinates": [ [ [ 122579.730216055279016, 487859.025132378330454 ], [ 122578.965293644389021, 487851.069939305016305 ], [ 122559.07731096119096, 487853.823659984220285 ], [ 122561.219093711682945, 487862.237806504068431 ], [ 122579.730216055279016, 487859.025132378330454 ] ] ] } },
{ "type": "Feature", "properties": { "sensor": "GASA-03", "time": "2025-08-20T08:15:00+02:00", "count_line": 7, "location": "Oosterdoksbrug", "count_area": 12.0, "countline_length": 8, "density": 0.074313696658690073, "flow": 0.875, "LoS": "LoS A" }, "geometry": { "type": "Polygon", "coordinates": [ [ [ 122579.730216055279016, 487859.025132378330454 ], [ 122578.965293644389021, 487851.069939305016305 ], [ 122559.07731096119096, 487853.823659984220285 ], [ 122561.219093711682945, 487862.237806504068431 ], [ 122579.730216055279016, 487859.025132378330454 ] ] ] } },
{ "type": "Feature", "properties": { "sensor": "GASA-03", "time": "2025-08-20T08:16:00+02:00", "count_line": 4, "location": "Oosterdoksbrug", "count_area": 7.0, "countline_length": 8, "density": 0.04334965638423588, "flow": 0.5, "LoS": "LoS A" }, "geometry": { "type": "Polygon", "coordinates": [ [ [ 122579.730216055279016, 487859.025132378330454 ], [ 122578.965293644389021, 487851.069939305016305 ], [ 122559.07731096119096, 487853.823659984220285 ], [ 122561.219093711682945, 487862.237806504068431 ], [ 122579.730216055279016, 487859.025132378330454 ] ] ] } },
{ "type": "Feature", "properties": { "sensor": "GASA-03", "time": "2025-08-20T08:17:00+02:00", "count_line": 4, "location": "Oosterdoksbrug", "count_area": 6.0, "countline_length": 8, "density": 0.037156848329345037, "flow": 0.5, "LoS": "LoS A" }, "geometry": { "type": "Polygon", "coordinates": [ [ [ 122579.730216055279016, 487859.025132378330454 ], [ 122578.965293644389021, 487851.069939305016305 ], [ 122559.07731096119096, 487853.823659984220285 ], [ 122561.219093711682945, 487862.237806504068431 ], [ 122579.730216055279016, 487859.025132378330454 ] ] ] } },
{ "type": "Feature", "properties": { "sensor": "GASA-03", "time": "2025-08-20T08:18:00+02:00", "count_line": 8, "location": "Oosterdoksbrug", "count_area": 14.0, "countline_length": 8, "density": 0.086699312768471759, "flow": 1.0, "LoS": "LoS A" }, "geometry": { "type": "Polygon", "coordinates": [ [ [ 122579.730216055279016, 487859.025132378330454 ], [ 122578.965293644389021, 487851.069939305016305 ], [ 122559.07731096119096, 487853.823659984220285 ], [ 122561.219093711682945, 487862.237806504068431 ], [ 122579.730216055279016, 487859.025132378330454 ] ] ] } },
{ "type": "Feature", "properties": { "sensor": "GASA-03", "time": "2025-08-20T08:19:00+02:00", "count_line": 3, "location": "Oosterdoksbrug", "count_area": 5.0, "countline_length": 8, "density": 0.030964040274454197, "flow": 0.375, "LoS": "LoS A" }, "geometry": { "type": "Polygon", "coordinates": [ [ [ 122579.730216055279016, 487859.025132378330454 ], [ 122578.965293644389021, 487851.069939305016305 ], [ 122559.07731096119096, 487853.823659984220285 ], [ 122561.219093711682945, 487862.237806504068431 ], [ 122579.730216055279016, 487859.025132378330454 ] ] ] } },
{ "type": "Feature", "properties": { "sensor": "GASA-03", "time": "2025-08-20T08:20:00+02:00", "count_line": 7, "location": "Oosterdoksbrug", "count_area": 10.0, "countline_length": 8, "density": 0.061928080548908394, "flow": 0.875, "LoS": "LoS A" }, "geometry": { "type": "Polygon", "coordinates": [ [ [ 122579.730216055279016, 487859.025132378330454 ], [ 122578.965293644389021, 487851.069939305016305 ], [ 122559.07731096119096, 487853.823659984220285 ], [ 122561.219093711682945, 487862.237806504068431 ], [ 122579.730216055279016, 487859.025132378330454 ] ] ] } },
{ "type": "Feature", "properties": { "sensor": "GASA-03", "time": "2025-08-20T08:21:00+02:00", "count_line": 12, "location": "Oosterdoksbrug", "count_area": 18.0, "countline_length": 8, "density": 0.11147054498803512, "flow": 1.5, "LoS": "LoS A" }, "geometry": { "type": "Polygon", "coordinates": [ [ [ 122579.730216055279016, 487859.025132378330454 ], [ 122578.965293644389021, 487851.069939305016305 ], [ 122559.07731096119096, 487853.823659984220285 ], [ 122561.219093711682945, 487862.237806504068431 ], [ 122579.730216055279016, 487859.025132378330454 ] ] ] } },
{ "type": "Feature", "properties": { "sensor": "GASA-03", "time": "2025-08-20T08:22:00+02:00", "count_line": 5, "location": "Oosterdoksbrug", "count_area": 9.0, "countline_length": 8, "density": 0.055735272494017558, "flow": 0.625, "LoS": "LoS A" }, "geometry": { "type": "Polygon", "coordinates": [ [ [ 122579.730216055279016, 487859.025132378330454 ], [ 122578.965293644389021, 487851.069939305016305 ], [ 122559.07731096119096, 487853.823659984220285 ], [ 122561.219093711682945, 487862.237806504068431 ], [ 122579.730216055279016, 487859.025132378330454 ] ] ] } },
{ "type": "Feature", "properties": { "sensor": "GASA-03", "time": "2025-08-20T08:23:00+02:00", "count_line": 17, "location": "Oosterdoksbrug", "count_area": 29.0, "countline_length": 8, "density": 0.17959143359183435, "flow": 2.125, "LoS": "LoS A" }, "geometry": { "type": "Polygon", "coordinates": [ [ [ 122579.730216055279016, 487859.025132378330454 ], [ 122578.965293644389021, 487851.069939305016305 ], [ 122559.07731096119096, 487853.823659984220285 ], [ 122561.219093711682945, 487862.237806504068431 ], [ 122579.730216055279016, 487859.025132378330454 ] ] ] } },
{ "type": "Feature", "properties": { "sensor": "GASA-03", "time": "2025-08-20T08:24:00+02:00", "count_line": 5, "location": "Oosterdoksbrug", "count_area": 7.0, "countline_length": 8, "density": 0.04334965638423588, "flow": 0.625, "LoS": "LoS A" }, "geometry": { "type": "Polygon", "coordinates": [ [ [ 122579.730216055279016, 487859.025132378330454 ], [ 122578.965293644389021, 487851.069939305016305 ], [ 122559.07731096119096, 487853.823659984220285 ], [ 122561.219093711682945, 487862.237806504068431 ], [ 122579.730216055279016, 487859.025132378330454 ] ] ] } },
{ "type": "Feature", "properties": { "sensor": "GASA-03", "time": "2025-08-20T08:25:00+02:00", "count_line": 3, "location": "Oosterdoksbrug", "count_area": 4.0, "countline_length": 8, "density": 0.024771232219563358, "flow": 0.375, "LoS": "LoS A" }, "geometry": { "type": "Polygon", "coordinates": [ [ [ 122579.730216055279016, 487859.025132378330454 ], [ 122578.965293644389021, 487851.069939305016305 ], [ 122559.07731096119096, 487853.823659984220285 ], [ 122561.219093711682945, 487862.237806504068431 ], [ 122579.730216055279016, 487859.025132378330454 ] ] ] } },
{ "type": "Feature", "properties": { "sensor": "GASA-03", "time": "2025-08-20T08:26:00+02:00", "count_line": 5, "location": "Oosterdoksbrug", "count_area": 9.0, "countline_length": 8, "density": 0.055735272494017558, "flow": 0.625, "LoS": "LoS A" }, "geometry": { "type": "Polygon", "coordinates": [ [ [ 122579.730216055279016, 487859.025132378330454 ], [ 122578.965293644389021, 487851.069939305016305 ], [ 122559.07731096119096, 487853.823659984220285 ], [ 122561.219093711682945, 487862.237806504068431 ], [ 122579.730216055279016, 487859.025132378330454 ] ] ] } },
{ "type": "Feature", "properties": { "sensor": "GASA-03", "time": "2025-08-20T08:27:00+02:00", "count_line": 0, "location": "Oosterdoksbrug", "count_area": 0.0, "countline_length": 8, "density": 0.0, "flow": 0.0, "LoS": "LoS A" }, "geometry": { "type": "Polygon", "coordinates": [ [ [ 122579.730216055279016, 487859.025132378330454 ], [ 122578.965293644389021, 487851.069939305016305 ], [ 122559.07731096119096, 487853.823659984220285 ], [ 122561.219093711682945, 487862.237806504068431 ], [ 122579.730216055279016, 487859.025132378330454 ] ] ] } },
{ "type": "Feature", "properties": { "sensor": "GASA-03", "time": "2025-08-20T08:28:00+02:00", "count_line": 10, "location": "Oosterdoksbrug", "count_area": 18.0, "countline_length": 8, "density": 0.11147054498803512, "flow": 1.25, "LoS": "LoS A" }, "geometry": { "type": "Polygon", "coordinates": [ [ [ 122579.730216055279016, 487859.025132378330454 ], [ 122578.965293644389021, 487851.069939305016305 ], [ 122559.07731096119096, 487853.823659984220285 ], [ 122561.219093711682945, 487862.237806504068431 ], [ 122579.730216055279016, 487859.025132378330454 ] ] ] } },
{ "type": "Feature", "properties": { "sensor": "GASA-03", "time": "2025-08-20T08:29:00+02:00", "count_line": 11, "location": "Oosterdoksbrug", "count_area": 20.0, "countline_length": 8, "density": 0.12385616109781679, "flow": 1.375, "LoS": "LoS A" }, "geometry": { "type": "Polygon", "coordinates": [ [ [ 122579.730216055279016, 487859.025132378330454 ], [ 122578.965293644389021, 487851.069939305016305 ], [ 122559.07731096119096, 487853.823659984220285 ], [ 122561.219093711682945, 487862.237806504068431 ], [ 122579.730216055279016, 487859.025132378330454 ] ] ] } },
{ "type": "Feature", "properties": { "sensor": "GASA-03", "time": "2025-08-20T08:30:00+02:00", "count_line": 16, "location": "Oosterdoksbrug", "count_area": 29.0, "countline_length": 8, "density": 0.17959143359183435, "flow": 2.0, "LoS": "LoS A" }, "geometry": { "type": "Polygon", "coordinates": [ [ [ 122579.730216055279016, 487859.025132378330454 ], [ 122578.965293644389021, 487851.069939305016305 ], [ 122559.07731096119096, 487853.823659984220285 ], [ 122561.219093711682945, 487862.237806504068431 ], [ 122579.730216055279016, 487859.025132378330454 ] ] ] } },
{ "type": "Feature", "properties": { "sensor": "GASA-03", "time": "2025-08-20T08:31:00+02:00", "count_line": 7, "location": "Oosterdoksbrug", "count_area": 13.0, "countline_length": 8, "density": 0.080506504713580909, "flow": 0.875, "LoS": "LoS A" }, "geometry": { "type": "Polygon", "coordinates": [ [ [ 122579.730216055279016, 487859.025132378330454 ], [ 122578.965293644389021, 487851.069939305016305 ], [ 122559.07731096119096, 487853.823659984220285 ], [ 122561.219093711682945, 487862.237806504068431 ], [ 122579.730216055279016, 487859.025132378330454 ] ] ] } },
{ "type": "Feature", "properties": { "sensor": "GASA-03", "time": "2025-08-20T08:32:00+02:00", "count_line": 26, "location": "Oosterdoksbrug", "count_area": 47.0, "countline_length": 8, "density": 0.29106197857986943, "flow": 3.25, "LoS": "LoS A" }, "geometry": { "type": "Polygon", "coordinates": [ [ [ 122579.730216055279016, 487859.025132378330454 ], [ 122578.965293644389021, 487851.069939305016305 ], [ 122559.07731096119096, 487853.823659984220285 ], [ 122561.219093711682945, 487862.237806504068431 ], [ 122579.730216055279016, 487859.025132378330454 ] ] ] } },
{ "type": "Feature", "properties": { "sensor": "GASA-03", "time": "2025-08-20T08:34:00+02:00", "count_line": 18, "location": "Oosterdoksbrug", "count_area": 27.0, "countline_length": 8, "density": 0.16720581748205265, "flow": 2.25, "LoS": "LoS A" }, "geometry": { "type": "Polygon", "coordinates": [ [ [ 122579.730216055279016, 487859.025132378330454 ], [ 122578.965293644389021, 487851.069939305016305 ], [ 122559.07731096119096, 487853.823659984220285 ], [ 122561.219093711682945, 487862.237806504068431 ], [ 122579.730216055279016, 487859.025132378330454 ] ] ] } },
{ "type": "Feature", "properties": { "sensor": "GASA-03", "time": "2025-08-20T08:35:00+02:00", "count_line": 23, "location": "Oosterdoksbrug", "count_area": 43.0, "countline_length": 8, "density": 0.26629074636030609, "flow": 2.875, "LoS": "LoS A" }, "geometry": { "type": "Polygon", "coordinates": [ [ [ 122579.730216055279016, 487859.025132378330454 ], [ 122578.965293644389021, 487851.069939305016305 ], [ 122559.07731096119096, 487853.823659984220285 ], [ 122561.219093711682945, 487862.237806504068431 ], [ 122579.730216055279016, 487859.025132378330454 ] ] ] } },
{ "type": "Feature", "properties": { "sensor": "GASA-03", "time": "2025-08-20T08:36:00+02:00", "count_line": 19, "location": "Oosterdoksbrug", "count_area": 32.0, "countline_length": 8, "density": 0.19816985775650686, "flow": 2.375, "LoS": "LoS A" }, "geometry": { "type": "Polygon", "coordinates": [ [ [ 122579.730216055279016, 487859.025132378330454 ], [ 122578.965293644389021, 487851.069939305016305 ], [ 122559.07731096119096, 487853.823659984220285 ], [ 122561.219093711682945, 487862.237806504068431 ], [ 122579.730216055279016, 487859.025132378330454 ] ] ] } },
{ "type": "Feature", "properties": { "sensor": "GASA-03", "time": "2025-08-20T08:37:00+02:00", "count_line": 18, "location": "Oosterdoksbrug", "count_area": 29.0, "countline_length": 8, "density": 0.17959143359183435, "flow": 2.25, "LoS": "LoS A" }, "geometry": { "type": "Polygon", "coordinates": [ [ [ 122579.730216055279016, 487859.025132378330454 ], [ 122578.965293644389021, 487851.069939305016305 ], [ 122559.07731096119096, 487853.823659984220285 ], [ 122561.219093711682945, 487862.237806504068431 ], [ 122579.730216055279016, 487859.025132378330454 ] ] ] } },
{ "type": "Feature", "properties": { "sensor": "GASA-03", "time": "2025-08-20T08:38:00+02:00", "count_line": 8, "location": "Oosterdoksbrug", "count_area": 15.0, "countline_length": 8, "density": 0.092892120823362595, "flow": 1.0, "LoS": "LoS A" }, "geometry": { "type": "Polygon", "coordinates": [ [ [ 122579.730216055279016, 487859.025132378330454 ], [ 122578.965293644389021, 487851.069939305016305 ], [ 122559.07731096119096, 487853.823659984220285 ], [ 122561.219093711682945, 487862.237806504068431 ], [ 122579.730216055279016, 487859.025132378330454 ] ] ] } },
{ "type": "Feature", "properties": { "sensor": "GASA-03", "time": "2025-08-20T08:39:00+02:00", "count_line": 23, "location": "Oosterdoksbrug", "count_area": 39.0, "countline_length": 8, "density": 0.24151951414074274, "flow": 2.875, "LoS": "LoS A" }, "geometry": { "type": "Polygon", "coordinates": [ [ [ 122579.730216055279016, 487859.025132378330454 ], [ 122578.965293644389021, 487851.069939305016305 ], [ 122559.07731096119096, 487853.823659984220285 ], [ 122561.219093711682945, 487862.237806504068431 ], [ 122579.730216055279016, 487859.025132378330454 ] ] ] } },
{ "type": "Feature", "properties": { "sensor": "GASA-03", "time": "2025-08-20T08:40:00+02:00", "count_line": 27, "location": "Oosterdoksbrug", "count_area": 47.0, "countline_length": 8, "density": 0.29106197857986943, "flow": 3.375, "LoS": "LoS A" }, "geometry": { "type": "Polygon", "coordinates": [ [ [ 122579.730216055279016, 487859.025132378330454 ], [ 122578.965293644389021, 487851.069939305016305 ], [ 122559.07731096119096, 487853.823659984220285 ], [ 122561.219093711682945, 487862.237806504068431 ], [ 122579.730216055279016, 487859.025132378330454 ] ] ] } },
{ "type": "Feature", "properties": { "sensor": "GASA-03", "time": "2025-08-20T08:41:00+02:00", "count_line": 25, "location": "Oosterdoksbrug", "count_area": 40.0, "countline_length": 8, "density": 0.24771232219563358, "flow": 3.125, "LoS": "LoS A" }, "geometry": { "type": "Polygon", "coordinates": [ [ [ 122579.730216055279016, 487859.025132378330454 ], [ 122578.965293644389021, 487851.069939305016305 ], [ 122559.07731096119096, 487853.823659984220285 ], [ 122561.219093711682945, 487862.237806504068431 ], [ 122579.730216055279016, 487859.025132378330454 ] ] ] } },
{ "type": "Feature", "properties": { "sensor": "GASA-03", "time": "2025-08-20T08:42:00+02:00", "count_line": 19, "location": "Oosterdoksbrug", "count_area": 35.0, "countline_length": 8, "density": 0.21674828192117937, "flow": 2.375, "LoS": "LoS A" }, "geometry": { "type": "Polygon", "coordinates": [ [ [ 122579.730216055279016, 487859.025132378330454 ], [ 122578.965293644389021, 487851.069939305016305 ], [ 122559.07731096119096, 487853.823659984220285 ], [ 122561.219093711682945, 487862.237806504068431 ], [ 122579.730216055279016, 487859.025132378330454 ] ] ] } },
{ "type": "Feature", "properties": { "sensor": "GASA-03", "time": "2025-08-20T08:44:00+02:00", "count_line": 18, "location": "Oosterdoksbrug", "count_area": 35.0, "countline_length": 8, "density": 0.21674828192117937, "flow": 2.25, "LoS": "LoS A" }, "geometry": { "type": "Polygon", "coordinates": [ [ [ 122579.730216055279016, 487859.025132378330454 ], [ 122578.965293644389021, 487851.069939305016305 ], [ 122559.07731096119096, 487853.823659984220285 ], [ 122561.219093711682945, 487862.237806504068431 ], [ 122579.730216055279016, 487859.025132378330454 ] ] ] } },
{ "type": "Feature", "properties": { "sensor": "GASA-03", "time": "2025-08-20T08:45:00+02:00", "count_line": 24, "location": "Oosterdoksbrug", "count_area": 39.0, "countline_length": 8, "density": 0.24151951414074274, "flow": 3.0, "LoS": "LoS A" }, "geometry": { "type": "Polygon", "coordinates": [ [ [ 122579.730216055279016, 487859.025132378330454 ], [ 122578.965293644389021, 487851.069939305016305 ], [ 122559.07731096119096, 487853.823659984220285 ], [ 122561.219093711682945, 487862.237806504068431 ], [ 122579.730216055279016, 487859.025132378330454 ] ] ] } },
{ "type": "Feature", "properties": { "sensor": "GASA-03", "time": "2025-08-20T08:46:00+02:00", "count_line": 18, "location": "Oosterdoksbrug", "count_area": 35.0, "countline_length": 8, "density": 0.21674828192117937, "flow": 2.25, "LoS": "LoS A" }, "geometry": { "type": "Polygon", "coordinates": [ [ [ 122579.730216055279016, 487859.025132378330454 ], [ 122578.965293644389021, 487851.069939305016305 ], [ 122559.07731096119096, 487853.823659984220285 ], [ 122561.219093711682945, 487862.237806504068431 ], [ 122579.730216055279016, 487859.025132378330454 ] ] ] } },
{ "type": "Feature", "properties": { "sensor": "GASA-03", "time": "2025-08-20T08:47:00+02:00", "count_line": 14, "location": "Oosterdoksbrug", "count_area": 21.0, "countline_length": 8, "density": 0.13004896915270764, "flow": 1.75, "LoS": "LoS A" }, "geometry": { "type": "Polygon", "coordinates": [ [ [ 122579.730216055279016, 487859.025132378330454 ], [ 122578.965293644389021, 487851.069939305016305 ], [ 122559.07731096119096, 487853.823659984220285 ], [ 122561.219093711682945, 487862.237806504068431 ], [ 122579.730216055279016, 487859.025132378330454 ] ] ] } },
{ "type": "Feature", "properties": { "sensor": "GASA-03", "time": "2025-08-20T08:48:00+02:00", "count_line": 13, "location": "Oosterdoksbrug", "count_area": 21.0, "countline_length": 8, "density": 0.13004896915270764, "flow": 1.625, "LoS": "LoS A" }, "geometry": { "type": "Polygon", "coordinates": [ [ [ 122579.730216055279016, 487859.025132378330454 ], [ 122578.965293644389021, 487851.069939305016305 ], [ 122559.07731096119096, 487853.823659984220285 ], [ 122561.219093711682945, 487862.237806504068431 ], [ 122579.730216055279016, 487859.025132378330454 ] ] ] } },
{ "type": "Feature", "properties": { "sensor": "GASA-03", "time": "2025-08-20T08:49:00+02:00", "count_line": 19, "location": "Oosterdoksbrug", "count_area": 37.0, "countline_length": 8, "density": 0.22913389803096107, "flow": 2.375, "LoS": "LoS A" }, "geometry": { "type": "Polygon", "coordinates": [ [ [ 122579.730216055279016, 487859.025132378330454 ], [ 122578.965293644389021, 487851.069939305016305 ], [ 122559.07731096119096, 487853.823659984220285 ], [ 122561.219093711682945, 487862.237806504068431 ], [ 122579.730216055279016, 487859.025132378330454 ] ] ] } },
{ "type": "Feature", "properties": { "sensor": "GASA-03", "time": "2025-08-20T08:50:00+02:00", "count_line": 15, "location": "Oosterdoksbrug", "count_area": 22.0, "countline_length": 8, "density": 0.13624177720759847, "flow": 1.875, "LoS": "LoS A" }, "geometry": { "type": "Polygon", "coordinates": [ [ [ 122579.730216055279016, 487859.025132378330454 ], [ 122578.965293644389021, 487851.069939305016305 ], [ 122559.07731096119096, 487853.823659984220285 ], [ 122561.219093711682945, 487862.237806504068431 ], [ 122579.730216055279016, 487859.025132378330454 ] ] ] } },
{ "type": "Feature", "properties": { "sensor": "GASA-03", "time": "2025-08-20T08:51:00+02:00", "count_line": 19, "location": "Oosterdoksbrug", "count_area": 33.0, "countline_length": 8, "density": 0.2043626658113977, "flow": 2.375, "LoS": "LoS A" }, "geometry": { "type": "Polygon", "coordinates": [ [ [ 122579.730216055279016, 487859.025132378330454 ], [ 122578.965293644389021, 487851.069939305016305 ], [ 122559.07731096119096, 487853.823659984220285 ], [ 122561.219093711682945, 487862.237806504068431 ], [ 122579.730216055279016, 487859.025132378330454 ] ] ] } },
{ "type": "Feature", "properties": { "sensor": "GASA-03", "time": "2025-08-20T08:52:00+02:00", "count_line": 16, "location": "Oosterdoksbrug", "count_area": 25.0, "countline_length": 8, "density": 0.15482020137227098, "flow": 2.0, "LoS": "LoS A" }, "geometry": { "type": "Polygon", "coordinates": [ [ [ 122579.730216055279016, 487859.025132378330454 ], [ 122578.965293644389021, 487851.069939305016305 ], [ 122559.07731096119096, 487853.823659984220285 ], [ 122561.219093711682945, 487862.237806504068431 ], [ 122579.730216055279016, 487859.025132378330454 ] ] ] } },
{ "type": "Feature", "properties": { "sensor": "GASA-03", "time": "2025-08-20T08:54:00+02:00", "count_line": 58, "location": "Oosterdoksbrug", "count_area": 89.0, "countline_length": 8, "density": 0.55115991688528476, "flow": 7.25, "LoS": "LoS B" }, "geometry": { "type": "Polygon", "coordinates": [ [ [ 122579.730216055279016, 487859.025132378330454 ], [ 122578.965293644389021, 487851.069939305016305 ], [ 122559.07731096119096, 487853.823659984220285 ], [ 122561.219093711682945, 487862.237806504068431 ], [ 122579.730216055279016, 487859.025132378330454 ] ] ] } },
{ "type": "Feature", "properties": { "sensor": "GASA-03", "time": "2025-08-20T08:55:00+02:00", "count_line": 9, "location": "Oosterdoksbrug", "count_area": 16.0, "countline_length": 8, "density": 0.099084928878253431, "flow": 1.125, "LoS": "LoS A" }, "geometry": { "type": "Polygon", "coordinates": [ [ [ 122579.730216055279016, 487859.025132378330454 ], [ 122578.965293644389021, 487851.069939305016305 ], [ 122559.07731096119096, 487853.823659984220285 ], [ 122561.219093711682945, 487862.237806504068431 ], [ 122579.730216055279016, 487859.025132378330454 ] ] ] } },
{ "type": "Feature", "properties": { "sensor": "GASA-03", "time": "2025-08-20T08:56:00+02:00", "count_line": 25, "location": "Oosterdoksbrug", "count_area": 46.0, "countline_length": 8, "density": 0.28486917052497862, "flow": 3.125, "LoS": "LoS A" }, "geometry": { "type": "Polygon", "coordinates": [ [ [ 122579.730216055279016, 487859.025132378330454 ], [ 122578.965293644389021, 487851.069939305016305 ], [ 122559.07731096119096, 487853.823659984220285 ], [ 122561.219093711682945, 487862.237806504068431 ], [ 122579.730216055279016, 487859.025132378330454 ] ] ] } },
{ "type": "Feature", "properties": { "sensor": "GASA-03", "time": "2025-08-20T08:57:00+02:00", "count_line": 15, "location": "Oosterdoksbrug", "count_area": 28.0, "countline_length": 8, "density": 0.17339862553694352, "flow": 1.875, "LoS": "LoS A" }, "geometry": { "type": "Polygon", "coordinates": [ [ [ 122579.730216055279016, 487859.025132378330454 ], [ 122578.965293644389021, 487851.069939305016305 ], [ 122559.07731096119096, 487853.823659984220285 ], [ 122561.219093711682945, 487862.237806504068431 ], [ 122579.730216055279016, 487859.025132378330454 ] ] ] } },
{ "type": "Feature", "properties": { "sensor": "GASA-03", "time": "2025-08-20T08:58:00+02:00", "count_line": 10, "location": "Oosterdoksbrug", "count_area": 19.0, "countline_length": 8, "density": 0.11766335304292595, "flow": 1.25, "LoS": "LoS A" }, "geometry": { "type": "Polygon", "coordinates": [ [ [ 122579.730216055279016, 487859.025132378330454 ], [ 122578.965293644389021, 487851.069939305016305 ], [ 122559.07731096119096, 487853.823659984220285 ], [ 122561.219093711682945, 487862.237806504068431 ], [ 122579.730216055279016, 487859.025132378330454 ] ] ] } },
{ "type": "Feature", "properties": { "sensor": "GASA-03", "time": "2025-08-20T08:59:00+02:00", "count_line": 23, "location": "Oosterdoksbrug", "count_area": 42.0, "countline_length": 8, "density": 0.26009793830541528, "flow": 2.875, "LoS": "LoS A" }, "geometry": { "type": "Polygon", "coordinates": [ [ [ 122579.730216055279016, 487859.025132378330454 ], [ 122578.965293644389021, 487851.069939305016305 ], [ 122559.07731096119096, 487853.823659984220285 ], [ 122561.219093711682945, 487862.237806504068431 ], [ 122579.730216055279016, 487859.025132378330454 ] ] ] } },
{ "type": "Feature", "properties": { "sensor": "GASA-03", "time": "2025-08-20T09:00:00+02:00", "count_line": 14, "location": "Oosterdoksbrug", "count_area": 21.0, "countline_length": 8, "density": 0.13004896915270764, "flow": 1.75, "LoS": "LoS A" }, "geometry": { "type": "Polygon", "coordinates": [ [ [ 122579.730216055279016, 487859.025132378330454 ], [ 122578.965293644389021, 487851.069939305016305 ], [ 122559.07731096119096, 487853.823659984220285 ], [ 122561.219093711682945, 487862.237806504068431 ], [ 122579.730216055279016, 487859.025132378330454 ] ] ] } },
{ "type": "Feature", "properties": { "sensor": "GASA-03", "time": "2025-08-20T09:01:00+02:00", "count_line": 8, "location": "Oosterdoksbrug", "count_area": 12.0, "countline_length": 8, "density": 0.074313696658690073, "flow": 1.0, "LoS": "LoS A" }, "geometry": { "type": "Polygon", "coordinates": [ [ [ 122579.730216055279016, 487859.025132378330454 ], [ 122578.965293644389021, 487851.069939305016305 ], [ 122559.07731096119096, 487853.823659984220285 ], [ 122561.219093711682945, 487862.237806504068431 ], [ 122579.730216055279016, 487859.025132378330454 ] ] ] } },
{ "type": "Feature", "properties": { "sensor": "GASA-03", "time": "2025-08-20T09:02:00+02:00", "count_line": 15, "location": "Oosterdoksbrug", "count_area": 24.0, "countline_length": 8, "density": 0.14862739331738015, "flow": 1.875, "LoS": "LoS A" }, "geometry": { "type": "Polygon", "coordinates": [ [ [ 122579.730216055279016, 487859.025132378330454 ], [ 122578.965293644389021, 487851.069939305016305 ], [ 122559.07731096119096, 487853.823659984220285 ], [ 122561.219093711682945, 487862.237806504068431 ], [ 122579.730216055279016, 487859.025132378330454 ] ] ] } },
{ "type": "Feature", "properties": { "sensor": "GASA-03", "time": "2025-08-20T09:04:00+02:00", "count_line": 14, "location": "Oosterdoksbrug", "count_area": 22.0, "countline_length": 8, "density": 0.13624177720759847, "flow": 1.75, "LoS": "LoS A" }, "geometry": { "type": "Polygon", "coordinates": [ [ [ 122579.730216055279016, 487859.025132378330454 ], [ 122578.965293644389021, 487851.069939305016305 ], [ 122559.07731096119096, 487853.823659984220285 ], [ 122561.219093711682945, 487862.237806504068431 ], [ 122579.730216055279016, 487859.025132378330454 ] ] ] } },
{ "type": "Feature", "properties": { "sensor": "GASA-03", "time": "2025-08-20T09:05:00+02:00", "count_line": 26, "location": "Oosterdoksbrug", "count_area": 42.0, "countline_length": 8, "density": 0.26009793830541528, "flow": 3.25, "LoS": "LoS A" }, "geometry": { "type": "Polygon", "coordinates": [ [ [ 122579.730216055279016, 487859.025132378330454 ], [ 122578.965293644389021, 487851.069939305016305 ], [ 122559.07731096119096, 487853.823659984220285 ], [ 122561.219093711682945, 487862.237806504068431 ], [ 122579.730216055279016, 487859.025132378330454 ] ] ] } },
{ "type": "Feature", "properties": { "sensor": "GASA-03", "time": "2025-08-20T09:06:00+02:00", "count_line": 12, "location": "Oosterdoksbrug", "count_area": 22.0, "countline_length": 8, "density": 0.13624177720759847, "flow": 1.5, "LoS": "LoS A" }, "geometry": { "type": "Polygon", "coordinates": [ [ [ 122579.730216055279016, 487859.025132378330454 ], [ 122578.965293644389021, 487851.069939305016305 ], [ 122559.07731096119096, 487853.823659984220285 ], [ 122561.219093711682945, 487862.237806504068431 ], [ 122579.730216055279016, 487859.025132378330454 ] ] ] } },
{ "type": "Feature", "properties": { "sensor": "GASA-03", "time": "2025-08-20T09:07:00+02:00", "count_line": 9, "location": "Oosterdoksbrug", "count_area": 14.0, "countline_length": 8, "density": 0.086699312768471759, "flow": 1.125, "LoS": "LoS A" }, "geometry": { "type": "Polygon", "coordinates": [ [ [ 122579.730216055279016, 487859.025132378330454 ], [ 122578.965293644389021, 487851.069939305016305 ], [ 122559.07731096119096, 487853.823659984220285 ], [ 122561.219093711682945, 487862.237806504068431 ], [ 122579.730216055279016, 487859.025132378330454 ] ] ] } },
{ "type": "Feature", "properties": { "sensor": "GASA-03", "time": "2025-08-20T09:08:00+02:00", "count_line": 13, "location": "Oosterdoksbrug", "count_area": 19.0, "countline_length": 8, "density": 0.11766335304292595, "flow": 1.625, "LoS": "LoS A" }, "geometry": { "type": "Polygon", "coordinates": [ [ [ 122579.730216055279016, 487859.025132378330454 ], [ 122578.965293644389021, 487851.069939305016305 ], [ 122559.07731096119096, 487853.823659984220285 ], [ 122561.219093711682945, 487862.237806504068431 ], [ 122579.730216055279016, 487859.025132378330454 ] ] ] } },
{ "type": "Feature", "properties": { "sensor": "GASA-03", "time": "2025-08-20T09:09:00+02:00", "count_line": 8, "location": "Oosterdoksbrug", "count_area": 13.0, "countline_length": 8, "density": 0.080506504713580909, "flow": 1.0, "LoS": "LoS A" }, "geometry": { "type": "Polygon", "coordinates": [ [ [ 122579.730216055279016, 487859.025132378330454 ], [ 122578.965293644389021, 487851.069939305016305 ], [ 122559.07731096119096, 487853.823659984220285 ], [ 122561.219093711682945, 487862.237806504068431 ], [ 122579.730216055279016, 487859.025132378330454 ] ] ] } },
{ "type": "Feature", "properties": { "sensor": "GASA-03", "time": "2025-08-20T09:10:00+02:00", "count_line": 17, "location": "Oosterdoksbrug", "count_area": 27.0, "countline_length": 8, "density": 0.16720581748205265, "flow": 2.125, "LoS": "LoS A" }, "geometry": { "type": "Polygon", "coordinates": [ [ [ 122579.730216055279016, 487859.025132378330454 ], [ 122578.965293644389021, 487851.069939305016305 ], [ 122559.07731096119096, 487853.823659984220285 ], [ 122561.219093711682945, 487862.237806504068431 ], [ 122579.730216055279016, 487859.025132378330454 ] ] ] } },
{ "type": "Feature", "properties": { "sensor": "GASA-03", "time": "2025-08-20T09:11:00+02:00", "count_line": 22, "location": "Oosterdoksbrug", "count_area": 40.0, "countline_length": 8, "density": 0.24771232219563358, "flow": 2.75, "LoS": "LoS A" }, "geometry": { "type": "Polygon", "coordinates": [ [ [ 122579.730216055279016, 487859.025132378330454 ], [ 122578.965293644389021, 487851.069939305016305 ], [ 122559.07731096119096, 487853.823659984220285 ], [ 122561.219093711682945, 487862.237806504068431 ], [ 122579.730216055279016, 487859.025132378330454 ] ] ] } },
{ "type": "Feature", "properties": { "sensor": "GASA-03", "time": "2025-08-20T09:12:00+02:00", "count_line": 22, "location": "Oosterdoksbrug", "count_area": 34.0, "countline_length": 8, "density": 0.21055547386628853, "flow": 2.75, "LoS": "LoS A" }, "geometry": { "type": "Polygon", "coordinates": [ [ [ 122579.730216055279016, 487859.025132378330454 ], [ 122578.965293644389021, 487851.069939305016305 ], [ 122559.07731096119096, 487853.823659984220285 ], [ 122561.219093711682945, 487862.237806504068431 ], [ 122579.730216055279016, 487859.025132378330454 ] ] ] } },
{ "type": "Feature", "properties": { "sensor": "GASA-03", "time": "2025-08-20T09:14:00+02:00", "count_line": 28, "location": "Oosterdoksbrug", "count_area": 46.0, "countline_length": 8, "density": 0.28486917052497862, "flow": 3.5, "LoS": "LoS A" }, "geometry": { "type": "Polygon", "coordinates": [ [ [ 122579.730216055279016, 487859.025132378330454 ], [ 122578.965293644389021, 487851.069939305016305 ], [ 122559.07731096119096, 487853.823659984220285 ], [ 122561.219093711682945, 487862.237806504068431 ], [ 122579.730216055279016, 487859.025132378330454 ] ] ] } },
{ "type": "Feature", "properties": { "sensor": "GASA-03", "time": "2025-08-20T09:15:00+02:00", "count_line": 19, "location": "Oosterdoksbrug", "count_area": 36.0, "countline_length": 8, "density": 0.22294108997607023, "flow": 2.375, "LoS": "LoS A" }, "geometry": { "type": "Polygon", "coordinates": [ [ [ 122579.730216055279016, 487859.025132378330454 ], [ 122578.965293644389021, 487851.069939305016305 ], [ 122559.07731096119096, 487853.823659984220285 ], [ 122561.219093711682945, 487862.237806504068431 ], [ 122579.730216055279016, 487859.025132378330454 ] ] ] } },
{ "type": "Feature", "properties": { "sensor": "GASA-03", "time": "2025-08-20T09:16:00+02:00", "count_line": 15, "location": "Oosterdoksbrug", "count_area": 27.0, "countline_length": 8, "density": 0.16720581748205265, "flow": 1.875, "LoS": "LoS A" }, "geometry": { "type": "Polygon", "coordinates": [ [ [ 122579.730216055279016, 487859.025132378330454 ], [ 122578.965293644389021, 487851.069939305016305 ], [ 122559.07731096119096, 487853.823659984220285 ], [ 122561.219093711682945, 487862.237806504068431 ], [ 122579.730216055279016, 487859.025132378330454 ] ] ] } },
{ "type": "Feature", "properties": { "sensor": "GASA-03", "time": "2025-08-20T09:17:00+02:00", "count_line": 5, "location": "Oosterdoksbrug", "count_area": 8.0, "countline_length": 8, "density": 0.049542464439126715, "flow": 0.625, "LoS": "LoS A" }, "geometry": { "type": "Polygon", "coordinates": [ [ [ 122579.730216055279016, 487859.025132378330454 ], [ 122578.965293644389021, 487851.069939305016305 ], [ 122559.07731096119096, 487853.823659984220285 ], [ 122561.219093711682945, 487862.237806504068431 ], [ 122579.730216055279016, 487859.025132378330454 ] ] ] } },
{ "type": "Feature", "properties": { "sensor": "GASA-03", "time": "2025-08-20T09:18:00+02:00", "count_line": 6, "location": "Oosterdoksbrug", "count_area": 11.0, "countline_length": 8, "density": 0.068120888603799237, "flow": 0.75, "LoS": "LoS A" }, "geometry": { "type": "Polygon", "coordinates": [ [ [ 122579.730216055279016, 487859.025132378330454 ], [ 122578.965293644389021, 487851.069939305016305 ], [ 122559.07731096119096, 487853.823659984220285 ], [ 122561.219093711682945, 487862.237806504068431 ], [ 122579.730216055279016, 487859.025132378330454 ] ] ] } },
{ "type": "Feature", "properties": { "sensor": "GASA-03", "time": "2025-08-20T09:19:00+02:00", "count_line": 17, "location": "Oosterdoksbrug", "count_area": 28.0, "countline_length": 8, "density": 0.17339862553694352, "flow": 2.125, "LoS": "LoS A" }, "geometry": { "type": "Polygon", "coordinates": [ [ [ 122579.730216055279016, 487859.025132378330454 ], [ 122578.965293644389021, 487851.069939305016305 ], [ 122559.07731096119096, 487853.823659984220285 ], [ 122561.219093711682945, 487862.237806504068431 ], [ 122579.730216055279016, 487859.025132378330454 ] ] ] } },
{ "type": "Feature", "properties": { "sensor": "GASA-03", "time": "2025-08-20T09:20:00+02:00", "count_line": 17, "location": "Oosterdoksbrug", "count_area": 33.0, "countline_length": 8, "density": 0.2043626658113977, "flow": 2.125, "LoS": "LoS A" }, "geometry": { "type": "Polygon", "coordinates": [ [ [ 122579.730216055279016, 487859.025132378330454 ], [ 122578.965293644389021, 487851.069939305016305 ], [ 122559.07731096119096, 487853.823659984220285 ], [ 122561.219093711682945, 487862.237806504068431 ], [ 122579.730216055279016, 487859.025132378330454 ] ] ] } },
{ "type": "Feature", "properties": { "sensor": "GASA-03", "time": "2025-08-20T09:21:00+02:00", "count_line": 23, "location": "Oosterdoksbrug", "count_area": 36.0, "countline_length": 8, "density": 0.22294108997607023, "flow": 2.875, "LoS": "LoS A" }, "geometry": { "type": "Polygon", "coordinates": [ [ [ 122579.730216055279016, 487859.025132378330454 ], [ 122578.965293644389021, 487851.069939305016305 ], [ 122559.07731096119096, 487853.823659984220285 ], [ 122561.219093711682945, 487862.237806504068431 ], [ 122579.730216055279016, 487859.025132378330454 ] ] ] } },
{ "type": "Feature", "properties": { "sensor": "GASA-03", "time": "2025-08-20T09:22:00+02:00", "count_line": 13, "location": "Oosterdoksbrug", "count_area": 25.0, "countline_length": 8, "density": 0.15482020137227098, "flow": 1.625, "LoS": "LoS A" }, "geometry": { "type": "Polygon", "coordinates": [ [ [ 122579.730216055279016, 487859.025132378330454 ], [ 122578.965293644389021, 487851.069939305016305 ], [ 122559.07731096119096, 487853.823659984220285 ], [ 122561.219093711682945, 487862.237806504068431 ], [ 122579.730216055279016, 487859.025132378330454 ] ] ] } },
{ "type": "Feature", "properties": { "sensor": "GASA-03", "time": "2025-08-20T09:24:00+02:00", "count_line": 28, "location": "Oosterdoksbrug", "count_area": 47.0, "countline_length": 8, "density": 0.29106197857986943, "flow": 3.5, "LoS": "LoS A" }, "geometry": { "type": "Polygon", "coordinates": [ [ [ 122579.730216055279016, 487859.025132378330454 ], [ 122578.965293644389021, 487851.069939305016305 ], [ 122559.07731096119096, 487853.823659984220285 ], [ 122561.219093711682945, 487862.237806504068431 ], [ 122579.730216055279016, 487859.025132378330454 ] ] ] } },
{ "type": "Feature", "properties": { "sensor": "GASA-03", "time": "2025-08-20T09:25:00+02:00", "count_line": 5, "location": "Oosterdoksbrug", "count_area": 7.0, "countline_length": 8, "density": 0.04334965638423588, "flow": 0.625, "LoS": "LoS A" }, "geometry": { "type": "Polygon", "coordinates": [ [ [ 122579.730216055279016, 487859.025132378330454 ], [ 122578.965293644389021, 487851.069939305016305 ], [ 122559.07731096119096, 487853.823659984220285 ], [ 122561.219093711682945, 487862.237806504068431 ], [ 122579.730216055279016, 487859.025132378330454 ] ] ] } },
{ "type": "Feature", "properties": { "sensor": "GASA-03", "time": "2025-08-20T09:26:00+02:00", "count_line": 6, "location": "Oosterdoksbrug", "count_area": 10.0, "countline_length": 8, "density": 0.061928080548908394, "flow": 0.75, "LoS": "LoS A" }, "geometry": { "type": "Polygon", "coordinates": [ [ [ 122579.730216055279016, 487859.025132378330454 ], [ 122578.965293644389021, 487851.069939305016305 ], [ 122559.07731096119096, 487853.823659984220285 ], [ 122561.219093711682945, 487862.237806504068431 ], [ 122579.730216055279016, 487859.025132378330454 ] ] ] } },
{ "type": "Feature", "properties": { "sensor": "GASA-03", "time": "2025-08-20T09:27:00+02:00", "count_line": 7, "location": "Oosterdoksbrug", "count_area": 10.0, "countline_length": 8, "density": 0.061928080548908394, "flow": 0.875, "LoS": "LoS A" }, "geometry": { "type": "Polygon", "coordinates": [ [ [ 122579.730216055279016, 487859.025132378330454 ], [ 122578.965293644389021, 487851.069939305016305 ], [ 122559.07731096119096, 487853.823659984220285 ], [ 122561.219093711682945, 487862.237806504068431 ], [ 122579.730216055279016, 487859.025132378330454 ] ] ] } },
{ "type": "Feature", "properties": { "sensor": "GASA-03", "time": "2025-08-20T09:28:00+02:00", "count_line": 11, "location": "Oosterdoksbrug", "count_area": 17.0, "countline_length": 8, "density": 0.10527773693314427, "flow": 1.375, "LoS": "LoS A" }, "geometry": { "type": "Polygon", "coordinates": [ [ [ 122579.730216055279016, 487859.025132378330454 ], [ 122578.965293644389021, 487851.069939305016305 ], [ 122559.07731096119096, 487853.823659984220285 ], [ 122561.219093711682945, 487862.237806504068431 ], [ 122579.730216055279016, 487859.025132378330454 ] ] ] } },
{ "type": "Feature", "properties": { "sensor": "GASA-03", "time": "2025-08-20T09:29:00+02:00", "count_line": 9, "location": "Oosterdoksbrug", "count_area": 16.0, "countline_length": 8, "density": 0.099084928878253431, "flow": 1.125, "LoS": "LoS A" }, "geometry": { "type": "Polygon", "coordinates": [ [ [ 122579.730216055279016, 487859.025132378330454 ], [ 122578.965293644389021, 487851.069939305016305 ], [ 122559.07731096119096, 487853.823659984220285 ], [ 122561.219093711682945, 487862.237806504068431 ], [ 122579.730216055279016, 487859.025132378330454 ] ] ] } },
{ "type": "Feature", "properties": { "sensor": "GASA-03", "time": "2025-08-20T09:30:00+02:00", "count_line": 9, "location": "Oosterdoksbrug", "count_area": 17.0, "countline_length": 8, "density": 0.10527773693314427, "flow": 1.125, "LoS": "LoS A" }, "geometry": { "type": "Polygon", "coordinates": [ [ [ 122579.730216055279016, 487859.025132378330454 ], [ 122578.965293644389021, 487851.069939305016305 ], [ 122559.07731096119096, 487853.823659984220285 ], [ 122561.219093711682945, 487862.237806504068431 ], [ 122579.730216055279016, 487859.025132378330454 ] ] ] } },
{ "type": "Feature", "properties": { "sensor": "GASA-03", "time": "2025-08-20T09:31:00+02:00", "count_line": 8, "location": "Oosterdoksbrug", "count_area": 12.0, "countline_length": 8, "density": 0.074313696658690073, "flow": 1.0, "LoS": "LoS A" }, "geometry": { "type": "Polygon", "coordinates": [ [ [ 122579.730216055279016, 487859.025132378330454 ], [ 122578.965293644389021, 487851.069939305016305 ], [ 122559.07731096119096, 487853.823659984220285 ], [ 122561.219093711682945, 487862.237806504068431 ], [ 122579.730216055279016, 487859.025132378330454 ] ] ] } },
{ "type": "Feature", "properties": { "sensor": "GASA-03", "time": "2025-08-20T09:32:00+02:00", "count_line": 21, "location": "Oosterdoksbrug", "count_area": 31.0, "countline_length": 8, "density": 0.19197704970161603, "flow": 2.625, "LoS": "LoS A" }, "geometry": { "type": "Polygon", "coordinates": [ [ [ 122579.730216055279016, 487859.025132378330454 ], [ 122578.965293644389021, 487851.069939305016305 ], [ 122559.07731096119096, 487853.823659984220285 ], [ 122561.219093711682945, 487862.237806504068431 ], [ 122579.730216055279016, 487859.025132378330454 ] ] ] } },
{ "type": "Feature", "properties": { "sensor": "GASA-03", "time": "2025-08-20T09:34:00+02:00", "count_line": 28, "location": "Oosterdoksbrug", "count_area": 51.0, "countline_length": 8, "density": 0.31583321079943283, "flow": 3.5, "LoS": "LoS B" }, "geometry": { "type": "Polygon", "coordinates": [ [ [ 122579.730216055279016, 487859.025132378330454 ], [ 122578.965293644389021, 487851.069939305016305 ], [ 122559.07731096119096, 487853.823659984220285 ], [ 122561.219093711682945, 487862.237806504068431 ], [ 122579.730216055279016, 487859.025132378330454 ] ] ] } },
{ "type": "Feature", "properties": { "sensor": "GASA-03", "time": "2025-08-20T09:35:00+02:00", "count_line": 10, "location": "Oosterdoksbrug", "count_area": 18.0, "countline_length": 8, "density": 0.11147054498803512, "flow": 1.25, "LoS": "LoS A" }, "geometry": { "type": "Polygon", "coordinates": [ [ [ 122579.730216055279016, 487859.025132378330454 ], [ 122578.965293644389021, 487851.069939305016305 ], [ 122559.07731096119096, 487853.823659984220285 ], [ 122561.219093711682945, 487862.237806504068431 ], [ 122579.730216055279016, 487859.025132378330454 ] ] ] } },
{ "type": "Feature", "properties": { "sensor": "GASA-03", "time": "2025-08-20T09:36:00+02:00", "count_line": 26, "location": "Oosterdoksbrug", "count_area": 39.0, "countline_length": 8, "density": 0.24151951414074274, "flow": 3.25, "LoS": "LoS A" }, "geometry": { "type": "Polygon", "coordinates": [ [ [ 122579.730216055279016, 487859.025132378330454 ], [ 122578.965293644389021, 487851.069939305016305 ], [ 122559.07731096119096, 487853.823659984220285 ], [ 122561.219093711682945, 487862.237806504068431 ], [ 122579.730216055279016, 487859.025132378330454 ] ] ] } },
{ "type": "Feature", "properties": { "sensor": "GASA-03", "time": "2025-08-20T09:37:00+02:00", "count_line": 24, "location": "Oosterdoksbrug", "count_area": 44.0, "countline_length": 8, "density": 0.27248355441519695, "flow": 3.0, "LoS": "LoS A" }, "geometry": { "type": "Polygon", "coordinates": [ [ [ 122579.730216055279016, 487859.025132378330454 ], [ 122578.965293644389021, 487851.069939305016305 ], [ 122559.07731096119096, 487853.823659984220285 ], [ 122561.219093711682945, 487862.237806504068431 ], [ 122579.730216055279016, 487859.025132378330454 ] ] ] } },
{ "type": "Feature", "properties": { "sensor": "GASA-03", "time": "2025-08-20T09:38:00+02:00", "count_line": 14, "location": "Oosterdoksbrug", "count_area": 22.0, "countline_length": 8, "density": 0.13624177720759847, "flow": 1.75, "LoS": "LoS A" }, "geometry": { "type": "Polygon", "coordinates": [ [ [ 122579.730216055279016, 487859.025132378330454 ], [ 122578.965293644389021, 487851.069939305016305 ], [ 122559.07731096119096, 487853.823659984220285 ], [ 122561.219093711682945, 487862.237806504068431 ], [ 122579.730216055279016, 487859.025132378330454 ] ] ] } },
{ "type": "Feature", "properties": { "sensor": "GASA-03", "time": "2025-08-20T09:39:00+02:00", "count_line": 17, "location": "Oosterdoksbrug", "count_area": 28.0, "countline_length": 8, "density": 0.17339862553694352, "flow": 2.125, "LoS": "LoS A" }, "geometry": { "type": "Polygon", "coordinates": [ [ [ 122579.730216055279016, 487859.025132378330454 ], [ 122578.965293644389021, 487851.069939305016305 ], [ 122559.07731096119096, 487853.823659984220285 ], [ 122561.219093711682945, 487862.237806504068431 ], [ 122579.730216055279016, 487859.025132378330454 ] ] ] } },
{ "type": "Feature", "properties": { "sensor": "GASA-03", "time": "2025-08-20T09:40:00+02:00", "count_line": 14, "location": "Oosterdoksbrug", "count_area": 26.0, "countline_length": 8, "density": 0.16101300942716182, "flow": 1.75, "LoS": "LoS A" }, "geometry": { "type": "Polygon", "coordinates": [ [ [ 122579.730216055279016, 487859.025132378330454 ], [ 122578.965293644389021, 487851.069939305016305 ], [ 122559.07731096119096, 487853.823659984220285 ], [ 122561.219093711682945, 487862.237806504068431 ], [ 122579.730216055279016, 487859.025132378330454 ] ] ] } },
{ "type": "Feature", "properties": { "sensor": "GASA-03", "time": "2025-08-20T09:41:00+02:00", "count_line": 12, "location": "Oosterdoksbrug", "count_area": 18.0, "countline_length": 8, "density": 0.11147054498803512, "flow": 1.5, "LoS": "LoS A" }, "geometry": { "type": "Polygon", "coordinates": [ [ [ 122579.730216055279016, 487859.025132378330454 ], [ 122578.965293644389021, 487851.069939305016305 ], [ 122559.07731096119096, 487853.823659984220285 ], [ 122561.219093711682945, 487862.237806504068431 ], [ 122579.730216055279016, 487859.025132378330454 ] ] ] } },
{ "type": "Feature", "properties": { "sensor": "GASA-03", "time": "2025-08-20T09:42:00+02:00", "count_line": 11, "location": "Oosterdoksbrug", "count_area": 19.0, "countline_length": 8, "density": 0.11766335304292595, "flow": 1.375, "LoS": "LoS A" }, "geometry": { "type": "Polygon", "coordinates": [ [ [ 122579.730216055279016, 487859.025132378330454 ], [ 122578.965293644389021, 487851.069939305016305 ], [ 122559.07731096119096, 487853.823659984220285 ], [ 122561.219093711682945, 487862.237806504068431 ], [ 122579.730216055279016, 487859.025132378330454 ] ] ] } },
{ "type": "Feature", "properties": { "sensor": "GASA-03", "time": "2025-08-20T09:44:00+02:00", "count_line": 20, "location": "Oosterdoksbrug", "count_area": 39.0, "countline_length": 8, "density": 0.24151951414074274, "flow": 2.5, "LoS": "LoS A" }, "geometry": { "type": "Polygon", "coordinates": [ [ [ 122579.730216055279016, 487859.025132378330454 ], [ 122578.965293644389021, 487851.069939305016305 ], [ 122559.07731096119096, 487853.823659984220285 ], [ 122561.219093711682945, 487862.237806504068431 ], [ 122579.730216055279016, 487859.025132378330454 ] ] ] } },
{ "type": "Feature", "properties": { "sensor": "GASA-03", "time": "2025-08-20T09:45:00+02:00", "count_line": 18, "location": "Oosterdoksbrug", "count_area": 33.0, "countline_length": 8, "density": 0.2043626658113977, "flow": 2.25, "LoS": "LoS A" }, "geometry": { "type": "Polygon", "coordinates": [ [ [ 122579.730216055279016, 487859.025132378330454 ], [ 122578.965293644389021, 487851.069939305016305 ], [ 122559.07731096119096, 487853.823659984220285 ], [ 122561.219093711682945, 487862.237806504068431 ], [ 122579.730216055279016, 487859.025132378330454 ] ] ] } },
{ "type": "Feature", "properties": { "sensor": "GASA-03", "time": "2025-08-20T09:46:00+02:00", "count_line": 23, "location": "Oosterdoksbrug", "count_area": 35.0, "countline_length": 8, "density": 0.21674828192117937, "flow": 2.875, "LoS": "LoS A" }, "geometry": { "type": "Polygon", "coordinates": [ [ [ 122579.730216055279016, 487859.025132378330454 ], [ 122578.965293644389021, 487851.069939305016305 ], [ 122559.07731096119096, 487853.823659984220285 ], [ 122561.219093711682945, 487862.237806504068431 ], [ 122579.730216055279016, 487859.025132378330454 ] ] ] } },
{ "type": "Feature", "properties": { "sensor": "GASA-03", "time": "2025-08-20T09:47:00+02:00", "count_line": 23, "location": "Oosterdoksbrug", "count_area": 40.0, "countline_length": 8, "density": 0.24771232219563358, "flow": 2.875, "LoS": "LoS A" }, "geometry": { "type": "Polygon", "coordinates": [ [ [ 122579.730216055279016, 487859.025132378330454 ], [ 122578.965293644389021, 487851.069939305016305 ], [ 122559.07731096119096, 487853.823659984220285 ], [ 122561.219093711682945, 487862.237806504068431 ], [ 122579.730216055279016, 487859.025132378330454 ] ] ] } },
{ "type": "Feature", "properties": { "sensor": "GASA-03", "time": "2025-08-20T09:48:00+02:00", "count_line": 16, "location": "Oosterdoksbrug", "count_area": 27.0, "countline_length": 8, "density": 0.16720581748205265, "flow": 2.0, "LoS": "LoS A" }, "geometry": { "type": "Polygon", "coordinates": [ [ [ 122579.730216055279016, 487859.025132378330454 ], [ 122578.965293644389021, 487851.069939305016305 ], [ 122559.07731096119096, 487853.823659984220285 ], [ 122561.219093711682945, 487862.237806504068431 ], [ 122579.730216055279016, 487859.025132378330454 ] ] ] } },
{ "type": "Feature", "properties": { "sensor": "GASA-03", "time": "2025-08-20T09:49:00+02:00", "count_line": 12, "location": "Oosterdoksbrug", "count_area": 23.0, "countline_length": 8, "density": 0.14243458526248931, "flow": 1.5, "LoS": "LoS A" }, "geometry": { "type": "Polygon", "coordinates": [ [ [ 122579.730216055279016, 487859.025132378330454 ], [ 122578.965293644389021, 487851.069939305016305 ], [ 122559.07731096119096, 487853.823659984220285 ], [ 122561.219093711682945, 487862.237806504068431 ], [ 122579.730216055279016, 487859.025132378330454 ] ] ] } },
{ "type": "Feature", "properties": { "sensor": "GASA-03", "time": "2025-08-20T09:50:00+02:00", "count_line": 16, "location": "Oosterdoksbrug", "count_area": 30.0, "countline_length": 8, "density": 0.18578424164672519, "flow": 2.0, "LoS": "LoS A" }, "geometry": { "type": "Polygon", "coordinates": [ [ [ 122579.730216055279016, 487859.025132378330454 ], [ 122578.965293644389021, 487851.069939305016305 ], [ 122559.07731096119096, 487853.823659984220285 ], [ 122561.219093711682945, 487862.237806504068431 ], [ 122579.730216055279016, 487859.025132378330454 ] ] ] } },
{ "type": "Feature", "properties": { "sensor": "GASA-03", "time": "2025-08-20T09:51:00+02:00", "count_line": 15, "location": "Oosterdoksbrug", "count_area": 24.0, "countline_length": 8, "density": 0.14862739331738015, "flow": 1.875, "LoS": "LoS A" }, "geometry": { "type": "Polygon", "coordinates": [ [ [ 122579.730216055279016, 487859.025132378330454 ], [ 122578.965293644389021, 487851.069939305016305 ], [ 122559.07731096119096, 487853.823659984220285 ], [ 122561.219093711682945, 487862.237806504068431 ], [ 122579.730216055279016, 487859.025132378330454 ] ] ] } },
{ "type": "Feature", "properties": { "sensor": "GASA-03", "time": "2025-08-20T09:52:00+02:00", "count_line": 18, "location": "Oosterdoksbrug", "count_area": 32.0, "countline_length": 8, "density": 0.19816985775650686, "flow": 2.25, "LoS": "LoS A" }, "geometry": { "type": "Polygon", "coordinates": [ [ [ 122579.730216055279016, 487859.025132378330454 ], [ 122578.965293644389021, 487851.069939305016305 ], [ 122559.07731096119096, 487853.823659984220285 ], [ 122561.219093711682945, 487862.237806504068431 ], [ 122579.730216055279016, 487859.025132378330454 ] ] ] } },
{ "type": "Feature", "properties": { "sensor": "GASA-03", "time": "2025-08-20T09:54:00+02:00", "count_line": 18, "location": "Oosterdoksbrug", "count_area": 34.0, "countline_length": 8, "density": 0.21055547386628853, "flow": 2.25, "LoS": "LoS A" }, "geometry": { "type": "Polygon", "coordinates": [ [ [ 122579.730216055279016, 487859.025132378330454 ], [ 122578.965293644389021, 487851.069939305016305 ], [ 122559.07731096119096, 487853.823659984220285 ], [ 122561.219093711682945, 487862.237806504068431 ], [ 122579.730216055279016, 487859.025132378330454 ] ] ] } },
{ "type": "Feature", "properties": { "sensor": "GASA-03", "time": "2025-08-20T09:55:00+02:00", "count_line": 9, "location": "Oosterdoksbrug", "count_area": 15.0, "countline_length": 8, "density": 0.092892120823362595, "flow": 1.125, "LoS": "LoS A" }, "geometry": { "type": "Polygon", "coordinates": [ [ [ 122579.730216055279016, 487859.025132378330454 ], [ 122578.965293644389021, 487851.069939305016305 ], [ 122559.07731096119096, 487853.823659984220285 ], [ 122561.219093711682945, 487862.237806504068431 ], [ 122579.730216055279016, 487859.025132378330454 ] ] ] } },
{ "type": "Feature", "properties": { "sensor": "GASA-03", "time": "2025-08-20T09:56:00+02:00", "count_line": 27, "location": "Oosterdoksbrug", "count_area": 41.0, "countline_length": 8, "density": 0.25390513025052441, "flow": 3.375, "LoS": "LoS A" }, "geometry": { "type": "Polygon", "coordinates": [ [ [ 122579.730216055279016, 487859.025132378330454 ], [ 122578.965293644389021, 487851.069939305016305 ], [ 122559.07731096119096, 487853.823659984220285 ], [ 122561.219093711682945, 487862.237806504068431 ], [ 122579.730216055279016, 487859.025132378330454 ] ] ] } },
{ "type": "Feature", "properties": { "sensor": "GASA-03", "time": "2025-08-20T09:57:00+02:00", "count_line": 4, "location": "Oosterdoksbrug", "count_area": 7.0, "countline_length": 8, "density": 0.04334965638423588, "flow": 0.5, "LoS": "LoS A" }, "geometry": { "type": "Polygon", "coordinates": [ [ [ 122579.730216055279016, 487859.025132378330454 ], [ 122578.965293644389021, 487851.069939305016305 ], [ 122559.07731096119096, 487853.823659984220285 ], [ 122561.219093711682945, 487862.237806504068431 ], [ 122579.730216055279016, 487859.025132378330454 ] ] ] } },
{ "type": "Feature", "properties": { "sensor": "GASA-03", "time": "2025-08-20T09:58:00+02:00", "count_line": 15, "location": "Oosterdoksbrug", "count_area": 28.0, "countline_length": 8, "density": 0.17339862553694352, "flow": 1.875, "LoS": "LoS A" }, "geometry": { "type": "Polygon", "coordinates": [ [ [ 122579.730216055279016, 487859.025132378330454 ], [ 122578.965293644389021, 487851.069939305016305 ], [ 122559.07731096119096, 487853.823659984220285 ], [ 122561.219093711682945, 487862.237806504068431 ], [ 122579.730216055279016, 487859.025132378330454 ] ] ] } },
{ "type": "Feature", "properties": { "sensor": "GASA-03", "time": "2025-08-20T09:59:00+02:00", "count_line": 23, "location": "Oosterdoksbrug", "count_area": 42.0, "countline_length": 8, "density": 0.26009793830541528, "flow": 2.875, "LoS": "LoS A" }, "geometry": { "type": "Polygon", "coordinates": [ [ [ 122579.730216055279016, 487859.025132378330454 ], [ 122578.965293644389021, 487851.069939305016305 ], [ 122559.07731096119096, 487853.823659984220285 ], [ 122561.219093711682945, 487862.237806504068431 ], [ 122579.730216055279016, 487859.025132378330454 ] ] ] } },
{ "type": "Feature", "properties": { "sensor": "GASA-03", "time": "2025-08-20T10:00:00+02:00", "count_line": 10, "location": "Oosterdoksbrug", "count_area": 15.0, "countline_length": 8, "density": 0.092892120823362595, "flow": 1.25, "LoS": "LoS A" }, "geometry": { "type": "Polygon", "coordinates": [ [ [ 122579.730216055279016, 487859.025132378330454 ], [ 122578.965293644389021, 487851.069939305016305 ], [ 122559.07731096119096, 487853.823659984220285 ], [ 122561.219093711682945, 487862.237806504068431 ], [ 122579.730216055279016, 487859.025132378330454 ] ] ] } },
{ "type": "Feature", "properties": { "sensor": "GASA-03", "time": "2025-08-20T10:01:00+02:00", "count_line": 23, "location": "Oosterdoksbrug", "count_area": 37.0, "countline_length": 8, "density": 0.22913389803096107, "flow": 2.875, "LoS": "LoS A" }, "geometry": { "type": "Polygon", "coordinates": [ [ [ 122579.730216055279016, 487859.025132378330454 ], [ 122578.965293644389021, 487851.069939305016305 ], [ 122559.07731096119096, 487853.823659984220285 ], [ 122561.219093711682945, 487862.237806504068431 ], [ 122579.730216055279016, 487859.025132378330454 ] ] ] } },
{ "type": "Feature", "properties": { "sensor": "GASA-03", "time": "2025-08-20T10:02:00+02:00", "count_line": 17, "location": "Oosterdoksbrug", "count_area": 28.0, "countline_length": 8, "density": 0.17339862553694352, "flow": 2.125, "LoS": "LoS A" }, "geometry": { "type": "Polygon", "coordinates": [ [ [ 122579.730216055279016, 487859.025132378330454 ], [ 122578.965293644389021, 487851.069939305016305 ], [ 122559.07731096119096, 487853.823659984220285 ], [ 122561.219093711682945, 487862.237806504068431 ], [ 122579.730216055279016, 487859.025132378330454 ] ] ] } },
{ "type": "Feature", "properties": { "sensor": "GASA-03", "time": "2025-08-20T10:04:00+02:00", "count_line": 60, "location": "Oosterdoksbrug", "count_area": 102.0, "countline_length": 8, "density": 0.63166642159886566, "flow": 7.5, "LoS": "LoS B" }, "geometry": { "type": "Polygon", "coordinates": [ [ [ 122579.730216055279016, 487859.025132378330454 ], [ 122578.965293644389021, 487851.069939305016305 ], [ 122559.07731096119096, 487853.823659984220285 ], [ 122561.219093711682945, 487862.237806504068431 ], [ 122579.730216055279016, 487859.025132378330454 ] ] ] } },
{ "type": "Feature", "properties": { "sensor": "GASA-03", "time": "2025-08-20T10:05:00+02:00", "count_line": 22, "location": "Oosterdoksbrug", "count_area": 36.0, "countline_length": 8, "density": 0.22294108997607023, "flow": 2.75, "LoS": "LoS A" }, "geometry": { "type": "Polygon", "coordinates": [ [ [ 122579.730216055279016, 487859.025132378330454 ], [ 122578.965293644389021, 487851.069939305016305 ], [ 122559.07731096119096, 487853.823659984220285 ], [ 122561.219093711682945, 487862.237806504068431 ], [ 122579.730216055279016, 487859.025132378330454 ] ] ] } },
{ "type": "Feature", "properties": { "sensor": "GASA-03", "time": "2025-08-20T10:06:00+02:00", "count_line": 19, "location": "Oosterdoksbrug", "count_area": 28.0, "countline_length": 8, "density": 0.17339862553694352, "flow": 2.375, "LoS": "LoS A" }, "geometry": { "type": "Polygon", "coordinates": [ [ [ 122579.730216055279016, 487859.025132378330454 ], [ 122578.965293644389021, 487851.069939305016305 ], [ 122559.07731096119096, 487853.823659984220285 ], [ 122561.219093711682945, 487862.237806504068431 ], [ 122579.730216055279016, 487859.025132378330454 ] ] ] } },
{ "type": "Feature", "properties": { "sensor": "GASA-03", "time": "2025-08-20T10:07:00+02:00", "count_line": 17, "location": "Oosterdoksbrug", "count_area": 26.0, "countline_length": 8, "density": 0.16101300942716182, "flow": 2.125, "LoS": "LoS A" }, "geometry": { "type": "Polygon", "coordinates": [ [ [ 122579.730216055279016, 487859.025132378330454 ], [ 122578.965293644389021, 487851.069939305016305 ], [ 122559.07731096119096, 487853.823659984220285 ], [ 122561.219093711682945, 487862.237806504068431 ], [ 122579.730216055279016, 487859.025132378330454 ] ] ] } },
{ "type": "Feature", "properties": { "sensor": "GASA-03", "time": "2025-08-20T10:08:00+02:00", "count_line": 10, "location": "Oosterdoksbrug", "count_area": 19.0, "countline_length": 8, "density": 0.11766335304292595, "flow": 1.25, "LoS": "LoS A" }, "geometry": { "type": "Polygon", "coordinates": [ [ [ 122579.730216055279016, 487859.025132378330454 ], [ 122578.965293644389021, 487851.069939305016305 ], [ 122559.07731096119096, 487853.823659984220285 ], [ 122561.219093711682945, 487862.237806504068431 ], [ 122579.730216055279016, 487859.025132378330454 ] ] ] } },
{ "type": "Feature", "properties": { "sensor": "GASA-03", "time": "2025-08-20T10:09:00+02:00", "count_line": 12, "location": "Oosterdoksbrug", "count_area": 20.0, "countline_length": 8, "density": 0.12385616109781679, "flow": 1.5, "LoS": "LoS A" }, "geometry": { "type": "Polygon", "coordinates": [ [ [ 122579.730216055279016, 487859.025132378330454 ], [ 122578.965293644389021, 487851.069939305016305 ], [ 122559.07731096119096, 487853.823659984220285 ], [ 122561.219093711682945, 487862.237806504068431 ], [ 122579.730216055279016, 487859.025132378330454 ] ] ] } },
{ "type": "Feature", "properties": { "sensor": "GASA-03", "time": "2025-08-20T10:10:00+02:00", "count_line": 19, "location": "Oosterdoksbrug", "count_area": 33.0, "countline_length": 8, "density": 0.2043626658113977, "flow": 2.375, "LoS": "LoS A" }, "geometry": { "type": "Polygon", "coordinates": [ [ [ 122579.730216055279016, 487859.025132378330454 ], [ 122578.965293644389021, 487851.069939305016305 ], [ 122559.07731096119096, 487853.823659984220285 ], [ 122561.219093711682945, 487862.237806504068431 ], [ 122579.730216055279016, 487859.025132378330454 ] ] ] } },
{ "type": "Feature", "properties": { "sensor": "GASA-03", "time": "2025-08-20T10:11:00+02:00", "count_line": 13, "location": "Oosterdoksbrug", "count_area": 25.0, "countline_length": 8, "density": 0.15482020137227098, "flow": 1.625, "LoS": "LoS A" }, "geometry": { "type": "Polygon", "coordinates": [ [ [ 122579.730216055279016, 487859.025132378330454 ], [ 122578.965293644389021, 487851.069939305016305 ], [ 122559.07731096119096, 487853.823659984220285 ], [ 122561.219093711682945, 487862.237806504068431 ], [ 122579.730216055279016, 487859.025132378330454 ] ] ] } },
{ "type": "Feature", "properties": { "sensor": "GASA-03", "time": "2025-08-20T10:12:00+02:00", "count_line": 19, "location": "Oosterdoksbrug", "count_area": 30.0, "countline_length": 8, "density": 0.18578424164672519, "flow": 2.375, "LoS": "LoS A" }, "geometry": { "type": "Polygon", "coordinates": [ [ [ 122579.730216055279016, 487859.025132378330454 ], [ 122578.965293644389021, 487851.069939305016305 ], [ 122559.07731096119096, 487853.823659984220285 ], [ 122561.219093711682945, 487862.237806504068431 ], [ 122579.730216055279016, 487859.025132378330454 ] ] ] } },
{ "type": "Feature", "properties": { "sensor": "GASA-03", "time": "2025-08-20T10:14:00+02:00", "count_line": 16, "location": "Oosterdoksbrug", "count_area": 30.0, "countline_length": 8, "density": 0.18578424164672519, "flow": 2.0, "LoS": "LoS A" }, "geometry": { "type": "Polygon", "coordinates": [ [ [ 122579.730216055279016, 487859.025132378330454 ], [ 122578.965293644389021, 487851.069939305016305 ], [ 122559.07731096119096, 487853.823659984220285 ], [ 122561.219093711682945, 487862.237806504068431 ], [ 122579.730216055279016, 487859.025132378330454 ] ] ] } },
{ "type": "Feature", "properties": { "sensor": "GASA-03", "time": "2025-08-20T10:15:00+02:00", "count_line": 19, "location": "Oosterdoksbrug", "count_area": 37.0, "countline_length": 8, "density": 0.22913389803096107, "flow": 2.375, "LoS": "LoS A" }, "geometry": { "type": "Polygon", "coordinates": [ [ [ 122579.730216055279016, 487859.025132378330454 ], [ 122578.965293644389021, 487851.069939305016305 ], [ 122559.07731096119096, 487853.823659984220285 ], [ 122561.219093711682945, 487862.237806504068431 ], [ 122579.730216055279016, 487859.025132378330454 ] ] ] } },
{ "type": "Feature", "properties": { "sensor": "GASA-03", "time": "2025-08-20T10:16:00+02:00", "count_line": 19, "location": "Oosterdoksbrug", "count_area": 29.0, "countline_length": 8, "density": 0.17959143359183435, "flow": 2.375, "LoS": "LoS A" }, "geometry": { "type": "Polygon", "coordinates": [ [ [ 122579.730216055279016, 487859.025132378330454 ], [ 122578.965293644389021, 487851.069939305016305 ], [ 122559.07731096119096, 487853.823659984220285 ], [ 122561.219093711682945, 487862.237806504068431 ], [ 122579.730216055279016, 487859.025132378330454 ] ] ] } },
{ "type": "Feature", "properties": { "sensor": "GASA-03", "time": "2025-08-20T10:17:00+02:00", "count_line": 17, "location": "Oosterdoksbrug", "count_area": 27.0, "countline_length": 8, "density": 0.16720581748205265, "flow": 2.125, "LoS": "LoS A" }, "geometry": { "type": "Polygon", "coordinates": [ [ [ 122579.730216055279016, 487859.025132378330454 ], [ 122578.965293644389021, 487851.069939305016305 ], [ 122559.07731096119096, 487853.823659984220285 ], [ 122561.219093711682945, 487862.237806504068431 ], [ 122579.730216055279016, 487859.025132378330454 ] ] ] } },
{ "type": "Feature", "properties": { "sensor": "GASA-03", "time": "2025-08-20T10:18:00+02:00", "count_line": 0, "location": "Oosterdoksbrug", "count_area": 0.0, "countline_length": 8, "density": 0.0, "flow": 0.0, "LoS": "LoS A" }, "geometry": { "type": "Polygon", "coordinates": [ [ [ 122579.730216055279016, 487859.025132378330454 ], [ 122578.965293644389021, 487851.069939305016305 ], [ 122559.07731096119096, 487853.823659984220285 ], [ 122561.219093711682945, 487862.237806504068431 ], [ 122579.730216055279016, 487859.025132378330454 ] ] ] } },
{ "type": "Feature", "properties": { "sensor": "GASA-03", "time": "2025-08-20T10:19:00+02:00", "count_line": 14, "location": "Oosterdoksbrug", "count_area": 21.0, "countline_length": 8, "density": 0.13004896915270764, "flow": 1.75, "LoS": "LoS A" }, "geometry": { "type": "Polygon", "coordinates": [ [ [ 122579.730216055279016, 487859.025132378330454 ], [ 122578.965293644389021, 487851.069939305016305 ], [ 122559.07731096119096, 487853.823659984220285 ], [ 122561.219093711682945, 487862.237806504068431 ], [ 122579.730216055279016, 487859.025132378330454 ] ] ] } },
{ "type": "Feature", "properties": { "sensor": "GASA-03", "time": "2025-08-20T10:20:00+02:00", "count_line": 19, "location": "Oosterdoksbrug", "count_area": 33.0, "countline_length": 8, "density": 0.2043626658113977, "flow": 2.375, "LoS": "LoS A" }, "geometry": { "type": "Polygon", "coordinates": [ [ [ 122579.730216055279016, 487859.025132378330454 ], [ 122578.965293644389021, 487851.069939305016305 ], [ 122559.07731096119096, 487853.823659984220285 ], [ 122561.219093711682945, 487862.237806504068431 ], [ 122579.730216055279016, 487859.025132378330454 ] ] ] } },
{ "type": "Feature", "properties": { "sensor": "GASA-03", "time": "2025-08-20T10:21:00+02:00", "count_line": 14, "location": "Oosterdoksbrug", "count_area": 21.0, "countline_length": 8, "density": 0.13004896915270764, "flow": 1.75, "LoS": "LoS A" }, "geometry": { "type": "Polygon", "coordinates": [ [ [ 122579.730216055279016, 487859.025132378330454 ], [ 122578.965293644389021, 487851.069939305016305 ], [ 122559.07731096119096, 487853.823659984220285 ], [ 122561.219093711682945, 487862.237806504068431 ], [ 122579.730216055279016, 487859.025132378330454 ] ] ] } },
{ "type": "Feature", "properties": { "sensor": "GASA-03", "time": "2025-08-20T10:22:00+02:00", "count_line": 13, "location": "Oosterdoksbrug", "count_area": 24.0, "countline_length": 8, "density": 0.14862739331738015, "flow": 1.625, "LoS": "LoS A" }, "geometry": { "type": "Polygon", "coordinates": [ [ [ 122579.730216055279016, 487859.025132378330454 ], [ 122578.965293644389021, 487851.069939305016305 ], [ 122559.07731096119096, 487853.823659984220285 ], [ 122561.219093711682945, 487862.237806504068431 ], [ 122579.730216055279016, 487859.025132378330454 ] ] ] } },
{ "type": "Feature", "properties": { "sensor": "GASA-03", "time": "2025-08-20T10:24:00+02:00", "count_line": 18, "location": "Oosterdoksbrug", "count_area": 34.0, "countline_length": 8, "density": 0.21055547386628853, "flow": 2.25, "LoS": "LoS A" }, "geometry": { "type": "Polygon", "coordinates": [ [ [ 122579.730216055279016, 487859.025132378330454 ], [ 122578.965293644389021, 487851.069939305016305 ], [ 122559.07731096119096, 487853.823659984220285 ], [ 122561.219093711682945, 487862.237806504068431 ], [ 122579.730216055279016, 487859.025132378330454 ] ] ] } },
{ "type": "Feature", "properties": { "sensor": "GASA-03", "time": "2025-08-20T10:25:00+02:00", "count_line": 11, "location": "Oosterdoksbrug", "count_area": 20.0, "countline_length": 8, "density": 0.12385616109781679, "flow": 1.375, "LoS": "LoS A" }, "geometry": { "type": "Polygon", "coordinates": [ [ [ 122579.730216055279016, 487859.025132378330454 ], [ 122578.965293644389021, 487851.069939305016305 ], [ 122559.07731096119096, 487853.823659984220285 ], [ 122561.219093711682945, 487862.237806504068431 ], [ 122579.730216055279016, 487859.025132378330454 ] ] ] } },
{ "type": "Feature", "properties": { "sensor": "GASA-03", "time": "2025-08-20T10:26:00+02:00", "count_line": 19, "location": "Oosterdoksbrug", "count_area": 30.0, "countline_length": 8, "density": 0.18578424164672519, "flow": 2.375, "LoS": "LoS A" }, "geometry": { "type": "Polygon", "coordinates": [ [ [ 122579.730216055279016, 487859.025132378330454 ], [ 122578.965293644389021, 487851.069939305016305 ], [ 122559.07731096119096, 487853.823659984220285 ], [ 122561.219093711682945, 487862.237806504068431 ], [ 122579.730216055279016, 487859.025132378330454 ] ] ] } },
{ "type": "Feature", "properties": { "sensor": "GASA-03", "time": "2025-08-20T10:27:00+02:00", "count_line": 25, "location": "Oosterdoksbrug", "count_area": 42.0, "countline_length": 8, "density": 0.26009793830541528, "flow": 3.125, "LoS": "LoS A" }, "geometry": { "type": "Polygon", "coordinates": [ [ [ 122579.730216055279016, 487859.025132378330454 ], [ 122578.965293644389021, 487851.069939305016305 ], [ 122559.07731096119096, 487853.823659984220285 ], [ 122561.219093711682945, 487862.237806504068431 ], [ 122579.730216055279016, 487859.025132378330454 ] ] ] } },
{ "type": "Feature", "properties": { "sensor": "GASA-03", "time": "2025-08-20T10:28:00+02:00", "count_line": 15, "location": "Oosterdoksbrug", "count_area": 29.0, "countline_length": 8, "density": 0.17959143359183435, "flow": 1.875, "LoS": "LoS A" }, "geometry": { "type": "Polygon", "coordinates": [ [ [ 122579.730216055279016, 487859.025132378330454 ], [ 122578.965293644389021, 487851.069939305016305 ], [ 122559.07731096119096, 487853.823659984220285 ], [ 122561.219093711682945, 487862.237806504068431 ], [ 122579.730216055279016, 487859.025132378330454 ] ] ] } },
{ "type": "Feature", "properties": { "sensor": "GASA-03", "time": "2025-08-20T10:29:00+02:00", "count_line": 13, "location": "Oosterdoksbrug", "count_area": 22.0, "countline_length": 8, "density": 0.13624177720759847, "flow": 1.625, "LoS": "LoS A" }, "geometry": { "type": "Polygon", "coordinates": [ [ [ 122579.730216055279016, 487859.025132378330454 ], [ 122578.965293644389021, 487851.069939305016305 ], [ 122559.07731096119096, 487853.823659984220285 ], [ 122561.219093711682945, 487862.237806504068431 ], [ 122579.730216055279016, 487859.025132378330454 ] ] ] } },
{ "type": "Feature", "properties": { "sensor": "GASA-03", "time": "2025-08-20T10:30:00+02:00", "count_line": 28, "location": "Oosterdoksbrug", "count_area": 44.0, "countline_length": 8, "density": 0.27248355441519695, "flow": 3.5, "LoS": "LoS A" }, "geometry": { "type": "Polygon", "coordinates": [ [ [ 122579.730216055279016, 487859.025132378330454 ], [ 122578.965293644389021, 487851.069939305016305 ], [ 122559.07731096119096, 487853.823659984220285 ], [ 122561.219093711682945, 487862.237806504068431 ], [ 122579.730216055279016, 487859.025132378330454 ] ] ] } },
{ "type": "Feature", "properties": { "sensor": "GASA-03", "time": "2025-08-20T10:31:00+02:00", "count_line": 12, "location": "Oosterdoksbrug", "count_area": 20.0, "countline_length": 8, "density": 0.12385616109781679, "flow": 1.5, "LoS": "LoS A" }, "geometry": { "type": "Polygon", "coordinates": [ [ [ 122579.730216055279016, 487859.025132378330454 ], [ 122578.965293644389021, 487851.069939305016305 ], [ 122559.07731096119096, 487853.823659984220285 ], [ 122561.219093711682945, 487862.237806504068431 ], [ 122579.730216055279016, 487859.025132378330454 ] ] ] } },
{ "type": "Feature", "properties": { "sensor": "GASA-03", "time": "2025-08-20T10:32:00+02:00", "count_line": 19, "location": "Oosterdoksbrug", "count_area": 37.0, "countline_length": 8, "density": 0.22913389803096107, "flow": 2.375, "LoS": "LoS A" }, "geometry": { "type": "Polygon", "coordinates": [ [ [ 122579.730216055279016, 487859.025132378330454 ], [ 122578.965293644389021, 487851.069939305016305 ], [ 122559.07731096119096, 487853.823659984220285 ], [ 122561.219093711682945, 487862.237806504068431 ], [ 122579.730216055279016, 487859.025132378330454 ] ] ] } },
{ "type": "Feature", "properties": { "sensor": "GASA-03", "time": "2025-08-20T10:34:00+02:00", "count_line": 40, "location": "Oosterdoksbrug", "count_area": 66.0, "countline_length": 8, "density": 0.4087253316227954, "flow": 5.0, "LoS": "LoS B" }, "geometry": { "type": "Polygon", "coordinates": [ [ [ 122579.730216055279016, 487859.025132378330454 ], [ 122578.965293644389021, 487851.069939305016305 ], [ 122559.07731096119096, 487853.823659984220285 ], [ 122561.219093711682945, 487862.237806504068431 ], [ 122579.730216055279016, 487859.025132378330454 ] ] ] } },
{ "type": "Feature", "properties": { "sensor": "GASA-03", "time": "2025-08-20T10:35:00+02:00", "count_line": 18, "location": "Oosterdoksbrug", "count_area": 31.0, "countline_length": 8, "density": 0.19197704970161603, "flow": 2.25, "LoS": "LoS A" }, "geometry": { "type": "Polygon", "coordinates": [ [ [ 122579.730216055279016, 487859.025132378330454 ], [ 122578.965293644389021, 487851.069939305016305 ], [ 122559.07731096119096, 487853.823659984220285 ], [ 122561.219093711682945, 487862.237806504068431 ], [ 122579.730216055279016, 487859.025132378330454 ] ] ] } },
{ "type": "Feature", "properties": { "sensor": "GASA-03", "time": "2025-08-20T10:36:00+02:00", "count_line": 19, "location": "Oosterdoksbrug", "count_area": 29.0, "countline_length": 8, "density": 0.17959143359183435, "flow": 2.375, "LoS": "LoS A" }, "geometry": { "type": "Polygon", "coordinates": [ [ [ 122579.730216055279016, 487859.025132378330454 ], [ 122578.965293644389021, 487851.069939305016305 ], [ 122559.07731096119096, 487853.823659984220285 ], [ 122561.219093711682945, 487862.237806504068431 ], [ 122579.730216055279016, 487859.025132378330454 ] ] ] } },
{ "type": "Feature", "properties": { "sensor": "GASA-03", "time": "2025-08-20T10:37:00+02:00", "count_line": 16, "location": "Oosterdoksbrug", "count_area": 24.0, "countline_length": 8, "density": 0.14862739331738015, "flow": 2.0, "LoS": "LoS A" }, "geometry": { "type": "Polygon", "coordinates": [ [ [ 122579.730216055279016, 487859.025132378330454 ], [ 122578.965293644389021, 487851.069939305016305 ], [ 122559.07731096119096, 487853.823659984220285 ], [ 122561.219093711682945, 487862.237806504068431 ], [ 122579.730216055279016, 487859.025132378330454 ] ] ] } },
{ "type": "Feature", "properties": { "sensor": "GASA-03", "time": "2025-08-20T10:38:00+02:00", "count_line": 42, "location": "Oosterdoksbrug", "count_area": 63.0, "countline_length": 8, "density": 0.39014690745812286, "flow": 5.25, "LoS": "LoS B" }, "geometry": { "type": "Polygon", "coordinates": [ [ [ 122579.730216055279016, 487859.025132378330454 ], [ 122578.965293644389021, 487851.069939305016305 ], [ 122559.07731096119096, 487853.823659984220285 ], [ 122561.219093711682945, 487862.237806504068431 ], [ 122579.730216055279016, 487859.025132378330454 ] ] ] } },
{ "type": "Feature", "properties": { "sensor": "GASA-03", "time": "2025-08-20T10:39:00+02:00", "count_line": 17, "location": "Oosterdoksbrug", "count_area": 27.0, "countline_length": 8, "density": 0.16720581748205265, "flow": 2.125, "LoS": "LoS A" }, "geometry": { "type": "Polygon", "coordinates": [ [ [ 122579.730216055279016, 487859.025132378330454 ], [ 122578.965293644389021, 487851.069939305016305 ], [ 122559.07731096119096, 487853.823659984220285 ], [ 122561.219093711682945, 487862.237806504068431 ], [ 122579.730216055279016, 487859.025132378330454 ] ] ] } },
{ "type": "Feature", "properties": { "sensor": "GASA-03", "time": "2025-08-20T10:40:00+02:00", "count_line": 13, "location": "Oosterdoksbrug", "count_area": 25.0, "countline_length": 8, "density": 0.15482020137227098, "flow": 1.625, "LoS": "LoS A" }, "geometry": { "type": "Polygon", "coordinates": [ [ [ 122579.730216055279016, 487859.025132378330454 ], [ 122578.965293644389021, 487851.069939305016305 ], [ 122559.07731096119096, 487853.823659984220285 ], [ 122561.219093711682945, 487862.237806504068431 ], [ 122579.730216055279016, 487859.025132378330454 ] ] ] } },
{ "type": "Feature", "properties": { "sensor": "GASA-03", "time": "2025-08-20T10:41:00+02:00", "count_line": 12, "location": "Oosterdoksbrug", "count_area": 18.0, "countline_length": 8, "density": 0.11147054498803512, "flow": 1.5, "LoS": "LoS A" }, "geometry": { "type": "Polygon", "coordinates": [ [ [ 122579.730216055279016, 487859.025132378330454 ], [ 122578.965293644389021, 487851.069939305016305 ], [ 122559.07731096119096, 487853.823659984220285 ], [ 122561.219093711682945, 487862.237806504068431 ], [ 122579.730216055279016, 487859.025132378330454 ] ] ] } },
{ "type": "Feature", "properties": { "sensor": "GASA-03", "time": "2025-08-20T10:42:00+02:00", "count_line": 22, "location": "Oosterdoksbrug", "count_area": 35.0, "countline_length": 8, "density": 0.21674828192117937, "flow": 2.75, "LoS": "LoS A" }, "geometry": { "type": "Polygon", "coordinates": [ [ [ 122579.730216055279016, 487859.025132378330454 ], [ 122578.965293644389021, 487851.069939305016305 ], [ 122559.07731096119096, 487853.823659984220285 ], [ 122561.219093711682945, 487862.237806504068431 ], [ 122579.730216055279016, 487859.025132378330454 ] ] ] } },
{ "type": "Feature", "properties": { "sensor": "GASA-03", "time": "2025-08-20T10:44:00+02:00", "count_line": 24, "location": "Oosterdoksbrug", "count_area": 39.0, "countline_length": 8, "density": 0.24151951414074274, "flow": 3.0, "LoS": "LoS A" }, "geometry": { "type": "Polygon", "coordinates": [ [ [ 122579.730216055279016, 487859.025132378330454 ], [ 122578.965293644389021, 487851.069939305016305 ], [ 122559.07731096119096, 487853.823659984220285 ], [ 122561.219093711682945, 487862.237806504068431 ], [ 122579.730216055279016, 487859.025132378330454 ] ] ] } },
{ "type": "Feature", "properties": { "sensor": "GASA-03", "time": "2025-08-20T10:45:00+02:00", "count_line": 16, "location": "Oosterdoksbrug", "count_area": 30.0, "countline_length": 8, "density": 0.18578424164672519, "flow": 2.0, "LoS": "LoS A" }, "geometry": { "type": "Polygon", "coordinates": [ [ [ 122579.730216055279016, 487859.025132378330454 ], [ 122578.965293644389021, 487851.069939305016305 ], [ 122559.07731096119096, 487853.823659984220285 ], [ 122561.219093711682945, 487862.237806504068431 ], [ 122579.730216055279016, 487859.025132378330454 ] ] ] } },
{ "type": "Feature", "properties": { "sensor": "GASA-03", "time": "2025-08-20T10:46:00+02:00", "count_line": 23, "location": "Oosterdoksbrug", "count_area": 44.0, "countline_length": 8, "density": 0.27248355441519695, "flow": 2.875, "LoS": "LoS A" }, "geometry": { "type": "Polygon", "coordinates": [ [ [ 122579.730216055279016, 487859.025132378330454 ], [ 122578.965293644389021, 487851.069939305016305 ], [ 122559.07731096119096, 487853.823659984220285 ], [ 122561.219093711682945, 487862.237806504068431 ], [ 122579.730216055279016, 487859.025132378330454 ] ] ] } },
{ "type": "Feature", "properties": { "sensor": "GASA-03", "time": "2025-08-20T10:48:00+02:00", "count_line": 32, "location": "Oosterdoksbrug", "count_area": 52.0, "countline_length": 8, "density": 0.32202601885432364, "flow": 4.0, "LoS": "LoS B" }, "geometry": { "type": "Polygon", "coordinates": [ [ [ 122579.730216055279016, 487859.025132378330454 ], [ 122578.965293644389021, 487851.069939305016305 ], [ 122559.07731096119096, 487853.823659984220285 ], [ 122561.219093711682945, 487862.237806504068431 ], [ 122579.730216055279016, 487859.025132378330454 ] ] ] } },
{ "type": "Feature", "properties": { "sensor": "GASA-03", "time": "2025-08-20T10:50:00+02:00", "count_line": 56, "location": "Oosterdoksbrug", "count_area": 110.0, "countline_length": 8, "density": 0.68120888603799234, "flow": 7.0, "LoS": "LoS B" }, "geometry": { "type": "Polygon", "coordinates": [ [ [ 122579.730216055279016, 487859.025132378330454 ], [ 122578.965293644389021, 487851.069939305016305 ], [ 122559.07731096119096, 487853.823659984220285 ], [ 122561.219093711682945, 487862.237806504068431 ], [ 122579.730216055279016, 487859.025132378330454 ] ] ] } },
{ "type": "Feature", "properties": { "sensor": "GASA-03", "time": "2025-08-20T10:51:00+02:00", "count_line": 31, "location": "Oosterdoksbrug", "count_area": 47.0, "countline_length": 8, "density": 0.29106197857986943, "flow": 3.875, "LoS": "LoS A" }, "geometry": { "type": "Polygon", "coordinates": [ [ [ 122579.730216055279016, 487859.025132378330454 ], [ 122578.965293644389021, 487851.069939305016305 ], [ 122559.07731096119096, 487853.823659984220285 ], [ 122561.219093711682945, 487862.237806504068431 ], [ 122579.730216055279016, 487859.025132378330454 ] ] ] } },
{ "type": "Feature", "properties": { "sensor": "GASA-03", "time": "2025-08-20T10:52:00+02:00", "count_line": 14, "location": "Oosterdoksbrug", "count_area": 21.0, "countline_length": 8, "density": 0.13004896915270764, "flow": 1.75, "LoS": "LoS A" }, "geometry": { "type": "Polygon", "coordinates": [ [ [ 122579.730216055279016, 487859.025132378330454 ], [ 122578.965293644389021, 487851.069939305016305 ], [ 122559.07731096119096, 487853.823659984220285 ], [ 122561.219093711682945, 487862.237806504068431 ], [ 122579.730216055279016, 487859.025132378330454 ] ] ] } },
{ "type": "Feature", "properties": { "sensor": "GASA-03", "time": "2025-08-20T10:54:00+02:00", "count_line": 36, "location": "Oosterdoksbrug", "count_area": 57.0, "countline_length": 8, "density": 0.35299005912877784, "flow": 4.5, "LoS": "LoS B" }, "geometry": { "type": "Polygon", "coordinates": [ [ [ 122579.730216055279016, 487859.025132378330454 ], [ 122578.965293644389021, 487851.069939305016305 ], [ 122559.07731096119096, 487853.823659984220285 ], [ 122561.219093711682945, 487862.237806504068431 ], [ 122579.730216055279016, 487859.025132378330454 ] ] ] } },
{ "type": "Feature", "properties": { "sensor": "GASA-03", "time": "2025-08-20T10:55:00+02:00", "count_line": 17, "location": "Oosterdoksbrug", "count_area": 32.0, "countline_length": 8, "density": 0.19816985775650686, "flow": 2.125, "LoS": "LoS A" }, "geometry": { "type": "Polygon", "coordinates": [ [ [ 122579.730216055279016, 487859.025132378330454 ], [ 122578.965293644389021, 487851.069939305016305 ], [ 122559.07731096119096, 487853.823659984220285 ], [ 122561.219093711682945, 487862.237806504068431 ], [ 122579.730216055279016, 487859.025132378330454 ] ] ] } },
{ "type": "Feature", "properties": { "sensor": "GASA-03", "time": "2025-08-20T10:56:00+02:00", "count_line": 25, "location": "Oosterdoksbrug", "count_area": 38.0, "countline_length": 8, "density": 0.23532670608585191, "flow": 3.125, "LoS": "LoS A" }, "geometry": { "type": "Polygon", "coordinates": [ [ [ 122579.730216055279016, 487859.025132378330454 ], [ 122578.965293644389021, 487851.069939305016305 ], [ 122559.07731096119096, 487853.823659984220285 ], [ 122561.219093711682945, 487862.237806504068431 ], [ 122579.730216055279016, 487859.025132378330454 ] ] ] } },
{ "type": "Feature", "properties": { "sensor": "GASA-03", "time": "2025-08-20T10:58:00+02:00", "count_line": 76, "location": "Oosterdoksbrug", "count_area": 137.0, "countline_length": 8, "density": 0.848414703520045, "flow": 9.5, "LoS": "LoS C" }, "geometry": { "type": "Polygon", "coordinates": [ [ [ 122579.730216055279016, 487859.025132378330454 ], [ 122578.965293644389021, 487851.069939305016305 ], [ 122559.07731096119096, 487853.823659984220285 ], [ 122561.219093711682945, 487862.237806504068431 ], [ 122579.730216055279016, 487859.025132378330454 ] ] ] } },
{ "type": "Feature", "properties": { "sensor": "GASA-03", "time": "2025-08-20T11:00:00+02:00", "count_line": 32, "location": "Oosterdoksbrug", "count_area": 55.0, "countline_length": 8, "density": 0.34060444301899617, "flow": 4.0, "LoS": "LoS B" }, "geometry": { "type": "Polygon", "coordinates": [ [ [ 122579.730216055279016, 487859.025132378330454 ], [ 122578.965293644389021, 487851.069939305016305 ], [ 122559.07731096119096, 487853.823659984220285 ], [ 122561.219093711682945, 487862.237806504068431 ], [ 122579.730216055279016, 487859.025132378330454 ] ] ] } },
{ "type": "Feature", "properties": { "sensor": "GASA-03", "time": "2025-08-20T11:02:00+02:00", "count_line": 28, "location": "Oosterdoksbrug", "count_area": 52.0, "countline_length": 8, "density": 0.32202601885432364, "flow": 3.5, "LoS": "LoS B" }, "geometry": { "type": "Polygon", "coordinates": [ [ [ 122579.730216055279016, 487859.025132378330454 ], [ 122578.965293644389021, 487851.069939305016305 ], [ 122559.07731096119096, 487853.823659984220285 ], [ 122561.219093711682945, 487862.237806504068431 ], [ 122579.730216055279016, 487859.025132378330454 ] ] ] } },
{ "type": "Feature", "properties": { "sensor": "GASA-03", "time": "2025-08-20T11:04:00+02:00", "count_line": 38, "location": "Oosterdoksbrug", "count_area": 58.0, "countline_length": 8, "density": 0.35918286718366871, "flow": 4.75, "LoS": "LoS B" }, "geometry": { "type": "Polygon", "coordinates": [ [ [ 122579.730216055279016, 487859.025132378330454 ], [ 122578.965293644389021, 487851.069939305016305 ], [ 122559.07731096119096, 487853.823659984220285 ], [ 122561.219093711682945, 487862.237806504068431 ], [ 122579.730216055279016, 487859.025132378330454 ] ] ] } },
{ "type": "Feature", "properties": { "sensor": "GASA-03", "time": "2025-08-20T11:05:00+02:00", "count_line": 33, "location": "Oosterdoksbrug", "count_area": 55.0, "countline_length": 8, "density": 0.34060444301899617, "flow": 4.125, "LoS": "LoS B" }, "geometry": { "type": "Polygon", "coordinates": [ [ [ 122579.730216055279016, 487859.025132378330454 ], [ 122578.965293644389021, 487851.069939305016305 ], [ 122559.07731096119096, 487853.823659984220285 ], [ 122561.219093711682945, 487862.237806504068431 ], [ 122579.730216055279016, 487859.025132378330454 ] ] ] } },
{ "type": "Feature", "properties": { "sensor": "GASA-03", "time": "2025-08-20T11:06:00+02:00", "count_line": 31, "location": "Oosterdoksbrug", "count_area": 61.0, "countline_length": 8, "density": 0.37776129134834119, "flow": 3.875, "LoS": "LoS B" }, "geometry": { "type": "Polygon", "coordinates": [ [ [ 122579.730216055279016, 487859.025132378330454 ], [ 122578.965293644389021, 487851.069939305016305 ], [ 122559.07731096119096, 487853.823659984220285 ], [ 122561.219093711682945, 487862.237806504068431 ], [ 122579.730216055279016, 487859.025132378330454 ] ] ] } },
{ "type": "Feature", "properties": { "sensor": "GASA-03", "time": "2025-08-20T11:08:00+02:00", "count_line": 56, "location": "Oosterdoksbrug", "count_area": 107.0, "countline_length": 8, "density": 0.66263046187331986, "flow": 7.0, "LoS": "LoS B" }, "geometry": { "type": "Polygon", "coordinates": [ [ [ 122579.730216055279016, 487859.025132378330454 ], [ 122578.965293644389021, 487851.069939305016305 ], [ 122559.07731096119096, 487853.823659984220285 ], [ 122561.219093711682945, 487862.237806504068431 ], [ 122579.730216055279016, 487859.025132378330454 ] ] ] } },
{ "type": "Feature", "properties": { "sensor": "GASA-03", "time": "2025-08-20T11:10:00+02:00", "count_line": 34, "location": "Oosterdoksbrug", "count_area": 58.0, "countline_length": 8, "density": 0.35918286718366871, "flow": 4.25, "LoS": "LoS B" }, "geometry": { "type": "Polygon", "coordinates": [ [ [ 122579.730216055279016, 487859.025132378330454 ], [ 122578.965293644389021, 487851.069939305016305 ], [ 122559.07731096119096, 487853.823659984220285 ], [ 122561.219093711682945, 487862.237806504068431 ], [ 122579.730216055279016, 487859.025132378330454 ] ] ] } },
{ "type": "Feature", "properties": { "sensor": "GASA-03", "time": "2025-08-20T11:12:00+02:00", "count_line": 50, "location": "Oosterdoksbrug", "count_area": 95.0, "countline_length": 8, "density": 0.58831676521462972, "flow": 6.25, "LoS": "LoS B" }, "geometry": { "type": "Polygon", "coordinates": [ [ [ 122579.730216055279016, 487859.025132378330454 ], [ 122578.965293644389021, 487851.069939305016305 ], [ 122559.07731096119096, 487853.823659984220285 ], [ 122561.219093711682945, 487862.237806504068431 ], [ 122579.730216055279016, 487859.025132378330454 ] ] ] } },
{ "type": "Feature", "properties": { "sensor": "GASA-03", "time": "2025-08-20T11:14:00+02:00", "count_line": 64, "location": "Oosterdoksbrug", "count_area": 112.0, "countline_length": 8, "density": 0.69359450214777407, "flow": 8.0, "LoS": "LoS B" }, "geometry": { "type": "Polygon", "coordinates": [ [ [ 122579.730216055279016, 487859.025132378330454 ], [ 122578.965293644389021, 487851.069939305016305 ], [ 122559.07731096119096, 487853.823659984220285 ], [ 122561.219093711682945, 487862.237806504068431 ], [ 122579.730216055279016, 487859.025132378330454 ] ] ] } },
{ "type": "Feature", "properties": { "sensor": "GASA-03", "time": "2025-08-20T11:15:00+02:00", "count_line": 18, "location": "Oosterdoksbrug", "count_area": 32.0, "countline_length": 8, "density": 0.19816985775650686, "flow": 2.25, "LoS": "LoS A" }, "geometry": { "type": "Polygon", "coordinates": [ [ [ 122579.730216055279016, 487859.025132378330454 ], [ 122578.965293644389021, 487851.069939305016305 ], [ 122559.07731096119096, 487853.823659984220285 ], [ 122561.219093711682945, 487862.237806504068431 ], [ 122579.730216055279016, 487859.025132378330454 ] ] ] } },
{ "type": "Feature", "properties": { "sensor": "GASA-03", "time": "2025-08-20T11:16:00+02:00", "count_line": 18, "location": "Oosterdoksbrug", "count_area": 29.0, "countline_length": 8, "density": 0.17959143359183435, "flow": 2.25, "LoS": "LoS A" }, "geometry": { "type": "Polygon", "coordinates": [ [ [ 122579.730216055279016, 487859.025132378330454 ], [ 122578.965293644389021, 487851.069939305016305 ], [ 122559.07731096119096, 487853.823659984220285 ], [ 122561.219093711682945, 487862.237806504068431 ], [ 122579.730216055279016, 487859.025132378330454 ] ] ] } },
{ "type": "Feature", "properties": { "sensor": "GASA-03", "time": "2025-08-20T11:18:00+02:00", "count_line": 78, "location": "Oosterdoksbrug", "count_area": 144.0, "countline_length": 8, "density": 0.89176435990428093, "flow": 9.75, "LoS": "LoS C" }, "geometry": { "type": "Polygon", "coordinates": [ [ [ 122579.730216055279016, 487859.025132378330454 ], [ 122578.965293644389021, 487851.069939305016305 ], [ 122559.07731096119096, 487853.823659984220285 ], [ 122561.219093711682945, 487862.237806504068431 ], [ 122579.730216055279016, 487859.025132378330454 ] ] ] } },
{ "type": "Feature", "properties": { "sensor": "GASA-03", "time": "2025-08-20T11:20:00+02:00", "count_line": 74, "location": "Oosterdoksbrug", "count_area": 124.0, "countline_length": 8, "density": 0.7679081988064641, "flow": 9.25, "LoS": "LoS C" }, "geometry": { "type": "Polygon", "coordinates": [ [ [ 122579.730216055279016, 487859.025132378330454 ], [ 122578.965293644389021, 487851.069939305016305 ], [ 122559.07731096119096, 487853.823659984220285 ], [ 122561.219093711682945, 487862.237806504068431 ], [ 122579.730216055279016, 487859.025132378330454 ] ] ] } },
{ "type": "Feature", "properties": { "sensor": "GASA-03", "time": "2025-08-20T11:22:00+02:00", "count_line": 102, "location": "Oosterdoksbrug", "count_area": 196.0, "countline_length": 8, "density": 1.2137903787586046, "flow": 12.75, "LoS": "LoS C" }, "geometry": { "type": "Polygon", "coordinates": [ [ [ 122579.730216055279016, 487859.025132378330454 ], [ 122578.965293644389021, 487851.069939305016305 ], [ 122559.07731096119096, 487853.823659984220285 ], [ 122561.219093711682945, 487862.237806504068431 ], [ 122579.730216055279016, 487859.025132378330454 ] ] ] } },
{ "type": "Feature", "properties": { "sensor": "GASA-03", "time": "2025-08-20T11:24:00+02:00", "count_line": 62, "location": "Oosterdoksbrug", "count_area": 115.0, "countline_length": 8, "density": 0.71217292631244655, "flow": 7.75, "LoS": "LoS C" }, "geometry": { "type": "Polygon", "coordinates": [ [ [ 122579.730216055279016, 487859.025132378330454 ], [ 122578.965293644389021, 487851.069939305016305 ], [ 122559.07731096119096, 487853.823659984220285 ], [ 122561.219093711682945, 487862.237806504068431 ], [ 122579.730216055279016, 487859.025132378330454 ] ] ] } },
{ "type": "Feature", "properties": { "sensor": "GASA-03", "time": "2025-08-20T11:25:00+02:00", "count_line": 12, "location": "Oosterdoksbrug", "count_area": 19.0, "countline_length": 8, "density": 0.11766335304292595, "flow": 1.5, "LoS": "LoS A" }, "geometry": { "type": "Polygon", "coordinates": [ [ [ 122579.730216055279016, 487859.025132378330454 ], [ 122578.965293644389021, 487851.069939305016305 ], [ 122559.07731096119096, 487853.823659984220285 ], [ 122561.219093711682945, 487862.237806504068431 ], [ 122579.730216055279016, 487859.025132378330454 ] ] ] } },
{ "type": "Feature", "properties": { "sensor": "GASA-03", "time": "2025-08-20T11:26:00+02:00", "count_line": 25, "location": "Oosterdoksbrug", "count_area": 44.0, "countline_length": 8, "density": 0.27248355441519695, "flow": 3.125, "LoS": "LoS A" }, "geometry": { "type": "Polygon", "coordinates": [ [ [ 122579.730216055279016, 487859.025132378330454 ], [ 122578.965293644389021, 487851.069939305016305 ], [ 122559.07731096119096, 487853.823659984220285 ], [ 122561.219093711682945, 487862.237806504068431 ], [ 122579.730216055279016, 487859.025132378330454 ] ] ] } },
{ "type": "Feature", "properties": { "sensor": "GASA-03", "time": "2025-08-20T11:28:00+02:00", "count_line": 60, "location": "Oosterdoksbrug", "count_area": 99.0, "countline_length": 8, "density": 0.61308799743419307, "flow": 7.5, "LoS": "LoS B" }, "geometry": { "type": "Polygon", "coordinates": [ [ [ 122579.730216055279016, 487859.025132378330454 ], [ 122578.965293644389021, 487851.069939305016305 ], [ 122559.07731096119096, 487853.823659984220285 ], [ 122561.219093711682945, 487862.237806504068431 ], [ 122579.730216055279016, 487859.025132378330454 ] ] ] } },
{ "type": "Feature", "properties": { "sensor": "GASA-03", "time": "2025-08-20T11:30:00+02:00", "count_line": 42, "location": "Oosterdoksbrug", "count_area": 77.0, "countline_length": 8, "density": 0.47684622022659462, "flow": 5.25, "LoS": "LoS B" }, "geometry": { "type": "Polygon", "coordinates": [ [ [ 122579.730216055279016, 487859.025132378330454 ], [ 122578.965293644389021, 487851.069939305016305 ], [ 122559.07731096119096, 487853.823659984220285 ], [ 122561.219093711682945, 487862.237806504068431 ], [ 122579.730216055279016, 487859.025132378330454 ] ] ] } },
{ "type": "Feature", "properties": { "sensor": "GASA-03", "time": "2025-08-20T11:32:00+02:00", "count_line": 30, "location": "Oosterdoksbrug", "count_area": 50.0, "countline_length": 8, "density": 0.30964040274454196, "flow": 3.75, "LoS": "LoS B" }, "geometry": { "type": "Polygon", "coordinates": [ [ [ 122579.730216055279016, 487859.025132378330454 ], [ 122578.965293644389021, 487851.069939305016305 ], [ 122559.07731096119096, 487853.823659984220285 ], [ 122561.219093711682945, 487862.237806504068431 ], [ 122579.730216055279016, 487859.025132378330454 ] ] ] } },
{ "type": "Feature", "properties": { "sensor": "GASA-03", "time": "2025-08-20T11:34:00+02:00", "count_line": 18, "location": "Oosterdoksbrug", "count_area": 30.0, "countline_length": 8, "density": 0.18578424164672519, "flow": 2.25, "LoS": "LoS A" }, "geometry": { "type": "Polygon", "coordinates": [ [ [ 122579.730216055279016, 487859.025132378330454 ], [ 122578.965293644389021, 487851.069939305016305 ], [ 122559.07731096119096, 487853.823659984220285 ], [ 122561.219093711682945, 487862.237806504068431 ], [ 122579.730216055279016, 487859.025132378330454 ] ] ] } },
{ "type": "Feature", "properties": { "sensor": "GASA-03", "time": "2025-08-20T11:36:00+02:00", "count_line": 80, "location": "Oosterdoksbrug", "count_area": 151.0, "countline_length": 8, "density": 0.93511401628851676, "flow": 10.0, "LoS": "LoS C" }, "geometry": { "type": "Polygon", "coordinates": [ [ [ 122579.730216055279016, 487859.025132378330454 ], [ 122578.965293644389021, 487851.069939305016305 ], [ 122559.07731096119096, 487853.823659984220285 ], [ 122561.219093711682945, 487862.237806504068431 ], [ 122579.730216055279016, 487859.025132378330454 ] ] ] } },
{ "type": "Feature", "properties": { "sensor": "GASA-03", "time": "2025-08-20T11:38:00+02:00", "count_line": 44, "location": "Oosterdoksbrug", "count_area": 84.0, "countline_length": 8, "density": 0.52019587661083055, "flow": 5.5, "LoS": "LoS B" }, "geometry": { "type": "Polygon", "coordinates": [ [ [ 122579.730216055279016, 487859.025132378330454 ], [ 122578.965293644389021, 487851.069939305016305 ], [ 122559.07731096119096, 487853.823659984220285 ], [ 122561.219093711682945, 487862.237806504068431 ], [ 122579.730216055279016, 487859.025132378330454 ] ] ] } },
{ "type": "Feature", "properties": { "sensor": "GASA-03", "time": "2025-08-20T11:40:00+02:00", "count_line": 64, "location": "Oosterdoksbrug", "count_area": 126.0, "countline_length": 8, "density": 0.78029381491624572, "flow": 8.0, "LoS": "LoS C" }, "geometry": { "type": "Polygon", "coordinates": [ [ [ 122579.730216055279016, 487859.025132378330454 ], [ 122578.965293644389021, 487851.069939305016305 ], [ 122559.07731096119096, 487853.823659984220285 ], [ 122561.219093711682945, 487862.237806504068431 ], [ 122579.730216055279016, 487859.025132378330454 ] ] ] } },
{ "type": "Feature", "properties": { "sensor": "GASA-03", "time": "2025-08-20T11:42:00+02:00", "count_line": 58, "location": "Oosterdoksbrug", "count_area": 111.0, "countline_length": 8, "density": 0.68740169409288321, "flow": 7.25, "LoS": "LoS B" }, "geometry": { "type": "Polygon", "coordinates": [ [ [ 122579.730216055279016, 487859.025132378330454 ], [ 122578.965293644389021, 487851.069939305016305 ], [ 122559.07731096119096, 487853.823659984220285 ], [ 122561.219093711682945, 487862.237806504068431 ], [ 122579.730216055279016, 487859.025132378330454 ] ] ] } },
{ "type": "Feature", "properties": { "sensor": "GASA-03", "time": "2025-08-20T11:44:00+02:00", "count_line": 86, "location": "Oosterdoksbrug", "count_area": 168.0, "countline_length": 8, "density": 1.0403917532216611, "flow": 10.75, "LoS": "LoS C" }, "geometry": { "type": "Polygon", "coordinates": [ [ [ 122579.730216055279016, 487859.025132378330454 ], [ 122578.965293644389021, 487851.069939305016305 ], [ 122559.07731096119096, 487853.823659984220285 ], [ 122561.219093711682945, 487862.237806504068431 ], [ 122579.730216055279016, 487859.025132378330454 ] ] ] } },
{ "type": "Feature", "properties": { "sensor": "GASA-03", "time": "2025-08-20T11:46:00+02:00", "count_line": 50, "location": "Oosterdoksbrug", "count_area": 87.0, "countline_length": 8, "density": 0.53877430077550303, "flow": 6.25, "LoS": "LoS B" }, "geometry": { "type": "Polygon", "coordinates": [ [ [ 122579.730216055279016, 487859.025132378330454 ], [ 122578.965293644389021, 487851.069939305016305 ], [ 122559.07731096119096, 487853.823659984220285 ], [ 122561.219093711682945, 487862.237806504068431 ], [ 122579.730216055279016, 487859.025132378330454 ] ] ] } },
{ "type": "Feature", "properties": { "sensor": "GASA-03", "time": "2025-08-20T11:48:00+02:00", "count_line": 46, "location": "Oosterdoksbrug", "count_area": 76.0, "countline_length": 8, "density": 0.47065341217170381, "flow": 5.75, "LoS": "LoS B" }, "geometry": { "type": "Polygon", "coordinates": [ [ [ 122579.730216055279016, 487859.025132378330454 ], [ 122578.965293644389021, 487851.069939305016305 ], [ 122559.07731096119096, 487853.823659984220285 ], [ 122561.219093711682945, 487862.237806504068431 ], [ 122579.730216055279016, 487859.025132378330454 ] ] ] } },
{ "type": "Feature", "properties": { "sensor": "GASA-03", "time": "2025-08-20T11:50:00+02:00", "count_line": 80, "location": "Oosterdoksbrug", "count_area": 134.0, "countline_length": 8, "density": 0.82983627935537252, "flow": 10.0, "LoS": "LoS C" }, "geometry": { "type": "Polygon", "coordinates": [ [ [ 122579.730216055279016, 487859.025132378330454 ], [ 122578.965293644389021, 487851.069939305016305 ], [ 122559.07731096119096, 487853.823659984220285 ], [ 122561.219093711682945, 487862.237806504068431 ], [ 122579.730216055279016, 487859.025132378330454 ] ] ] } },
{ "type": "Feature", "properties": { "sensor": "GASA-03", "time": "2025-08-20T11:52:00+02:00", "count_line": 46, "location": "Oosterdoksbrug", "count_area": 85.0, "countline_length": 8, "density": 0.52638868466572131, "flow": 5.75, "LoS": "LoS B" }, "geometry": { "type": "Polygon", "coordinates": [ [ [ 122579.730216055279016, 487859.025132378330454 ], [ 122578.965293644389021, 487851.069939305016305 ], [ 122559.07731096119096, 487853.823659984220285 ], [ 122561.219093711682945, 487862.237806504068431 ], [ 122579.730216055279016, 487859.025132378330454 ] ] ] } },
{ "type": "Feature", "properties": { "sensor": "GASA-03", "time": "2025-08-20T11:54:00+02:00", "count_line": 50, "location": "Oosterdoksbrug", "count_area": 92.0, "countline_length": 8, "density": 0.56973834104995724, "flow": 6.25, "LoS": "LoS B" }, "geometry": { "type": "Polygon", "coordinates": [ [ [ 122579.730216055279016, 487859.025132378330454 ], [ 122578.965293644389021, 487851.069939305016305 ], [ 122559.07731096119096, 487853.823659984220285 ], [ 122561.219093711682945, 487862.237806504068431 ], [ 122579.730216055279016, 487859.025132378330454 ] ] ] } },
{ "type": "Feature", "properties": { "sensor": "GASA-03", "time": "2025-08-20T11:56:00+02:00", "count_line": 48, "location": "Oosterdoksbrug", "count_area": 95.0, "countline_length": 8, "density": 0.58831676521462972, "flow": 6.0, "LoS": "LoS B" }, "geometry": { "type": "Polygon", "coordinates": [ [ [ 122579.730216055279016, 487859.025132378330454 ], [ 122578.965293644389021, 487851.069939305016305 ], [ 122559.07731096119096, 487853.823659984220285 ], [ 122561.219093711682945, 487862.237806504068431 ], [ 122579.730216055279016, 487859.025132378330454 ] ] ] } },
{ "type": "Feature", "properties": { "sensor": "GASA-03", "time": "2025-08-20T11:58:00+02:00", "count_line": 52, "location": "Oosterdoksbrug", "count_area": 78.0, "countline_length": 8, "density": 0.48303902828148548, "flow": 6.5, "LoS": "LoS B" }, "geometry": { "type": "Polygon", "coordinates": [ [ [ 122579.730216055279016, 487859.025132378330454 ], [ 122578.965293644389021, 487851.069939305016305 ], [ 122559.07731096119096, 487853.823659984220285 ], [ 122561.219093711682945, 487862.237806504068431 ], [ 122579.730216055279016, 487859.025132378330454 ] ] ] } },
{ "type": "Feature", "properties": { "sensor": "GASA-03", "time": "2025-08-20T12:00:00+02:00", "count_line": 62, "location": "Oosterdoksbrug", "count_area": 120.0, "countline_length": 8, "density": 0.74313696658690076, "flow": 7.75, "LoS": "LoS C" }, "geometry": { "type": "Polygon", "coordinates": [ [ [ 122579.730216055279016, 487859.025132378330454 ], [ 122578.965293644389021, 487851.069939305016305 ], [ 122559.07731096119096, 487853.823659984220285 ], [ 122561.219093711682945, 487862.237806504068431 ], [ 122579.730216055279016, 487859.025132378330454 ] ] ] } },
{ "type": "Feature", "properties": { "sensor": "GASA-03", "time": "2025-08-20T12:02:00+02:00", "count_line": 78, "location": "Oosterdoksbrug", "count_area": 124.0, "countline_length": 8, "density": 0.7679081988064641, "flow": 9.75, "LoS": "LoS C" }, "geometry": { "type": "Polygon", "coordinates": [ [ [ 122579.730216055279016, 487859.025132378330454 ], [ 122578.965293644389021, 487851.069939305016305 ], [ 122559.07731096119096, 487853.823659984220285 ], [ 122561.219093711682945, 487862.237806504068431 ], [ 122579.730216055279016, 487859.025132378330454 ] ] ] } },
{ "type": "Feature", "properties": { "sensor": "GASA-03", "time": "2025-08-20T12:04:00+02:00", "count_line": 56, "location": "Oosterdoksbrug", "count_area": 90.0, "countline_length": 8, "density": 0.55735272494017551, "flow": 7.0, "LoS": "LoS B" }, "geometry": { "type": "Polygon", "coordinates": [ [ [ 122579.730216055279016, 487859.025132378330454 ], [ 122578.965293644389021, 487851.069939305016305 ], [ 122559.07731096119096, 487853.823659984220285 ], [ 122561.219093711682945, 487862.237806504068431 ], [ 122579.730216055279016, 487859.025132378330454 ] ] ] } },
{ "type": "Feature", "properties": { "sensor": "GASA-03", "time": "2025-08-20T12:06:00+02:00", "count_line": 48, "location": "Oosterdoksbrug", "count_area": 76.0, "countline_length": 8, "density": 0.47065341217170381, "flow": 6.0, "LoS": "LoS B" }, "geometry": { "type": "Polygon", "coordinates": [ [ [ 122579.730216055279016, 487859.025132378330454 ], [ 122578.965293644389021, 487851.069939305016305 ], [ 122559.07731096119096, 487853.823659984220285 ], [ 122561.219093711682945, 487862.237806504068431 ], [ 122579.730216055279016, 487859.025132378330454 ] ] ] } },
{ "type": "Feature", "properties": { "sensor": "GASA-03", "time": "2025-08-20T12:08:00+02:00", "count_line": 82, "location": "Oosterdoksbrug", "count_area": 144.0, "countline_length": 8, "density": 0.89176435990428093, "flow": 10.25, "LoS": "LoS C" }, "geometry": { "type": "Polygon", "coordinates": [ [ [ 122579.730216055279016, 487859.025132378330454 ], [ 122578.965293644389021, 487851.069939305016305 ], [ 122559.07731096119096, 487853.823659984220285 ], [ 122561.219093711682945, 487862.237806504068431 ], [ 122579.730216055279016, 487859.025132378330454 ] ] ] } },
{ "type": "Feature", "properties": { "sensor": "GASA-03", "time": "2025-08-20T12:10:00+02:00", "count_line": 64, "location": "Oosterdoksbrug", "count_area": 109.0, "countline_length": 8, "density": 0.67501607798310148, "flow": 8.0, "LoS": "LoS B" }, "geometry": { "type": "Polygon", "coordinates": [ [ [ 122579.730216055279016, 487859.025132378330454 ], [ 122578.965293644389021, 487851.069939305016305 ], [ 122559.07731096119096, 487853.823659984220285 ], [ 122561.219093711682945, 487862.237806504068431 ], [ 122579.730216055279016, 487859.025132378330454 ] ] ] } },
{ "type": "Feature", "properties": { "sensor": "GASA-03", "time": "2025-08-20T12:12:00+02:00", "count_line": 56, "location": "Oosterdoksbrug", "count_area": 111.0, "countline_length": 8, "density": 0.68740169409288321, "flow": 7.0, "LoS": "LoS B" }, "geometry": { "type": "Polygon", "coordinates": [ [ [ 122579.730216055279016, 487859.025132378330454 ], [ 122578.965293644389021, 487851.069939305016305 ], [ 122559.07731096119096, 487853.823659984220285 ], [ 122561.219093711682945, 487862.237806504068431 ], [ 122579.730216055279016, 487859.025132378330454 ] ] ] } },
{ "type": "Feature", "properties": { "sensor": "GASA-03", "time": "2025-08-20T12:14:00+02:00", "count_line": 54, "location": "Oosterdoksbrug", "count_area": 90.0, "countline_length": 8, "density": 0.55735272494017551, "flow": 6.75, "LoS": "LoS B" }, "geometry": { "type": "Polygon", "coordinates": [ [ [ 122579.730216055279016, 487859.025132378330454 ], [ 122578.965293644389021, 487851.069939305016305 ], [ 122559.07731096119096, 487853.823659984220285 ], [ 122561.219093711682945, 487862.237806504068431 ], [ 122579.730216055279016, 487859.025132378330454 ] ] ] } },
{ "type": "Feature", "properties": { "sensor": "GASA-03", "time": "2025-08-20T12:15:00+02:00", "count_line": 24, "location": "Oosterdoksbrug", "count_area": 46.0, "countline_length": 8, "density": 0.28486917052497862, "flow": 3.0, "LoS": "LoS A" }, "geometry": { "type": "Polygon", "coordinates": [ [ [ 122579.730216055279016, 487859.025132378330454 ], [ 122578.965293644389021, 487851.069939305016305 ], [ 122559.07731096119096, 487853.823659984220285 ], [ 122561.219093711682945, 487862.237806504068431 ], [ 122579.730216055279016, 487859.025132378330454 ] ] ] } },
{ "type": "Feature", "properties": { "sensor": "GASA-03", "time": "2025-08-20T12:18:00+02:00", "count_line": 66, "location": "Oosterdoksbrug", "count_area": 99.0, "countline_length": 8, "density": 0.61308799743419307, "flow": 8.25, "LoS": "LoS B" }, "geometry": { "type": "Polygon", "coordinates": [ [ [ 122579.730216055279016, 487859.025132378330454 ], [ 122578.965293644389021, 487851.069939305016305 ], [ 122559.07731096119096, 487853.823659984220285 ], [ 122561.219093711682945, 487862.237806504068431 ], [ 122579.730216055279016, 487859.025132378330454 ] ] ] } },
{ "type": "Feature", "properties": { "sensor": "GASA-03", "time": "2025-08-20T12:20:00+02:00", "count_line": 28, "location": "Oosterdoksbrug", "count_area": 50.0, "countline_length": 8, "density": 0.30964040274454196, "flow": 3.5, "LoS": "LoS B" }, "geometry": { "type": "Polygon", "coordinates": [ [ [ 122579.730216055279016, 487859.025132378330454 ], [ 122578.965293644389021, 487851.069939305016305 ], [ 122559.07731096119096, 487853.823659984220285 ], [ 122561.219093711682945, 487862.237806504068431 ], [ 122579.730216055279016, 487859.025132378330454 ] ] ] } },
{ "type": "Feature", "properties": { "sensor": "GASA-03", "time": "2025-08-20T12:22:00+02:00", "count_line": 36, "location": "Oosterdoksbrug", "count_area": 60.0, "countline_length": 8, "density": 0.37156848329345038, "flow": 4.5, "LoS": "LoS B" }, "geometry": { "type": "Polygon", "coordinates": [ [ [ 122579.730216055279016, 487859.025132378330454 ], [ 122578.965293644389021, 487851.069939305016305 ], [ 122559.07731096119096, 487853.823659984220285 ], [ 122561.219093711682945, 487862.237806504068431 ], [ 122579.730216055279016, 487859.025132378330454 ] ] ] } },
{ "type": "Feature", "properties": { "sensor": "GASA-03", "time": "2025-08-20T12:24:00+02:00", "count_line": 76, "location": "Oosterdoksbrug", "count_area": 149.0, "countline_length": 8, "density": 0.92272840017873503, "flow": 9.5, "LoS": "LoS C" }, "geometry": { "type": "Polygon", "coordinates": [ [ [ 122579.730216055279016, 487859.025132378330454 ], [ 122578.965293644389021, 487851.069939305016305 ], [ 122559.07731096119096, 487853.823659984220285 ], [ 122561.219093711682945, 487862.237806504068431 ], [ 122579.730216055279016, 487859.025132378330454 ] ] ] } },
{ "type": "Feature", "properties": { "sensor": "GASA-03", "time": "2025-08-20T12:26:00+02:00", "count_line": 66, "location": "Oosterdoksbrug", "count_area": 102.0, "countline_length": 8, "density": 0.63166642159886566, "flow": 8.25, "LoS": "LoS B" }, "geometry": { "type": "Polygon", "coordinates": [ [ [ 122579.730216055279016, 487859.025132378330454 ], [ 122578.965293644389021, 487851.069939305016305 ], [ 122559.07731096119096, 487853.823659984220285 ], [ 122561.219093711682945, 487862.237806504068431 ], [ 122579.730216055279016, 487859.025132378330454 ] ] ] } },
{ "type": "Feature", "properties": { "sensor": "GASA-03", "time": "2025-08-20T12:28:00+02:00", "count_line": 58, "location": "Oosterdoksbrug", "count_area": 106.0, "countline_length": 8, "density": 0.656437653818429, "flow": 7.25, "LoS": "LoS B" }, "geometry": { "type": "Polygon", "coordinates": [ [ [ 122579.730216055279016, 487859.025132378330454 ], [ 122578.965293644389021, 487851.069939305016305 ], [ 122559.07731096119096, 487853.823659984220285 ], [ 122561.219093711682945, 487862.237806504068431 ], [ 122579.730216055279016, 487859.025132378330454 ] ] ] } },
{ "type": "Feature", "properties": { "sensor": "GASA-03", "time": "2025-08-20T12:30:00+02:00", "count_line": 42, "location": "Oosterdoksbrug", "count_area": 81.0, "countline_length": 8, "density": 0.50161745244615796, "flow": 5.25, "LoS": "LoS B" }, "geometry": { "type": "Polygon", "coordinates": [ [ [ 122579.730216055279016, 487859.025132378330454 ], [ 122578.965293644389021, 487851.069939305016305 ], [ 122559.07731096119096, 487853.823659984220285 ], [ 122561.219093711682945, 487862.237806504068431 ], [ 122579.730216055279016, 487859.025132378330454 ] ] ] } },
{ "type": "Feature", "properties": { "sensor": "GASA-03", "time": "2025-08-20T12:32:00+02:00", "count_line": 104, "location": "Oosterdoksbrug", "count_area": 157.0, "countline_length": 8, "density": 0.97227086461786183, "flow": 13.0, "LoS": "LoS C" }, "geometry": { "type": "Polygon", "coordinates": [ [ [ 122579.730216055279016, 487859.025132378330454 ], [ 122578.965293644389021, 487851.069939305016305 ], [ 122559.07731096119096, 487853.823659984220285 ], [ 122561.219093711682945, 487862.237806504068431 ], [ 122579.730216055279016, 487859.025132378330454 ] ] ] } },
{ "type": "Feature", "properties": { "sensor": "GASA-03", "time": "2025-08-20T12:34:00+02:00", "count_line": 80, "location": "Oosterdoksbrug", "count_area": 136.0, "countline_length": 8, "density": 0.84222189546515414, "flow": 10.0, "LoS": "LoS C" }, "geometry": { "type": "Polygon", "coordinates": [ [ [ 122579.730216055279016, 487859.025132378330454 ], [ 122578.965293644389021, 487851.069939305016305 ], [ 122559.07731096119096, 487853.823659984220285 ], [ 122561.219093711682945, 487862.237806504068431 ], [ 122579.730216055279016, 487859.025132378330454 ] ] ] } },
{ "type": "Feature", "properties": { "sensor": "GASA-03", "time": "2025-08-20T12:36:00+02:00", "count_line": 84, "location": "Oosterdoksbrug", "count_area": 137.0, "countline_length": 8, "density": 0.848414703520045, "flow": 10.5, "LoS": "LoS C" }, "geometry": { "type": "Polygon", "coordinates": [ [ [ 122579.730216055279016, 487859.025132378330454 ], [ 122578.965293644389021, 487851.069939305016305 ], [ 122559.07731096119096, 487853.823659984220285 ], [ 122561.219093711682945, 487862.237806504068431 ], [ 122579.730216055279016, 487859.025132378330454 ] ] ] } },
{ "type": "Feature", "properties": { "sensor": "GASA-03", "time": "2025-08-20T12:38:00+02:00", "count_line": 70, "location": "Oosterdoksbrug", "count_area": 107.0, "countline_length": 8, "density": 0.66263046187331986, "flow": 8.75, "LoS": "LoS B" }, "geometry": { "type": "Polygon", "coordinates": [ [ [ 122579.730216055279016, 487859.025132378330454 ], [ 122578.965293644389021, 487851.069939305016305 ], [ 122559.07731096119096, 487853.823659984220285 ], [ 122561.219093711682945, 487862.237806504068431 ], [ 122579.730216055279016, 487859.025132378330454 ] ] ] } },
{ "type": "Feature", "properties": { "sensor": "GASA-03", "time": "2025-08-20T12:40:00+02:00", "count_line": 60, "location": "Oosterdoksbrug", "count_area": 112.0, "countline_length": 8, "density": 0.69359450214777407, "flow": 7.5, "LoS": "LoS B" }, "geometry": { "type": "Polygon", "coordinates": [ [ [ 122579.730216055279016, 487859.025132378330454 ], [ 122578.965293644389021, 487851.069939305016305 ], [ 122559.07731096119096, 487853.823659984220285 ], [ 122561.219093711682945, 487862.237806504068431 ], [ 122579.730216055279016, 487859.025132378330454 ] ] ] } },
{ "type": "Feature", "properties": { "sensor": "GASA-03", "time": "2025-08-20T12:42:00+02:00", "count_line": 82, "location": "Oosterdoksbrug", "count_area": 131.0, "countline_length": 8, "density": 0.81125785519069993, "flow": 10.25, "LoS": "LoS C" }, "geometry": { "type": "Polygon", "coordinates": [ [ [ 122579.730216055279016, 487859.025132378330454 ], [ 122578.965293644389021, 487851.069939305016305 ], [ 122559.07731096119096, 487853.823659984220285 ], [ 122561.219093711682945, 487862.237806504068431 ], [ 122579.730216055279016, 487859.025132378330454 ] ] ] } },
{ "type": "Feature", "properties": { "sensor": "GASA-03", "time": "2025-08-20T12:44:00+02:00", "count_line": 72, "location": "Oosterdoksbrug", "count_area": 112.0, "countline_length": 8, "density": 0.69359450214777407, "flow": 9.0, "LoS": "LoS B" }, "geometry": { "type": "Polygon", "coordinates": [ [ [ 122579.730216055279016, 487859.025132378330454 ], [ 122578.965293644389021, 487851.069939305016305 ], [ 122559.07731096119096, 487853.823659984220285 ], [ 122561.219093711682945, 487862.237806504068431 ], [ 122579.730216055279016, 487859.025132378330454 ] ] ] } },
{ "type": "Feature", "properties": { "sensor": "GASA-03", "time": "2025-08-20T12:46:00+02:00", "count_line": 62, "location": "Oosterdoksbrug", "count_area": 109.0, "countline_length": 8, "density": 0.67501607798310148, "flow": 7.75, "LoS": "LoS B" }, "geometry": { "type": "Polygon", "coordinates": [ [ [ 122579.730216055279016, 487859.025132378330454 ], [ 122578.965293644389021, 487851.069939305016305 ], [ 122559.07731096119096, 487853.823659984220285 ], [ 122561.219093711682945, 487862.237806504068431 ], [ 122579.730216055279016, 487859.025132378330454 ] ] ] } },
{ "type": "Feature", "properties": { "sensor": "GASA-03", "time": "2025-08-20T12:48:00+02:00", "count_line": 72, "location": "Oosterdoksbrug", "count_area": 117.0, "countline_length": 8, "density": 0.72455854242222817, "flow": 9.0, "LoS": "LoS C" }, "geometry": { "type": "Polygon", "coordinates": [ [ [ 122579.730216055279016, 487859.025132378330454 ], [ 122578.965293644389021, 487851.069939305016305 ], [ 122559.07731096119096, 487853.823659984220285 ], [ 122561.219093711682945, 487862.237806504068431 ], [ 122579.730216055279016, 487859.025132378330454 ] ] ] } },
{ "type": "Feature", "properties": { "sensor": "GASA-03", "time": "2025-08-20T12:50:00+02:00", "count_line": 100, "location": "Oosterdoksbrug", "count_area": 153.0, "countline_length": 8, "density": 0.94749963239829849, "flow": 12.5, "LoS": "LoS C" }, "geometry": { "type": "Polygon", "coordinates": [ [ [ 122579.730216055279016, 487859.025132378330454 ], [ 122578.965293644389021, 487851.069939305016305 ], [ 122559.07731096119096, 487853.823659984220285 ], [ 122561.219093711682945, 487862.237806504068431 ], [ 122579.730216055279016, 487859.025132378330454 ] ] ] } },
{ "type": "Feature", "properties": { "sensor": "GASA-03", "time": "2025-08-20T12:52:00+02:00", "count_line": 102, "location": "Oosterdoksbrug", "count_area": 169.0, "countline_length": 8, "density": 1.0465845612765519, "flow": 12.75, "LoS": "LoS C" }, "geometry": { "type": "Polygon", "coordinates": [ [ [ 122579.730216055279016, 487859.025132378330454 ], [ 122578.965293644389021, 487851.069939305016305 ], [ 122559.07731096119096, 487853.823659984220285 ], [ 122561.219093711682945, 487862.237806504068431 ], [ 122579.730216055279016, 487859.025132378330454 ] ] ] } },
{ "type": "Feature", "properties": { "sensor": "GASA-03", "time": "2025-08-20T12:54:00+02:00", "count_line": 29, "location": "Oosterdoksbrug", "count_area": 44.0, "countline_length": 8, "density": 0.27248355441519695, "flow": 3.625, "LoS": "LoS A" }, "geometry": { "type": "Polygon", "coordinates": [ [ [ 122579.730216055279016, 487859.025132378330454 ], [ 122578.965293644389021, 487851.069939305016305 ], [ 122559.07731096119096, 487853.823659984220285 ], [ 122561.219093711682945, 487862.237806504068431 ], [ 122579.730216055279016, 487859.025132378330454 ] ] ] } },
{ "type": "Feature", "properties": { "sensor": "GASA-03", "time": "2025-08-20T12:56:00+02:00", "count_line": 62, "location": "Oosterdoksbrug", "count_area": 96.0, "countline_length": 8, "density": 0.59450957326952059, "flow": 7.75, "LoS": "LoS B" }, "geometry": { "type": "Polygon", "coordinates": [ [ [ 122579.730216055279016, 487859.025132378330454 ], [ 122578.965293644389021, 487851.069939305016305 ], [ 122559.07731096119096, 487853.823659984220285 ], [ 122561.219093711682945, 487862.237806504068431 ], [ 122579.730216055279016, 487859.025132378330454 ] ] ] } },
{ "type": "Feature", "properties": { "sensor": "GASA-03", "time": "2025-08-20T12:58:00+02:00", "count_line": 112, "location": "Oosterdoksbrug", "count_area": 173.0, "countline_length": 8, "density": 1.0713557934961153, "flow": 14.0, "LoS": "LoS C" }, "geometry": { "type": "Polygon", "coordinates": [ [ [ 122579.730216055279016, 487859.025132378330454 ], [ 122578.965293644389021, 487851.069939305016305 ], [ 122559.07731096119096, 487853.823659984220285 ], [ 122561.219093711682945, 487862.237806504068431 ], [ 122579.730216055279016, 487859.025132378330454 ] ] ] } },
{ "type": "Feature", "properties": { "sensor": "GASA-03", "time": "2025-08-20T13:00:00+02:00", "count_line": 74, "location": "Oosterdoksbrug", "count_area": 116.0, "countline_length": 8, "density": 0.71836573436733742, "flow": 9.25, "LoS": "LoS C" }, "geometry": { "type": "Polygon", "coordinates": [ [ [ 122579.730216055279016, 487859.025132378330454 ], [ 122578.965293644389021, 487851.069939305016305 ], [ 122559.07731096119096, 487853.823659984220285 ], [ 122561.219093711682945, 487862.237806504068431 ], [ 122579.730216055279016, 487859.025132378330454 ] ] ] } },
{ "type": "Feature", "properties": { "sensor": "GASA-03", "time": "2025-08-20T13:02:00+02:00", "count_line": 70, "location": "Oosterdoksbrug", "count_area": 110.0, "countline_length": 8, "density": 0.68120888603799234, "flow": 8.75, "LoS": "LoS B" }, "geometry": { "type": "Polygon", "coordinates": [ [ [ 122579.730216055279016, 487859.025132378330454 ], [ 122578.965293644389021, 487851.069939305016305 ], [ 122559.07731096119096, 487853.823659984220285 ], [ 122561.219093711682945, 487862.237806504068431 ], [ 122579.730216055279016, 487859.025132378330454 ] ] ] } },
{ "type": "Feature", "properties": { "sensor": "GASA-03", "time": "2025-08-20T13:04:00+02:00", "count_line": 28, "location": "Oosterdoksbrug", "count_area": 42.0, "countline_length": 8, "density": 0.26009793830541528, "flow": 3.5, "LoS": "LoS A" }, "geometry": { "type": "Polygon", "coordinates": [ [ [ 122579.730216055279016, 487859.025132378330454 ], [ 122578.965293644389021, 487851.069939305016305 ], [ 122559.07731096119096, 487853.823659984220285 ], [ 122561.219093711682945, 487862.237806504068431 ], [ 122579.730216055279016, 487859.025132378330454 ] ] ] } },
{ "type": "Feature", "properties": { "sensor": "GASA-03", "time": "2025-08-20T13:06:00+02:00", "count_line": 82, "location": "Oosterdoksbrug", "count_area": 143.0, "countline_length": 8, "density": 0.88557155184939007, "flow": 10.25, "LoS": "LoS C" }, "geometry": { "type": "Polygon", "coordinates": [ [ [ 122579.730216055279016, 487859.025132378330454 ], [ 122578.965293644389021, 487851.069939305016305 ], [ 122559.07731096119096, 487853.823659984220285 ], [ 122561.219093711682945, 487862.237806504068431 ], [ 122579.730216055279016, 487859.025132378330454 ] ] ] } },
{ "type": "Feature", "properties": { "sensor": "GASA-03", "time": "2025-08-20T13:08:00+02:00", "count_line": 92, "location": "Oosterdoksbrug", "count_area": 156.0, "countline_length": 8, "density": 0.96607805656297097, "flow": 11.5, "LoS": "LoS C" }, "geometry": { "type": "Polygon", "coordinates": [ [ [ 122579.730216055279016, 487859.025132378330454 ], [ 122578.965293644389021, 487851.069939305016305 ], [ 122559.07731096119096, 487853.823659984220285 ], [ 122561.219093711682945, 487862.237806504068431 ], [ 122579.730216055279016, 487859.025132378330454 ] ] ] } },
{ "type": "Feature", "properties": { "sensor": "GASA-03", "time": "2025-08-20T13:10:00+02:00", "count_line": 38, "location": "Oosterdoksbrug", "count_area": 73.0, "countline_length": 8, "density": 0.45207498800703128, "flow": 4.75, "LoS": "LoS B" }, "geometry": { "type": "Polygon", "coordinates": [ [ [ 122579.730216055279016, 487859.025132378330454 ], [ 122578.965293644389021, 487851.069939305016305 ], [ 122559.07731096119096, 487853.823659984220285 ], [ 122561.219093711682945, 487862.237806504068431 ], [ 122579.730216055279016, 487859.025132378330454 ] ] ] } },
{ "type": "Feature", "properties": { "sensor": "GASA-03", "time": "2025-08-20T13:12:00+02:00", "count_line": 14, "location": "Oosterdoksbrug", "count_area": 24.0, "countline_length": 8, "density": 0.14862739331738015, "flow": 1.75, "LoS": "LoS A" }, "geometry": { "type": "Polygon", "coordinates": [ [ [ 122579.730216055279016, 487859.025132378330454 ], [ 122578.965293644389021, 487851.069939305016305 ], [ 122559.07731096119096, 487853.823659984220285 ], [ 122561.219093711682945, 487862.237806504068431 ], [ 122579.730216055279016, 487859.025132378330454 ] ] ] } },
{ "type": "Feature", "properties": { "sensor": "GASA-03", "time": "2025-08-20T13:14:00+02:00", "count_line": 129, "location": "Oosterdoksbrug", "count_area": 244.0, "countline_length": 8, "density": 1.5110451653933648, "flow": 16.125, "LoS": "LoS D" }, "geometry": { "type": "Polygon", "coordinates": [ [ [ 122579.730216055279016, 487859.025132378330454 ], [ 122578.965293644389021, 487851.069939305016305 ], [ 122559.07731096119096, 487853.823659984220285 ], [ 122561.219093711682945, 487862.237806504068431 ], [ 122579.730216055279016, 487859.025132378330454 ] ] ] } },
{ "type": "Feature", "properties": { "sensor": "GASA-03", "time": "2025-08-20T13:16:00+02:00", "count_line": 102, "location": "Oosterdoksbrug", "count_area": 160.0, "countline_length": 8, "density": 0.99084928878253431, "flow": 12.75, "LoS": "LoS C" }, "geometry": { "type": "Polygon", "coordinates": [ [ [ 122579.730216055279016, 487859.025132378330454 ], [ 122578.965293644389021, 487851.069939305016305 ], [ 122559.07731096119096, 487853.823659984220285 ], [ 122561.219093711682945, 487862.237806504068431 ], [ 122579.730216055279016, 487859.025132378330454 ] ] ] } },
{ "type": "Feature", "properties": { "sensor": "GASA-03", "time": "2025-08-20T13:18:00+02:00", "count_line": 110, "location": "Oosterdoksbrug", "count_area": 211.0, "countline_length": 8, "density": 1.306682499581967, "flow": 13.75, "LoS": "LoS D" }, "geometry": { "type": "Polygon", "coordinates": [ [ [ 122579.730216055279016, 487859.025132378330454 ], [ 122578.965293644389021, 487851.069939305016305 ], [ 122559.07731096119096, 487853.823659984220285 ], [ 122561.219093711682945, 487862.237806504068431 ], [ 122579.730216055279016, 487859.025132378330454 ] ] ] } },
{ "type": "Feature", "properties": { "sensor": "GASA-03", "time": "2025-08-20T13:20:00+02:00", "count_line": 56, "location": "Oosterdoksbrug", "count_area": 106.0, "countline_length": 8, "density": 0.656437653818429, "flow": 7.0, "LoS": "LoS B" }, "geometry": { "type": "Polygon", "coordinates": [ [ [ 122579.730216055279016, 487859.025132378330454 ], [ 122578.965293644389021, 487851.069939305016305 ], [ 122559.07731096119096, 487853.823659984220285 ], [ 122561.219093711682945, 487862.237806504068431 ], [ 122579.730216055279016, 487859.025132378330454 ] ] ] } },
{ "type": "Feature", "properties": { "sensor": "GASA-03", "time": "2025-08-20T13:22:00+02:00", "count_line": 57, "location": "Oosterdoksbrug", "count_area": 95.0, "countline_length": 8, "density": 0.58831676521462972, "flow": 7.125, "LoS": "LoS B" }, "geometry": { "type": "Polygon", "coordinates": [ [ [ 122579.730216055279016, 487859.025132378330454 ], [ 122578.965293644389021, 487851.069939305016305 ], [ 122559.07731096119096, 487853.823659984220285 ], [ 122561.219093711682945, 487862.237806504068431 ], [ 122579.730216055279016, 487859.025132378330454 ] ] ] } },
{ "type": "Feature", "properties": { "sensor": "GASA-03", "time": "2025-08-20T13:24:00+02:00", "count_line": 41, "location": "Oosterdoksbrug", "count_area": 74.0, "countline_length": 8, "density": 0.45826779606192214, "flow": 5.125, "LoS": "LoS B" }, "geometry": { "type": "Polygon", "coordinates": [ [ [ 122579.730216055279016, 487859.025132378330454 ], [ 122578.965293644389021, 487851.069939305016305 ], [ 122559.07731096119096, 487853.823659984220285 ], [ 122561.219093711682945, 487862.237806504068431 ], [ 122579.730216055279016, 487859.025132378330454 ] ] ] } },
{ "type": "Feature", "properties": { "sensor": "GASA-03", "time": "2025-08-20T13:26:00+02:00", "count_line": 88, "location": "Oosterdoksbrug", "count_area": 138.0, "countline_length": 8, "density": 0.85460751157493586, "flow": 11.0, "LoS": "LoS C" }, "geometry": { "type": "Polygon", "coordinates": [ [ [ 122579.730216055279016, 487859.025132378330454 ], [ 122578.965293644389021, 487851.069939305016305 ], [ 122559.07731096119096, 487853.823659984220285 ], [ 122561.219093711682945, 487862.237806504068431 ], [ 122579.730216055279016, 487859.025132378330454 ] ] ] } },
{ "type": "Feature", "properties": { "sensor": "GASA-03", "time": "2025-08-20T13:28:00+02:00", "count_line": 74, "location": "Oosterdoksbrug", "count_area": 113.0, "countline_length": 8, "density": 0.69978731020266483, "flow": 9.25, "LoS": "LoS B" }, "geometry": { "type": "Polygon", "coordinates": [ [ [ 122579.730216055279016, 487859.025132378330454 ], [ 122578.965293644389021, 487851.069939305016305 ], [ 122559.07731096119096, 487853.823659984220285 ], [ 122561.219093711682945, 487862.237806504068431 ], [ 122579.730216055279016, 487859.025132378330454 ] ] ] } },
{ "type": "Feature", "properties": { "sensor": "GASA-03", "time": "2025-08-20T13:30:00+02:00", "count_line": 30, "location": "Oosterdoksbrug", "count_area": 59.0, "countline_length": 8, "density": 0.36537567523855952, "flow": 3.75, "LoS": "LoS B" }, "geometry": { "type": "Polygon", "coordinates": [ [ [ 122579.730216055279016, 487859.025132378330454 ], [ 122578.965293644389021, 487851.069939305016305 ], [ 122559.07731096119096, 487853.823659984220285 ], [ 122561.219093711682945, 487862.237806504068431 ], [ 122579.730216055279016, 487859.025132378330454 ] ] ] } },
{ "type": "Feature", "properties": { "sensor": "GASA-03", "time": "2025-08-20T13:32:00+02:00", "count_line": 84, "location": "Oosterdoksbrug", "count_area": 158.0, "countline_length": 8, "density": 0.97846367267275258, "flow": 10.5, "LoS": "LoS C" }, "geometry": { "type": "Polygon", "coordinates": [ [ [ 122579.730216055279016, 487859.025132378330454 ], [ 122578.965293644389021, 487851.069939305016305 ], [ 122559.07731096119096, 487853.823659984220285 ], [ 122561.219093711682945, 487862.237806504068431 ], [ 122579.730216055279016, 487859.025132378330454 ] ] ] } },
{ "type": "Feature", "properties": { "sensor": "GASA-03", "time": "2025-08-20T13:34:00+02:00", "count_line": 57, "location": "Oosterdoksbrug", "count_area": 111.0, "countline_length": 8, "density": 0.68740169409288321, "flow": 7.125, "LoS": "LoS B" }, "geometry": { "type": "Polygon", "coordinates": [ [ [ 122579.730216055279016, 487859.025132378330454 ], [ 122578.965293644389021, 487851.069939305016305 ], [ 122559.07731096119096, 487853.823659984220285 ], [ 122561.219093711682945, 487862.237806504068431 ], [ 122579.730216055279016, 487859.025132378330454 ] ] ] } },
{ "type": "Feature", "properties": { "sensor": "GASA-03", "time": "2025-08-20T13:36:00+02:00", "count_line": 70, "location": "Oosterdoksbrug", "count_area": 105.0, "countline_length": 8, "density": 0.65024484576353814, "flow": 8.75, "LoS": "LoS B" }, "geometry": { "type": "Polygon", "coordinates": [ [ [ 122579.730216055279016, 487859.025132378330454 ], [ 122578.965293644389021, 487851.069939305016305 ], [ 122559.07731096119096, 487853.823659984220285 ], [ 122561.219093711682945, 487862.237806504068431 ], [ 122579.730216055279016, 487859.025132378330454 ] ] ] } },
{ "type": "Feature", "properties": { "sensor": "GASA-03", "time": "2025-08-20T13:38:00+02:00", "count_line": 76, "location": "Oosterdoksbrug", "count_area": 130.0, "countline_length": 8, "density": 0.80506504713580918, "flow": 9.5, "LoS": "LoS C" }, "geometry": { "type": "Polygon", "coordinates": [ [ [ 122579.730216055279016, 487859.025132378330454 ], [ 122578.965293644389021, 487851.069939305016305 ], [ 122559.07731096119096, 487853.823659984220285 ], [ 122561.219093711682945, 487862.237806504068431 ], [ 122579.730216055279016, 487859.025132378330454 ] ] ] } },
{ "type": "Feature", "properties": { "sensor": "GASA-03", "time": "2025-08-20T13:40:00+02:00", "count_line": 96, "location": "Oosterdoksbrug", "count_area": 170.0, "countline_length": 8, "density": 1.0527773693314426, "flow": 12.0, "LoS": "LoS C" }, "geometry": { "type": "Polygon", "coordinates": [ [ [ 122579.730216055279016, 487859.025132378330454 ], [ 122578.965293644389021, 487851.069939305016305 ], [ 122559.07731096119096, 487853.823659984220285 ], [ 122561.219093711682945, 487862.237806504068431 ], [ 122579.730216055279016, 487859.025132378330454 ] ] ] } },
{ "type": "Feature", "properties": { "sensor": "GASA-03", "time": "2025-08-20T13:42:00+02:00", "count_line": 56, "location": "Oosterdoksbrug", "count_area": 94.0, "countline_length": 8, "density": 0.58212395715973886, "flow": 7.0, "LoS": "LoS B" }, "geometry": { "type": "Polygon", "coordinates": [ [ [ 122579.730216055279016, 487859.025132378330454 ], [ 122578.965293644389021, 487851.069939305016305 ], [ 122559.07731096119096, 487853.823659984220285 ], [ 122561.219093711682945, 487862.237806504068431 ], [ 122579.730216055279016, 487859.025132378330454 ] ] ] } },
{ "type": "Feature", "properties": { "sensor": "GASA-03", "time": "2025-08-20T13:44:00+02:00", "count_line": 26, "location": "Oosterdoksbrug", "count_area": 39.0, "countline_length": 8, "density": 0.24151951414074274, "flow": 3.25, "LoS": "LoS A" }, "geometry": { "type": "Polygon", "coordinates": [ [ [ 122579.730216055279016, 487859.025132378330454 ], [ 122578.965293644389021, 487851.069939305016305 ], [ 122559.07731096119096, 487853.823659984220285 ], [ 122561.219093711682945, 487862.237806504068431 ], [ 122579.730216055279016, 487859.025132378330454 ] ] ] } },
{ "type": "Feature", "properties": { "sensor": "GASA-03", "time": "2025-08-20T13:46:00+02:00", "count_line": 102, "location": "Oosterdoksbrug", "count_area": 189.0, "countline_length": 8, "density": 1.1704407223743687, "flow": 12.75, "LoS": "LoS C" }, "geometry": { "type": "Polygon", "coordinates": [ [ [ 122579.730216055279016, 487859.025132378330454 ], [ 122578.965293644389021, 487851.069939305016305 ], [ 122559.07731096119096, 487853.823659984220285 ], [ 122561.219093711682945, 487862.237806504068431 ], [ 122579.730216055279016, 487859.025132378330454 ] ] ] } },
{ "type": "Feature", "properties": { "sensor": "GASA-03", "time": "2025-08-20T13:56:00+02:00", "count_line": 20, "location": "Oosterdoksbrug", "count_area": 38.0, "countline_length": 8, "density": 0.23532670608585191, "flow": 2.5, "LoS": "LoS A" }, "geometry": { "type": "Polygon", "coordinates": [ [ [ 122579.730216055279016, 487859.025132378330454 ], [ 122578.965293644389021, 487851.069939305016305 ], [ 122559.07731096119096, 487853.823659984220285 ], [ 122561.219093711682945, 487862.237806504068431 ], [ 122579.730216055279016, 487859.025132378330454 ] ] ] } },
{ "type": "Feature", "properties": { "sensor": "GASA-03", "time": "2025-08-20T13:58:00+02:00", "count_line": 40, "location": "Oosterdoksbrug", "count_area": 63.0, "countline_length": 8, "density": 0.39014690745812286, "flow": 5.0, "LoS": "LoS B" }, "geometry": { "type": "Polygon", "coordinates": [ [ [ 122579.730216055279016, 487859.025132378330454 ], [ 122578.965293644389021, 487851.069939305016305 ], [ 122559.07731096119096, 487853.823659984220285 ], [ 122561.219093711682945, 487862.237806504068431 ], [ 122579.730216055279016, 487859.025132378330454 ] ] ] } },
{ "type": "Feature", "properties": { "sensor": "GASA-03", "time": "2025-08-20T14:00:00+02:00", "count_line": 34, "location": "Oosterdoksbrug", "count_area": 55.0, "countline_length": 8, "density": 0.34060444301899617, "flow": 4.25, "LoS": "LoS B" }, "geometry": { "type": "Polygon", "coordinates": [ [ [ 122579.730216055279016, 487859.025132378330454 ], [ 122578.965293644389021, 487851.069939305016305 ], [ 122559.07731096119096, 487853.823659984220285 ], [ 122561.219093711682945, 487862.237806504068431 ], [ 122579.730216055279016, 487859.025132378330454 ] ] ] } },
{ "type": "Feature", "properties": { "sensor": "GASA-03", "time": "2025-08-20T14:01:00+02:00", "count_line": 39, "location": "Oosterdoksbrug", "count_area": 58.0, "countline_length": 8, "density": 0.35918286718366871, "flow": 4.875, "LoS": "LoS B" }, "geometry": { "type": "Polygon", "coordinates": [ [ [ 122579.730216055279016, 487859.025132378330454 ], [ 122578.965293644389021, 487851.069939305016305 ], [ 122559.07731096119096, 487853.823659984220285 ], [ 122561.219093711682945, 487862.237806504068431 ], [ 122579.730216055279016, 487859.025132378330454 ] ] ] } },
{ "type": "Feature", "properties": { "sensor": "GASA-03", "time": "2025-08-20T14:02:00+02:00", "count_line": 26, "location": "Oosterdoksbrug", "count_area": 45.0, "countline_length": 8, "density": 0.27867636247008776, "flow": 3.25, "LoS": "LoS A" }, "geometry": { "type": "Polygon", "coordinates": [ [ [ 122579.730216055279016, 487859.025132378330454 ], [ 122578.965293644389021, 487851.069939305016305 ], [ 122559.07731096119096, 487853.823659984220285 ], [ 122561.219093711682945, 487862.237806504068431 ], [ 122579.730216055279016, 487859.025132378330454 ] ] ] } },
{ "type": "Feature", "properties": { "sensor": "GASA-03", "time": "2025-08-20T14:04:00+02:00", "count_line": 46, "location": "Oosterdoksbrug", "count_area": 90.0, "countline_length": 8, "density": 0.55735272494017551, "flow": 5.75, "LoS": "LoS B" }, "geometry": { "type": "Polygon", "coordinates": [ [ [ 122579.730216055279016, 487859.025132378330454 ], [ 122578.965293644389021, 487851.069939305016305 ], [ 122559.07731096119096, 487853.823659984220285 ], [ 122561.219093711682945, 487862.237806504068431 ], [ 122579.730216055279016, 487859.025132378330454 ] ] ] } },
{ "type": "Feature", "properties": { "sensor": "GASA-03", "time": "2025-08-20T14:06:00+02:00", "count_line": 34, "location": "Oosterdoksbrug", "count_area": 66.0, "countline_length": 8, "density": 0.4087253316227954, "flow": 4.25, "LoS": "LoS B" }, "geometry": { "type": "Polygon", "coordinates": [ [ [ 122579.730216055279016, 487859.025132378330454 ], [ 122578.965293644389021, 487851.069939305016305 ], [ 122559.07731096119096, 487853.823659984220285 ], [ 122561.219093711682945, 487862.237806504068431 ], [ 122579.730216055279016, 487859.025132378330454 ] ] ] } },
{ "type": "Feature", "properties": { "sensor": "GASA-03", "time": "2025-08-20T14:08:00+02:00", "count_line": 36, "location": "Oosterdoksbrug", "count_area": 59.0, "countline_length": 8, "density": 0.36537567523855952, "flow": 4.5, "LoS": "LoS B" }, "geometry": { "type": "Polygon", "coordinates": [ [ [ 122579.730216055279016, 487859.025132378330454 ], [ 122578.965293644389021, 487851.069939305016305 ], [ 122559.07731096119096, 487853.823659984220285 ], [ 122561.219093711682945, 487862.237806504068431 ], [ 122579.730216055279016, 487859.025132378330454 ] ] ] } },
{ "type": "Feature", "properties": { "sensor": "GASA-03", "time": "2025-08-20T14:10:00+02:00", "count_line": 30, "location": "Oosterdoksbrug", "count_area": 57.0, "countline_length": 8, "density": 0.35299005912877784, "flow": 3.75, "LoS": "LoS B" }, "geometry": { "type": "Polygon", "coordinates": [ [ [ 122579.730216055279016, 487859.025132378330454 ], [ 122578.965293644389021, 487851.069939305016305 ], [ 122559.07731096119096, 487853.823659984220285 ], [ 122561.219093711682945, 487862.237806504068431 ], [ 122579.730216055279016, 487859.025132378330454 ] ] ] } },
{ "type": "Feature", "properties": { "sensor": "GASA-03", "time": "2025-08-20T14:12:00+02:00", "count_line": 44, "location": "Oosterdoksbrug", "count_area": 74.0, "countline_length": 8, "density": 0.45826779606192214, "flow": 5.5, "LoS": "LoS B" }, "geometry": { "type": "Polygon", "coordinates": [ [ [ 122579.730216055279016, 487859.025132378330454 ], [ 122578.965293644389021, 487851.069939305016305 ], [ 122559.07731096119096, 487853.823659984220285 ], [ 122561.219093711682945, 487862.237806504068431 ], [ 122579.730216055279016, 487859.025132378330454 ] ] ] } },
{ "type": "Feature", "properties": { "sensor": "GASA-03", "time": "2025-08-20T14:14:00+02:00", "count_line": 16, "location": "Oosterdoksbrug", "count_area": 26.0, "countline_length": 8, "density": 0.16101300942716182, "flow": 2.0, "LoS": "LoS A" }, "geometry": { "type": "Polygon", "coordinates": [ [ [ 122579.730216055279016, 487859.025132378330454 ], [ 122578.965293644389021, 487851.069939305016305 ], [ 122559.07731096119096, 487853.823659984220285 ], [ 122561.219093711682945, 487862.237806504068431 ], [ 122579.730216055279016, 487859.025132378330454 ] ] ] } },
{ "type": "Feature", "properties": { "sensor": "GASA-03", "time": "2025-08-20T14:16:00+02:00", "count_line": 24, "location": "Oosterdoksbrug", "count_area": 36.0, "countline_length": 8, "density": 0.22294108997607023, "flow": 3.0, "LoS": "LoS A" }, "geometry": { "type": "Polygon", "coordinates": [ [ [ 122579.730216055279016, 487859.025132378330454 ], [ 122578.965293644389021, 487851.069939305016305 ], [ 122559.07731096119096, 487853.823659984220285 ], [ 122561.219093711682945, 487862.237806504068431 ], [ 122579.730216055279016, 487859.025132378330454 ] ] ] } },
{ "type": "Feature", "properties": { "sensor": "GASA-03", "time": "2025-08-20T14:18:00+02:00", "count_line": 59, "location": "Oosterdoksbrug", "count_area": 111.0, "countline_length": 8, "density": 0.68740169409288321, "flow": 7.375, "LoS": "LoS B" }, "geometry": { "type": "Polygon", "coordinates": [ [ [ 122579.730216055279016, 487859.025132378330454 ], [ 122578.965293644389021, 487851.069939305016305 ], [ 122559.07731096119096, 487853.823659984220285 ], [ 122561.219093711682945, 487862.237806504068431 ], [ 122579.730216055279016, 487859.025132378330454 ] ] ] } },
{ "type": "Feature", "properties": { "sensor": "GASA-03", "time": "2025-08-20T14:20:00+02:00", "count_line": 37, "location": "Oosterdoksbrug", "count_area": 72.0, "countline_length": 8, "density": 0.44588217995214047, "flow": 4.625, "LoS": "LoS B" }, "geometry": { "type": "Polygon", "coordinates": [ [ [ 122579.730216055279016, 487859.025132378330454 ], [ 122578.965293644389021, 487851.069939305016305 ], [ 122559.07731096119096, 487853.823659984220285 ], [ 122561.219093711682945, 487862.237806504068431 ], [ 122579.730216055279016, 487859.025132378330454 ] ] ] } },
{ "type": "Feature", "properties": { "sensor": "GASA-03", "time": "2025-08-20T14:22:00+02:00", "count_line": 23, "location": "Oosterdoksbrug", "count_area": 42.0, "countline_length": 8, "density": 0.26009793830541528, "flow": 2.875, "LoS": "LoS A" }, "geometry": { "type": "Polygon", "coordinates": [ [ [ 122579.730216055279016, 487859.025132378330454 ], [ 122578.965293644389021, 487851.069939305016305 ], [ 122559.07731096119096, 487853.823659984220285 ], [ 122561.219093711682945, 487862.237806504068431 ], [ 122579.730216055279016, 487859.025132378330454 ] ] ] } },
{ "type": "Feature", "properties": { "sensor": "GASA-03", "time": "2025-08-20T14:23:00+02:00", "count_line": 23, "location": "Oosterdoksbrug", "count_area": 40.0, "countline_length": 8, "density": 0.24771232219563358, "flow": 2.875, "LoS": "LoS A" }, "geometry": { "type": "Polygon", "coordinates": [ [ [ 122579.730216055279016, 487859.025132378330454 ], [ 122578.965293644389021, 487851.069939305016305 ], [ 122559.07731096119096, 487853.823659984220285 ], [ 122561.219093711682945, 487862.237806504068431 ], [ 122579.730216055279016, 487859.025132378330454 ] ] ] } },
{ "type": "Feature", "properties": { "sensor": "GASA-03", "time": "2025-08-20T14:24:00+02:00", "count_line": 15, "location": "Oosterdoksbrug", "count_area": 25.0, "countline_length": 8, "density": 0.15482020137227098, "flow": 1.875, "LoS": "LoS A" }, "geometry": { "type": "Polygon", "coordinates": [ [ [ 122579.730216055279016, 487859.025132378330454 ], [ 122578.965293644389021, 487851.069939305016305 ], [ 122559.07731096119096, 487853.823659984220285 ], [ 122561.219093711682945, 487862.237806504068431 ], [ 122579.730216055279016, 487859.025132378330454 ] ] ] } },
{ "type": "Feature", "properties": { "sensor": "GASA-03", "time": "2025-08-20T14:26:00+02:00", "count_line": 36, "location": "Oosterdoksbrug", "count_area": 64.0, "countline_length": 8, "density": 0.39633971551301372, "flow": 4.5, "LoS": "LoS B" }, "geometry": { "type": "Polygon", "coordinates": [ [ [ 122579.730216055279016, 487859.025132378330454 ], [ 122578.965293644389021, 487851.069939305016305 ], [ 122559.07731096119096, 487853.823659984220285 ], [ 122561.219093711682945, 487862.237806504068431 ], [ 122579.730216055279016, 487859.025132378330454 ] ] ] } },
{ "type": "Feature", "properties": { "sensor": "GASA-03", "time": "2025-08-20T14:28:00+02:00", "count_line": 46, "location": "Oosterdoksbrug", "count_area": 89.0, "countline_length": 8, "density": 0.55115991688528476, "flow": 5.75, "LoS": "LoS B" }, "geometry": { "type": "Polygon", "coordinates": [ [ [ 122579.730216055279016, 487859.025132378330454 ], [ 122578.965293644389021, 487851.069939305016305 ], [ 122559.07731096119096, 487853.823659984220285 ], [ 122561.219093711682945, 487862.237806504068431 ], [ 122579.730216055279016, 487859.025132378330454 ] ] ] } },
{ "type": "Feature", "properties": { "sensor": "GASA-03", "time": "2025-08-20T14:30:00+02:00", "count_line": 23, "location": "Oosterdoksbrug", "count_area": 35.0, "countline_length": 8, "density": 0.21674828192117937, "flow": 2.875, "LoS": "LoS A" }, "geometry": { "type": "Polygon", "coordinates": [ [ [ 122579.730216055279016, 487859.025132378330454 ], [ 122578.965293644389021, 487851.069939305016305 ], [ 122559.07731096119096, 487853.823659984220285 ], [ 122561.219093711682945, 487862.237806504068431 ], [ 122579.730216055279016, 487859.025132378330454 ] ] ] } },
{ "type": "Feature", "properties": { "sensor": "GASA-03", "time": "2025-08-20T14:32:00+02:00", "count_line": 20, "location": "Oosterdoksbrug", "count_area": 31.0, "countline_length": 8, "density": 0.19197704970161603, "flow": 2.5, "LoS": "LoS A" }, "geometry": { "type": "Polygon", "coordinates": [ [ [ 122579.730216055279016, 487859.025132378330454 ], [ 122578.965293644389021, 487851.069939305016305 ], [ 122559.07731096119096, 487853.823659984220285 ], [ 122561.219093711682945, 487862.237806504068431 ], [ 122579.730216055279016, 487859.025132378330454 ] ] ] } },
{ "type": "Feature", "properties": { "sensor": "GASA-03", "time": "2025-08-20T14:34:00+02:00", "count_line": 23, "location": "Oosterdoksbrug", "count_area": 34.0, "countline_length": 8, "density": 0.21055547386628853, "flow": 2.875, "LoS": "LoS A" }, "geometry": { "type": "Polygon", "coordinates": [ [ [ 122579.730216055279016, 487859.025132378330454 ], [ 122578.965293644389021, 487851.069939305016305 ], [ 122559.07731096119096, 487853.823659984220285 ], [ 122561.219093711682945, 487862.237806504068431 ], [ 122579.730216055279016, 487859.025132378330454 ] ] ] } },
{ "type": "Feature", "properties": { "sensor": "GASA-03", "time": "2025-08-20T14:36:00+02:00", "count_line": 33, "location": "Oosterdoksbrug", "count_area": 51.0, "countline_length": 8, "density": 0.31583321079943283, "flow": 4.125, "LoS": "LoS B" }, "geometry": { "type": "Polygon", "coordinates": [ [ [ 122579.730216055279016, 487859.025132378330454 ], [ 122578.965293644389021, 487851.069939305016305 ], [ 122559.07731096119096, 487853.823659984220285 ], [ 122561.219093711682945, 487862.237806504068431 ], [ 122579.730216055279016, 487859.025132378330454 ] ] ] } },
{ "type": "Feature", "properties": { "sensor": "GASA-03", "time": "2025-08-20T14:38:00+02:00", "count_line": 8, "location": "Oosterdoksbrug", "count_area": 14.0, "countline_length": 8, "density": 0.086699312768471759, "flow": 1.0, "LoS": "LoS A" }, "geometry": { "type": "Polygon", "coordinates": [ [ [ 122579.730216055279016, 487859.025132378330454 ], [ 122578.965293644389021, 487851.069939305016305 ], [ 122559.07731096119096, 487853.823659984220285 ], [ 122561.219093711682945, 487862.237806504068431 ], [ 122579.730216055279016, 487859.025132378330454 ] ] ] } },
{ "type": "Feature", "properties": { "sensor": "GASA-03", "time": "2025-08-20T14:40:00+02:00", "count_line": 24, "location": "Oosterdoksbrug", "count_area": 38.0, "countline_length": 8, "density": 0.23532670608585191, "flow": 3.0, "LoS": "LoS A" }, "geometry": { "type": "Polygon", "coordinates": [ [ [ 122579.730216055279016, 487859.025132378330454 ], [ 122578.965293644389021, 487851.069939305016305 ], [ 122559.07731096119096, 487853.823659984220285 ], [ 122561.219093711682945, 487862.237806504068431 ], [ 122579.730216055279016, 487859.025132378330454 ] ] ] } },
{ "type": "Feature", "properties": { "sensor": "GASA-03", "time": "2025-08-20T14:42:00+02:00", "count_line": 32, "location": "Oosterdoksbrug", "count_area": 63.0, "countline_length": 8, "density": 0.39014690745812286, "flow": 4.0, "LoS": "LoS B" }, "geometry": { "type": "Polygon", "coordinates": [ [ [ 122579.730216055279016, 487859.025132378330454 ], [ 122578.965293644389021, 487851.069939305016305 ], [ 122559.07731096119096, 487853.823659984220285 ], [ 122561.219093711682945, 487862.237806504068431 ], [ 122579.730216055279016, 487859.025132378330454 ] ] ] } },
{ "type": "Feature", "properties": { "sensor": "GASA-03", "time": "2025-08-20T14:44:00+02:00", "count_line": 36, "location": "Oosterdoksbrug", "count_area": 70.0, "countline_length": 8, "density": 0.43349656384235874, "flow": 4.5, "LoS": "LoS B" }, "geometry": { "type": "Polygon", "coordinates": [ [ [ 122579.730216055279016, 487859.025132378330454 ], [ 122578.965293644389021, 487851.069939305016305 ], [ 122559.07731096119096, 487853.823659984220285 ], [ 122561.219093711682945, 487862.237806504068431 ], [ 122579.730216055279016, 487859.025132378330454 ] ] ] } },
{ "type": "Feature", "properties": { "sensor": "GASA-03", "time": "2025-08-20T14:46:00+02:00", "count_line": 18, "location": "Oosterdoksbrug", "count_area": 28.0, "countline_length": 8, "density": 0.17339862553694352, "flow": 2.25, "LoS": "LoS A" }, "geometry": { "type": "Polygon", "coordinates": [ [ [ 122579.730216055279016, 487859.025132378330454 ], [ 122578.965293644389021, 487851.069939305016305 ], [ 122559.07731096119096, 487853.823659984220285 ], [ 122561.219093711682945, 487862.237806504068431 ], [ 122579.730216055279016, 487859.025132378330454 ] ] ] } },
{ "type": "Feature", "properties": { "sensor": "GASA-03", "time": "2025-08-20T14:48:00+02:00", "count_line": 37, "location": "Oosterdoksbrug", "count_area": 69.0, "countline_length": 8, "density": 0.42730375578746793, "flow": 4.625, "LoS": "LoS B" }, "geometry": { "type": "Polygon", "coordinates": [ [ [ 122579.730216055279016, 487859.025132378330454 ], [ 122578.965293644389021, 487851.069939305016305 ], [ 122559.07731096119096, 487853.823659984220285 ], [ 122561.219093711682945, 487862.237806504068431 ], [ 122579.730216055279016, 487859.025132378330454 ] ] ] } },
{ "type": "Feature", "properties": { "sensor": "GASA-03", "time": "2025-08-20T14:50:00+02:00", "count_line": 41, "location": "Oosterdoksbrug", "count_area": 79.0, "countline_length": 8, "density": 0.48923183633637629, "flow": 5.125, "LoS": "LoS B" }, "geometry": { "type": "Polygon", "coordinates": [ [ [ 122579.730216055279016, 487859.025132378330454 ], [ 122578.965293644389021, 487851.069939305016305 ], [ 122559.07731096119096, 487853.823659984220285 ], [ 122561.219093711682945, 487862.237806504068431 ], [ 122579.730216055279016, 487859.025132378330454 ] ] ] } },
{ "type": "Feature", "properties": { "sensor": "GASA-03", "time": "2025-08-20T14:52:00+02:00", "count_line": 37, "location": "Oosterdoksbrug", "count_area": 58.0, "countline_length": 8, "density": 0.35918286718366871, "flow": 4.625, "LoS": "LoS B" }, "geometry": { "type": "Polygon", "coordinates": [ [ [ 122579.730216055279016, 487859.025132378330454 ], [ 122578.965293644389021, 487851.069939305016305 ], [ 122559.07731096119096, 487853.823659984220285 ], [ 122561.219093711682945, 487862.237806504068431 ], [ 122579.730216055279016, 487859.025132378330454 ] ] ] } },
{ "type": "Feature", "properties": { "sensor": "GASA-03", "time": "2025-08-20T14:54:00+02:00", "count_line": 48, "location": "Oosterdoksbrug", "count_area": 76.0, "countline_length": 8, "density": 0.47065341217170381, "flow": 6.0, "LoS": "LoS B" }, "geometry": { "type": "Polygon", "coordinates": [ [ [ 122579.730216055279016, 487859.025132378330454 ], [ 122578.965293644389021, 487851.069939305016305 ], [ 122559.07731096119096, 487853.823659984220285 ], [ 122561.219093711682945, 487862.237806504068431 ], [ 122579.730216055279016, 487859.025132378330454 ] ] ] } },
{ "type": "Feature", "properties": { "sensor": "GASA-03", "time": "2025-08-20T14:55:00+02:00", "count_line": 23, "location": "Oosterdoksbrug", "count_area": 36.0, "countline_length": 8, "density": 0.22294108997607023, "flow": 2.875, "LoS": "LoS A" }, "geometry": { "type": "Polygon", "coordinates": [ [ [ 122579.730216055279016, 487859.025132378330454 ], [ 122578.965293644389021, 487851.069939305016305 ], [ 122559.07731096119096, 487853.823659984220285 ], [ 122561.219093711682945, 487862.237806504068431 ], [ 122579.730216055279016, 487859.025132378330454 ] ] ] } },
{ "type": "Feature", "properties": { "sensor": "GASA-03", "time": "2025-08-20T14:56:00+02:00", "count_line": 31, "location": "Oosterdoksbrug", "count_area": 50.0, "countline_length": 8, "density": 0.30964040274454196, "flow": 3.875, "LoS": "LoS B" }, "geometry": { "type": "Polygon", "coordinates": [ [ [ 122579.730216055279016, 487859.025132378330454 ], [ 122578.965293644389021, 487851.069939305016305 ], [ 122559.07731096119096, 487853.823659984220285 ], [ 122561.219093711682945, 487862.237806504068431 ], [ 122579.730216055279016, 487859.025132378330454 ] ] ] } },
{ "type": "Feature", "properties": { "sensor": "GASA-03", "time": "2025-08-20T14:58:00+02:00", "count_line": 32, "location": "Oosterdoksbrug", "count_area": 62.0, "countline_length": 8, "density": 0.38395409940323205, "flow": 4.0, "LoS": "LoS B" }, "geometry": { "type": "Polygon", "coordinates": [ [ [ 122579.730216055279016, 487859.025132378330454 ], [ 122578.965293644389021, 487851.069939305016305 ], [ 122559.07731096119096, 487853.823659984220285 ], [ 122561.219093711682945, 487862.237806504068431 ], [ 122579.730216055279016, 487859.025132378330454 ] ] ] } },
{ "type": "Feature", "properties": { "sensor": "GASA-03", "time": "2025-08-20T15:00:00+02:00", "count_line": 40, "location": "Oosterdoksbrug", "count_area": 75.0, "countline_length": 8, "density": 0.46446060411681295, "flow": 5.0, "LoS": "LoS B" }, "geometry": { "type": "Polygon", "coordinates": [ [ [ 122579.730216055279016, 487859.025132378330454 ], [ 122578.965293644389021, 487851.069939305016305 ], [ 122559.07731096119096, 487853.823659984220285 ], [ 122561.219093711682945, 487862.237806504068431 ], [ 122579.730216055279016, 487859.025132378330454 ] ] ] } },
{ "type": "Feature", "properties": { "sensor": "GASA-03", "time": "2025-08-20T15:02:00+02:00", "count_line": 66, "location": "Oosterdoksbrug", "count_area": 117.0, "countline_length": 8, "density": 0.72455854242222817, "flow": 8.25, "LoS": "LoS C" }, "geometry": { "type": "Polygon", "coordinates": [ [ [ 122579.730216055279016, 487859.025132378330454 ], [ 122578.965293644389021, 487851.069939305016305 ], [ 122559.07731096119096, 487853.823659984220285 ], [ 122561.219093711682945, 487862.237806504068431 ], [ 122579.730216055279016, 487859.025132378330454 ] ] ] } },
{ "type": "Feature", "properties": { "sensor": "GASA-03", "time": "2025-08-20T15:04:00+02:00", "count_line": 36, "location": "Oosterdoksbrug", "count_area": 66.0, "countline_length": 8, "density": 0.4087253316227954, "flow": 4.5, "LoS": "LoS B" }, "geometry": { "type": "Polygon", "coordinates": [ [ [ 122579.730216055279016, 487859.025132378330454 ], [ 122578.965293644389021, 487851.069939305016305 ], [ 122559.07731096119096, 487853.823659984220285 ], [ 122561.219093711682945, 487862.237806504068431 ], [ 122579.730216055279016, 487859.025132378330454 ] ] ] } },
{ "type": "Feature", "properties": { "sensor": "GASA-03", "time": "2025-08-20T15:05:00+02:00", "count_line": 52, "location": "Oosterdoksbrug", "count_area": 95.0, "countline_length": 8, "density": 0.58831676521462972, "flow": 6.5, "LoS": "LoS B" }, "geometry": { "type": "Polygon", "coordinates": [ [ [ 122579.730216055279016, 487859.025132378330454 ], [ 122578.965293644389021, 487851.069939305016305 ], [ 122559.07731096119096, 487853.823659984220285 ], [ 122561.219093711682945, 487862.237806504068431 ], [ 122579.730216055279016, 487859.025132378330454 ] ] ] } },
{ "type": "Feature", "properties": { "sensor": "GASA-03", "time": "2025-08-20T15:06:00+02:00", "count_line": 41, "location": "Oosterdoksbrug", "count_area": 65.0, "countline_length": 8, "density": 0.40253252356790459, "flow": 5.125, "LoS": "LoS B" }, "geometry": { "type": "Polygon", "coordinates": [ [ [ 122579.730216055279016, 487859.025132378330454 ], [ 122578.965293644389021, 487851.069939305016305 ], [ 122559.07731096119096, 487853.823659984220285 ], [ 122561.219093711682945, 487862.237806504068431 ], [ 122579.730216055279016, 487859.025132378330454 ] ] ] } },
{ "type": "Feature", "properties": { "sensor": "GASA-03", "time": "2025-08-20T15:08:00+02:00", "count_line": 38, "location": "Oosterdoksbrug", "count_area": 68.0, "countline_length": 8, "density": 0.42111094773257707, "flow": 4.75, "LoS": "LoS B" }, "geometry": { "type": "Polygon", "coordinates": [ [ [ 122579.730216055279016, 487859.025132378330454 ], [ 122578.965293644389021, 487851.069939305016305 ], [ 122559.07731096119096, 487853.823659984220285 ], [ 122561.219093711682945, 487862.237806504068431 ], [ 122579.730216055279016, 487859.025132378330454 ] ] ] } },
{ "type": "Feature", "properties": { "sensor": "GASA-03", "time": "2025-08-20T15:10:00+02:00", "count_line": 44, "location": "Oosterdoksbrug", "count_area": 67.0, "countline_length": 8, "density": 0.41491813967768626, "flow": 5.5, "LoS": "LoS B" }, "geometry": { "type": "Polygon", "coordinates": [ [ [ 122579.730216055279016, 487859.025132378330454 ], [ 122578.965293644389021, 487851.069939305016305 ], [ 122559.07731096119096, 487853.823659984220285 ], [ 122561.219093711682945, 487862.237806504068431 ], [ 122579.730216055279016, 487859.025132378330454 ] ] ] } },
{ "type": "Feature", "properties": { "sensor": "GASA-03", "time": "2025-08-20T15:12:00+02:00", "count_line": 61, "location": "Oosterdoksbrug", "count_area": 120.0, "countline_length": 8, "density": 0.74313696658690076, "flow": 7.625, "LoS": "LoS C" }, "geometry": { "type": "Polygon", "coordinates": [ [ [ 122579.730216055279016, 487859.025132378330454 ], [ 122578.965293644389021, 487851.069939305016305 ], [ 122559.07731096119096, 487853.823659984220285 ], [ 122561.219093711682945, 487862.237806504068431 ], [ 122579.730216055279016, 487859.025132378330454 ] ] ] } },
{ "type": "Feature", "properties": { "sensor": "GASA-03", "time": "2025-08-20T15:14:00+02:00", "count_line": 52, "location": "Oosterdoksbrug", "count_area": 94.0, "countline_length": 8, "density": 0.58212395715973886, "flow": 6.5, "LoS": "LoS B" }, "geometry": { "type": "Polygon", "coordinates": [ [ [ 122579.730216055279016, 487859.025132378330454 ], [ 122578.965293644389021, 487851.069939305016305 ], [ 122559.07731096119096, 487853.823659984220285 ], [ 122561.219093711682945, 487862.237806504068431 ], [ 122579.730216055279016, 487859.025132378330454 ] ] ] } },
{ "type": "Feature", "properties": { "sensor": "GASA-03", "time": "2025-08-20T15:16:00+02:00", "count_line": 79, "location": "Oosterdoksbrug", "count_area": 129.0, "countline_length": 8, "density": 0.79887223908091831, "flow": 9.875, "LoS": "LoS C" }, "geometry": { "type": "Polygon", "coordinates": [ [ [ 122579.730216055279016, 487859.025132378330454 ], [ 122578.965293644389021, 487851.069939305016305 ], [ 122559.07731096119096, 487853.823659984220285 ], [ 122561.219093711682945, 487862.237806504068431 ], [ 122579.730216055279016, 487859.025132378330454 ] ] ] } },
{ "type": "Feature", "properties": { "sensor": "GASA-03", "time": "2025-08-20T15:18:00+02:00", "count_line": 50, "location": "Oosterdoksbrug", "count_area": 81.0, "countline_length": 8, "density": 0.50161745244615796, "flow": 6.25, "LoS": "LoS B" }, "geometry": { "type": "Polygon", "coordinates": [ [ [ 122579.730216055279016, 487859.025132378330454 ], [ 122578.965293644389021, 487851.069939305016305 ], [ 122559.07731096119096, 487853.823659984220285 ], [ 122561.219093711682945, 487862.237806504068431 ], [ 122579.730216055279016, 487859.025132378330454 ] ] ] } },
{ "type": "Feature", "properties": { "sensor": "GASA-03", "time": "2025-08-20T15:20:00+02:00", "count_line": 37, "location": "Oosterdoksbrug", "count_area": 65.0, "countline_length": 8, "density": 0.40253252356790459, "flow": 4.625, "LoS": "LoS B" }, "geometry": { "type": "Polygon", "coordinates": [ [ [ 122579.730216055279016, 487859.025132378330454 ], [ 122578.965293644389021, 487851.069939305016305 ], [ 122559.07731096119096, 487853.823659984220285 ], [ 122561.219093711682945, 487862.237806504068431 ], [ 122579.730216055279016, 487859.025132378330454 ] ] ] } },
{ "type": "Feature", "properties": { "sensor": "GASA-03", "time": "2025-08-20T15:22:00+02:00", "count_line": 52, "location": "Oosterdoksbrug", "count_area": 85.0, "countline_length": 8, "density": 0.52638868466572131, "flow": 6.5, "LoS": "LoS B" }, "geometry": { "type": "Polygon", "coordinates": [ [ [ 122579.730216055279016, 487859.025132378330454 ], [ 122578.965293644389021, 487851.069939305016305 ], [ 122559.07731096119096, 487853.823659984220285 ], [ 122561.219093711682945, 487862.237806504068431 ], [ 122579.730216055279016, 487859.025132378330454 ] ] ] } },
{ "type": "Feature", "properties": { "sensor": "GASA-03", "time": "2025-08-20T15:24:00+02:00", "count_line": 54, "location": "Oosterdoksbrug", "count_area": 98.0, "countline_length": 8, "density": 0.60689518937930231, "flow": 6.75, "LoS": "LoS B" }, "geometry": { "type": "Polygon", "coordinates": [ [ [ 122579.730216055279016, 487859.025132378330454 ], [ 122578.965293644389021, 487851.069939305016305 ], [ 122559.07731096119096, 487853.823659984220285 ], [ 122561.219093711682945, 487862.237806504068431 ], [ 122579.730216055279016, 487859.025132378330454 ] ] ] } },
{ "type": "Feature", "properties": { "sensor": "GASA-03", "time": "2025-08-20T15:26:00+02:00", "count_line": 70, "location": "Oosterdoksbrug", "count_area": 125.0, "countline_length": 8, "density": 0.77410100686135497, "flow": 8.75, "LoS": "LoS C" }, "geometry": { "type": "Polygon", "coordinates": [ [ [ 122579.730216055279016, 487859.025132378330454 ], [ 122578.965293644389021, 487851.069939305016305 ], [ 122559.07731096119096, 487853.823659984220285 ], [ 122561.219093711682945, 487862.237806504068431 ], [ 122579.730216055279016, 487859.025132378330454 ] ] ] } },
{ "type": "Feature", "properties": { "sensor": "GASA-03", "time": "2025-08-20T15:27:00+02:00", "count_line": 75, "location": "Oosterdoksbrug", "count_area": 131.0, "countline_length": 8, "density": 0.81125785519069993, "flow": 9.375, "LoS": "LoS C" }, "geometry": { "type": "Polygon", "coordinates": [ [ [ 122579.730216055279016, 487859.025132378330454 ], [ 122578.965293644389021, 487851.069939305016305 ], [ 122559.07731096119096, 487853.823659984220285 ], [ 122561.219093711682945, 487862.237806504068431 ], [ 122579.730216055279016, 487859.025132378330454 ] ] ] } },
{ "type": "Feature", "properties": { "sensor": "GASA-03", "time": "2025-08-20T15:28:00+02:00", "count_line": 54, "location": "Oosterdoksbrug", "count_area": 101.0, "countline_length": 8, "density": 0.62547361354397479, "flow": 6.75, "LoS": "LoS B" }, "geometry": { "type": "Polygon", "coordinates": [ [ [ 122579.730216055279016, 487859.025132378330454 ], [ 122578.965293644389021, 487851.069939305016305 ], [ 122559.07731096119096, 487853.823659984220285 ], [ 122561.219093711682945, 487862.237806504068431 ], [ 122579.730216055279016, 487859.025132378330454 ] ] ] } },
{ "type": "Feature", "properties": { "sensor": "GASA-03", "time": "2025-08-20T15:30:00+02:00", "count_line": 68, "location": "Oosterdoksbrug", "count_area": 126.0, "countline_length": 8, "density": 0.78029381491624572, "flow": 8.5, "LoS": "LoS C" }, "geometry": { "type": "Polygon", "coordinates": [ [ [ 122579.730216055279016, 487859.025132378330454 ], [ 122578.965293644389021, 487851.069939305016305 ], [ 122559.07731096119096, 487853.823659984220285 ], [ 122561.219093711682945, 487862.237806504068431 ], [ 122579.730216055279016, 487859.025132378330454 ] ] ] } },
{ "type": "Feature", "properties": { "sensor": "GASA-03", "time": "2025-08-20T15:32:00+02:00", "count_line": 66, "location": "Oosterdoksbrug", "count_area": 117.0, "countline_length": 8, "density": 0.72455854242222817, "flow": 8.25, "LoS": "LoS C" }, "geometry": { "type": "Polygon", "coordinates": [ [ [ 122579.730216055279016, 487859.025132378330454 ], [ 122578.965293644389021, 487851.069939305016305 ], [ 122559.07731096119096, 487853.823659984220285 ], [ 122561.219093711682945, 487862.237806504068431 ], [ 122579.730216055279016, 487859.025132378330454 ] ] ] } },
{ "type": "Feature", "properties": { "sensor": "GASA-03", "time": "2025-08-20T15:34:00+02:00", "count_line": 82, "location": "Oosterdoksbrug", "count_area": 156.0, "countline_length": 8, "density": 0.96607805656297097, "flow": 10.25, "LoS": "LoS C" }, "geometry": { "type": "Polygon", "coordinates": [ [ [ 122579.730216055279016, 487859.025132378330454 ], [ 122578.965293644389021, 487851.069939305016305 ], [ 122559.07731096119096, 487853.823659984220285 ], [ 122561.219093711682945, 487862.237806504068431 ], [ 122579.730216055279016, 487859.025132378330454 ] ] ] } },
{ "type": "Feature", "properties": { "sensor": "GASA-03", "time": "2025-08-20T15:36:00+02:00", "count_line": 74, "location": "Oosterdoksbrug", "count_area": 115.0, "countline_length": 8, "density": 0.71217292631244655, "flow": 9.25, "LoS": "LoS C" }, "geometry": { "type": "Polygon", "coordinates": [ [ [ 122579.730216055279016, 487859.025132378330454 ], [ 122578.965293644389021, 487851.069939305016305 ], [ 122559.07731096119096, 487853.823659984220285 ], [ 122561.219093711682945, 487862.237806504068431 ], [ 122579.730216055279016, 487859.025132378330454 ] ] ] } },
{ "type": "Feature", "properties": { "sensor": "GASA-03", "time": "2025-08-20T15:37:00+02:00", "count_line": 94, "location": "Oosterdoksbrug", "count_area": 185.0, "countline_length": 8, "density": 1.1456694901548052, "flow": 11.75, "LoS": "LoS C" }, "geometry": { "type": "Polygon", "coordinates": [ [ [ 122579.730216055279016, 487859.025132378330454 ], [ 122578.965293644389021, 487851.069939305016305 ], [ 122559.07731096119096, 487853.823659984220285 ], [ 122561.219093711682945, 487862.237806504068431 ], [ 122579.730216055279016, 487859.025132378330454 ] ] ] } },
{ "type": "Feature", "properties": { "sensor": "GASA-03", "time": "2025-08-20T15:38:00+02:00", "count_line": 63, "location": "Oosterdoksbrug", "count_area": 109.0, "countline_length": 8, "density": 0.67501607798310148, "flow": 7.875, "LoS": "LoS B" }, "geometry": { "type": "Polygon", "coordinates": [ [ [ 122579.730216055279016, 487859.025132378330454 ], [ 122578.965293644389021, 487851.069939305016305 ], [ 122559.07731096119096, 487853.823659984220285 ], [ 122561.219093711682945, 487862.237806504068431 ], [ 122579.730216055279016, 487859.025132378330454 ] ] ] } },
{ "type": "Feature", "properties": { "sensor": "GASA-03", "time": "2025-08-20T15:40:00+02:00", "count_line": 66, "location": "Oosterdoksbrug", "count_area": 114.0, "countline_length": 8, "density": 0.70598011825755569, "flow": 8.25, "LoS": "LoS C" }, "geometry": { "type": "Polygon", "coordinates": [ [ [ 122579.730216055279016, 487859.025132378330454 ], [ 122578.965293644389021, 487851.069939305016305 ], [ 122559.07731096119096, 487853.823659984220285 ], [ 122561.219093711682945, 487862.237806504068431 ], [ 122579.730216055279016, 487859.025132378330454 ] ] ] } },
{ "type": "Feature", "properties": { "sensor": "GASA-03", "time": "2025-08-20T15:42:00+02:00", "count_line": 67, "location": "Oosterdoksbrug", "count_area": 129.0, "countline_length": 8, "density": 0.79887223908091831, "flow": 8.375, "LoS": "LoS C" }, "geometry": { "type": "Polygon", "coordinates": [ [ [ 122579.730216055279016, 487859.025132378330454 ], [ 122578.965293644389021, 487851.069939305016305 ], [ 122559.07731096119096, 487853.823659984220285 ], [ 122561.219093711682945, 487862.237806504068431 ], [ 122579.730216055279016, 487859.025132378330454 ] ] ] } },
{ "type": "Feature", "properties": { "sensor": "GASA-03", "time": "2025-08-20T15:44:00+02:00", "count_line": 64, "location": "Oosterdoksbrug", "count_area": 97.0, "countline_length": 8, "density": 0.60070238132441145, "flow": 8.0, "LoS": "LoS B" }, "geometry": { "type": "Polygon", "coordinates": [ [ [ 122579.730216055279016, 487859.025132378330454 ], [ 122578.965293644389021, 487851.069939305016305 ], [ 122559.07731096119096, 487853.823659984220285 ], [ 122561.219093711682945, 487862.237806504068431 ], [ 122579.730216055279016, 487859.025132378330454 ] ] ] } },
{ "type": "Feature", "properties": { "sensor": "GASA-03", "time": "2025-08-20T15:46:00+02:00", "count_line": 59, "location": "Oosterdoksbrug", "count_area": 105.0, "countline_length": 8, "density": 0.65024484576353814, "flow": 7.375, "LoS": "LoS B" }, "geometry": { "type": "Polygon", "coordinates": [ [ [ 122579.730216055279016, 487859.025132378330454 ], [ 122578.965293644389021, 487851.069939305016305 ], [ 122559.07731096119096, 487853.823659984220285 ], [ 122561.219093711682945, 487862.237806504068431 ], [ 122579.730216055279016, 487859.025132378330454 ] ] ] } },
{ "type": "Feature", "properties": { "sensor": "GASA-03", "time": "2025-08-20T15:48:00+02:00", "count_line": 78, "location": "Oosterdoksbrug", "count_area": 129.0, "countline_length": 8, "density": 0.79887223908091831, "flow": 9.75, "LoS": "LoS C" }, "geometry": { "type": "Polygon", "coordinates": [ [ [ 122579.730216055279016, 487859.025132378330454 ], [ 122578.965293644389021, 487851.069939305016305 ], [ 122559.07731096119096, 487853.823659984220285 ], [ 122561.219093711682945, 487862.237806504068431 ], [ 122579.730216055279016, 487859.025132378330454 ] ] ] } },
{ "type": "Feature", "properties": { "sensor": "GASA-03", "time": "2025-08-20T15:50:00+02:00", "count_line": 63, "location": "Oosterdoksbrug", "count_area": 105.0, "countline_length": 8, "density": 0.65024484576353814, "flow": 7.875, "LoS": "LoS B" }, "geometry": { "type": "Polygon", "coordinates": [ [ [ 122579.730216055279016, 487859.025132378330454 ], [ 122578.965293644389021, 487851.069939305016305 ], [ 122559.07731096119096, 487853.823659984220285 ], [ 122561.219093711682945, 487862.237806504068431 ], [ 122579.730216055279016, 487859.025132378330454 ] ] ] } },
{ "type": "Feature", "properties": { "sensor": "GASA-03", "time": "2025-08-20T15:52:00+02:00", "count_line": 114, "location": "Oosterdoksbrug", "count_area": 194.0, "countline_length": 8, "density": 1.2014047626488229, "flow": 14.25, "LoS": "LoS C" }, "geometry": { "type": "Polygon", "coordinates": [ [ [ 122579.730216055279016, 487859.025132378330454 ], [ 122578.965293644389021, 487851.069939305016305 ], [ 122559.07731096119096, 487853.823659984220285 ], [ 122561.219093711682945, 487862.237806504068431 ], [ 122579.730216055279016, 487859.025132378330454 ] ] ] } },
{ "type": "Feature", "properties": { "sensor": "GASA-03", "time": "2025-08-20T15:54:00+02:00", "count_line": 55, "location": "Oosterdoksbrug", "count_area": 102.0, "countline_length": 8, "density": 0.63166642159886566, "flow": 6.875, "LoS": "LoS B" }, "geometry": { "type": "Polygon", "coordinates": [ [ [ 122579.730216055279016, 487859.025132378330454 ], [ 122578.965293644389021, 487851.069939305016305 ], [ 122559.07731096119096, 487853.823659984220285 ], [ 122561.219093711682945, 487862.237806504068431 ], [ 122579.730216055279016, 487859.025132378330454 ] ] ] } },
{ "type": "Feature", "properties": { "sensor": "GASA-03", "time": "2025-08-20T15:56:00+02:00", "count_line": 180, "location": "Oosterdoksbrug", "count_area": 358.0, "countline_length": 8, "density": 2.2170252836509206, "flow": 22.5, "LoS": "LoS E" }, "geometry": { "type": "Polygon", "coordinates": [ [ [ 122579.730216055279016, 487859.025132378330454 ], [ 122578.965293644389021, 487851.069939305016305 ], [ 122559.07731096119096, 487853.823659984220285 ], [ 122561.219093711682945, 487862.237806504068431 ], [ 122579.730216055279016, 487859.025132378330454 ] ] ] } },
{ "type": "Feature", "properties": { "sensor": "GASA-03", "time": "2025-08-20T15:58:00+02:00", "count_line": 104, "location": "Oosterdoksbrug", "count_area": 172.0, "countline_length": 8, "density": 1.0651629854412243, "flow": 13.0, "LoS": "LoS C" }, "geometry": { "type": "Polygon", "coordinates": [ [ [ 122579.730216055279016, 487859.025132378330454 ], [ 122578.965293644389021, 487851.069939305016305 ], [ 122559.07731096119096, 487853.823659984220285 ], [ 122561.219093711682945, 487862.237806504068431 ], [ 122579.730216055279016, 487859.025132378330454 ] ] ] } },
{ "type": "Feature", "properties": { "sensor": "GASA-03", "time": "2025-08-20T15:59:00+02:00", "count_line": 48, "location": "Oosterdoksbrug", "count_area": 76.0, "countline_length": 8, "density": 0.47065341217170381, "flow": 6.0, "LoS": "LoS B" }, "geometry": { "type": "Polygon", "coordinates": [ [ [ 122579.730216055279016, 487859.025132378330454 ], [ 122578.965293644389021, 487851.069939305016305 ], [ 122559.07731096119096, 487853.823659984220285 ], [ 122561.219093711682945, 487862.237806504068431 ], [ 122579.730216055279016, 487859.025132378330454 ] ] ] } },
{ "type": "Feature", "properties": { "sensor": "GASA-03", "time": "2025-08-20T16:00:00+02:00", "count_line": 48, "location": "Oosterdoksbrug", "count_area": 72.0, "countline_length": 8, "density": 0.44588217995214047, "flow": 6.0, "LoS": "LoS B" }, "geometry": { "type": "Polygon", "coordinates": [ [ [ 122579.730216055279016, 487859.025132378330454 ], [ 122578.965293644389021, 487851.069939305016305 ], [ 122559.07731096119096, 487853.823659984220285 ], [ 122561.219093711682945, 487862.237806504068431 ], [ 122579.730216055279016, 487859.025132378330454 ] ] ] } },
{ "type": "Feature", "properties": { "sensor": "GASA-03", "time": "2025-08-20T16:02:00+02:00", "count_line": 73, "location": "Oosterdoksbrug", "count_area": 114.0, "countline_length": 8, "density": 0.70598011825755569, "flow": 9.125, "LoS": "LoS C" }, "geometry": { "type": "Polygon", "coordinates": [ [ [ 122579.730216055279016, 487859.025132378330454 ], [ 122578.965293644389021, 487851.069939305016305 ], [ 122559.07731096119096, 487853.823659984220285 ], [ 122561.219093711682945, 487862.237806504068431 ], [ 122579.730216055279016, 487859.025132378330454 ] ] ] } },
{ "type": "Feature", "properties": { "sensor": "GASA-03", "time": "2025-08-20T16:04:00+02:00", "count_line": 65, "location": "Oosterdoksbrug", "count_area": 114.0, "countline_length": 8, "density": 0.70598011825755569, "flow": 8.125, "LoS": "LoS C" }, "geometry": { "type": "Polygon", "coordinates": [ [ [ 122579.730216055279016, 487859.025132378330454 ], [ 122578.965293644389021, 487851.069939305016305 ], [ 122559.07731096119096, 487853.823659984220285 ], [ 122561.219093711682945, 487862.237806504068431 ], [ 122579.730216055279016, 487859.025132378330454 ] ] ] } },
{ "type": "Feature", "properties": { "sensor": "GASA-03", "time": "2025-08-20T16:06:00+02:00", "count_line": 154, "location": "Oosterdoksbrug", "count_area": 289.0, "countline_length": 8, "density": 1.7897215278634526, "flow": 19.25, "LoS": "LoS D" }, "geometry": { "type": "Polygon", "coordinates": [ [ [ 122579.730216055279016, 487859.025132378330454 ], [ 122578.965293644389021, 487851.069939305016305 ], [ 122559.07731096119096, 487853.823659984220285 ], [ 122561.219093711682945, 487862.237806504068431 ], [ 122579.730216055279016, 487859.025132378330454 ] ] ] } },
{ "type": "Feature", "properties": { "sensor": "GASA-03", "time": "2025-08-20T16:08:00+02:00", "count_line": 132, "location": "Oosterdoksbrug", "count_area": 225.0, "countline_length": 8, "density": 1.3933818123504389, "flow": 16.5, "LoS": "LoS D" }, "geometry": { "type": "Polygon", "coordinates": [ [ [ 122579.730216055279016, 487859.025132378330454 ], [ 122578.965293644389021, 487851.069939305016305 ], [ 122559.07731096119096, 487853.823659984220285 ], [ 122561.219093711682945, 487862.237806504068431 ], [ 122579.730216055279016, 487859.025132378330454 ] ] ] } },
{ "type": "Feature", "properties": { "sensor": "GASA-03", "time": "2025-08-20T16:10:00+02:00", "count_line": 132, "location": "Oosterdoksbrug", "count_area": 200.0, "countline_length": 8, "density": 1.2385616109781679, "flow": 16.5, "LoS": "LoS C" }, "geometry": { "type": "Polygon", "coordinates": [ [ [ 122579.730216055279016, 487859.025132378330454 ], [ 122578.965293644389021, 487851.069939305016305 ], [ 122559.07731096119096, 487853.823659984220285 ], [ 122561.219093711682945, 487862.237806504068431 ], [ 122579.730216055279016, 487859.025132378330454 ] ] ] } },
{ "type": "Feature", "properties": { "sensor": "GASA-03", "time": "2025-08-20T16:12:00+02:00", "count_line": 56, "location": "Oosterdoksbrug", "count_area": 97.0, "countline_length": 8, "density": 0.60070238132441145, "flow": 7.0, "LoS": "LoS B" }, "geometry": { "type": "Polygon", "coordinates": [ [ [ 122579.730216055279016, 487859.025132378330454 ], [ 122578.965293644389021, 487851.069939305016305 ], [ 122559.07731096119096, 487853.823659984220285 ], [ 122561.219093711682945, 487862.237806504068431 ], [ 122579.730216055279016, 487859.025132378330454 ] ] ] } },
{ "type": "Feature", "properties": { "sensor": "GASA-03", "time": "2025-08-20T16:14:00+02:00", "count_line": 61, "location": "Oosterdoksbrug", "count_area": 119.0, "countline_length": 8, "density": 0.7369441585320099, "flow": 7.625, "LoS": "LoS C" }, "geometry": { "type": "Polygon", "coordinates": [ [ [ 122579.730216055279016, 487859.025132378330454 ], [ 122578.965293644389021, 487851.069939305016305 ], [ 122559.07731096119096, 487853.823659984220285 ], [ 122561.219093711682945, 487862.237806504068431 ], [ 122579.730216055279016, 487859.025132378330454 ] ] ] } },
{ "type": "Feature", "properties": { "sensor": "GASA-03", "time": "2025-08-20T16:16:00+02:00", "count_line": 48, "location": "Oosterdoksbrug", "count_area": 87.0, "countline_length": 8, "density": 0.53877430077550303, "flow": 6.0, "LoS": "LoS B" }, "geometry": { "type": "Polygon", "coordinates": [ [ [ 122579.730216055279016, 487859.025132378330454 ], [ 122578.965293644389021, 487851.069939305016305 ], [ 122559.07731096119096, 487853.823659984220285 ], [ 122561.219093711682945, 487862.237806504068431 ], [ 122579.730216055279016, 487859.025132378330454 ] ] ] } },
{ "type": "Feature", "properties": { "sensor": "GASA-03", "time": "2025-08-20T16:18:00+02:00", "count_line": 88, "location": "Oosterdoksbrug", "count_area": 152.0, "countline_length": 8, "density": 0.94130682434340762, "flow": 11.0, "LoS": "LoS C" }, "geometry": { "type": "Polygon", "coordinates": [ [ [ 122579.730216055279016, 487859.025132378330454 ], [ 122578.965293644389021, 487851.069939305016305 ], [ 122559.07731096119096, 487853.823659984220285 ], [ 122561.219093711682945, 487862.237806504068431 ], [ 122579.730216055279016, 487859.025132378330454 ] ] ] } },
{ "type": "Feature", "properties": { "sensor": "GASA-03", "time": "2025-08-20T16:20:00+02:00", "count_line": 73, "location": "Oosterdoksbrug", "count_area": 119.0, "countline_length": 8, "density": 0.7369441585320099, "flow": 9.125, "LoS": "LoS C" }, "geometry": { "type": "Polygon", "coordinates": [ [ [ 122579.730216055279016, 487859.025132378330454 ], [ 122578.965293644389021, 487851.069939305016305 ], [ 122559.07731096119096, 487853.823659984220285 ], [ 122561.219093711682945, 487862.237806504068431 ], [ 122579.730216055279016, 487859.025132378330454 ] ] ] } },
{ "type": "Feature", "properties": { "sensor": "GASA-03", "time": "2025-08-20T16:21:00+02:00", "count_line": 88, "location": "Oosterdoksbrug", "count_area": 157.0, "countline_length": 8, "density": 0.97227086461786183, "flow": 11.0, "LoS": "LoS C" }, "geometry": { "type": "Polygon", "coordinates": [ [ [ 122579.730216055279016, 487859.025132378330454 ], [ 122578.965293644389021, 487851.069939305016305 ], [ 122559.07731096119096, 487853.823659984220285 ], [ 122561.219093711682945, 487862.237806504068431 ], [ 122579.730216055279016, 487859.025132378330454 ] ] ] } },
{ "type": "Feature", "properties": { "sensor": "GASA-03", "time": "2025-08-20T16:22:00+02:00", "count_line": 49, "location": "Oosterdoksbrug", "count_area": 90.0, "countline_length": 8, "density": 0.55735272494017551, "flow": 6.125, "LoS": "LoS B" }, "geometry": { "type": "Polygon", "coordinates": [ [ [ 122579.730216055279016, 487859.025132378330454 ], [ 122578.965293644389021, 487851.069939305016305 ], [ 122559.07731096119096, 487853.823659984220285 ], [ 122561.219093711682945, 487862.237806504068431 ], [ 122579.730216055279016, 487859.025132378330454 ] ] ] } },
{ "type": "Feature", "properties": { "sensor": "GASA-03", "time": "2025-08-20T16:24:00+02:00", "count_line": 216, "location": "Oosterdoksbrug", "count_area": 388.0, "countline_length": 8, "density": 2.4028095252976458, "flow": 27.0, "LoS": "LoS E" }, "geometry": { "type": "Polygon", "coordinates": [ [ [ 122579.730216055279016, 487859.025132378330454 ], [ 122578.965293644389021, 487851.069939305016305 ], [ 122559.07731096119096, 487853.823659984220285 ], [ 122561.219093711682945, 487862.237806504068431 ], [ 122579.730216055279016, 487859.025132378330454 ] ] ] } },
{ "type": "Feature", "properties": { "sensor": "GASA-03", "time": "2025-08-20T16:26:00+02:00", "count_line": 124, "location": "Oosterdoksbrug", "count_area": 194.0, "countline_length": 8, "density": 1.2014047626488229, "flow": 15.5, "LoS": "LoS C" }, "geometry": { "type": "Polygon", "coordinates": [ [ [ 122579.730216055279016, 487859.025132378330454 ], [ 122578.965293644389021, 487851.069939305016305 ], [ 122559.07731096119096, 487853.823659984220285 ], [ 122561.219093711682945, 487862.237806504068431 ], [ 122579.730216055279016, 487859.025132378330454 ] ] ] } },
{ "type": "Feature", "properties": { "sensor": "GASA-03", "time": "2025-08-20T16:28:00+02:00", "count_line": 116, "location": "Oosterdoksbrug", "count_area": 202.0, "countline_length": 8, "density": 1.2509472270879496, "flow": 14.5, "LoS": "LoS C" }, "geometry": { "type": "Polygon", "coordinates": [ [ [ 122579.730216055279016, 487859.025132378330454 ], [ 122578.965293644389021, 487851.069939305016305 ], [ 122559.07731096119096, 487853.823659984220285 ], [ 122561.219093711682945, 487862.237806504068431 ], [ 122579.730216055279016, 487859.025132378330454 ] ] ] } },
{ "type": "Feature", "properties": { "sensor": "GASA-04", "time": "2025-08-20T08:10:00+02:00", "count_line": 1, "location": "CSriOosterdokskade", "count_area": 1.0, "countline_length": 7, "density": 0.0044941194782952155, "flow": 0.14285714285714285, "LoS": "LoS A" }, "geometry": { "type": "Polygon", "coordinates": [ [ [ 122048.376863329031039, 487807.469361883937381 ], [ 122071.01856669143308, 487793.318297282443382 ], [ 122066.505524467182113, 487786.586980066611432 ], [ 122043.86382110476552, 487800.049614498275332 ], [ 122048.376863329031039, 487807.469361883937381 ] ] ] } },
{ "type": "Feature", "properties": { "sensor": "GASA-04", "time": "2025-08-20T08:11:00+02:00", "count_line": 18, "location": "CSriOosterdokskade", "count_area": 29.0, "countline_length": 7, "density": 0.13032946487056124, "flow": 2.5714285714285716, "LoS": "LoS A" }, "geometry": { "type": "Polygon", "coordinates": [ [ [ 122048.376863329031039, 487807.469361883937381 ], [ 122071.01856669143308, 487793.318297282443382 ], [ 122066.505524467182113, 487786.586980066611432 ], [ 122043.86382110476552, 487800.049614498275332 ], [ 122048.376863329031039, 487807.469361883937381 ] ] ] } },
{ "type": "Feature", "properties": { "sensor": "GASA-04", "time": "2025-08-20T08:12:00+02:00", "count_line": 27, "location": "CSriOosterdokskade", "count_area": 40.0, "countline_length": 7, "density": 0.17976477913180861, "flow": 3.8571428571428572, "LoS": "LoS A" }, "geometry": { "type": "Polygon", "coordinates": [ [ [ 122048.376863329031039, 487807.469361883937381 ], [ 122071.01856669143308, 487793.318297282443382 ], [ 122066.505524467182113, 487786.586980066611432 ], [ 122043.86382110476552, 487800.049614498275332 ], [ 122048.376863329031039, 487807.469361883937381 ] ] ] } },
{ "type": "Feature", "properties": { "sensor": "GASA-04", "time": "2025-08-20T08:13:00+02:00", "count_line": 33, "location": "CSriOosterdokskade", "count_area": 55.0, "countline_length": 7, "density": 0.24717657130623683, "flow": 4.7142857142857144, "LoS": "LoS A" }, "geometry": { "type": "Polygon", "coordinates": [ [ [ 122048.376863329031039, 487807.469361883937381 ], [ 122071.01856669143308, 487793.318297282443382 ], [ 122066.505524467182113, 487786.586980066611432 ], [ 122043.86382110476552, 487800.049614498275332 ], [ 122048.376863329031039, 487807.469361883937381 ] ] ] } },
{ "type": "Feature", "properties": { "sensor": "GASA-04", "time": "2025-08-20T08:14:00+02:00", "count_line": 12, "location": "CSriOosterdokskade", "count_area": 20.0, "countline_length": 7, "density": 0.089882389565904303, "flow": 1.7142857142857142, "LoS": "LoS A" }, "geometry": { "type": "Polygon", "coordinates": [ [ [ 122048.376863329031039, 487807.469361883937381 ], [ 122071.01856669143308, 487793.318297282443382 ], [ 122066.505524467182113, 487786.586980066611432 ], [ 122043.86382110476552, 487800.049614498275332 ], [ 122048.376863329031039, 487807.469361883937381 ] ] ] } },
{ "type": "Feature", "properties": { "sensor": "GASA-04", "time": "2025-08-20T08:15:00+02:00", "count_line": 17, "location": "CSriOosterdokskade", "count_area": 29.0, "countline_length": 7, "density": 0.13032946487056124, "flow": 2.4285714285714284, "LoS": "LoS A" }, "geometry": { "type": "Polygon", "coordinates": [ [ [ 122048.376863329031039, 487807.469361883937381 ], [ 122071.01856669143308, 487793.318297282443382 ], [ 122066.505524467182113, 487786.586980066611432 ], [ 122043.86382110476552, 487800.049614498275332 ], [ 122048.376863329031039, 487807.469361883937381 ] ] ] } },
{ "type": "Feature", "properties": { "sensor": "GASA-04", "time": "2025-08-20T08:16:00+02:00", "count_line": 17, "location": "CSriOosterdokskade", "count_area": 32.0, "countline_length": 7, "density": 0.1438118233054469, "flow": 2.4285714285714284, "LoS": "LoS A" }, "geometry": { "type": "Polygon", "coordinates": [ [ [ 122048.376863329031039, 487807.469361883937381 ], [ 122071.01856669143308, 487793.318297282443382 ], [ 122066.505524467182113, 487786.586980066611432 ], [ 122043.86382110476552, 487800.049614498275332 ], [ 122048.376863329031039, 487807.469361883937381 ] ] ] } },
{ "type": "Feature", "properties": { "sensor": "GASA-04", "time": "2025-08-20T08:17:00+02:00", "count_line": 10, "location": "CSriOosterdokskade", "count_area": 15.0, "countline_length": 7, "density": 0.067411792174428234, "flow": 1.4285714285714286, "LoS": "LoS A" }, "geometry": { "type": "Polygon", "coordinates": [ [ [ 122048.376863329031039, 487807.469361883937381 ], [ 122071.01856669143308, 487793.318297282443382 ], [ 122066.505524467182113, 487786.586980066611432 ], [ 122043.86382110476552, 487800.049614498275332 ], [ 122048.376863329031039, 487807.469361883937381 ] ] ] } },
{ "type": "Feature", "properties": { "sensor": "GASA-04", "time": "2025-08-20T08:18:00+02:00", "count_line": 13, "location": "CSriOosterdokskade", "count_area": 25.0, "countline_length": 7, "density": 0.11235298695738039, "flow": 1.8571428571428572, "LoS": "LoS A" }, "geometry": { "type": "Polygon", "coordinates": [ [ [ 122048.376863329031039, 487807.469361883937381 ], [ 122071.01856669143308, 487793.318297282443382 ], [ 122066.505524467182113, 487786.586980066611432 ], [ 122043.86382110476552, 487800.049614498275332 ], [ 122048.376863329031039, 487807.469361883937381 ] ] ] } },
{ "type": "Feature", "properties": { "sensor": "GASA-04", "time": "2025-08-20T08:19:00+02:00", "count_line": 7, "location": "CSriOosterdokskade", "count_area": 12.0, "countline_length": 7, "density": 0.053929433739542586, "flow": 1.0, "LoS": "LoS A" }, "geometry": { "type": "Polygon", "coordinates": [ [ [ 122048.376863329031039, 487807.469361883937381 ], [ 122071.01856669143308, 487793.318297282443382 ], [ 122066.505524467182113, 487786.586980066611432 ], [ 122043.86382110476552, 487800.049614498275332 ], [ 122048.376863329031039, 487807.469361883937381 ] ] ] } },
{ "type": "Feature", "properties": { "sensor": "GASA-04", "time": "2025-08-20T08:20:00+02:00", "count_line": 9, "location": "CSriOosterdokskade", "count_area": 17.0, "countline_length": 7, "density": 0.076400031131018661, "flow": 1.2857142857142858, "LoS": "LoS A" }, "geometry": { "type": "Polygon", "coordinates": [ [ [ 122048.376863329031039, 487807.469361883937381 ], [ 122071.01856669143308, 487793.318297282443382 ], [ 122066.505524467182113, 487786.586980066611432 ], [ 122043.86382110476552, 487800.049614498275332 ], [ 122048.376863329031039, 487807.469361883937381 ] ] ] } },
{ "type": "Feature", "properties": { "sensor": "GASA-04", "time": "2025-08-20T08:21:00+02:00", "count_line": 8, "location": "CSriOosterdokskade", "count_area": 12.0, "countline_length": 7, "density": 0.053929433739542586, "flow": 1.1428571428571428, "LoS": "LoS A" }, "geometry": { "type": "Polygon", "coordinates": [ [ [ 122048.376863329031039, 487807.469361883937381 ], [ 122071.01856669143308, 487793.318297282443382 ], [ 122066.505524467182113, 487786.586980066611432 ], [ 122043.86382110476552, 487800.049614498275332 ], [ 122048.376863329031039, 487807.469361883937381 ] ] ] } },
{ "type": "Feature", "properties": { "sensor": "GASA-04", "time": "2025-08-20T08:22:00+02:00", "count_line": 20, "location": "CSriOosterdokskade", "count_area": 37.0, "countline_length": 7, "density": 0.16628242069692295, "flow": 2.8571428571428572, "LoS": "LoS A" }, "geometry": { "type": "Polygon", "coordinates": [ [ [ 122048.376863329031039, 487807.469361883937381 ], [ 122071.01856669143308, 487793.318297282443382 ], [ 122066.505524467182113, 487786.586980066611432 ], [ 122043.86382110476552, 487800.049614498275332 ], [ 122048.376863329031039, 487807.469361883937381 ] ] ] } },
{ "type": "Feature", "properties": { "sensor": "GASA-04", "time": "2025-08-20T08:23:00+02:00", "count_line": 9, "location": "CSriOosterdokskade", "count_area": 14.0, "countline_length": 7, "density": 0.062917672696133006, "flow": 1.2857142857142858, "LoS": "LoS A" }, "geometry": { "type": "Polygon", "coordinates": [ [ [ 122048.376863329031039, 487807.469361883937381 ], [ 122071.01856669143308, 487793.318297282443382 ], [ 122066.505524467182113, 487786.586980066611432 ], [ 122043.86382110476552, 487800.049614498275332 ], [ 122048.376863329031039, 487807.469361883937381 ] ] ] } },
{ "type": "Feature", "properties": { "sensor": "GASA-04", "time": "2025-08-20T08:24:00+02:00", "count_line": 8, "location": "CSriOosterdokskade", "count_area": 13.0, "countline_length": 7, "density": 0.058423553217837799, "flow": 1.1428571428571428, "LoS": "LoS A" }, "geometry": { "type": "Polygon", "coordinates": [ [ [ 122048.376863329031039, 487807.469361883937381 ], [ 122071.01856669143308, 487793.318297282443382 ], [ 122066.505524467182113, 487786.586980066611432 ], [ 122043.86382110476552, 487800.049614498275332 ], [ 122048.376863329031039, 487807.469361883937381 ] ] ] } },
{ "type": "Feature", "properties": { "sensor": "GASA-04", "time": "2025-08-20T08:25:00+02:00", "count_line": 13, "location": "CSriOosterdokskade", "count_area": 21.0, "countline_length": 7, "density": 0.094376509044199516, "flow": 1.8571428571428572, "LoS": "LoS A" }, "geometry": { "type": "Polygon", "coordinates": [ [ [ 122048.376863329031039, 487807.469361883937381 ], [ 122071.01856669143308, 487793.318297282443382 ], [ 122066.505524467182113, 487786.586980066611432 ], [ 122043.86382110476552, 487800.049614498275332 ], [ 122048.376863329031039, 487807.469361883937381 ] ] ] } },
{ "type": "Feature", "properties": { "sensor": "GASA-04", "time": "2025-08-20T08:26:00+02:00", "count_line": 16, "location": "CSriOosterdokskade", "count_area": 31.0, "countline_length": 7, "density": 0.13931770382715167, "flow": 2.2857142857142856, "LoS": "LoS A" }, "geometry": { "type": "Polygon", "coordinates": [ [ [ 122048.376863329031039, 487807.469361883937381 ], [ 122071.01856669143308, 487793.318297282443382 ], [ 122066.505524467182113, 487786.586980066611432 ], [ 122043.86382110476552, 487800.049614498275332 ], [ 122048.376863329031039, 487807.469361883937381 ] ] ] } },
{ "type": "Feature", "properties": { "sensor": "GASA-04", "time": "2025-08-20T08:27:00+02:00", "count_line": 19, "location": "CSriOosterdokskade", "count_area": 33.0, "countline_length": 7, "density": 0.1483059427837421, "flow": 2.7142857142857144, "LoS": "LoS A" }, "geometry": { "type": "Polygon", "coordinates": [ [ [ 122048.376863329031039, 487807.469361883937381 ], [ 122071.01856669143308, 487793.318297282443382 ], [ 122066.505524467182113, 487786.586980066611432 ], [ 122043.86382110476552, 487800.049614498275332 ], [ 122048.376863329031039, 487807.469361883937381 ] ] ] } },
{ "type": "Feature", "properties": { "sensor": "GASA-04", "time": "2025-08-20T08:28:00+02:00", "count_line": 24, "location": "CSriOosterdokskade", "count_area": 46.0, "countline_length": 7, "density": 0.20672949600157989, "flow": 3.4285714285714284, "LoS": "LoS A" }, "geometry": { "type": "Polygon", "coordinates": [ [ [ 122048.376863329031039, 487807.469361883937381 ], [ 122071.01856669143308, 487793.318297282443382 ], [ 122066.505524467182113, 487786.586980066611432 ], [ 122043.86382110476552, 487800.049614498275332 ], [ 122048.376863329031039, 487807.469361883937381 ] ] ] } },
{ "type": "Feature", "properties": { "sensor": "GASA-04", "time": "2025-08-20T08:29:00+02:00", "count_line": 34, "location": "CSriOosterdokskade", "count_area": 60.0, "countline_length": 7, "density": 0.26964716869771294, "flow": 4.8571428571428568, "LoS": "LoS A" }, "geometry": { "type": "Polygon", "coordinates": [ [ [ 122048.376863329031039, 487807.469361883937381 ], [ 122071.01856669143308, 487793.318297282443382 ], [ 122066.505524467182113, 487786.586980066611432 ], [ 122043.86382110476552, 487800.049614498275332 ], [ 122048.376863329031039, 487807.469361883937381 ] ] ] } },
{ "type": "Feature", "properties": { "sensor": "GASA-04", "time": "2025-08-20T08:30:00+02:00", "count_line": 29, "location": "CSriOosterdokskade", "count_area": 45.0, "countline_length": 7, "density": 0.20223537652328469, "flow": 4.1428571428571432, "LoS": "LoS A" }, "geometry": { "type": "Polygon", "coordinates": [ [ [ 122048.376863329031039, 487807.469361883937381 ], [ 122071.01856669143308, 487793.318297282443382 ], [ 122066.505524467182113, 487786.586980066611432 ], [ 122043.86382110476552, 487800.049614498275332 ], [ 122048.376863329031039, 487807.469361883937381 ] ] ] } },
{ "type": "Feature", "properties": { "sensor": "GASA-04", "time": "2025-08-20T08:31:00+02:00", "count_line": 20, "location": "CSriOosterdokskade", "count_area": 35.0, "countline_length": 7, "density": 0.15729418174033252, "flow": 2.8571428571428572, "LoS": "LoS A" }, "geometry": { "type": "Polygon", "coordinates": [ [ [ 122048.376863329031039, 487807.469361883937381 ], [ 122071.01856669143308, 487793.318297282443382 ], [ 122066.505524467182113, 487786.586980066611432 ], [ 122043.86382110476552, 487800.049614498275332 ], [ 122048.376863329031039, 487807.469361883937381 ] ] ] } },
{ "type": "Feature", "properties": { "sensor": "GASA-04", "time": "2025-08-20T08:32:00+02:00", "count_line": 20, "location": "CSriOosterdokskade", "count_area": 34.0, "countline_length": 7, "density": 0.15280006226203732, "flow": 2.8571428571428572, "LoS": "LoS A" }, "geometry": { "type": "Polygon", "coordinates": [ [ [ 122048.376863329031039, 487807.469361883937381 ], [ 122071.01856669143308, 487793.318297282443382 ], [ 122066.505524467182113, 487786.586980066611432 ], [ 122043.86382110476552, 487800.049614498275332 ], [ 122048.376863329031039, 487807.469361883937381 ] ] ] } },
{ "type": "Feature", "properties": { "sensor": "GASA-04", "time": "2025-08-20T08:34:00+02:00", "count_line": 26, "location": "CSriOosterdokskade", "count_area": 45.0, "countline_length": 7, "density": 0.20223537652328469, "flow": 3.7142857142857144, "LoS": "LoS A" }, "geometry": { "type": "Polygon", "coordinates": [ [ [ 122048.376863329031039, 487807.469361883937381 ], [ 122071.01856669143308, 487793.318297282443382 ], [ 122066.505524467182113, 487786.586980066611432 ], [ 122043.86382110476552, 487800.049614498275332 ], [ 122048.376863329031039, 487807.469361883937381 ] ] ] } },
{ "type": "Feature", "properties": { "sensor": "GASA-04", "time": "2025-08-20T08:35:00+02:00", "count_line": 10, "location": "CSriOosterdokskade", "count_area": 15.0, "countline_length": 7, "density": 0.067411792174428234, "flow": 1.4285714285714286, "LoS": "LoS A" }, "geometry": { "type": "Polygon", "coordinates": [ [ [ 122048.376863329031039, 487807.469361883937381 ], [ 122071.01856669143308, 487793.318297282443382 ], [ 122066.505524467182113, 487786.586980066611432 ], [ 122043.86382110476552, 487800.049614498275332 ], [ 122048.376863329031039, 487807.469361883937381 ] ] ] } },
{ "type": "Feature", "properties": { "sensor": "GASA-04", "time": "2025-08-20T08:36:00+02:00", "count_line": 11, "location": "CSriOosterdokskade", "count_area": 21.0, "countline_length": 7, "density": 0.094376509044199516, "flow": 1.5714285714285714, "LoS": "LoS A" }, "geometry": { "type": "Polygon", "coordinates": [ [ [ 122048.376863329031039, 487807.469361883937381 ], [ 122071.01856669143308, 487793.318297282443382 ], [ 122066.505524467182113, 487786.586980066611432 ], [ 122043.86382110476552, 487800.049614498275332 ], [ 122048.376863329031039, 487807.469361883937381 ] ] ] } },
{ "type": "Feature", "properties": { "sensor": "GASA-04", "time": "2025-08-20T08:37:00+02:00", "count_line": 26, "location": "CSriOosterdokskade", "count_area": 47.0, "countline_length": 7, "density": 0.21122361547987512, "flow": 3.7142857142857144, "LoS": "LoS A" }, "geometry": { "type": "Polygon", "coordinates": [ [ [ 122048.376863329031039, 487807.469361883937381 ], [ 122071.01856669143308, 487793.318297282443382 ], [ 122066.505524467182113, 487786.586980066611432 ], [ 122043.86382110476552, 487800.049614498275332 ], [ 122048.376863329031039, 487807.469361883937381 ] ] ] } },
{ "type": "Feature", "properties": { "sensor": "GASA-04", "time": "2025-08-20T08:38:00+02:00", "count_line": 15, "location": "CSriOosterdokskade", "count_area": 23.0, "countline_length": 7, "density": 0.10336474800078994, "flow": 2.1428571428571428, "LoS": "LoS A" }, "geometry": { "type": "Polygon", "coordinates": [ [ [ 122048.376863329031039, 487807.469361883937381 ], [ 122071.01856669143308, 487793.318297282443382 ], [ 122066.505524467182113, 487786.586980066611432 ], [ 122043.86382110476552, 487800.049614498275332 ], [ 122048.376863329031039, 487807.469361883937381 ] ] ] } },
{ "type": "Feature", "properties": { "sensor": "GASA-04", "time": "2025-08-20T08:39:00+02:00", "count_line": 12, "location": "CSriOosterdokskade", "count_area": 20.0, "countline_length": 7, "density": 0.089882389565904303, "flow": 1.7142857142857142, "LoS": "LoS A" }, "geometry": { "type": "Polygon", "coordinates": [ [ [ 122048.376863329031039, 487807.469361883937381 ], [ 122071.01856669143308, 487793.318297282443382 ], [ 122066.505524467182113, 487786.586980066611432 ], [ 122043.86382110476552, 487800.049614498275332 ], [ 122048.376863329031039, 487807.469361883937381 ] ] ] } },
{ "type": "Feature", "properties": { "sensor": "GASA-04", "time": "2025-08-20T08:40:00+02:00", "count_line": 18, "location": "CSriOosterdokskade", "count_area": 33.0, "countline_length": 7, "density": 0.1483059427837421, "flow": 2.5714285714285716, "LoS": "LoS A" }, "geometry": { "type": "Polygon", "coordinates": [ [ [ 122048.376863329031039, 487807.469361883937381 ], [ 122071.01856669143308, 487793.318297282443382 ], [ 122066.505524467182113, 487786.586980066611432 ], [ 122043.86382110476552, 487800.049614498275332 ], [ 122048.376863329031039, 487807.469361883937381 ] ] ] } },
{ "type": "Feature", "properties": { "sensor": "GASA-04", "time": "2025-08-20T08:41:00+02:00", "count_line": 18, "location": "CSriOosterdokskade", "count_area": 27.0, "countline_length": 7, "density": 0.12134122591397081, "flow": 2.5714285714285716, "LoS": "LoS A" }, "geometry": { "type": "Polygon", "coordinates": [ [ [ 122048.376863329031039, 487807.469361883937381 ], [ 122071.01856669143308, 487793.318297282443382 ], [ 122066.505524467182113, 487786.586980066611432 ], [ 122043.86382110476552, 487800.049614498275332 ], [ 122048.376863329031039, 487807.469361883937381 ] ] ] } },
{ "type": "Feature", "properties": { "sensor": "GASA-04", "time": "2025-08-20T08:42:00+02:00", "count_line": 46, "location": "CSriOosterdokskade", "count_area": 76.0, "countline_length": 7, "density": 0.34155308035043636, "flow": 6.5714285714285712, "LoS": "LoS B" }, "geometry": { "type": "Polygon", "coordinates": [ [ [ 122048.376863329031039, 487807.469361883937381 ], [ 122071.01856669143308, 487793.318297282443382 ], [ 122066.505524467182113, 487786.586980066611432 ], [ 122043.86382110476552, 487800.049614498275332 ], [ 122048.376863329031039, 487807.469361883937381 ] ] ] } },
{ "type": "Feature", "properties": { "sensor": "GASA-04", "time": "2025-08-20T08:44:00+02:00", "count_line": 50, "location": "CSriOosterdokskade", "count_area": 86.0, "countline_length": 7, "density": 0.38649427513338852, "flow": 7.1428571428571432, "LoS": "LoS B" }, "geometry": { "type": "Polygon", "coordinates": [ [ [ 122048.376863329031039, 487807.469361883937381 ], [ 122071.01856669143308, 487793.318297282443382 ], [ 122066.505524467182113, 487786.586980066611432 ], [ 122043.86382110476552, 487800.049614498275332 ], [ 122048.376863329031039, 487807.469361883937381 ] ] ] } },
{ "type": "Feature", "properties": { "sensor": "GASA-04", "time": "2025-08-20T08:45:00+02:00", "count_line": 36, "location": "CSriOosterdokskade", "count_area": 62.0, "countline_length": 7, "density": 0.27863540765430334, "flow": 5.1428571428571432, "LoS": "LoS A" }, "geometry": { "type": "Polygon", "coordinates": [ [ [ 122048.376863329031039, 487807.469361883937381 ], [ 122071.01856669143308, 487793.318297282443382 ], [ 122066.505524467182113, 487786.586980066611432 ], [ 122043.86382110476552, 487800.049614498275332 ], [ 122048.376863329031039, 487807.469361883937381 ] ] ] } },
{ "type": "Feature", "properties": { "sensor": "GASA-04", "time": "2025-08-20T08:46:00+02:00", "count_line": 28, "location": "CSriOosterdokskade", "count_area": 55.0, "countline_length": 7, "density": 0.24717657130623683, "flow": 4.0, "LoS": "LoS A" }, "geometry": { "type": "Polygon", "coordinates": [ [ [ 122048.376863329031039, 487807.469361883937381 ], [ 122071.01856669143308, 487793.318297282443382 ], [ 122066.505524467182113, 487786.586980066611432 ], [ 122043.86382110476552, 487800.049614498275332 ], [ 122048.376863329031039, 487807.469361883937381 ] ] ] } },
{ "type": "Feature", "properties": { "sensor": "GASA-04", "time": "2025-08-20T08:47:00+02:00", "count_line": 21, "location": "CSriOosterdokskade", "count_area": 34.0, "countline_length": 7, "density": 0.15280006226203732, "flow": 3.0, "LoS": "LoS A" }, "geometry": { "type": "Polygon", "coordinates": [ [ [ 122048.376863329031039, 487807.469361883937381 ], [ 122071.01856669143308, 487793.318297282443382 ], [ 122066.505524467182113, 487786.586980066611432 ], [ 122043.86382110476552, 487800.049614498275332 ], [ 122048.376863329031039, 487807.469361883937381 ] ] ] } },
{ "type": "Feature", "properties": { "sensor": "GASA-04", "time": "2025-08-20T08:48:00+02:00", "count_line": 28, "location": "CSriOosterdokskade", "count_area": 44.0, "countline_length": 7, "density": 0.19774125704498946, "flow": 4.0, "LoS": "LoS A" }, "geometry": { "type": "Polygon", "coordinates": [ [ [ 122048.376863329031039, 487807.469361883937381 ], [ 122071.01856669143308, 487793.318297282443382 ], [ 122066.505524467182113, 487786.586980066611432 ], [ 122043.86382110476552, 487800.049614498275332 ], [ 122048.376863329031039, 487807.469361883937381 ] ] ] } },
{ "type": "Feature", "properties": { "sensor": "GASA-04", "time": "2025-08-20T08:49:00+02:00", "count_line": 35, "location": "CSriOosterdokskade", "count_area": 67.0, "countline_length": 7, "density": 0.30110600504577945, "flow": 5.0, "LoS": "LoS B" }, "geometry": { "type": "Polygon", "coordinates": [ [ [ 122048.376863329031039, 487807.469361883937381 ], [ 122071.01856669143308, 487793.318297282443382 ], [ 122066.505524467182113, 487786.586980066611432 ], [ 122043.86382110476552, 487800.049614498275332 ], [ 122048.376863329031039, 487807.469361883937381 ] ] ] } },
{ "type": "Feature", "properties": { "sensor": "GASA-04", "time": "2025-08-20T08:50:00+02:00", "count_line": 32, "location": "CSriOosterdokskade", "count_area": 52.0, "countline_length": 7, "density": 0.2336942128713512, "flow": 4.5714285714285712, "LoS": "LoS A" }, "geometry": { "type": "Polygon", "coordinates": [ [ [ 122048.376863329031039, 487807.469361883937381 ], [ 122071.01856669143308, 487793.318297282443382 ], [ 122066.505524467182113, 487786.586980066611432 ], [ 122043.86382110476552, 487800.049614498275332 ], [ 122048.376863329031039, 487807.469361883937381 ] ] ] } },
{ "type": "Feature", "properties": { "sensor": "GASA-04", "time": "2025-08-20T08:51:00+02:00", "count_line": 17, "location": "CSriOosterdokskade", "count_area": 26.0, "countline_length": 7, "density": 0.1168471064356756, "flow": 2.4285714285714284, "LoS": "LoS A" }, "geometry": { "type": "Polygon", "coordinates": [ [ [ 122048.376863329031039, 487807.469361883937381 ], [ 122071.01856669143308, 487793.318297282443382 ], [ 122066.505524467182113, 487786.586980066611432 ], [ 122043.86382110476552, 487800.049614498275332 ], [ 122048.376863329031039, 487807.469361883937381 ] ] ] } },
{ "type": "Feature", "properties": { "sensor": "GASA-04", "time": "2025-08-20T08:52:00+02:00", "count_line": 20, "location": "CSriOosterdokskade", "count_area": 38.0, "countline_length": 7, "density": 0.17077654017521818, "flow": 2.8571428571428572, "LoS": "LoS A" }, "geometry": { "type": "Polygon", "coordinates": [ [ [ 122048.376863329031039, 487807.469361883937381 ], [ 122071.01856669143308, 487793.318297282443382 ], [ 122066.505524467182113, 487786.586980066611432 ], [ 122043.86382110476552, 487800.049614498275332 ], [ 122048.376863329031039, 487807.469361883937381 ] ] ] } },
{ "type": "Feature", "properties": { "sensor": "GASA-04", "time": "2025-08-20T08:54:00+02:00", "count_line": 78, "location": "CSriOosterdokskade", "count_area": 142.0, "countline_length": 7, "density": 0.6381649659179206, "flow": 11.142857142857142, "LoS": "LoS B" }, "geometry": { "type": "Polygon", "coordinates": [ [ [ 122048.376863329031039, 487807.469361883937381 ], [ 122071.01856669143308, 487793.318297282443382 ], [ 122066.505524467182113, 487786.586980066611432 ], [ 122043.86382110476552, 487800.049614498275332 ], [ 122048.376863329031039, 487807.469361883937381 ] ] ] } },
{ "type": "Feature", "properties": { "sensor": "GASA-04", "time": "2025-08-20T08:55:00+02:00", "count_line": 18, "location": "CSriOosterdokskade", "count_area": 34.0, "countline_length": 7, "density": 0.15280006226203732, "flow": 2.5714285714285716, "LoS": "LoS A" }, "geometry": { "type": "Polygon", "coordinates": [ [ [ 122048.376863329031039, 487807.469361883937381 ], [ 122071.01856669143308, 487793.318297282443382 ], [ 122066.505524467182113, 487786.586980066611432 ], [ 122043.86382110476552, 487800.049614498275332 ], [ 122048.376863329031039, 487807.469361883937381 ] ] ] } },
{ "type": "Feature", "properties": { "sensor": "GASA-04", "time": "2025-08-20T08:56:00+02:00", "count_line": 18, "location": "CSriOosterdokskade", "count_area": 31.0, "countline_length": 7, "density": 0.13931770382715167, "flow": 2.5714285714285716, "LoS": "LoS A" }, "geometry": { "type": "Polygon", "coordinates": [ [ [ 122048.376863329031039, 487807.469361883937381 ], [ 122071.01856669143308, 487793.318297282443382 ], [ 122066.505524467182113, 487786.586980066611432 ], [ 122043.86382110476552, 487800.049614498275332 ], [ 122048.376863329031039, 487807.469361883937381 ] ] ] } },
{ "type": "Feature", "properties": { "sensor": "GASA-04", "time": "2025-08-20T08:57:00+02:00", "count_line": 30, "location": "CSriOosterdokskade", "count_area": 48.0, "countline_length": 7, "density": 0.21571773495817034, "flow": 4.2857142857142856, "LoS": "LoS A" }, "geometry": { "type": "Polygon", "coordinates": [ [ [ 122048.376863329031039, 487807.469361883937381 ], [ 122071.01856669143308, 487793.318297282443382 ], [ 122066.505524467182113, 487786.586980066611432 ], [ 122043.86382110476552, 487800.049614498275332 ], [ 122048.376863329031039, 487807.469361883937381 ] ] ] } },
{ "type": "Feature", "properties": { "sensor": "GASA-04", "time": "2025-08-20T08:58:00+02:00", "count_line": 15, "location": "CSriOosterdokskade", "count_area": 25.0, "countline_length": 7, "density": 0.11235298695738039, "flow": 2.1428571428571428, "LoS": "LoS A" }, "geometry": { "type": "Polygon", "coordinates": [ [ [ 122048.376863329031039, 487807.469361883937381 ], [ 122071.01856669143308, 487793.318297282443382 ], [ 122066.505524467182113, 487786.586980066611432 ], [ 122043.86382110476552, 487800.049614498275332 ], [ 122048.376863329031039, 487807.469361883937381 ] ] ] } },
{ "type": "Feature", "properties": { "sensor": "GASA-04", "time": "2025-08-20T08:59:00+02:00", "count_line": 30, "location": "CSriOosterdokskade", "count_area": 45.0, "countline_length": 7, "density": 0.20223537652328469, "flow": 4.2857142857142856, "LoS": "LoS A" }, "geometry": { "type": "Polygon", "coordinates": [ [ [ 122048.376863329031039, 487807.469361883937381 ], [ 122071.01856669143308, 487793.318297282443382 ], [ 122066.505524467182113, 487786.586980066611432 ], [ 122043.86382110476552, 487800.049614498275332 ], [ 122048.376863329031039, 487807.469361883937381 ] ] ] } },
{ "type": "Feature", "properties": { "sensor": "GASA-04", "time": "2025-08-20T09:00:00+02:00", "count_line": 14, "location": "CSriOosterdokskade", "count_area": 25.0, "countline_length": 7, "density": 0.11235298695738039, "flow": 2.0, "LoS": "LoS A" }, "geometry": { "type": "Polygon", "coordinates": [ [ [ 122048.376863329031039, 487807.469361883937381 ], [ 122071.01856669143308, 487793.318297282443382 ], [ 122066.505524467182113, 487786.586980066611432 ], [ 122043.86382110476552, 487800.049614498275332 ], [ 122048.376863329031039, 487807.469361883937381 ] ] ] } },
{ "type": "Feature", "properties": { "sensor": "GASA-04", "time": "2025-08-20T09:01:00+02:00", "count_line": 31, "location": "CSriOosterdokskade", "count_area": 48.0, "countline_length": 7, "density": 0.21571773495817034, "flow": 4.4285714285714288, "LoS": "LoS A" }, "geometry": { "type": "Polygon", "coordinates": [ [ [ 122048.376863329031039, 487807.469361883937381 ], [ 122071.01856669143308, 487793.318297282443382 ], [ 122066.505524467182113, 487786.586980066611432 ], [ 122043.86382110476552, 487800.049614498275332 ], [ 122048.376863329031039, 487807.469361883937381 ] ] ] } },
{ "type": "Feature", "properties": { "sensor": "GASA-04", "time": "2025-08-20T09:02:00+02:00", "count_line": 28, "location": "CSriOosterdokskade", "count_area": 52.0, "countline_length": 7, "density": 0.2336942128713512, "flow": 4.0, "LoS": "LoS A" }, "geometry": { "type": "Polygon", "coordinates": [ [ [ 122048.376863329031039, 487807.469361883937381 ], [ 122071.01856669143308, 487793.318297282443382 ], [ 122066.505524467182113, 487786.586980066611432 ], [ 122043.86382110476552, 487800.049614498275332 ], [ 122048.376863329031039, 487807.469361883937381 ] ] ] } },
{ "type": "Feature", "properties": { "sensor": "GASA-04", "time": "2025-08-20T09:04:00+02:00", "count_line": 58, "location": "CSriOosterdokskade", "count_area": 94.0, "countline_length": 7, "density": 0.42244723095975023, "flow": 8.2857142857142865, "LoS": "LoS B" }, "geometry": { "type": "Polygon", "coordinates": [ [ [ 122048.376863329031039, 487807.469361883937381 ], [ 122071.01856669143308, 487793.318297282443382 ], [ 122066.505524467182113, 487786.586980066611432 ], [ 122043.86382110476552, 487800.049614498275332 ], [ 122048.376863329031039, 487807.469361883937381 ] ] ] } },
{ "type": "Feature", "properties": { "sensor": "GASA-04", "time": "2025-08-20T09:05:00+02:00", "count_line": 37, "location": "CSriOosterdokskade", "count_area": 61.0, "countline_length": 7, "density": 0.27414128817600814, "flow": 5.2857142857142856, "LoS": "LoS A" }, "geometry": { "type": "Polygon", "coordinates": [ [ [ 122048.376863329031039, 487807.469361883937381 ], [ 122071.01856669143308, 487793.318297282443382 ], [ 122066.505524467182113, 487786.586980066611432 ], [ 122043.86382110476552, 487800.049614498275332 ], [ 122048.376863329031039, 487807.469361883937381 ] ] ] } },
{ "type": "Feature", "properties": { "sensor": "GASA-04", "time": "2025-08-20T09:06:00+02:00", "count_line": 26, "location": "CSriOosterdokskade", "count_area": 45.0, "countline_length": 7, "density": 0.20223537652328469, "flow": 3.7142857142857144, "LoS": "LoS A" }, "geometry": { "type": "Polygon", "coordinates": [ [ [ 122048.376863329031039, 487807.469361883937381 ], [ 122071.01856669143308, 487793.318297282443382 ], [ 122066.505524467182113, 487786.586980066611432 ], [ 122043.86382110476552, 487800.049614498275332 ], [ 122048.376863329031039, 487807.469361883937381 ] ] ] } },
{ "type": "Feature", "properties": { "sensor": "GASA-04", "time": "2025-08-20T09:07:00+02:00", "count_line": 21, "location": "CSriOosterdokskade", "count_area": 36.0, "countline_length": 7, "density": 0.16178830121862775, "flow": 3.0, "LoS": "LoS A" }, "geometry": { "type": "Polygon", "coordinates": [ [ [ 122048.376863329031039, 487807.469361883937381 ], [ 122071.01856669143308, 487793.318297282443382 ], [ 122066.505524467182113, 487786.586980066611432 ], [ 122043.86382110476552, 487800.049614498275332 ], [ 122048.376863329031039, 487807.469361883937381 ] ] ] } },
{ "type": "Feature", "properties": { "sensor": "GASA-04", "time": "2025-08-20T09:08:00+02:00", "count_line": 29, "location": "CSriOosterdokskade", "count_area": 48.0, "countline_length": 7, "density": 0.21571773495817034, "flow": 4.1428571428571432, "LoS": "LoS A" }, "geometry": { "type": "Polygon", "coordinates": [ [ [ 122048.376863329031039, 487807.469361883937381 ], [ 122071.01856669143308, 487793.318297282443382 ], [ 122066.505524467182113, 487786.586980066611432 ], [ 122043.86382110476552, 487800.049614498275332 ], [ 122048.376863329031039, 487807.469361883937381 ] ] ] } },
{ "type": "Feature", "properties": { "sensor": "GASA-04", "time": "2025-08-20T09:09:00+02:00", "count_line": 19, "location": "CSriOosterdokskade", "count_area": 36.0, "countline_length": 7, "density": 0.16178830121862775, "flow": 2.7142857142857144, "LoS": "LoS A" }, "geometry": { "type": "Polygon", "coordinates": [ [ [ 122048.376863329031039, 487807.469361883937381 ], [ 122071.01856669143308, 487793.318297282443382 ], [ 122066.505524467182113, 487786.586980066611432 ], [ 122043.86382110476552, 487800.049614498275332 ], [ 122048.376863329031039, 487807.469361883937381 ] ] ] } },
{ "type": "Feature", "properties": { "sensor": "GASA-04", "time": "2025-08-20T09:10:00+02:00", "count_line": 24, "location": "CSriOosterdokskade", "count_area": 40.0, "countline_length": 7, "density": 0.17976477913180861, "flow": 3.4285714285714284, "LoS": "LoS A" }, "geometry": { "type": "Polygon", "coordinates": [ [ [ 122048.376863329031039, 487807.469361883937381 ], [ 122071.01856669143308, 487793.318297282443382 ], [ 122066.505524467182113, 487786.586980066611432 ], [ 122043.86382110476552, 487800.049614498275332 ], [ 122048.376863329031039, 487807.469361883937381 ] ] ] } },
{ "type": "Feature", "properties": { "sensor": "GASA-04", "time": "2025-08-20T09:11:00+02:00", "count_line": 31, "location": "CSriOosterdokskade", "count_area": 48.0, "countline_length": 7, "density": 0.21571773495817034, "flow": 4.4285714285714288, "LoS": "LoS A" }, "geometry": { "type": "Polygon", "coordinates": [ [ [ 122048.376863329031039, 487807.469361883937381 ], [ 122071.01856669143308, 487793.318297282443382 ], [ 122066.505524467182113, 487786.586980066611432 ], [ 122043.86382110476552, 487800.049614498275332 ], [ 122048.376863329031039, 487807.469361883937381 ] ] ] } },
{ "type": "Feature", "properties": { "sensor": "GASA-04", "time": "2025-08-20T09:12:00+02:00", "count_line": 28, "location": "CSriOosterdokskade", "count_area": 43.0, "countline_length": 7, "density": 0.19324713756669426, "flow": 4.0, "LoS": "LoS A" }, "geometry": { "type": "Polygon", "coordinates": [ [ [ 122048.376863329031039, 487807.469361883937381 ], [ 122071.01856669143308, 487793.318297282443382 ], [ 122066.505524467182113, 487786.586980066611432 ], [ 122043.86382110476552, 487800.049614498275332 ], [ 122048.376863329031039, 487807.469361883937381 ] ] ] } },
{ "type": "Feature", "properties": { "sensor": "GASA-04", "time": "2025-08-20T09:14:00+02:00", "count_line": 62, "location": "CSriOosterdokskade", "count_area": 93.0, "countline_length": 7, "density": 0.41795311148145503, "flow": 8.8571428571428577, "LoS": "LoS B" }, "geometry": { "type": "Polygon", "coordinates": [ [ [ 122048.376863329031039, 487807.469361883937381 ], [ 122071.01856669143308, 487793.318297282443382 ], [ 122066.505524467182113, 487786.586980066611432 ], [ 122043.86382110476552, 487800.049614498275332 ], [ 122048.376863329031039, 487807.469361883937381 ] ] ] } },
{ "type": "Feature", "properties": { "sensor": "GASA-04", "time": "2025-08-20T09:15:00+02:00", "count_line": 19, "location": "CSriOosterdokskade", "count_area": 34.0, "countline_length": 7, "density": 0.15280006226203732, "flow": 2.7142857142857144, "LoS": "LoS A" }, "geometry": { "type": "Polygon", "coordinates": [ [ [ 122048.376863329031039, 487807.469361883937381 ], [ 122071.01856669143308, 487793.318297282443382 ], [ 122066.505524467182113, 487786.586980066611432 ], [ 122043.86382110476552, 487800.049614498275332 ], [ 122048.376863329031039, 487807.469361883937381 ] ] ] } },
{ "type": "Feature", "properties": { "sensor": "GASA-04", "time": "2025-08-20T09:16:00+02:00", "count_line": 28, "location": "CSriOosterdokskade", "count_area": 45.0, "countline_length": 7, "density": 0.20223537652328469, "flow": 4.0, "LoS": "LoS A" }, "geometry": { "type": "Polygon", "coordinates": [ [ [ 122048.376863329031039, 487807.469361883937381 ], [ 122071.01856669143308, 487793.318297282443382 ], [ 122066.505524467182113, 487786.586980066611432 ], [ 122043.86382110476552, 487800.049614498275332 ], [ 122048.376863329031039, 487807.469361883937381 ] ] ] } },
{ "type": "Feature", "properties": { "sensor": "GASA-04", "time": "2025-08-20T09:17:00+02:00", "count_line": 34, "location": "CSriOosterdokskade", "count_area": 63.0, "countline_length": 7, "density": 0.28312952713259854, "flow": 4.8571428571428568, "LoS": "LoS A" }, "geometry": { "type": "Polygon", "coordinates": [ [ [ 122048.376863329031039, 487807.469361883937381 ], [ 122071.01856669143308, 487793.318297282443382 ], [ 122066.505524467182113, 487786.586980066611432 ], [ 122043.86382110476552, 487800.049614498275332 ], [ 122048.376863329031039, 487807.469361883937381 ] ] ] } },
{ "type": "Feature", "properties": { "sensor": "GASA-04", "time": "2025-08-20T09:18:00+02:00", "count_line": 34, "location": "CSriOosterdokskade", "count_area": 61.0, "countline_length": 7, "density": 0.27414128817600814, "flow": 4.8571428571428568, "LoS": "LoS A" }, "geometry": { "type": "Polygon", "coordinates": [ [ [ 122048.376863329031039, 487807.469361883937381 ], [ 122071.01856669143308, 487793.318297282443382 ], [ 122066.505524467182113, 487786.586980066611432 ], [ 122043.86382110476552, 487800.049614498275332 ], [ 122048.376863329031039, 487807.469361883937381 ] ] ] } },
{ "type": "Feature", "properties": { "sensor": "GASA-04", "time": "2025-08-20T09:19:00+02:00", "count_line": 32, "location": "CSriOosterdokskade", "count_area": 62.0, "countline_length": 7, "density": 0.27863540765430334, "flow": 4.5714285714285712, "LoS": "LoS A" }, "geometry": { "type": "Polygon", "coordinates": [ [ [ 122048.376863329031039, 487807.469361883937381 ], [ 122071.01856669143308, 487793.318297282443382 ], [ 122066.505524467182113, 487786.586980066611432 ], [ 122043.86382110476552, 487800.049614498275332 ], [ 122048.376863329031039, 487807.469361883937381 ] ] ] } },
{ "type": "Feature", "properties": { "sensor": "GASA-04", "time": "2025-08-20T09:20:00+02:00", "count_line": 25, "location": "CSriOosterdokskade", "count_area": 41.0, "countline_length": 7, "density": 0.18425889861010383, "flow": 3.5714285714285716, "LoS": "LoS A" }, "geometry": { "type": "Polygon", "coordinates": [ [ [ 122048.376863329031039, 487807.469361883937381 ], [ 122071.01856669143308, 487793.318297282443382 ], [ 122066.505524467182113, 487786.586980066611432 ], [ 122043.86382110476552, 487800.049614498275332 ], [ 122048.376863329031039, 487807.469361883937381 ] ] ] } },
{ "type": "Feature", "properties": { "sensor": "GASA-04", "time": "2025-08-20T09:21:00+02:00", "count_line": 33, "location": "CSriOosterdokskade", "count_area": 65.0, "countline_length": 7, "density": 0.29211776608918899, "flow": 4.7142857142857144, "LoS": "LoS A" }, "geometry": { "type": "Polygon", "coordinates": [ [ [ 122048.376863329031039, 487807.469361883937381 ], [ 122071.01856669143308, 487793.318297282443382 ], [ 122066.505524467182113, 487786.586980066611432 ], [ 122043.86382110476552, 487800.049614498275332 ], [ 122048.376863329031039, 487807.469361883937381 ] ] ] } },
{ "type": "Feature", "properties": { "sensor": "GASA-04", "time": "2025-08-20T09:22:00+02:00", "count_line": 16, "location": "CSriOosterdokskade", "count_area": 27.0, "countline_length": 7, "density": 0.12134122591397081, "flow": 2.2857142857142856, "LoS": "LoS A" }, "geometry": { "type": "Polygon", "coordinates": [ [ [ 122048.376863329031039, 487807.469361883937381 ], [ 122071.01856669143308, 487793.318297282443382 ], [ 122066.505524467182113, 487786.586980066611432 ], [ 122043.86382110476552, 487800.049614498275332 ], [ 122048.376863329031039, 487807.469361883937381 ] ] ] } },
{ "type": "Feature", "properties": { "sensor": "GASA-04", "time": "2025-08-20T09:24:00+02:00", "count_line": 58, "location": "CSriOosterdokskade", "count_area": 87.0, "countline_length": 7, "density": 0.39098839461168372, "flow": 8.2857142857142865, "LoS": "LoS B" }, "geometry": { "type": "Polygon", "coordinates": [ [ [ 122048.376863329031039, 487807.469361883937381 ], [ 122071.01856669143308, 487793.318297282443382 ], [ 122066.505524467182113, 487786.586980066611432 ], [ 122043.86382110476552, 487800.049614498275332 ], [ 122048.376863329031039, 487807.469361883937381 ] ] ] } },
{ "type": "Feature", "properties": { "sensor": "GASA-04", "time": "2025-08-20T09:25:00+02:00", "count_line": 34, "location": "CSriOosterdokskade", "count_area": 53.0, "countline_length": 7, "density": 0.2381883323496464, "flow": 4.8571428571428568, "LoS": "LoS A" }, "geometry": { "type": "Polygon", "coordinates": [ [ [ 122048.376863329031039, 487807.469361883937381 ], [ 122071.01856669143308, 487793.318297282443382 ], [ 122066.505524467182113, 487786.586980066611432 ], [ 122043.86382110476552, 487800.049614498275332 ], [ 122048.376863329031039, 487807.469361883937381 ] ] ] } },
{ "type": "Feature", "properties": { "sensor": "GASA-04", "time": "2025-08-20T09:26:00+02:00", "count_line": 39, "location": "CSriOosterdokskade", "count_area": 65.0, "countline_length": 7, "density": 0.29211776608918899, "flow": 5.5714285714285712, "LoS": "LoS A" }, "geometry": { "type": "Polygon", "coordinates": [ [ [ 122048.376863329031039, 487807.469361883937381 ], [ 122071.01856669143308, 487793.318297282443382 ], [ 122066.505524467182113, 487786.586980066611432 ], [ 122043.86382110476552, 487800.049614498275332 ], [ 122048.376863329031039, 487807.469361883937381 ] ] ] } },
{ "type": "Feature", "properties": { "sensor": "GASA-04", "time": "2025-08-20T09:27:00+02:00", "count_line": 40, "location": "CSriOosterdokskade", "count_area": 66.0, "countline_length": 7, "density": 0.29661188556748419, "flow": 5.7142857142857144, "LoS": "LoS A" }, "geometry": { "type": "Polygon", "coordinates": [ [ [ 122048.376863329031039, 487807.469361883937381 ], [ 122071.01856669143308, 487793.318297282443382 ], [ 122066.505524467182113, 487786.586980066611432 ], [ 122043.86382110476552, 487800.049614498275332 ], [ 122048.376863329031039, 487807.469361883937381 ] ] ] } },
{ "type": "Feature", "properties": { "sensor": "GASA-04", "time": "2025-08-20T09:28:00+02:00", "count_line": 33, "location": "CSriOosterdokskade", "count_area": 56.0, "countline_length": 7, "density": 0.25167069078453203, "flow": 4.7142857142857144, "LoS": "LoS A" }, "geometry": { "type": "Polygon", "coordinates": [ [ [ 122048.376863329031039, 487807.469361883937381 ], [ 122071.01856669143308, 487793.318297282443382 ], [ 122066.505524467182113, 487786.586980066611432 ], [ 122043.86382110476552, 487800.049614498275332 ], [ 122048.376863329031039, 487807.469361883937381 ] ] ] } },
{ "type": "Feature", "properties": { "sensor": "GASA-04", "time": "2025-08-20T09:29:00+02:00", "count_line": 24, "location": "CSriOosterdokskade", "count_area": 44.0, "countline_length": 7, "density": 0.19774125704498946, "flow": 3.4285714285714284, "LoS": "LoS A" }, "geometry": { "type": "Polygon", "coordinates": [ [ [ 122048.376863329031039, 487807.469361883937381 ], [ 122071.01856669143308, 487793.318297282443382 ], [ 122066.505524467182113, 487786.586980066611432 ], [ 122043.86382110476552, 487800.049614498275332 ], [ 122048.376863329031039, 487807.469361883937381 ] ] ] } },
{ "type": "Feature", "properties": { "sensor": "GASA-04", "time": "2025-08-20T09:30:00+02:00", "count_line": 29, "location": "CSriOosterdokskade", "count_area": 45.0, "countline_length": 7, "density": 0.20223537652328469, "flow": 4.1428571428571432, "LoS": "LoS A" }, "geometry": { "type": "Polygon", "coordinates": [ [ [ 122048.376863329031039, 487807.469361883937381 ], [ 122071.01856669143308, 487793.318297282443382 ], [ 122066.505524467182113, 487786.586980066611432 ], [ 122043.86382110476552, 487800.049614498275332 ], [ 122048.376863329031039, 487807.469361883937381 ] ] ] } },
{ "type": "Feature", "properties": { "sensor": "GASA-04", "time": "2025-08-20T09:31:00+02:00", "count_line": 43, "location": "CSriOosterdokskade", "count_area": 81.0, "countline_length": 7, "density": 0.36402367774191241, "flow": 6.1428571428571432, "LoS": "LoS B" }, "geometry": { "type": "Polygon", "coordinates": [ [ [ 122048.376863329031039, 487807.469361883937381 ], [ 122071.01856669143308, 487793.318297282443382 ], [ 122066.505524467182113, 487786.586980066611432 ], [ 122043.86382110476552, 487800.049614498275332 ], [ 122048.376863329031039, 487807.469361883937381 ] ] ] } },
{ "type": "Feature", "properties": { "sensor": "GASA-04", "time": "2025-08-20T09:32:00+02:00", "count_line": 19, "location": "CSriOosterdokskade", "count_area": 35.0, "countline_length": 7, "density": 0.15729418174033252, "flow": 2.7142857142857144, "LoS": "LoS A" }, "geometry": { "type": "Polygon", "coordinates": [ [ [ 122048.376863329031039, 487807.469361883937381 ], [ 122071.01856669143308, 487793.318297282443382 ], [ 122066.505524467182113, 487786.586980066611432 ], [ 122043.86382110476552, 487800.049614498275332 ], [ 122048.376863329031039, 487807.469361883937381 ] ] ] } },
{ "type": "Feature", "properties": { "sensor": "GASA-04", "time": "2025-08-20T09:34:00+02:00", "count_line": 54, "location": "CSriOosterdokskade", "count_area": 104.0, "countline_length": 7, "density": 0.4673884257427024, "flow": 7.7142857142857144, "LoS": "LoS B" }, "geometry": { "type": "Polygon", "coordinates": [ [ [ 122048.376863329031039, 487807.469361883937381 ], [ 122071.01856669143308, 487793.318297282443382 ], [ 122066.505524467182113, 487786.586980066611432 ], [ 122043.86382110476552, 487800.049614498275332 ], [ 122048.376863329031039, 487807.469361883937381 ] ] ] } },
{ "type": "Feature", "properties": { "sensor": "GASA-04", "time": "2025-08-20T09:35:00+02:00", "count_line": 17, "location": "CSriOosterdokskade", "count_area": 29.0, "countline_length": 7, "density": 0.13032946487056124, "flow": 2.4285714285714284, "LoS": "LoS A" }, "geometry": { "type": "Polygon", "coordinates": [ [ [ 122048.376863329031039, 487807.469361883937381 ], [ 122071.01856669143308, 487793.318297282443382 ], [ 122066.505524467182113, 487786.586980066611432 ], [ 122043.86382110476552, 487800.049614498275332 ], [ 122048.376863329031039, 487807.469361883937381 ] ] ] } },
{ "type": "Feature", "properties": { "sensor": "GASA-04", "time": "2025-08-20T09:36:00+02:00", "count_line": 21, "location": "CSriOosterdokskade", "count_area": 39.0, "countline_length": 7, "density": 0.17527065965351341, "flow": 3.0, "LoS": "LoS A" }, "geometry": { "type": "Polygon", "coordinates": [ [ [ 122048.376863329031039, 487807.469361883937381 ], [ 122071.01856669143308, 487793.318297282443382 ], [ 122066.505524467182113, 487786.586980066611432 ], [ 122043.86382110476552, 487800.049614498275332 ], [ 122048.376863329031039, 487807.469361883937381 ] ] ] } },
{ "type": "Feature", "properties": { "sensor": "GASA-04", "time": "2025-08-20T09:37:00+02:00", "count_line": 29, "location": "CSriOosterdokskade", "count_area": 51.0, "countline_length": 7, "density": 0.22920009339305597, "flow": 4.1428571428571432, "LoS": "LoS A" }, "geometry": { "type": "Polygon", "coordinates": [ [ [ 122048.376863329031039, 487807.469361883937381 ], [ 122071.01856669143308, 487793.318297282443382 ], [ 122066.505524467182113, 487786.586980066611432 ], [ 122043.86382110476552, 487800.049614498275332 ], [ 122048.376863329031039, 487807.469361883937381 ] ] ] } },
{ "type": "Feature", "properties": { "sensor": "GASA-04", "time": "2025-08-20T09:38:00+02:00", "count_line": 22, "location": "CSriOosterdokskade", "count_area": 38.0, "countline_length": 7, "density": 0.17077654017521818, "flow": 3.1428571428571428, "LoS": "LoS A" }, "geometry": { "type": "Polygon", "coordinates": [ [ [ 122048.376863329031039, 487807.469361883937381 ], [ 122071.01856669143308, 487793.318297282443382 ], [ 122066.505524467182113, 487786.586980066611432 ], [ 122043.86382110476552, 487800.049614498275332 ], [ 122048.376863329031039, 487807.469361883937381 ] ] ] } },
{ "type": "Feature", "properties": { "sensor": "GASA-04", "time": "2025-08-20T09:39:00+02:00", "count_line": 31, "location": "CSriOosterdokskade", "count_area": 56.0, "countline_length": 7, "density": 0.25167069078453203, "flow": 4.4285714285714288, "LoS": "LoS A" }, "geometry": { "type": "Polygon", "coordinates": [ [ [ 122048.376863329031039, 487807.469361883937381 ], [ 122071.01856669143308, 487793.318297282443382 ], [ 122066.505524467182113, 487786.586980066611432 ], [ 122043.86382110476552, 487800.049614498275332 ], [ 122048.376863329031039, 487807.469361883937381 ] ] ] } },
{ "type": "Feature", "properties": { "sensor": "GASA-04", "time": "2025-08-20T09:40:00+02:00", "count_line": 14, "location": "CSriOosterdokskade", "count_area": 23.0, "countline_length": 7, "density": 0.10336474800078994, "flow": 2.0, "LoS": "LoS A" }, "geometry": { "type": "Polygon", "coordinates": [ [ [ 122048.376863329031039, 487807.469361883937381 ], [ 122071.01856669143308, 487793.318297282443382 ], [ 122066.505524467182113, 487786.586980066611432 ], [ 122043.86382110476552, 487800.049614498275332 ], [ 122048.376863329031039, 487807.469361883937381 ] ] ] } },
{ "type": "Feature", "properties": { "sensor": "GASA-04", "time": "2025-08-20T09:41:00+02:00", "count_line": 19, "location": "CSriOosterdokskade", "count_area": 29.0, "countline_length": 7, "density": 0.13032946487056124, "flow": 2.7142857142857144, "LoS": "LoS A" }, "geometry": { "type": "Polygon", "coordinates": [ [ [ 122048.376863329031039, 487807.469361883937381 ], [ 122071.01856669143308, 487793.318297282443382 ], [ 122066.505524467182113, 487786.586980066611432 ], [ 122043.86382110476552, 487800.049614498275332 ], [ 122048.376863329031039, 487807.469361883937381 ] ] ] } },
{ "type": "Feature", "properties": { "sensor": "GASA-04", "time": "2025-08-20T09:42:00+02:00", "count_line": 22, "location": "CSriOosterdokskade", "count_area": 39.0, "countline_length": 7, "density": 0.17527065965351341, "flow": 3.1428571428571428, "LoS": "LoS A" }, "geometry": { "type": "Polygon", "coordinates": [ [ [ 122048.376863329031039, 487807.469361883937381 ], [ 122071.01856669143308, 487793.318297282443382 ], [ 122066.505524467182113, 487786.586980066611432 ], [ 122043.86382110476552, 487800.049614498275332 ], [ 122048.376863329031039, 487807.469361883937381 ] ] ] } },
{ "type": "Feature", "properties": { "sensor": "GASA-04", "time": "2025-08-20T09:44:00+02:00", "count_line": 68, "location": "CSriOosterdokskade", "count_area": 121.0, "countline_length": 7, "density": 0.54378845687372102, "flow": 9.7142857142857135, "LoS": "LoS B" }, "geometry": { "type": "Polygon", "coordinates": [ [ [ 122048.376863329031039, 487807.469361883937381 ], [ 122071.01856669143308, 487793.318297282443382 ], [ 122066.505524467182113, 487786.586980066611432 ], [ 122043.86382110476552, 487800.049614498275332 ], [ 122048.376863329031039, 487807.469361883937381 ] ] ] } },
{ "type": "Feature", "properties": { "sensor": "GASA-04", "time": "2025-08-20T09:45:00+02:00", "count_line": 35, "location": "CSriOosterdokskade", "count_area": 61.0, "countline_length": 7, "density": 0.27414128817600814, "flow": 5.0, "LoS": "LoS A" }, "geometry": { "type": "Polygon", "coordinates": [ [ [ 122048.376863329031039, 487807.469361883937381 ], [ 122071.01856669143308, 487793.318297282443382 ], [ 122066.505524467182113, 487786.586980066611432 ], [ 122043.86382110476552, 487800.049614498275332 ], [ 122048.376863329031039, 487807.469361883937381 ] ] ] } },
{ "type": "Feature", "properties": { "sensor": "GASA-04", "time": "2025-08-20T09:46:00+02:00", "count_line": 37, "location": "CSriOosterdokskade", "count_area": 73.0, "countline_length": 7, "density": 0.3280707219155507, "flow": 5.2857142857142856, "LoS": "LoS B" }, "geometry": { "type": "Polygon", "coordinates": [ [ [ 122048.376863329031039, 487807.469361883937381 ], [ 122071.01856669143308, 487793.318297282443382 ], [ 122066.505524467182113, 487786.586980066611432 ], [ 122043.86382110476552, 487800.049614498275332 ], [ 122048.376863329031039, 487807.469361883937381 ] ] ] } },
{ "type": "Feature", "properties": { "sensor": "GASA-04", "time": "2025-08-20T09:47:00+02:00", "count_line": 43, "location": "CSriOosterdokskade", "count_area": 80.0, "countline_length": 7, "density": 0.35952955826361721, "flow": 6.1428571428571432, "LoS": "LoS B" }, "geometry": { "type": "Polygon", "coordinates": [ [ [ 122048.376863329031039, 487807.469361883937381 ], [ 122071.01856669143308, 487793.318297282443382 ], [ 122066.505524467182113, 487786.586980066611432 ], [ 122043.86382110476552, 487800.049614498275332 ], [ 122048.376863329031039, 487807.469361883937381 ] ] ] } },
{ "type": "Feature", "properties": { "sensor": "GASA-04", "time": "2025-08-20T09:48:00+02:00", "count_line": 27, "location": "CSriOosterdokskade", "count_area": 41.0, "countline_length": 7, "density": 0.18425889861010383, "flow": 3.8571428571428572, "LoS": "LoS A" }, "geometry": { "type": "Polygon", "coordinates": [ [ [ 122048.376863329031039, 487807.469361883937381 ], [ 122071.01856669143308, 487793.318297282443382 ], [ 122066.505524467182113, 487786.586980066611432 ], [ 122043.86382110476552, 487800.049614498275332 ], [ 122048.376863329031039, 487807.469361883937381 ] ] ] } },
{ "type": "Feature", "properties": { "sensor": "GASA-04", "time": "2025-08-20T09:49:00+02:00", "count_line": 43, "location": "CSriOosterdokskade", "count_area": 77.0, "countline_length": 7, "density": 0.34604719982873156, "flow": 6.1428571428571432, "LoS": "LoS B" }, "geometry": { "type": "Polygon", "coordinates": [ [ [ 122048.376863329031039, 487807.469361883937381 ], [ 122071.01856669143308, 487793.318297282443382 ], [ 122066.505524467182113, 487786.586980066611432 ], [ 122043.86382110476552, 487800.049614498275332 ], [ 122048.376863329031039, 487807.469361883937381 ] ] ] } },
{ "type": "Feature", "properties": { "sensor": "GASA-04", "time": "2025-08-20T09:50:00+02:00", "count_line": 25, "location": "CSriOosterdokskade", "count_area": 46.0, "countline_length": 7, "density": 0.20672949600157989, "flow": 3.5714285714285716, "LoS": "LoS A" }, "geometry": { "type": "Polygon", "coordinates": [ [ [ 122048.376863329031039, 487807.469361883937381 ], [ 122071.01856669143308, 487793.318297282443382 ], [ 122066.505524467182113, 487786.586980066611432 ], [ 122043.86382110476552, 487800.049614498275332 ], [ 122048.376863329031039, 487807.469361883937381 ] ] ] } },
{ "type": "Feature", "properties": { "sensor": "GASA-04", "time": "2025-08-20T09:51:00+02:00", "count_line": 25, "location": "CSriOosterdokskade", "count_area": 42.0, "countline_length": 7, "density": 0.18875301808839903, "flow": 3.5714285714285716, "LoS": "LoS A" }, "geometry": { "type": "Polygon", "coordinates": [ [ [ 122048.376863329031039, 487807.469361883937381 ], [ 122071.01856669143308, 487793.318297282443382 ], [ 122066.505524467182113, 487786.586980066611432 ], [ 122043.86382110476552, 487800.049614498275332 ], [ 122048.376863329031039, 487807.469361883937381 ] ] ] } },
{ "type": "Feature", "properties": { "sensor": "GASA-04", "time": "2025-08-20T09:52:00+02:00", "count_line": 26, "location": "CSriOosterdokskade", "count_area": 39.0, "countline_length": 7, "density": 0.17527065965351341, "flow": 3.7142857142857144, "LoS": "LoS A" }, "geometry": { "type": "Polygon", "coordinates": [ [ [ 122048.376863329031039, 487807.469361883937381 ], [ 122071.01856669143308, 487793.318297282443382 ], [ 122066.505524467182113, 487786.586980066611432 ], [ 122043.86382110476552, 487800.049614498275332 ], [ 122048.376863329031039, 487807.469361883937381 ] ] ] } },
{ "type": "Feature", "properties": { "sensor": "GASA-04", "time": "2025-08-20T09:54:00+02:00", "count_line": 30, "location": "CSriOosterdokskade", "count_area": 59.0, "countline_length": 7, "density": 0.26515304921941768, "flow": 4.2857142857142856, "LoS": "LoS A" }, "geometry": { "type": "Polygon", "coordinates": [ [ [ 122048.376863329031039, 487807.469361883937381 ], [ 122071.01856669143308, 487793.318297282443382 ], [ 122066.505524467182113, 487786.586980066611432 ], [ 122043.86382110476552, 487800.049614498275332 ], [ 122048.376863329031039, 487807.469361883937381 ] ] ] } },
{ "type": "Feature", "properties": { "sensor": "GASA-04", "time": "2025-08-20T09:55:00+02:00", "count_line": 17, "location": "CSriOosterdokskade", "count_area": 31.0, "countline_length": 7, "density": 0.13931770382715167, "flow": 2.4285714285714284, "LoS": "LoS A" }, "geometry": { "type": "Polygon", "coordinates": [ [ [ 122048.376863329031039, 487807.469361883937381 ], [ 122071.01856669143308, 487793.318297282443382 ], [ 122066.505524467182113, 487786.586980066611432 ], [ 122043.86382110476552, 487800.049614498275332 ], [ 122048.376863329031039, 487807.469361883937381 ] ] ] } },
{ "type": "Feature", "properties": { "sensor": "GASA-04", "time": "2025-08-20T09:56:00+02:00", "count_line": 20, "location": "CSriOosterdokskade", "count_area": 34.0, "countline_length": 7, "density": 0.15280006226203732, "flow": 2.8571428571428572, "LoS": "LoS A" }, "geometry": { "type": "Polygon", "coordinates": [ [ [ 122048.376863329031039, 487807.469361883937381 ], [ 122071.01856669143308, 487793.318297282443382 ], [ 122066.505524467182113, 487786.586980066611432 ], [ 122043.86382110476552, 487800.049614498275332 ], [ 122048.376863329031039, 487807.469361883937381 ] ] ] } },
{ "type": "Feature", "properties": { "sensor": "GASA-04", "time": "2025-08-20T09:57:00+02:00", "count_line": 53, "location": "CSriOosterdokskade", "count_area": 98.0, "countline_length": 7, "density": 0.44042370887293109, "flow": 7.5714285714285712, "LoS": "LoS B" }, "geometry": { "type": "Polygon", "coordinates": [ [ [ 122048.376863329031039, 487807.469361883937381 ], [ 122071.01856669143308, 487793.318297282443382 ], [ 122066.505524467182113, 487786.586980066611432 ], [ 122043.86382110476552, 487800.049614498275332 ], [ 122048.376863329031039, 487807.469361883937381 ] ] ] } },
{ "type": "Feature", "properties": { "sensor": "GASA-04", "time": "2025-08-20T09:58:00+02:00", "count_line": 38, "location": "CSriOosterdokskade", "count_area": 75.0, "countline_length": 7, "density": 0.33705896087214116, "flow": 5.4285714285714288, "LoS": "LoS B" }, "geometry": { "type": "Polygon", "coordinates": [ [ [ 122048.376863329031039, 487807.469361883937381 ], [ 122071.01856669143308, 487793.318297282443382 ], [ 122066.505524467182113, 487786.586980066611432 ], [ 122043.86382110476552, 487800.049614498275332 ], [ 122048.376863329031039, 487807.469361883937381 ] ] ] } },
{ "type": "Feature", "properties": { "sensor": "GASA-04", "time": "2025-08-20T09:59:00+02:00", "count_line": 24, "location": "CSriOosterdokskade", "count_area": 36.0, "countline_length": 7, "density": 0.16178830121862775, "flow": 3.4285714285714284, "LoS": "LoS A" }, "geometry": { "type": "Polygon", "coordinates": [ [ [ 122048.376863329031039, 487807.469361883937381 ], [ 122071.01856669143308, 487793.318297282443382 ], [ 122066.505524467182113, 487786.586980066611432 ], [ 122043.86382110476552, 487800.049614498275332 ], [ 122048.376863329031039, 487807.469361883937381 ] ] ] } },
{ "type": "Feature", "properties": { "sensor": "GASA-04", "time": "2025-08-20T10:00:00+02:00", "count_line": 36, "location": "CSriOosterdokskade", "count_area": 59.0, "countline_length": 7, "density": 0.26515304921941768, "flow": 5.1428571428571432, "LoS": "LoS A" }, "geometry": { "type": "Polygon", "coordinates": [ [ [ 122048.376863329031039, 487807.469361883937381 ], [ 122071.01856669143308, 487793.318297282443382 ], [ 122066.505524467182113, 487786.586980066611432 ], [ 122043.86382110476552, 487800.049614498275332 ], [ 122048.376863329031039, 487807.469361883937381 ] ] ] } },
{ "type": "Feature", "properties": { "sensor": "GASA-04", "time": "2025-08-20T10:01:00+02:00", "count_line": 29, "location": "CSriOosterdokskade", "count_area": 49.0, "countline_length": 7, "density": 0.22021185443646554, "flow": 4.1428571428571432, "LoS": "LoS A" }, "geometry": { "type": "Polygon", "coordinates": [ [ [ 122048.376863329031039, 487807.469361883937381 ], [ 122071.01856669143308, 487793.318297282443382 ], [ 122066.505524467182113, 487786.586980066611432 ], [ 122043.86382110476552, 487800.049614498275332 ], [ 122048.376863329031039, 487807.469361883937381 ] ] ] } },
{ "type": "Feature", "properties": { "sensor": "GASA-04", "time": "2025-08-20T10:02:00+02:00", "count_line": 36, "location": "CSriOosterdokskade", "count_area": 66.0, "countline_length": 7, "density": 0.29661188556748419, "flow": 5.1428571428571432, "LoS": "LoS A" }, "geometry": { "type": "Polygon", "coordinates": [ [ [ 122048.376863329031039, 487807.469361883937381 ], [ 122071.01856669143308, 487793.318297282443382 ], [ 122066.505524467182113, 487786.586980066611432 ], [ 122043.86382110476552, 487800.049614498275332 ], [ 122048.376863329031039, 487807.469361883937381 ] ] ] } },
{ "type": "Feature", "properties": { "sensor": "GASA-04", "time": "2025-08-20T10:04:00+02:00", "count_line": 86, "location": "CSriOosterdokskade", "count_area": 167.0, "countline_length": 7, "density": 0.75051795287530099, "flow": 12.285714285714286, "LoS": "LoS C" }, "geometry": { "type": "Polygon", "coordinates": [ [ [ 122048.376863329031039, 487807.469361883937381 ], [ 122071.01856669143308, 487793.318297282443382 ], [ 122066.505524467182113, 487786.586980066611432 ], [ 122043.86382110476552, 487800.049614498275332 ], [ 122048.376863329031039, 487807.469361883937381 ] ] ] } },
{ "type": "Feature", "properties": { "sensor": "GASA-04", "time": "2025-08-20T10:05:00+02:00", "count_line": 34, "location": "CSriOosterdokskade", "count_area": 67.0, "countline_length": 7, "density": 0.30110600504577945, "flow": 4.8571428571428568, "LoS": "LoS B" }, "geometry": { "type": "Polygon", "coordinates": [ [ [ 122048.376863329031039, 487807.469361883937381 ], [ 122071.01856669143308, 487793.318297282443382 ], [ 122066.505524467182113, 487786.586980066611432 ], [ 122043.86382110476552, 487800.049614498275332 ], [ 122048.376863329031039, 487807.469361883937381 ] ] ] } },
{ "type": "Feature", "properties": { "sensor": "GASA-04", "time": "2025-08-20T10:06:00+02:00", "count_line": 22, "location": "CSriOosterdokskade", "count_area": 33.0, "countline_length": 7, "density": 0.1483059427837421, "flow": 3.1428571428571428, "LoS": "LoS A" }, "geometry": { "type": "Polygon", "coordinates": [ [ [ 122048.376863329031039, 487807.469361883937381 ], [ 122071.01856669143308, 487793.318297282443382 ], [ 122066.505524467182113, 487786.586980066611432 ], [ 122043.86382110476552, 487800.049614498275332 ], [ 122048.376863329031039, 487807.469361883937381 ] ] ] } },
{ "type": "Feature", "properties": { "sensor": "GASA-04", "time": "2025-08-20T10:07:00+02:00", "count_line": 43, "location": "CSriOosterdokskade", "count_area": 71.0, "countline_length": 7, "density": 0.3190824829589603, "flow": 6.1428571428571432, "LoS": "LoS B" }, "geometry": { "type": "Polygon", "coordinates": [ [ [ 122048.376863329031039, 487807.469361883937381 ], [ 122071.01856669143308, 487793.318297282443382 ], [ 122066.505524467182113, 487786.586980066611432 ], [ 122043.86382110476552, 487800.049614498275332 ], [ 122048.376863329031039, 487807.469361883937381 ] ] ] } },
{ "type": "Feature", "properties": { "sensor": "GASA-04", "time": "2025-08-20T10:08:00+02:00", "count_line": 16, "location": "CSriOosterdokskade", "count_area": 31.0, "countline_length": 7, "density": 0.13931770382715167, "flow": 2.2857142857142856, "LoS": "LoS A" }, "geometry": { "type": "Polygon", "coordinates": [ [ [ 122048.376863329031039, 487807.469361883937381 ], [ 122071.01856669143308, 487793.318297282443382 ], [ 122066.505524467182113, 487786.586980066611432 ], [ 122043.86382110476552, 487800.049614498275332 ], [ 122048.376863329031039, 487807.469361883937381 ] ] ] } },
{ "type": "Feature", "properties": { "sensor": "GASA-04", "time": "2025-08-20T10:09:00+02:00", "count_line": 12, "location": "CSriOosterdokskade", "count_area": 22.0, "countline_length": 7, "density": 0.09887062852249473, "flow": 1.7142857142857142, "LoS": "LoS A" }, "geometry": { "type": "Polygon", "coordinates": [ [ [ 122048.376863329031039, 487807.469361883937381 ], [ 122071.01856669143308, 487793.318297282443382 ], [ 122066.505524467182113, 487786.586980066611432 ], [ 122043.86382110476552, 487800.049614498275332 ], [ 122048.376863329031039, 487807.469361883937381 ] ] ] } },
{ "type": "Feature", "properties": { "sensor": "GASA-04", "time": "2025-08-20T10:10:00+02:00", "count_line": 32, "location": "CSriOosterdokskade", "count_area": 62.0, "countline_length": 7, "density": 0.27863540765430334, "flow": 4.5714285714285712, "LoS": "LoS A" }, "geometry": { "type": "Polygon", "coordinates": [ [ [ 122048.376863329031039, 487807.469361883937381 ], [ 122071.01856669143308, 487793.318297282443382 ], [ 122066.505524467182113, 487786.586980066611432 ], [ 122043.86382110476552, 487800.049614498275332 ], [ 122048.376863329031039, 487807.469361883937381 ] ] ] } },
{ "type": "Feature", "properties": { "sensor": "GASA-04", "time": "2025-08-20T10:11:00+02:00", "count_line": 32, "location": "CSriOosterdokskade", "count_area": 55.0, "countline_length": 7, "density": 0.24717657130623683, "flow": 4.5714285714285712, "LoS": "LoS A" }, "geometry": { "type": "Polygon", "coordinates": [ [ [ 122048.376863329031039, 487807.469361883937381 ], [ 122071.01856669143308, 487793.318297282443382 ], [ 122066.505524467182113, 487786.586980066611432 ], [ 122043.86382110476552, 487800.049614498275332 ], [ 122048.376863329031039, 487807.469361883937381 ] ] ] } },
{ "type": "Feature", "properties": { "sensor": "GASA-04", "time": "2025-08-20T10:12:00+02:00", "count_line": 19, "location": "CSriOosterdokskade", "count_area": 36.0, "countline_length": 7, "density": 0.16178830121862775, "flow": 2.7142857142857144, "LoS": "LoS A" }, "geometry": { "type": "Polygon", "coordinates": [ [ [ 122048.376863329031039, 487807.469361883937381 ], [ 122071.01856669143308, 487793.318297282443382 ], [ 122066.505524467182113, 487786.586980066611432 ], [ 122043.86382110476552, 487800.049614498275332 ], [ 122048.376863329031039, 487807.469361883937381 ] ] ] } },
{ "type": "Feature", "properties": { "sensor": "GASA-04", "time": "2025-08-20T10:14:00+02:00", "count_line": 98, "location": "CSriOosterdokskade", "count_area": 152.0, "countline_length": 7, "density": 0.68310616070087271, "flow": 14.0, "LoS": "LoS B" }, "geometry": { "type": "Polygon", "coordinates": [ [ [ 122048.376863329031039, 487807.469361883937381 ], [ 122071.01856669143308, 487793.318297282443382 ], [ 122066.505524467182113, 487786.586980066611432 ], [ 122043.86382110476552, 487800.049614498275332 ], [ 122048.376863329031039, 487807.469361883937381 ] ] ] } },
{ "type": "Feature", "properties": { "sensor": "GASA-04", "time": "2025-08-20T10:15:00+02:00", "count_line": 53, "location": "CSriOosterdokskade", "count_area": 80.0, "countline_length": 7, "density": 0.35952955826361721, "flow": 7.5714285714285712, "LoS": "LoS B" }, "geometry": { "type": "Polygon", "coordinates": [ [ [ 122048.376863329031039, 487807.469361883937381 ], [ 122071.01856669143308, 487793.318297282443382 ], [ 122066.505524467182113, 487786.586980066611432 ], [ 122043.86382110476552, 487800.049614498275332 ], [ 122048.376863329031039, 487807.469361883937381 ] ] ] } },
{ "type": "Feature", "properties": { "sensor": "GASA-04", "time": "2025-08-20T10:16:00+02:00", "count_line": 26, "location": "CSriOosterdokskade", "count_area": 41.0, "countline_length": 7, "density": 0.18425889861010383, "flow": 3.7142857142857144, "LoS": "LoS A" }, "geometry": { "type": "Polygon", "coordinates": [ [ [ 122048.376863329031039, 487807.469361883937381 ], [ 122071.01856669143308, 487793.318297282443382 ], [ 122066.505524467182113, 487786.586980066611432 ], [ 122043.86382110476552, 487800.049614498275332 ], [ 122048.376863329031039, 487807.469361883937381 ] ] ] } },
{ "type": "Feature", "properties": { "sensor": "GASA-04", "time": "2025-08-20T10:17:00+02:00", "count_line": 34, "location": "CSriOosterdokskade", "count_area": 55.0, "countline_length": 7, "density": 0.24717657130623683, "flow": 4.8571428571428568, "LoS": "LoS A" }, "geometry": { "type": "Polygon", "coordinates": [ [ [ 122048.376863329031039, 487807.469361883937381 ], [ 122071.01856669143308, 487793.318297282443382 ], [ 122066.505524467182113, 487786.586980066611432 ], [ 122043.86382110476552, 487800.049614498275332 ], [ 122048.376863329031039, 487807.469361883937381 ] ] ] } },
{ "type": "Feature", "properties": { "sensor": "GASA-04", "time": "2025-08-20T10:18:00+02:00", "count_line": 15, "location": "CSriOosterdokskade", "count_area": 28.0, "countline_length": 7, "density": 0.12583534539226601, "flow": 2.1428571428571428, "LoS": "LoS A" }, "geometry": { "type": "Polygon", "coordinates": [ [ [ 122048.376863329031039, 487807.469361883937381 ], [ 122071.01856669143308, 487793.318297282443382 ], [ 122066.505524467182113, 487786.586980066611432 ], [ 122043.86382110476552, 487800.049614498275332 ], [ 122048.376863329031039, 487807.469361883937381 ] ] ] } },
{ "type": "Feature", "properties": { "sensor": "GASA-04", "time": "2025-08-20T10:19:00+02:00", "count_line": 29, "location": "CSriOosterdokskade", "count_area": 48.0, "countline_length": 7, "density": 0.21571773495817034, "flow": 4.1428571428571432, "LoS": "LoS A" }, "geometry": { "type": "Polygon", "coordinates": [ [ [ 122048.376863329031039, 487807.469361883937381 ], [ 122071.01856669143308, 487793.318297282443382 ], [ 122066.505524467182113, 487786.586980066611432 ], [ 122043.86382110476552, 487800.049614498275332 ], [ 122048.376863329031039, 487807.469361883937381 ] ] ] } },
{ "type": "Feature", "properties": { "sensor": "GASA-04", "time": "2025-08-20T10:20:00+02:00", "count_line": 21, "location": "CSriOosterdokskade", "count_area": 32.0, "countline_length": 7, "density": 0.1438118233054469, "flow": 3.0, "LoS": "LoS A" }, "geometry": { "type": "Polygon", "coordinates": [ [ [ 122048.376863329031039, 487807.469361883937381 ], [ 122071.01856669143308, 487793.318297282443382 ], [ 122066.505524467182113, 487786.586980066611432 ], [ 122043.86382110476552, 487800.049614498275332 ], [ 122048.376863329031039, 487807.469361883937381 ] ] ] } },
{ "type": "Feature", "properties": { "sensor": "GASA-04", "time": "2025-08-20T10:21:00+02:00", "count_line": 29, "location": "CSriOosterdokskade", "count_area": 49.0, "countline_length": 7, "density": 0.22021185443646554, "flow": 4.1428571428571432, "LoS": "LoS A" }, "geometry": { "type": "Polygon", "coordinates": [ [ [ 122048.376863329031039, 487807.469361883937381 ], [ 122071.01856669143308, 487793.318297282443382 ], [ 122066.505524467182113, 487786.586980066611432 ], [ 122043.86382110476552, 487800.049614498275332 ], [ 122048.376863329031039, 487807.469361883937381 ] ] ] } },
{ "type": "Feature", "properties": { "sensor": "GASA-04", "time": "2025-08-20T10:22:00+02:00", "count_line": 25, "location": "CSriOosterdokskade", "count_area": 48.0, "countline_length": 7, "density": 0.21571773495817034, "flow": 3.5714285714285716, "LoS": "LoS A" }, "geometry": { "type": "Polygon", "coordinates": [ [ [ 122048.376863329031039, 487807.469361883937381 ], [ 122071.01856669143308, 487793.318297282443382 ], [ 122066.505524467182113, 487786.586980066611432 ], [ 122043.86382110476552, 487800.049614498275332 ], [ 122048.376863329031039, 487807.469361883937381 ] ] ] } },
{ "type": "Feature", "properties": { "sensor": "GASA-04", "time": "2025-08-20T10:24:00+02:00", "count_line": 24, "location": "CSriOosterdokskade", "count_area": 42.0, "countline_length": 7, "density": 0.18875301808839903, "flow": 3.4285714285714284, "LoS": "LoS A" }, "geometry": { "type": "Polygon", "coordinates": [ [ [ 122048.376863329031039, 487807.469361883937381 ], [ 122071.01856669143308, 487793.318297282443382 ], [ 122066.505524467182113, 487786.586980066611432 ], [ 122043.86382110476552, 487800.049614498275332 ], [ 122048.376863329031039, 487807.469361883937381 ] ] ] } },
{ "type": "Feature", "properties": { "sensor": "GASA-04", "time": "2025-08-20T10:25:00+02:00", "count_line": 17, "location": "CSriOosterdokskade", "count_area": 27.0, "countline_length": 7, "density": 0.12134122591397081, "flow": 2.4285714285714284, "LoS": "LoS A" }, "geometry": { "type": "Polygon", "coordinates": [ [ [ 122048.376863329031039, 487807.469361883937381 ], [ 122071.01856669143308, 487793.318297282443382 ], [ 122066.505524467182113, 487786.586980066611432 ], [ 122043.86382110476552, 487800.049614498275332 ], [ 122048.376863329031039, 487807.469361883937381 ] ] ] } },
{ "type": "Feature", "properties": { "sensor": "GASA-04", "time": "2025-08-20T10:26:00+02:00", "count_line": 32, "location": "CSriOosterdokskade", "count_area": 55.0, "countline_length": 7, "density": 0.24717657130623683, "flow": 4.5714285714285712, "LoS": "LoS A" }, "geometry": { "type": "Polygon", "coordinates": [ [ [ 122048.376863329031039, 487807.469361883937381 ], [ 122071.01856669143308, 487793.318297282443382 ], [ 122066.505524467182113, 487786.586980066611432 ], [ 122043.86382110476552, 487800.049614498275332 ], [ 122048.376863329031039, 487807.469361883937381 ] ] ] } },
{ "type": "Feature", "properties": { "sensor": "GASA-04", "time": "2025-08-20T10:27:00+02:00", "count_line": 15, "location": "CSriOosterdokskade", "count_area": 29.0, "countline_length": 7, "density": 0.13032946487056124, "flow": 2.1428571428571428, "LoS": "LoS A" }, "geometry": { "type": "Polygon", "coordinates": [ [ [ 122048.376863329031039, 487807.469361883937381 ], [ 122071.01856669143308, 487793.318297282443382 ], [ 122066.505524467182113, 487786.586980066611432 ], [ 122043.86382110476552, 487800.049614498275332 ], [ 122048.376863329031039, 487807.469361883937381 ] ] ] } },
{ "type": "Feature", "properties": { "sensor": "GASA-04", "time": "2025-08-20T10:28:00+02:00", "count_line": 53, "location": "CSriOosterdokskade", "count_area": 83.0, "countline_length": 7, "density": 0.37301191669850287, "flow": 7.5714285714285712, "LoS": "LoS B" }, "geometry": { "type": "Polygon", "coordinates": [ [ [ 122048.376863329031039, 487807.469361883937381 ], [ 122071.01856669143308, 487793.318297282443382 ], [ 122066.505524467182113, 487786.586980066611432 ], [ 122043.86382110476552, 487800.049614498275332 ], [ 122048.376863329031039, 487807.469361883937381 ] ] ] } },
{ "type": "Feature", "properties": { "sensor": "GASA-04", "time": "2025-08-20T10:29:00+02:00", "count_line": 31, "location": "CSriOosterdokskade", "count_area": 47.0, "countline_length": 7, "density": 0.21122361547987512, "flow": 4.4285714285714288, "LoS": "LoS A" }, "geometry": { "type": "Polygon", "coordinates": [ [ [ 122048.376863329031039, 487807.469361883937381 ], [ 122071.01856669143308, 487793.318297282443382 ], [ 122066.505524467182113, 487786.586980066611432 ], [ 122043.86382110476552, 487800.049614498275332 ], [ 122048.376863329031039, 487807.469361883937381 ] ] ] } },
{ "type": "Feature", "properties": { "sensor": "GASA-04", "time": "2025-08-20T10:30:00+02:00", "count_line": 74, "location": "CSriOosterdokskade", "count_area": 128.0, "countline_length": 7, "density": 0.57524729322178758, "flow": 10.571428571428571, "LoS": "LoS B" }, "geometry": { "type": "Polygon", "coordinates": [ [ [ 122048.376863329031039, 487807.469361883937381 ], [ 122071.01856669143308, 487793.318297282443382 ], [ 122066.505524467182113, 487786.586980066611432 ], [ 122043.86382110476552, 487800.049614498275332 ], [ 122048.376863329031039, 487807.469361883937381 ] ] ] } },
{ "type": "Feature", "properties": { "sensor": "GASA-04", "time": "2025-08-20T10:31:00+02:00", "count_line": 80, "location": "CSriOosterdokskade", "count_area": 158.0, "countline_length": 7, "density": 0.71007087757064402, "flow": 11.428571428571429, "LoS": "LoS C" }, "geometry": { "type": "Polygon", "coordinates": [ [ [ 122048.376863329031039, 487807.469361883937381 ], [ 122071.01856669143308, 487793.318297282443382 ], [ 122066.505524467182113, 487786.586980066611432 ], [ 122043.86382110476552, 487800.049614498275332 ], [ 122048.376863329031039, 487807.469361883937381 ] ] ] } },
{ "type": "Feature", "properties": { "sensor": "GASA-04", "time": "2025-08-20T10:32:00+02:00", "count_line": 36, "location": "CSriOosterdokskade", "count_area": 68.0, "countline_length": 7, "density": 0.30560012452407465, "flow": 5.1428571428571432, "LoS": "LoS B" }, "geometry": { "type": "Polygon", "coordinates": [ [ [ 122048.376863329031039, 487807.469361883937381 ], [ 122071.01856669143308, 487793.318297282443382 ], [ 122066.505524467182113, 487786.586980066611432 ], [ 122043.86382110476552, 487800.049614498275332 ], [ 122048.376863329031039, 487807.469361883937381 ] ] ] } },
{ "type": "Feature", "properties": { "sensor": "GASA-04", "time": "2025-08-20T10:34:00+02:00", "count_line": 92, "location": "CSriOosterdokskade", "count_area": 145.0, "countline_length": 7, "density": 0.65164732435280626, "flow": 13.142857142857142, "LoS": "LoS B" }, "geometry": { "type": "Polygon", "coordinates": [ [ [ 122048.376863329031039, 487807.469361883937381 ], [ 122071.01856669143308, 487793.318297282443382 ], [ 122066.505524467182113, 487786.586980066611432 ], [ 122043.86382110476552, 487800.049614498275332 ], [ 122048.376863329031039, 487807.469361883937381 ] ] ] } },
{ "type": "Feature", "properties": { "sensor": "GASA-04", "time": "2025-08-20T10:35:00+02:00", "count_line": 38, "location": "CSriOosterdokskade", "count_area": 73.0, "countline_length": 7, "density": 0.3280707219155507, "flow": 5.4285714285714288, "LoS": "LoS B" }, "geometry": { "type": "Polygon", "coordinates": [ [ [ 122048.376863329031039, 487807.469361883937381 ], [ 122071.01856669143308, 487793.318297282443382 ], [ 122066.505524467182113, 487786.586980066611432 ], [ 122043.86382110476552, 487800.049614498275332 ], [ 122048.376863329031039, 487807.469361883937381 ] ] ] } },
{ "type": "Feature", "properties": { "sensor": "GASA-04", "time": "2025-08-20T10:36:00+02:00", "count_line": 39, "location": "CSriOosterdokskade", "count_area": 71.0, "countline_length": 7, "density": 0.3190824829589603, "flow": 5.5714285714285712, "LoS": "LoS B" }, "geometry": { "type": "Polygon", "coordinates": [ [ [ 122048.376863329031039, 487807.469361883937381 ], [ 122071.01856669143308, 487793.318297282443382 ], [ 122066.505524467182113, 487786.586980066611432 ], [ 122043.86382110476552, 487800.049614498275332 ], [ 122048.376863329031039, 487807.469361883937381 ] ] ] } },
{ "type": "Feature", "properties": { "sensor": "GASA-04", "time": "2025-08-20T10:37:00+02:00", "count_line": 32, "location": "CSriOosterdokskade", "count_area": 50.0, "countline_length": 7, "density": 0.22470597391476077, "flow": 4.5714285714285712, "LoS": "LoS A" }, "geometry": { "type": "Polygon", "coordinates": [ [ [ 122048.376863329031039, 487807.469361883937381 ], [ 122071.01856669143308, 487793.318297282443382 ], [ 122066.505524467182113, 487786.586980066611432 ], [ 122043.86382110476552, 487800.049614498275332 ], [ 122048.376863329031039, 487807.469361883937381 ] ] ] } },
{ "type": "Feature", "properties": { "sensor": "GASA-04", "time": "2025-08-20T10:38:00+02:00", "count_line": 37, "location": "CSriOosterdokskade", "count_area": 72.0, "countline_length": 7, "density": 0.3235766024372555, "flow": 5.2857142857142856, "LoS": "LoS B" }, "geometry": { "type": "Polygon", "coordinates": [ [ [ 122048.376863329031039, 487807.469361883937381 ], [ 122071.01856669143308, 487793.318297282443382 ], [ 122066.505524467182113, 487786.586980066611432 ], [ 122043.86382110476552, 487800.049614498275332 ], [ 122048.376863329031039, 487807.469361883937381 ] ] ] } },
{ "type": "Feature", "properties": { "sensor": "GASA-04", "time": "2025-08-20T10:39:00+02:00", "count_line": 30, "location": "CSriOosterdokskade", "count_area": 56.0, "countline_length": 7, "density": 0.25167069078453203, "flow": 4.2857142857142856, "LoS": "LoS A" }, "geometry": { "type": "Polygon", "coordinates": [ [ [ 122048.376863329031039, 487807.469361883937381 ], [ 122071.01856669143308, 487793.318297282443382 ], [ 122066.505524467182113, 487786.586980066611432 ], [ 122043.86382110476552, 487800.049614498275332 ], [ 122048.376863329031039, 487807.469361883937381 ] ] ] } },
{ "type": "Feature", "properties": { "sensor": "GASA-04", "time": "2025-08-20T10:40:00+02:00", "count_line": 25, "location": "CSriOosterdokskade", "count_area": 42.0, "countline_length": 7, "density": 0.18875301808839903, "flow": 3.5714285714285716, "LoS": "LoS A" }, "geometry": { "type": "Polygon", "coordinates": [ [ [ 122048.376863329031039, 487807.469361883937381 ], [ 122071.01856669143308, 487793.318297282443382 ], [ 122066.505524467182113, 487786.586980066611432 ], [ 122043.86382110476552, 487800.049614498275332 ], [ 122048.376863329031039, 487807.469361883937381 ] ] ] } },
{ "type": "Feature", "properties": { "sensor": "GASA-04", "time": "2025-08-20T10:41:00+02:00", "count_line": 31, "location": "CSriOosterdokskade", "count_area": 52.0, "countline_length": 7, "density": 0.2336942128713512, "flow": 4.4285714285714288, "LoS": "LoS A" }, "geometry": { "type": "Polygon", "coordinates": [ [ [ 122048.376863329031039, 487807.469361883937381 ], [ 122071.01856669143308, 487793.318297282443382 ], [ 122066.505524467182113, 487786.586980066611432 ], [ 122043.86382110476552, 487800.049614498275332 ], [ 122048.376863329031039, 487807.469361883937381 ] ] ] } },
{ "type": "Feature", "properties": { "sensor": "GASA-04", "time": "2025-08-20T10:42:00+02:00", "count_line": 34, "location": "CSriOosterdokskade", "count_area": 64.0, "countline_length": 7, "density": 0.28762364661089379, "flow": 4.8571428571428568, "LoS": "LoS A" }, "geometry": { "type": "Polygon", "coordinates": [ [ [ 122048.376863329031039, 487807.469361883937381 ], [ 122071.01856669143308, 487793.318297282443382 ], [ 122066.505524467182113, 487786.586980066611432 ], [ 122043.86382110476552, 487800.049614498275332 ], [ 122048.376863329031039, 487807.469361883937381 ] ] ] } },
{ "type": "Feature", "properties": { "sensor": "GASA-04", "time": "2025-08-20T10:44:00+02:00", "count_line": 98, "location": "CSriOosterdokskade", "count_area": 173.0, "countline_length": 7, "density": 0.77748266974507219, "flow": 14.0, "LoS": "LoS C" }, "geometry": { "type": "Polygon", "coordinates": [ [ [ 122048.376863329031039, 487807.469361883937381 ], [ 122071.01856669143308, 487793.318297282443382 ], [ 122066.505524467182113, 487786.586980066611432 ], [ 122043.86382110476552, 487800.049614498275332 ], [ 122048.376863329031039, 487807.469361883937381 ] ] ] } },
{ "type": "Feature", "properties": { "sensor": "GASA-04", "time": "2025-08-20T10:45:00+02:00", "count_line": 37, "location": "CSriOosterdokskade", "count_area": 70.0, "countline_length": 7, "density": 0.31458836348066505, "flow": 5.2857142857142856, "LoS": "LoS B" }, "geometry": { "type": "Polygon", "coordinates": [ [ [ 122048.376863329031039, 487807.469361883937381 ], [ 122071.01856669143308, 487793.318297282443382 ], [ 122066.505524467182113, 487786.586980066611432 ], [ 122043.86382110476552, 487800.049614498275332 ], [ 122048.376863329031039, 487807.469361883937381 ] ] ] } },
{ "type": "Feature", "properties": { "sensor": "GASA-04", "time": "2025-08-20T10:46:00+02:00", "count_line": 37, "location": "CSriOosterdokskade", "count_area": 65.0, "countline_length": 7, "density": 0.29211776608918899, "flow": 5.2857142857142856, "LoS": "LoS A" }, "geometry": { "type": "Polygon", "coordinates": [ [ [ 122048.376863329031039, 487807.469361883937381 ], [ 122071.01856669143308, 487793.318297282443382 ], [ 122066.505524467182113, 487786.586980066611432 ], [ 122043.86382110476552, 487800.049614498275332 ], [ 122048.376863329031039, 487807.469361883937381 ] ] ] } },
{ "type": "Feature", "properties": { "sensor": "GASA-04", "time": "2025-08-20T10:48:00+02:00", "count_line": 84, "location": "CSriOosterdokskade", "count_area": 154.0, "countline_length": 7, "density": 0.69209439965746311, "flow": 12.0, "LoS": "LoS B" }, "geometry": { "type": "Polygon", "coordinates": [ [ [ 122048.376863329031039, 487807.469361883937381 ], [ 122071.01856669143308, 487793.318297282443382 ], [ 122066.505524467182113, 487786.586980066611432 ], [ 122043.86382110476552, 487800.049614498275332 ], [ 122048.376863329031039, 487807.469361883937381 ] ] ] } },
{ "type": "Feature", "properties": { "sensor": "GASA-04", "time": "2025-08-20T10:50:00+02:00", "count_line": 96, "location": "CSriOosterdokskade", "count_area": 149.0, "countline_length": 7, "density": 0.66962380226598706, "flow": 13.714285714285714, "LoS": "LoS B" }, "geometry": { "type": "Polygon", "coordinates": [ [ [ 122048.376863329031039, 487807.469361883937381 ], [ 122071.01856669143308, 487793.318297282443382 ], [ 122066.505524467182113, 487786.586980066611432 ], [ 122043.86382110476552, 487800.049614498275332 ], [ 122048.376863329031039, 487807.469361883937381 ] ] ] } },
{ "type": "Feature", "properties": { "sensor": "GASA-04", "time": "2025-08-20T10:51:00+02:00", "count_line": 32, "location": "CSriOosterdokskade", "count_area": 56.0, "countline_length": 7, "density": 0.25167069078453203, "flow": 4.5714285714285712, "LoS": "LoS A" }, "geometry": { "type": "Polygon", "coordinates": [ [ [ 122048.376863329031039, 487807.469361883937381 ], [ 122071.01856669143308, 487793.318297282443382 ], [ 122066.505524467182113, 487786.586980066611432 ], [ 122043.86382110476552, 487800.049614498275332 ], [ 122048.376863329031039, 487807.469361883937381 ] ] ] } },
{ "type": "Feature", "properties": { "sensor": "GASA-04", "time": "2025-08-20T10:52:00+02:00", "count_line": 34, "location": "CSriOosterdokskade", "count_area": 62.0, "countline_length": 7, "density": 0.27863540765430334, "flow": 4.8571428571428568, "LoS": "LoS A" }, "geometry": { "type": "Polygon", "coordinates": [ [ [ 122048.376863329031039, 487807.469361883937381 ], [ 122071.01856669143308, 487793.318297282443382 ], [ 122066.505524467182113, 487786.586980066611432 ], [ 122043.86382110476552, 487800.049614498275332 ], [ 122048.376863329031039, 487807.469361883937381 ] ] ] } },
{ "type": "Feature", "properties": { "sensor": "GASA-04", "time": "2025-08-20T10:54:00+02:00", "count_line": 90, "location": "CSriOosterdokskade", "count_area": 141.0, "countline_length": 7, "density": 0.63367084643962535, "flow": 12.857142857142858, "LoS": "LoS B" }, "geometry": { "type": "Polygon", "coordinates": [ [ [ 122048.376863329031039, 487807.469361883937381 ], [ 122071.01856669143308, 487793.318297282443382 ], [ 122066.505524467182113, 487786.586980066611432 ], [ 122043.86382110476552, 487800.049614498275332 ], [ 122048.376863329031039, 487807.469361883937381 ] ] ] } },
{ "type": "Feature", "properties": { "sensor": "GASA-04", "time": "2025-08-20T10:55:00+02:00", "count_line": 28, "location": "CSriOosterdokskade", "count_area": 42.0, "countline_length": 7, "density": 0.18875301808839903, "flow": 4.0, "LoS": "LoS A" }, "geometry": { "type": "Polygon", "coordinates": [ [ [ 122048.376863329031039, 487807.469361883937381 ], [ 122071.01856669143308, 487793.318297282443382 ], [ 122066.505524467182113, 487786.586980066611432 ], [ 122043.86382110476552, 487800.049614498275332 ], [ 122048.376863329031039, 487807.469361883937381 ] ] ] } },
{ "type": "Feature", "properties": { "sensor": "GASA-04", "time": "2025-08-20T10:56:00+02:00", "count_line": 47, "location": "CSriOosterdokskade", "count_area": 80.0, "countline_length": 7, "density": 0.35952955826361721, "flow": 6.7142857142857144, "LoS": "LoS B" }, "geometry": { "type": "Polygon", "coordinates": [ [ [ 122048.376863329031039, 487807.469361883937381 ], [ 122071.01856669143308, 487793.318297282443382 ], [ 122066.505524467182113, 487786.586980066611432 ], [ 122043.86382110476552, 487800.049614498275332 ], [ 122048.376863329031039, 487807.469361883937381 ] ] ] } },
{ "type": "Feature", "properties": { "sensor": "GASA-04", "time": "2025-08-20T10:58:00+02:00", "count_line": 108, "location": "CSriOosterdokskade", "count_area": 206.0, "countline_length": 7, "density": 0.92578861252881428, "flow": 15.428571428571429, "LoS": "LoS C" }, "geometry": { "type": "Polygon", "coordinates": [ [ [ 122048.376863329031039, 487807.469361883937381 ], [ 122071.01856669143308, 487793.318297282443382 ], [ 122066.505524467182113, 487786.586980066611432 ], [ 122043.86382110476552, 487800.049614498275332 ], [ 122048.376863329031039, 487807.469361883937381 ] ] ] } },
{ "type": "Feature", "properties": { "sensor": "GASA-04", "time": "2025-08-20T11:00:00+02:00", "count_line": 88, "location": "CSriOosterdokskade", "count_area": 148.0, "countline_length": 7, "density": 0.6651296827876918, "flow": 12.571428571428571, "LoS": "LoS B" }, "geometry": { "type": "Polygon", "coordinates": [ [ [ 122048.376863329031039, 487807.469361883937381 ], [ 122071.01856669143308, 487793.318297282443382 ], [ 122066.505524467182113, 487786.586980066611432 ], [ 122043.86382110476552, 487800.049614498275332 ], [ 122048.376863329031039, 487807.469361883937381 ] ] ] } },
{ "type": "Feature", "properties": { "sensor": "GASA-04", "time": "2025-08-20T11:02:00+02:00", "count_line": 64, "location": "CSriOosterdokskade", "count_area": 103.0, "countline_length": 7, "density": 0.46289430626440714, "flow": 9.1428571428571423, "LoS": "LoS B" }, "geometry": { "type": "Polygon", "coordinates": [ [ [ 122048.376863329031039, 487807.469361883937381 ], [ 122071.01856669143308, 487793.318297282443382 ], [ 122066.505524467182113, 487786.586980066611432 ], [ 122043.86382110476552, 487800.049614498275332 ], [ 122048.376863329031039, 487807.469361883937381 ] ] ] } },
{ "type": "Feature", "properties": { "sensor": "GASA-04", "time": "2025-08-20T11:04:00+02:00", "count_line": 50, "location": "CSriOosterdokskade", "count_area": 99.0, "countline_length": 7, "density": 0.44491782835122629, "flow": 7.1428571428571432, "LoS": "LoS B" }, "geometry": { "type": "Polygon", "coordinates": [ [ [ 122048.376863329031039, 487807.469361883937381 ], [ 122071.01856669143308, 487793.318297282443382 ], [ 122066.505524467182113, 487786.586980066611432 ], [ 122043.86382110476552, 487800.049614498275332 ], [ 122048.376863329031039, 487807.469361883937381 ] ] ] } },
{ "type": "Feature", "properties": { "sensor": "GASA-04", "time": "2025-08-20T11:05:00+02:00", "count_line": 15, "location": "CSriOosterdokskade", "count_area": 28.0, "countline_length": 7, "density": 0.12583534539226601, "flow": 2.1428571428571428, "LoS": "LoS A" }, "geometry": { "type": "Polygon", "coordinates": [ [ [ 122048.376863329031039, 487807.469361883937381 ], [ 122071.01856669143308, 487793.318297282443382 ], [ 122066.505524467182113, 487786.586980066611432 ], [ 122043.86382110476552, 487800.049614498275332 ], [ 122048.376863329031039, 487807.469361883937381 ] ] ] } },
{ "type": "Feature", "properties": { "sensor": "GASA-04", "time": "2025-08-20T11:06:00+02:00", "count_line": 34, "location": "CSriOosterdokskade", "count_area": 53.0, "countline_length": 7, "density": 0.2381883323496464, "flow": 4.8571428571428568, "LoS": "LoS A" }, "geometry": { "type": "Polygon", "coordinates": [ [ [ 122048.376863329031039, 487807.469361883937381 ], [ 122071.01856669143308, 487793.318297282443382 ], [ 122066.505524467182113, 487786.586980066611432 ], [ 122043.86382110476552, 487800.049614498275332 ], [ 122048.376863329031039, 487807.469361883937381 ] ] ] } },
{ "type": "Feature", "properties": { "sensor": "GASA-04", "time": "2025-08-20T11:08:00+02:00", "count_line": 86, "location": "CSriOosterdokskade", "count_area": 150.0, "countline_length": 7, "density": 0.67411792174428231, "flow": 12.285714285714286, "LoS": "LoS B" }, "geometry": { "type": "Polygon", "coordinates": [ [ [ 122048.376863329031039, 487807.469361883937381 ], [ 122071.01856669143308, 487793.318297282443382 ], [ 122066.505524467182113, 487786.586980066611432 ], [ 122043.86382110476552, 487800.049614498275332 ], [ 122048.376863329031039, 487807.469361883937381 ] ] ] } },
{ "type": "Feature", "properties": { "sensor": "GASA-04", "time": "2025-08-20T11:10:00+02:00", "count_line": 108, "location": "CSriOosterdokskade", "count_area": 197.0, "countline_length": 7, "density": 0.88534153722415743, "flow": 15.428571428571429, "LoS": "LoS C" }, "geometry": { "type": "Polygon", "coordinates": [ [ [ 122048.376863329031039, 487807.469361883937381 ], [ 122071.01856669143308, 487793.318297282443382 ], [ 122066.505524467182113, 487786.586980066611432 ], [ 122043.86382110476552, 487800.049614498275332 ], [ 122048.376863329031039, 487807.469361883937381 ] ] ] } },
{ "type": "Feature", "properties": { "sensor": "GASA-04", "time": "2025-08-20T11:12:00+02:00", "count_line": 58, "location": "CSriOosterdokskade", "count_area": 112.0, "countline_length": 7, "density": 0.50334138156906405, "flow": 8.2857142857142865, "LoS": "LoS B" }, "geometry": { "type": "Polygon", "coordinates": [ [ [ 122048.376863329031039, 487807.469361883937381 ], [ 122071.01856669143308, 487793.318297282443382 ], [ 122066.505524467182113, 487786.586980066611432 ], [ 122043.86382110476552, 487800.049614498275332 ], [ 122048.376863329031039, 487807.469361883937381 ] ] ] } },
{ "type": "Feature", "properties": { "sensor": "GASA-04", "time": "2025-08-20T11:14:00+02:00", "count_line": 68, "location": "CSriOosterdokskade", "count_area": 127.0, "countline_length": 7, "density": 0.57075317374349233, "flow": 9.7142857142857135, "LoS": "LoS B" }, "geometry": { "type": "Polygon", "coordinates": [ [ [ 122048.376863329031039, 487807.469361883937381 ], [ 122071.01856669143308, 487793.318297282443382 ], [ 122066.505524467182113, 487786.586980066611432 ], [ 122043.86382110476552, 487800.049614498275332 ], [ 122048.376863329031039, 487807.469361883937381 ] ] ] } },
{ "type": "Feature", "properties": { "sensor": "GASA-04", "time": "2025-08-20T11:15:00+02:00", "count_line": 23, "location": "CSriOosterdokskade", "count_area": 37.0, "countline_length": 7, "density": 0.16628242069692295, "flow": 3.2857142857142856, "LoS": "LoS A" }, "geometry": { "type": "Polygon", "coordinates": [ [ [ 122048.376863329031039, 487807.469361883937381 ], [ 122071.01856669143308, 487793.318297282443382 ], [ 122066.505524467182113, 487786.586980066611432 ], [ 122043.86382110476552, 487800.049614498275332 ], [ 122048.376863329031039, 487807.469361883937381 ] ] ] } },
{ "type": "Feature", "properties": { "sensor": "GASA-04", "time": "2025-08-20T11:16:00+02:00", "count_line": 44, "location": "CSriOosterdokskade", "count_area": 83.0, "countline_length": 7, "density": 0.37301191669850287, "flow": 6.2857142857142856, "LoS": "LoS B" }, "geometry": { "type": "Polygon", "coordinates": [ [ [ 122048.376863329031039, 487807.469361883937381 ], [ 122071.01856669143308, 487793.318297282443382 ], [ 122066.505524467182113, 487786.586980066611432 ], [ 122043.86382110476552, 487800.049614498275332 ], [ 122048.376863329031039, 487807.469361883937381 ] ] ] } },
{ "type": "Feature", "properties": { "sensor": "GASA-04", "time": "2025-08-20T11:18:00+02:00", "count_line": 138, "location": "CSriOosterdokskade", "count_area": 231.0, "countline_length": 7, "density": 1.0381415994861947, "flow": 19.714285714285715, "LoS": "LoS C" }, "geometry": { "type": "Polygon", "coordinates": [ [ [ 122048.376863329031039, 487807.469361883937381 ], [ 122071.01856669143308, 487793.318297282443382 ], [ 122066.505524467182113, 487786.586980066611432 ], [ 122043.86382110476552, 487800.049614498275332 ], [ 122048.376863329031039, 487807.469361883937381 ] ] ] } },
{ "type": "Feature", "properties": { "sensor": "GASA-04", "time": "2025-08-20T11:20:00+02:00", "count_line": 86, "location": "CSriOosterdokskade", "count_area": 158.0, "countline_length": 7, "density": 0.71007087757064402, "flow": 12.285714285714286, "LoS": "LoS C" }, "geometry": { "type": "Polygon", "coordinates": [ [ [ 122048.376863329031039, 487807.469361883937381 ], [ 122071.01856669143308, 487793.318297282443382 ], [ 122066.505524467182113, 487786.586980066611432 ], [ 122043.86382110476552, 487800.049614498275332 ], [ 122048.376863329031039, 487807.469361883937381 ] ] ] } },
{ "type": "Feature", "properties": { "sensor": "GASA-04", "time": "2025-08-20T11:22:00+02:00", "count_line": 76, "location": "CSriOosterdokskade", "count_area": 144.0, "countline_length": 7, "density": 0.647153204874511, "flow": 10.857142857142858, "LoS": "LoS B" }, "geometry": { "type": "Polygon", "coordinates": [ [ [ 122048.376863329031039, 487807.469361883937381 ], [ 122071.01856669143308, 487793.318297282443382 ], [ 122066.505524467182113, 487786.586980066611432 ], [ 122043.86382110476552, 487800.049614498275332 ], [ 122048.376863329031039, 487807.469361883937381 ] ] ] } },
{ "type": "Feature", "properties": { "sensor": "GASA-04", "time": "2025-08-20T11:24:00+02:00", "count_line": 92, "location": "CSriOosterdokskade", "count_area": 151.0, "countline_length": 7, "density": 0.67861204122257746, "flow": 13.142857142857142, "LoS": "LoS B" }, "geometry": { "type": "Polygon", "coordinates": [ [ [ 122048.376863329031039, 487807.469361883937381 ], [ 122071.01856669143308, 487793.318297282443382 ], [ 122066.505524467182113, 487786.586980066611432 ], [ 122043.86382110476552, 487800.049614498275332 ], [ 122048.376863329031039, 487807.469361883937381 ] ] ] } },
{ "type": "Feature", "properties": { "sensor": "GASA-04", "time": "2025-08-20T11:25:00+02:00", "count_line": 41, "location": "CSriOosterdokskade", "count_area": 80.0, "countline_length": 7, "density": 0.35952955826361721, "flow": 5.8571428571428568, "LoS": "LoS B" }, "geometry": { "type": "Polygon", "coordinates": [ [ [ 122048.376863329031039, 487807.469361883937381 ], [ 122071.01856669143308, 487793.318297282443382 ], [ 122066.505524467182113, 487786.586980066611432 ], [ 122043.86382110476552, 487800.049614498275332 ], [ 122048.376863329031039, 487807.469361883937381 ] ] ] } },
{ "type": "Feature", "properties": { "sensor": "GASA-04", "time": "2025-08-20T11:26:00+02:00", "count_line": 44, "location": "CSriOosterdokskade", "count_area": 72.0, "countline_length": 7, "density": 0.3235766024372555, "flow": 6.2857142857142856, "LoS": "LoS B" }, "geometry": { "type": "Polygon", "coordinates": [ [ [ 122048.376863329031039, 487807.469361883937381 ], [ 122071.01856669143308, 487793.318297282443382 ], [ 122066.505524467182113, 487786.586980066611432 ], [ 122043.86382110476552, 487800.049614498275332 ], [ 122048.376863329031039, 487807.469361883937381 ] ] ] } },
{ "type": "Feature", "properties": { "sensor": "GASA-04", "time": "2025-08-20T11:28:00+02:00", "count_line": 104, "location": "CSriOosterdokskade", "count_area": 203.0, "countline_length": 7, "density": 0.91230625409392874, "flow": 14.857142857142858, "LoS": "LoS C" }, "geometry": { "type": "Polygon", "coordinates": [ [ [ 122048.376863329031039, 487807.469361883937381 ], [ 122071.01856669143308, 487793.318297282443382 ], [ 122066.505524467182113, 487786.586980066611432 ], [ 122043.86382110476552, 487800.049614498275332 ], [ 122048.376863329031039, 487807.469361883937381 ] ] ] } },
{ "type": "Feature", "properties": { "sensor": "GASA-04", "time": "2025-08-20T11:30:00+02:00", "count_line": 132, "location": "CSriOosterdokskade", "count_area": 259.0, "countline_length": 7, "density": 1.1639769448784607, "flow": 18.857142857142858, "LoS": "LoS C" }, "geometry": { "type": "Polygon", "coordinates": [ [ [ 122048.376863329031039, 487807.469361883937381 ], [ 122071.01856669143308, 487793.318297282443382 ], [ 122066.505524467182113, 487786.586980066611432 ], [ 122043.86382110476552, 487800.049614498275332 ], [ 122048.376863329031039, 487807.469361883937381 ] ] ] } },
{ "type": "Feature", "properties": { "sensor": "GASA-04", "time": "2025-08-20T11:32:00+02:00", "count_line": 66, "location": "CSriOosterdokskade", "count_area": 106.0, "countline_length": 7, "density": 0.4763766646992928, "flow": 9.4285714285714288, "LoS": "LoS B" }, "geometry": { "type": "Polygon", "coordinates": [ [ [ 122048.376863329031039, 487807.469361883937381 ], [ 122071.01856669143308, 487793.318297282443382 ], [ 122066.505524467182113, 487786.586980066611432 ], [ 122043.86382110476552, 487800.049614498275332 ], [ 122048.376863329031039, 487807.469361883937381 ] ] ] } },
{ "type": "Feature", "properties": { "sensor": "GASA-04", "time": "2025-08-20T11:34:00+02:00", "count_line": 56, "location": "CSriOosterdokskade", "count_area": 108.0, "countline_length": 7, "density": 0.48536490365588325, "flow": 8.0, "LoS": "LoS B" }, "geometry": { "type": "Polygon", "coordinates": [ [ [ 122048.376863329031039, 487807.469361883937381 ], [ 122071.01856669143308, 487793.318297282443382 ], [ 122066.505524467182113, 487786.586980066611432 ], [ 122043.86382110476552, 487800.049614498275332 ], [ 122048.376863329031039, 487807.469361883937381 ] ] ] } },
{ "type": "Feature", "properties": { "sensor": "GASA-04", "time": "2025-08-20T11:36:00+02:00", "count_line": 98, "location": "CSriOosterdokskade", "count_area": 158.0, "countline_length": 7, "density": 0.71007087757064402, "flow": 14.0, "LoS": "LoS C" }, "geometry": { "type": "Polygon", "coordinates": [ [ [ 122048.376863329031039, 487807.469361883937381 ], [ 122071.01856669143308, 487793.318297282443382 ], [ 122066.505524467182113, 487786.586980066611432 ], [ 122043.86382110476552, 487800.049614498275332 ], [ 122048.376863329031039, 487807.469361883937381 ] ] ] } },
{ "type": "Feature", "properties": { "sensor": "GASA-04", "time": "2025-08-20T11:38:00+02:00", "count_line": 48, "location": "CSriOosterdokskade", "count_area": 86.0, "countline_length": 7, "density": 0.38649427513338852, "flow": 6.8571428571428568, "LoS": "LoS B" }, "geometry": { "type": "Polygon", "coordinates": [ [ [ 122048.376863329031039, 487807.469361883937381 ], [ 122071.01856669143308, 487793.318297282443382 ], [ 122066.505524467182113, 487786.586980066611432 ], [ 122043.86382110476552, 487800.049614498275332 ], [ 122048.376863329031039, 487807.469361883937381 ] ] ] } },
{ "type": "Feature", "properties": { "sensor": "GASA-04", "time": "2025-08-20T11:40:00+02:00", "count_line": 128, "location": "CSriOosterdokskade", "count_area": 242.0, "countline_length": 7, "density": 1.087576913747442, "flow": 18.285714285714285, "LoS": "LoS C" }, "geometry": { "type": "Polygon", "coordinates": [ [ [ 122048.376863329031039, 487807.469361883937381 ], [ 122071.01856669143308, 487793.318297282443382 ], [ 122066.505524467182113, 487786.586980066611432 ], [ 122043.86382110476552, 487800.049614498275332 ], [ 122048.376863329031039, 487807.469361883937381 ] ] ] } },
{ "type": "Feature", "properties": { "sensor": "GASA-04", "time": "2025-08-20T11:42:00+02:00", "count_line": 126, "location": "CSriOosterdokskade", "count_area": 197.0, "countline_length": 7, "density": 0.88534153722415743, "flow": 18.0, "LoS": "LoS C" }, "geometry": { "type": "Polygon", "coordinates": [ [ [ 122048.376863329031039, 487807.469361883937381 ], [ 122071.01856669143308, 487793.318297282443382 ], [ 122066.505524467182113, 487786.586980066611432 ], [ 122043.86382110476552, 487800.049614498275332 ], [ 122048.376863329031039, 487807.469361883937381 ] ] ] } },
{ "type": "Feature", "properties": { "sensor": "GASA-04", "time": "2025-08-20T11:44:00+02:00", "count_line": 58, "location": "CSriOosterdokskade", "count_area": 90.0, "countline_length": 7, "density": 0.40447075304656938, "flow": 8.2857142857142865, "LoS": "LoS B" }, "geometry": { "type": "Polygon", "coordinates": [ [ [ 122048.376863329031039, 487807.469361883937381 ], [ 122071.01856669143308, 487793.318297282443382 ], [ 122066.505524467182113, 487786.586980066611432 ], [ 122043.86382110476552, 487800.049614498275332 ], [ 122048.376863329031039, 487807.469361883937381 ] ] ] } },
{ "type": "Feature", "properties": { "sensor": "GASA-04", "time": "2025-08-20T11:46:00+02:00", "count_line": 98, "location": "CSriOosterdokskade", "count_area": 189.0, "countline_length": 7, "density": 0.84938858139779572, "flow": 14.0, "LoS": "LoS C" }, "geometry": { "type": "Polygon", "coordinates": [ [ [ 122048.376863329031039, 487807.469361883937381 ], [ 122071.01856669143308, 487793.318297282443382 ], [ 122066.505524467182113, 487786.586980066611432 ], [ 122043.86382110476552, 487800.049614498275332 ], [ 122048.376863329031039, 487807.469361883937381 ] ] ] } },
{ "type": "Feature", "properties": { "sensor": "GASA-04", "time": "2025-08-20T11:48:00+02:00", "count_line": 72, "location": "CSriOosterdokskade", "count_area": 120.0, "countline_length": 7, "density": 0.53929433739542587, "flow": 10.285714285714286, "LoS": "LoS B" }, "geometry": { "type": "Polygon", "coordinates": [ [ [ 122048.376863329031039, 487807.469361883937381 ], [ 122071.01856669143308, 487793.318297282443382 ], [ 122066.505524467182113, 487786.586980066611432 ], [ 122043.86382110476552, 487800.049614498275332 ], [ 122048.376863329031039, 487807.469361883937381 ] ] ] } },
{ "type": "Feature", "properties": { "sensor": "GASA-04", "time": "2025-08-20T11:50:00+02:00", "count_line": 92, "location": "CSriOosterdokskade", "count_area": 163.0, "countline_length": 7, "density": 0.73254147496212008, "flow": 13.142857142857142, "LoS": "LoS C" }, "geometry": { "type": "Polygon", "coordinates": [ [ [ 122048.376863329031039, 487807.469361883937381 ], [ 122071.01856669143308, 487793.318297282443382 ], [ 122066.505524467182113, 487786.586980066611432 ], [ 122043.86382110476552, 487800.049614498275332 ], [ 122048.376863329031039, 487807.469361883937381 ] ] ] } },
{ "type": "Feature", "properties": { "sensor": "GASA-04", "time": "2025-08-20T11:52:00+02:00", "count_line": 84, "location": "CSriOosterdokskade", "count_area": 162.0, "countline_length": 7, "density": 0.72804735548382482, "flow": 12.0, "LoS": "LoS C" }, "geometry": { "type": "Polygon", "coordinates": [ [ [ 122048.376863329031039, 487807.469361883937381 ], [ 122071.01856669143308, 487793.318297282443382 ], [ 122066.505524467182113, 487786.586980066611432 ], [ 122043.86382110476552, 487800.049614498275332 ], [ 122048.376863329031039, 487807.469361883937381 ] ] ] } },
{ "type": "Feature", "properties": { "sensor": "GASA-04", "time": "2025-08-20T11:54:00+02:00", "count_line": 78, "location": "CSriOosterdokskade", "count_area": 142.0, "countline_length": 7, "density": 0.6381649659179206, "flow": 11.142857142857142, "LoS": "LoS B" }, "geometry": { "type": "Polygon", "coordinates": [ [ [ 122048.376863329031039, 487807.469361883937381 ], [ 122071.01856669143308, 487793.318297282443382 ], [ 122066.505524467182113, 487786.586980066611432 ], [ 122043.86382110476552, 487800.049614498275332 ], [ 122048.376863329031039, 487807.469361883937381 ] ] ] } },
{ "type": "Feature", "properties": { "sensor": "GASA-04", "time": "2025-08-20T11:56:00+02:00", "count_line": 116, "location": "CSriOosterdokskade", "count_area": 194.0, "countline_length": 7, "density": 0.87185917878927177, "flow": 16.571428571428573, "LoS": "LoS C" }, "geometry": { "type": "Polygon", "coordinates": [ [ [ 122048.376863329031039, 487807.469361883937381 ], [ 122071.01856669143308, 487793.318297282443382 ], [ 122066.505524467182113, 487786.586980066611432 ], [ 122043.86382110476552, 487800.049614498275332 ], [ 122048.376863329031039, 487807.469361883937381 ] ] ] } },
{ "type": "Feature", "properties": { "sensor": "GASA-04", "time": "2025-08-20T11:58:00+02:00", "count_line": 66, "location": "CSriOosterdokskade", "count_area": 115.0, "countline_length": 7, "density": 0.51682374000394971, "flow": 9.4285714285714288, "LoS": "LoS B" }, "geometry": { "type": "Polygon", "coordinates": [ [ [ 122048.376863329031039, 487807.469361883937381 ], [ 122071.01856669143308, 487793.318297282443382 ], [ 122066.505524467182113, 487786.586980066611432 ], [ 122043.86382110476552, 487800.049614498275332 ], [ 122048.376863329031039, 487807.469361883937381 ] ] ] } },
{ "type": "Feature", "properties": { "sensor": "GASA-04", "time": "2025-08-20T12:00:00+02:00", "count_line": 104, "location": "CSriOosterdokskade", "count_area": 160.0, "countline_length": 7, "density": 0.71905911652723442, "flow": 14.857142857142858, "LoS": "LoS C" }, "geometry": { "type": "Polygon", "coordinates": [ [ [ 122048.376863329031039, 487807.469361883937381 ], [ 122071.01856669143308, 487793.318297282443382 ], [ 122066.505524467182113, 487786.586980066611432 ], [ 122043.86382110476552, 487800.049614498275332 ], [ 122048.376863329031039, 487807.469361883937381 ] ] ] } },
{ "type": "Feature", "properties": { "sensor": "GASA-04", "time": "2025-08-20T12:02:00+02:00", "count_line": 96, "location": "CSriOosterdokskade", "count_area": 180.0, "countline_length": 7, "density": 0.80894150609313875, "flow": 13.714285714285714, "LoS": "LoS C" }, "geometry": { "type": "Polygon", "coordinates": [ [ [ 122048.376863329031039, 487807.469361883937381 ], [ 122071.01856669143308, 487793.318297282443382 ], [ 122066.505524467182113, 487786.586980066611432 ], [ 122043.86382110476552, 487800.049614498275332 ], [ 122048.376863329031039, 487807.469361883937381 ] ] ] } },
{ "type": "Feature", "properties": { "sensor": "GASA-04", "time": "2025-08-20T12:04:00+02:00", "count_line": 100, "location": "CSriOosterdokskade", "count_area": 152.0, "countline_length": 7, "density": 0.68310616070087271, "flow": 14.285714285714286, "LoS": "LoS B" }, "geometry": { "type": "Polygon", "coordinates": [ [ [ 122048.376863329031039, 487807.469361883937381 ], [ 122071.01856669143308, 487793.318297282443382 ], [ 122066.505524467182113, 487786.586980066611432 ], [ 122043.86382110476552, 487800.049614498275332 ], [ 122048.376863329031039, 487807.469361883937381 ] ] ] } },
{ "type": "Feature", "properties": { "sensor": "GASA-04", "time": "2025-08-20T12:06:00+02:00", "count_line": 64, "location": "CSriOosterdokskade", "count_area": 109.0, "countline_length": 7, "density": 0.48985902313417845, "flow": 9.1428571428571423, "LoS": "LoS B" }, "geometry": { "type": "Polygon", "coordinates": [ [ [ 122048.376863329031039, 487807.469361883937381 ], [ 122071.01856669143308, 487793.318297282443382 ], [ 122066.505524467182113, 487786.586980066611432 ], [ 122043.86382110476552, 487800.049614498275332 ], [ 122048.376863329031039, 487807.469361883937381 ] ] ] } },
{ "type": "Feature", "properties": { "sensor": "GASA-04", "time": "2025-08-20T12:08:00+02:00", "count_line": 100, "location": "CSriOosterdokskade", "count_area": 159.0, "countline_length": 7, "density": 0.71456499704893917, "flow": 14.285714285714286, "LoS": "LoS C" }, "geometry": { "type": "Polygon", "coordinates": [ [ [ 122048.376863329031039, 487807.469361883937381 ], [ 122071.01856669143308, 487793.318297282443382 ], [ 122066.505524467182113, 487786.586980066611432 ], [ 122043.86382110476552, 487800.049614498275332 ], [ 122048.376863329031039, 487807.469361883937381 ] ] ] } },
{ "type": "Feature", "properties": { "sensor": "GASA-04", "time": "2025-08-20T12:10:00+02:00", "count_line": 56, "location": "CSriOosterdokskade", "count_area": 95.0, "countline_length": 7, "density": 0.42694135043804543, "flow": 8.0, "LoS": "LoS B" }, "geometry": { "type": "Polygon", "coordinates": [ [ [ 122048.376863329031039, 487807.469361883937381 ], [ 122071.01856669143308, 487793.318297282443382 ], [ 122066.505524467182113, 487786.586980066611432 ], [ 122043.86382110476552, 487800.049614498275332 ], [ 122048.376863329031039, 487807.469361883937381 ] ] ] } },
{ "type": "Feature", "properties": { "sensor": "GASA-04", "time": "2025-08-20T12:12:00+02:00", "count_line": 84, "location": "CSriOosterdokskade", "count_area": 144.0, "countline_length": 7, "density": 0.647153204874511, "flow": 12.0, "LoS": "LoS B" }, "geometry": { "type": "Polygon", "coordinates": [ [ [ 122048.376863329031039, 487807.469361883937381 ], [ 122071.01856669143308, 487793.318297282443382 ], [ 122066.505524467182113, 487786.586980066611432 ], [ 122043.86382110476552, 487800.049614498275332 ], [ 122048.376863329031039, 487807.469361883937381 ] ] ] } },
{ "type": "Feature", "properties": { "sensor": "GASA-04", "time": "2025-08-20T12:14:00+02:00", "count_line": 124, "location": "CSriOosterdokskade", "count_area": 203.0, "countline_length": 7, "density": 0.91230625409392874, "flow": 17.714285714285715, "LoS": "LoS C" }, "geometry": { "type": "Polygon", "coordinates": [ [ [ 122048.376863329031039, 487807.469361883937381 ], [ 122071.01856669143308, 487793.318297282443382 ], [ 122066.505524467182113, 487786.586980066611432 ], [ 122043.86382110476552, 487800.049614498275332 ], [ 122048.376863329031039, 487807.469361883937381 ] ] ] } },
{ "type": "Feature", "properties": { "sensor": "GASA-04", "time": "2025-08-20T12:16:00+02:00", "count_line": 98, "location": "CSriOosterdokskade", "count_area": 171.0, "countline_length": 7, "density": 0.76849443078848179, "flow": 14.0, "LoS": "LoS C" }, "geometry": { "type": "Polygon", "coordinates": [ [ [ 122048.376863329031039, 487807.469361883937381 ], [ 122071.01856669143308, 487793.318297282443382 ], [ 122066.505524467182113, 487786.586980066611432 ], [ 122043.86382110476552, 487800.049614498275332 ], [ 122048.376863329031039, 487807.469361883937381 ] ] ] } },
{ "type": "Feature", "properties": { "sensor": "GASA-04", "time": "2025-08-20T12:18:00+02:00", "count_line": 100, "location": "CSriOosterdokskade", "count_area": 199.0, "countline_length": 7, "density": 0.89432977618074783, "flow": 14.285714285714286, "LoS": "LoS C" }, "geometry": { "type": "Polygon", "coordinates": [ [ [ 122048.376863329031039, 487807.469361883937381 ], [ 122071.01856669143308, 487793.318297282443382 ], [ 122066.505524467182113, 487786.586980066611432 ], [ 122043.86382110476552, 487800.049614498275332 ], [ 122048.376863329031039, 487807.469361883937381 ] ] ] } },
{ "type": "Feature", "properties": { "sensor": "GASA-04", "time": "2025-08-20T12:20:00+02:00", "count_line": 66, "location": "CSriOosterdokskade", "count_area": 116.0, "countline_length": 7, "density": 0.52131785948224496, "flow": 9.4285714285714288, "LoS": "LoS B" }, "geometry": { "type": "Polygon", "coordinates": [ [ [ 122048.376863329031039, 487807.469361883937381 ], [ 122071.01856669143308, 487793.318297282443382 ], [ 122066.505524467182113, 487786.586980066611432 ], [ 122043.86382110476552, 487800.049614498275332 ], [ 122048.376863329031039, 487807.469361883937381 ] ] ] } },
{ "type": "Feature", "properties": { "sensor": "GASA-04", "time": "2025-08-20T12:22:00+02:00", "count_line": 98, "location": "CSriOosterdokskade", "count_area": 192.0, "countline_length": 7, "density": 0.86287093983268137, "flow": 14.0, "LoS": "LoS C" }, "geometry": { "type": "Polygon", "coordinates": [ [ [ 122048.376863329031039, 487807.469361883937381 ], [ 122071.01856669143308, 487793.318297282443382 ], [ 122066.505524467182113, 487786.586980066611432 ], [ 122043.86382110476552, 487800.049614498275332 ], [ 122048.376863329031039, 487807.469361883937381 ] ] ] } },
{ "type": "Feature", "properties": { "sensor": "GASA-04", "time": "2025-08-20T12:24:00+02:00", "count_line": 66, "location": "CSriOosterdokskade", "count_area": 128.0, "countline_length": 7, "density": 0.57524729322178758, "flow": 9.4285714285714288, "LoS": "LoS B" }, "geometry": { "type": "Polygon", "coordinates": [ [ [ 122048.376863329031039, 487807.469361883937381 ], [ 122071.01856669143308, 487793.318297282443382 ], [ 122066.505524467182113, 487786.586980066611432 ], [ 122043.86382110476552, 487800.049614498275332 ], [ 122048.376863329031039, 487807.469361883937381 ] ] ] } },
{ "type": "Feature", "properties": { "sensor": "GASA-04", "time": "2025-08-20T12:26:00+02:00", "count_line": 118, "location": "CSriOosterdokskade", "count_area": 230.0, "countline_length": 7, "density": 1.0336474800078994, "flow": 16.857142857142858, "LoS": "LoS C" }, "geometry": { "type": "Polygon", "coordinates": [ [ [ 122048.376863329031039, 487807.469361883937381 ], [ 122071.01856669143308, 487793.318297282443382 ], [ 122066.505524467182113, 487786.586980066611432 ], [ 122043.86382110476552, 487800.049614498275332 ], [ 122048.376863329031039, 487807.469361883937381 ] ] ] } },
{ "type": "Feature", "properties": { "sensor": "GASA-04", "time": "2025-08-20T12:28:00+02:00", "count_line": 88, "location": "CSriOosterdokskade", "count_area": 148.0, "countline_length": 7, "density": 0.6651296827876918, "flow": 12.571428571428571, "LoS": "LoS B" }, "geometry": { "type": "Polygon", "coordinates": [ [ [ 122048.376863329031039, 487807.469361883937381 ], [ 122071.01856669143308, 487793.318297282443382 ], [ 122066.505524467182113, 487786.586980066611432 ], [ 122043.86382110476552, 487800.049614498275332 ], [ 122048.376863329031039, 487807.469361883937381 ] ] ] } },
{ "type": "Feature", "properties": { "sensor": "GASA-04", "time": "2025-08-20T12:30:00+02:00", "count_line": 158, "location": "CSriOosterdokskade", "count_area": 267.0, "countline_length": 7, "density": 1.1999299007048225, "flow": 22.571428571428573, "LoS": "LoS C" }, "geometry": { "type": "Polygon", "coordinates": [ [ [ 122048.376863329031039, 487807.469361883937381 ], [ 122071.01856669143308, 487793.318297282443382 ], [ 122066.505524467182113, 487786.586980066611432 ], [ 122043.86382110476552, 487800.049614498275332 ], [ 122048.376863329031039, 487807.469361883937381 ] ] ] } },
{ "type": "Feature", "properties": { "sensor": "GASA-04", "time": "2025-08-20T12:32:00+02:00", "count_line": 62, "location": "CSriOosterdokskade", "count_area": 119.0, "countline_length": 7, "density": 0.53480021791713062, "flow": 8.8571428571428577, "LoS": "LoS B" }, "geometry": { "type": "Polygon", "coordinates": [ [ [ 122048.376863329031039, 487807.469361883937381 ], [ 122071.01856669143308, 487793.318297282443382 ], [ 122066.505524467182113, 487786.586980066611432 ], [ 122043.86382110476552, 487800.049614498275332 ], [ 122048.376863329031039, 487807.469361883937381 ] ] ] } },
{ "type": "Feature", "properties": { "sensor": "GASA-04", "time": "2025-08-20T12:34:00+02:00", "count_line": 100, "location": "CSriOosterdokskade", "count_area": 194.0, "countline_length": 7, "density": 0.87185917878927177, "flow": 14.285714285714286, "LoS": "LoS C" }, "geometry": { "type": "Polygon", "coordinates": [ [ [ 122048.376863329031039, 487807.469361883937381 ], [ 122071.01856669143308, 487793.318297282443382 ], [ 122066.505524467182113, 487786.586980066611432 ], [ 122043.86382110476552, 487800.049614498275332 ], [ 122048.376863329031039, 487807.469361883937381 ] ] ] } },
{ "type": "Feature", "properties": { "sensor": "GASA-04", "time": "2025-08-20T12:36:00+02:00", "count_line": 76, "location": "CSriOosterdokskade", "count_area": 137.0, "countline_length": 7, "density": 0.61569436852644444, "flow": 10.857142857142858, "LoS": "LoS B" }, "geometry": { "type": "Polygon", "coordinates": [ [ [ 122048.376863329031039, 487807.469361883937381 ], [ 122071.01856669143308, 487793.318297282443382 ], [ 122066.505524467182113, 487786.586980066611432 ], [ 122043.86382110476552, 487800.049614498275332 ], [ 122048.376863329031039, 487807.469361883937381 ] ] ] } },
{ "type": "Feature", "properties": { "sensor": "GASA-04", "time": "2025-08-20T12:38:00+02:00", "count_line": 128, "location": "CSriOosterdokskade", "count_area": 196.0, "countline_length": 7, "density": 0.88084741774586217, "flow": 18.285714285714285, "LoS": "LoS C" }, "geometry": { "type": "Polygon", "coordinates": [ [ [ 122048.376863329031039, 487807.469361883937381 ], [ 122071.01856669143308, 487793.318297282443382 ], [ 122066.505524467182113, 487786.586980066611432 ], [ 122043.86382110476552, 487800.049614498275332 ], [ 122048.376863329031039, 487807.469361883937381 ] ] ] } },
{ "type": "Feature", "properties": { "sensor": "GASA-04", "time": "2025-08-20T12:40:00+02:00", "count_line": 108, "location": "CSriOosterdokskade", "count_area": 182.0, "countline_length": 7, "density": 0.81792974504972915, "flow": 15.428571428571429, "LoS": "LoS C" }, "geometry": { "type": "Polygon", "coordinates": [ [ [ 122048.376863329031039, 487807.469361883937381 ], [ 122071.01856669143308, 487793.318297282443382 ], [ 122066.505524467182113, 487786.586980066611432 ], [ 122043.86382110476552, 487800.049614498275332 ], [ 122048.376863329031039, 487807.469361883937381 ] ] ] } },
{ "type": "Feature", "properties": { "sensor": "GASA-04", "time": "2025-08-20T12:42:00+02:00", "count_line": 144, "location": "CSriOosterdokskade", "count_area": 239.0, "countline_length": 7, "density": 1.0740945553125565, "flow": 20.571428571428573, "LoS": "LoS C" }, "geometry": { "type": "Polygon", "coordinates": [ [ [ 122048.376863329031039, 487807.469361883937381 ], [ 122071.01856669143308, 487793.318297282443382 ], [ 122066.505524467182113, 487786.586980066611432 ], [ 122043.86382110476552, 487800.049614498275332 ], [ 122048.376863329031039, 487807.469361883937381 ] ] ] } },
{ "type": "Feature", "properties": { "sensor": "GASA-04", "time": "2025-08-20T12:44:00+02:00", "count_line": 96, "location": "CSriOosterdokskade", "count_area": 169.0, "countline_length": 7, "density": 0.75950619183189139, "flow": 13.714285714285714, "LoS": "LoS C" }, "geometry": { "type": "Polygon", "coordinates": [ [ [ 122048.376863329031039, 487807.469361883937381 ], [ 122071.01856669143308, 487793.318297282443382 ], [ 122066.505524467182113, 487786.586980066611432 ], [ 122043.86382110476552, 487800.049614498275332 ], [ 122048.376863329031039, 487807.469361883937381 ] ] ] } },
{ "type": "Feature", "properties": { "sensor": "GASA-04", "time": "2025-08-20T12:46:00+02:00", "count_line": 86, "location": "CSriOosterdokskade", "count_area": 143.0, "countline_length": 7, "density": 0.64265908539621575, "flow": 12.285714285714286, "LoS": "LoS B" }, "geometry": { "type": "Polygon", "coordinates": [ [ [ 122048.376863329031039, 487807.469361883937381 ], [ 122071.01856669143308, 487793.318297282443382 ], [ 122066.505524467182113, 487786.586980066611432 ], [ 122043.86382110476552, 487800.049614498275332 ], [ 122048.376863329031039, 487807.469361883937381 ] ] ] } },
{ "type": "Feature", "properties": { "sensor": "GASA-04", "time": "2025-08-20T12:48:00+02:00", "count_line": 84, "location": "CSriOosterdokskade", "count_area": 153.0, "countline_length": 7, "density": 0.68760028017916797, "flow": 12.0, "LoS": "LoS B" }, "geometry": { "type": "Polygon", "coordinates": [ [ [ 122048.376863329031039, 487807.469361883937381 ], [ 122071.01856669143308, 487793.318297282443382 ], [ 122066.505524467182113, 487786.586980066611432 ], [ 122043.86382110476552, 487800.049614498275332 ], [ 122048.376863329031039, 487807.469361883937381 ] ] ] } },
{ "type": "Feature", "properties": { "sensor": "GASA-04", "time": "2025-08-20T12:50:00+02:00", "count_line": 84, "location": "CSriOosterdokskade", "count_area": 146.0, "countline_length": 7, "density": 0.6561414438311014, "flow": 12.0, "LoS": "LoS B" }, "geometry": { "type": "Polygon", "coordinates": [ [ [ 122048.376863329031039, 487807.469361883937381 ], [ 122071.01856669143308, 487793.318297282443382 ], [ 122066.505524467182113, 487786.586980066611432 ], [ 122043.86382110476552, 487800.049614498275332 ], [ 122048.376863329031039, 487807.469361883937381 ] ] ] } },
{ "type": "Feature", "properties": { "sensor": "GASA-04", "time": "2025-08-20T12:52:00+02:00", "count_line": 90, "location": "CSriOosterdokskade", "count_area": 165.0, "countline_length": 7, "density": 0.74152971391871048, "flow": 12.857142857142858, "LoS": "LoS C" }, "geometry": { "type": "Polygon", "coordinates": [ [ [ 122048.376863329031039, 487807.469361883937381 ], [ 122071.01856669143308, 487793.318297282443382 ], [ 122066.505524467182113, 487786.586980066611432 ], [ 122043.86382110476552, 487800.049614498275332 ], [ 122048.376863329031039, 487807.469361883937381 ] ] ] } },
{ "type": "Feature", "properties": { "sensor": "GASA-04", "time": "2025-08-20T12:54:00+02:00", "count_line": 38, "location": "CSriOosterdokskade", "count_area": 74.0, "countline_length": 7, "density": 0.3325648413938459, "flow": 5.4285714285714288, "LoS": "LoS B" }, "geometry": { "type": "Polygon", "coordinates": [ [ [ 122048.376863329031039, 487807.469361883937381 ], [ 122071.01856669143308, 487793.318297282443382 ], [ 122066.505524467182113, 487786.586980066611432 ], [ 122043.86382110476552, 487800.049614498275332 ], [ 122048.376863329031039, 487807.469361883937381 ] ] ] } },
{ "type": "Feature", "properties": { "sensor": "GASA-04", "time": "2025-08-20T12:56:00+02:00", "count_line": 48, "location": "CSriOosterdokskade", "count_area": 92.0, "countline_length": 7, "density": 0.41345899200315978, "flow": 6.8571428571428568, "LoS": "LoS B" }, "geometry": { "type": "Polygon", "coordinates": [ [ [ 122048.376863329031039, 487807.469361883937381 ], [ 122071.01856669143308, 487793.318297282443382 ], [ 122066.505524467182113, 487786.586980066611432 ], [ 122043.86382110476552, 487800.049614498275332 ], [ 122048.376863329031039, 487807.469361883937381 ] ] ] } },
{ "type": "Feature", "properties": { "sensor": "GASA-04", "time": "2025-08-20T12:58:00+02:00", "count_line": 104, "location": "CSriOosterdokskade", "count_area": 190.0, "countline_length": 7, "density": 0.85388270087609086, "flow": 14.857142857142858, "LoS": "LoS C" }, "geometry": { "type": "Polygon", "coordinates": [ [ [ 122048.376863329031039, 487807.469361883937381 ], [ 122071.01856669143308, 487793.318297282443382 ], [ 122066.505524467182113, 487786.586980066611432 ], [ 122043.86382110476552, 487800.049614498275332 ], [ 122048.376863329031039, 487807.469361883937381 ] ] ] } },
{ "type": "Feature", "properties": { "sensor": "GASA-04", "time": "2025-08-20T13:00:00+02:00", "count_line": 130, "location": "CSriOosterdokskade", "count_area": 204.0, "countline_length": 7, "density": 0.91680037357222388, "flow": 18.571428571428573, "LoS": "LoS C" }, "geometry": { "type": "Polygon", "coordinates": [ [ [ 122048.376863329031039, 487807.469361883937381 ], [ 122071.01856669143308, 487793.318297282443382 ], [ 122066.505524467182113, 487786.586980066611432 ], [ 122043.86382110476552, 487800.049614498275332 ], [ 122048.376863329031039, 487807.469361883937381 ] ] ] } },
{ "type": "Feature", "properties": { "sensor": "GASA-04", "time": "2025-08-20T13:02:00+02:00", "count_line": 124, "location": "CSriOosterdokskade", "count_area": 214.0, "countline_length": 7, "density": 0.9617415683551761, "flow": 17.714285714285715, "LoS": "LoS C" }, "geometry": { "type": "Polygon", "coordinates": [ [ [ 122048.376863329031039, 487807.469361883937381 ], [ 122071.01856669143308, 487793.318297282443382 ], [ 122066.505524467182113, 487786.586980066611432 ], [ 122043.86382110476552, 487800.049614498275332 ], [ 122048.376863329031039, 487807.469361883937381 ] ] ] } },
{ "type": "Feature", "properties": { "sensor": "GASA-04", "time": "2025-08-20T13:04:00+02:00", "count_line": 61, "location": "CSriOosterdokskade", "count_area": 112.0, "countline_length": 7, "density": 0.50334138156906405, "flow": 8.7142857142857135, "LoS": "LoS B" }, "geometry": { "type": "Polygon", "coordinates": [ [ [ 122048.376863329031039, 487807.469361883937381 ], [ 122071.01856669143308, 487793.318297282443382 ], [ 122066.505524467182113, 487786.586980066611432 ], [ 122043.86382110476552, 487800.049614498275332 ], [ 122048.376863329031039, 487807.469361883937381 ] ] ] } },
{ "type": "Feature", "properties": { "sensor": "GASA-04", "time": "2025-08-20T13:06:00+02:00", "count_line": 70, "location": "CSriOosterdokskade", "count_area": 117.0, "countline_length": 7, "density": 0.52581197896054022, "flow": 10.0, "LoS": "LoS B" }, "geometry": { "type": "Polygon", "coordinates": [ [ [ 122048.376863329031039, 487807.469361883937381 ], [ 122071.01856669143308, 487793.318297282443382 ], [ 122066.505524467182113, 487786.586980066611432 ], [ 122043.86382110476552, 487800.049614498275332 ], [ 122048.376863329031039, 487807.469361883937381 ] ] ] } },
{ "type": "Feature", "properties": { "sensor": "GASA-04", "time": "2025-08-20T13:08:00+02:00", "count_line": 100, "location": "CSriOosterdokskade", "count_area": 165.0, "countline_length": 7, "density": 0.74152971391871048, "flow": 14.285714285714286, "LoS": "LoS C" }, "geometry": { "type": "Polygon", "coordinates": [ [ [ 122048.376863329031039, 487807.469361883937381 ], [ 122071.01856669143308, 487793.318297282443382 ], [ 122066.505524467182113, 487786.586980066611432 ], [ 122043.86382110476552, 487800.049614498275332 ], [ 122048.376863329031039, 487807.469361883937381 ] ] ] } },
{ "type": "Feature", "properties": { "sensor": "GASA-04", "time": "2025-08-20T13:10:00+02:00", "count_line": 46, "location": "CSriOosterdokskade", "count_area": 84.0, "countline_length": 7, "density": 0.37750603617679807, "flow": 6.5714285714285712, "LoS": "LoS B" }, "geometry": { "type": "Polygon", "coordinates": [ [ [ 122048.376863329031039, 487807.469361883937381 ], [ 122071.01856669143308, 487793.318297282443382 ], [ 122066.505524467182113, 487786.586980066611432 ], [ 122043.86382110476552, 487800.049614498275332 ], [ 122048.376863329031039, 487807.469361883937381 ] ] ] } },
{ "type": "Feature", "properties": { "sensor": "GASA-04", "time": "2025-08-20T13:12:00+02:00", "count_line": 108, "location": "CSriOosterdokskade", "count_area": 173.0, "countline_length": 7, "density": 0.77748266974507219, "flow": 15.428571428571429, "LoS": "LoS C" }, "geometry": { "type": "Polygon", "coordinates": [ [ [ 122048.376863329031039, 487807.469361883937381 ], [ 122071.01856669143308, 487793.318297282443382 ], [ 122066.505524467182113, 487786.586980066611432 ], [ 122043.86382110476552, 487800.049614498275332 ], [ 122048.376863329031039, 487807.469361883937381 ] ] ] } },
{ "type": "Feature", "properties": { "sensor": "GASA-04", "time": "2025-08-20T13:14:00+02:00", "count_line": 171, "location": "CSriOosterdokskade", "count_area": 326.0, "countline_length": 7, "density": 1.4650829499242402, "flow": 24.428571428571427, "LoS": "LoS D" }, "geometry": { "type": "Polygon", "coordinates": [ [ [ 122048.376863329031039, 487807.469361883937381 ], [ 122071.01856669143308, 487793.318297282443382 ], [ 122066.505524467182113, 487786.586980066611432 ], [ 122043.86382110476552, 487800.049614498275332 ], [ 122048.376863329031039, 487807.469361883937381 ] ] ] } },
{ "type": "Feature", "properties": { "sensor": "GASA-04", "time": "2025-08-20T13:16:00+02:00", "count_line": 90, "location": "CSriOosterdokskade", "count_area": 156.0, "countline_length": 7, "density": 0.70108263861405362, "flow": 12.857142857142858, "LoS": "LoS C" }, "geometry": { "type": "Polygon", "coordinates": [ [ [ 122048.376863329031039, 487807.469361883937381 ], [ 122071.01856669143308, 487793.318297282443382 ], [ 122066.505524467182113, 487786.586980066611432 ], [ 122043.86382110476552, 487800.049614498275332 ], [ 122048.376863329031039, 487807.469361883937381 ] ] ] } },
{ "type": "Feature", "properties": { "sensor": "GASA-04", "time": "2025-08-20T13:18:00+02:00", "count_line": 134, "location": "CSriOosterdokskade", "count_area": 261.0, "countline_length": 7, "density": 1.1729651838350512, "flow": 19.142857142857142, "LoS": "LoS C" }, "geometry": { "type": "Polygon", "coordinates": [ [ [ 122048.376863329031039, 487807.469361883937381 ], [ 122071.01856669143308, 487793.318297282443382 ], [ 122066.505524467182113, 487786.586980066611432 ], [ 122043.86382110476552, 487800.049614498275332 ], [ 122048.376863329031039, 487807.469361883937381 ] ] ] } },
{ "type": "Feature", "properties": { "sensor": "GASA-04", "time": "2025-08-20T13:20:00+02:00", "count_line": 106, "location": "CSriOosterdokskade", "count_area": 195.0, "countline_length": 7, "density": 0.87635329826756692, "flow": 15.142857142857142, "LoS": "LoS C" }, "geometry": { "type": "Polygon", "coordinates": [ [ [ 122048.376863329031039, 487807.469361883937381 ], [ 122071.01856669143308, 487793.318297282443382 ], [ 122066.505524467182113, 487786.586980066611432 ], [ 122043.86382110476552, 487800.049614498275332 ], [ 122048.376863329031039, 487807.469361883937381 ] ] ] } },
{ "type": "Feature", "properties": { "sensor": "GASA-04", "time": "2025-08-20T13:22:00+02:00", "count_line": 49, "location": "CSriOosterdokskade", "count_area": 87.0, "countline_length": 7, "density": 0.39098839461168372, "flow": 7.0, "LoS": "LoS B" }, "geometry": { "type": "Polygon", "coordinates": [ [ [ 122048.376863329031039, 487807.469361883937381 ], [ 122071.01856669143308, 487793.318297282443382 ], [ 122066.505524467182113, 487786.586980066611432 ], [ 122043.86382110476552, 487800.049614498275332 ], [ 122048.376863329031039, 487807.469361883937381 ] ] ] } },
{ "type": "Feature", "properties": { "sensor": "GASA-04", "time": "2025-08-20T13:24:00+02:00", "count_line": 63, "location": "CSriOosterdokskade", "count_area": 125.0, "countline_length": 7, "density": 0.56176493478690193, "flow": 9.0, "LoS": "LoS B" }, "geometry": { "type": "Polygon", "coordinates": [ [ [ 122048.376863329031039, 487807.469361883937381 ], [ 122071.01856669143308, 487793.318297282443382 ], [ 122066.505524467182113, 487786.586980066611432 ], [ 122043.86382110476552, 487800.049614498275332 ], [ 122048.376863329031039, 487807.469361883937381 ] ] ] } },
{ "type": "Feature", "properties": { "sensor": "GASA-04", "time": "2025-08-20T13:26:00+02:00", "count_line": 136, "location": "CSriOosterdokskade", "count_area": 220.0, "countline_length": 7, "density": 0.9887062852249473, "flow": 19.428571428571427, "LoS": "LoS C" }, "geometry": { "type": "Polygon", "coordinates": [ [ [ 122048.376863329031039, 487807.469361883937381 ], [ 122071.01856669143308, 487793.318297282443382 ], [ 122066.505524467182113, 487786.586980066611432 ], [ 122043.86382110476552, 487800.049614498275332 ], [ 122048.376863329031039, 487807.469361883937381 ] ] ] } },
{ "type": "Feature", "properties": { "sensor": "GASA-04", "time": "2025-08-20T13:28:00+02:00", "count_line": 108, "location": "CSriOosterdokskade", "count_area": 163.0, "countline_length": 7, "density": 0.73254147496212008, "flow": 15.428571428571429, "LoS": "LoS C" }, "geometry": { "type": "Polygon", "coordinates": [ [ [ 122048.376863329031039, 487807.469361883937381 ], [ 122071.01856669143308, 487793.318297282443382 ], [ 122066.505524467182113, 487786.586980066611432 ], [ 122043.86382110476552, 487800.049614498275332 ], [ 122048.376863329031039, 487807.469361883937381 ] ] ] } },
{ "type": "Feature", "properties": { "sensor": "GASA-04", "time": "2025-08-20T13:30:00+02:00", "count_line": 41, "location": "CSriOosterdokskade", "count_area": 79.0, "countline_length": 7, "density": 0.35503543878532201, "flow": 5.8571428571428568, "LoS": "LoS B" }, "geometry": { "type": "Polygon", "coordinates": [ [ [ 122048.376863329031039, 487807.469361883937381 ], [ 122071.01856669143308, 487793.318297282443382 ], [ 122066.505524467182113, 487786.586980066611432 ], [ 122043.86382110476552, 487800.049614498275332 ], [ 122048.376863329031039, 487807.469361883937381 ] ] ] } },
{ "type": "Feature", "properties": { "sensor": "GASA-04", "time": "2025-08-20T13:32:00+02:00", "count_line": 108, "location": "CSriOosterdokskade", "count_area": 184.0, "countline_length": 7, "density": 0.82691798400631955, "flow": 15.428571428571429, "LoS": "LoS C" }, "geometry": { "type": "Polygon", "coordinates": [ [ [ 122048.376863329031039, 487807.469361883937381 ], [ 122071.01856669143308, 487793.318297282443382 ], [ 122066.505524467182113, 487786.586980066611432 ], [ 122043.86382110476552, 487800.049614498275332 ], [ 122048.376863329031039, 487807.469361883937381 ] ] ] } },
{ "type": "Feature", "properties": { "sensor": "GASA-04", "time": "2025-08-20T13:34:00+02:00", "count_line": 38, "location": "CSriOosterdokskade", "count_area": 74.0, "countline_length": 7, "density": 0.3325648413938459, "flow": 5.4285714285714288, "LoS": "LoS B" }, "geometry": { "type": "Polygon", "coordinates": [ [ [ 122048.376863329031039, 487807.469361883937381 ], [ 122071.01856669143308, 487793.318297282443382 ], [ 122066.505524467182113, 487786.586980066611432 ], [ 122043.86382110476552, 487800.049614498275332 ], [ 122048.376863329031039, 487807.469361883937381 ] ] ] } },
{ "type": "Feature", "properties": { "sensor": "GASA-04", "time": "2025-08-20T13:36:00+02:00", "count_line": 94, "location": "CSriOosterdokskade", "count_area": 151.0, "countline_length": 7, "density": 0.67861204122257746, "flow": 13.428571428571429, "LoS": "LoS B" }, "geometry": { "type": "Polygon", "coordinates": [ [ [ 122048.376863329031039, 487807.469361883937381 ], [ 122071.01856669143308, 487793.318297282443382 ], [ 122066.505524467182113, 487786.586980066611432 ], [ 122043.86382110476552, 487800.049614498275332 ], [ 122048.376863329031039, 487807.469361883937381 ] ] ] } },
{ "type": "Feature", "properties": { "sensor": "GASA-04", "time": "2025-08-20T13:38:00+02:00", "count_line": 106, "location": "CSriOosterdokskade", "count_area": 165.0, "countline_length": 7, "density": 0.74152971391871048, "flow": 15.142857142857142, "LoS": "LoS C" }, "geometry": { "type": "Polygon", "coordinates": [ [ [ 122048.376863329031039, 487807.469361883937381 ], [ 122071.01856669143308, 487793.318297282443382 ], [ 122066.505524467182113, 487786.586980066611432 ], [ 122043.86382110476552, 487800.049614498275332 ], [ 122048.376863329031039, 487807.469361883937381 ] ] ] } },
{ "type": "Feature", "properties": { "sensor": "GASA-04", "time": "2025-08-20T13:40:00+02:00", "count_line": 108, "location": "CSriOosterdokskade", "count_area": 200.0, "countline_length": 7, "density": 0.89882389565904308, "flow": 15.428571428571429, "LoS": "LoS C" }, "geometry": { "type": "Polygon", "coordinates": [ [ [ 122048.376863329031039, 487807.469361883937381 ], [ 122071.01856669143308, 487793.318297282443382 ], [ 122066.505524467182113, 487786.586980066611432 ], [ 122043.86382110476552, 487800.049614498275332 ], [ 122048.376863329031039, 487807.469361883937381 ] ] ] } },
{ "type": "Feature", "properties": { "sensor": "GASA-04", "time": "2025-08-20T13:42:00+02:00", "count_line": 82, "location": "CSriOosterdokskade", "count_area": 153.0, "countline_length": 7, "density": 0.68760028017916797, "flow": 11.714285714285714, "LoS": "LoS B" }, "geometry": { "type": "Polygon", "coordinates": [ [ [ 122048.376863329031039, 487807.469361883937381 ], [ 122071.01856669143308, 487793.318297282443382 ], [ 122066.505524467182113, 487786.586980066611432 ], [ 122043.86382110476552, 487800.049614498275332 ], [ 122048.376863329031039, 487807.469361883937381 ] ] ] } },
{ "type": "Feature", "properties": { "sensor": "GASA-04", "time": "2025-08-20T13:44:00+02:00", "count_line": 32, "location": "CSriOosterdokskade", "count_area": 58.0, "countline_length": 7, "density": 0.26065892974112248, "flow": 4.5714285714285712, "LoS": "LoS A" }, "geometry": { "type": "Polygon", "coordinates": [ [ [ 122048.376863329031039, 487807.469361883937381 ], [ 122071.01856669143308, 487793.318297282443382 ], [ 122066.505524467182113, 487786.586980066611432 ], [ 122043.86382110476552, 487800.049614498275332 ], [ 122048.376863329031039, 487807.469361883937381 ] ] ] } },
{ "type": "Feature", "properties": { "sensor": "GASA-04", "time": "2025-08-20T13:46:00+02:00", "count_line": 104, "location": "CSriOosterdokskade", "count_area": 190.0, "countline_length": 7, "density": 0.85388270087609086, "flow": 14.857142857142858, "LoS": "LoS C" }, "geometry": { "type": "Polygon", "coordinates": [ [ [ 122048.376863329031039, 487807.469361883937381 ], [ 122071.01856669143308, 487793.318297282443382 ], [ 122066.505524467182113, 487786.586980066611432 ], [ 122043.86382110476552, 487800.049614498275332 ], [ 122048.376863329031039, 487807.469361883937381 ] ] ] } },
{ "type": "Feature", "properties": { "sensor": "GASA-04", "time": "2025-08-20T13:56:00+02:00", "count_line": 64, "location": "CSriOosterdokskade", "count_area": 98.0, "countline_length": 7, "density": 0.44042370887293109, "flow": 9.1428571428571423, "LoS": "LoS B" }, "geometry": { "type": "Polygon", "coordinates": [ [ [ 122048.376863329031039, 487807.469361883937381 ], [ 122071.01856669143308, 487793.318297282443382 ], [ 122066.505524467182113, 487786.586980066611432 ], [ 122043.86382110476552, 487800.049614498275332 ], [ 122048.376863329031039, 487807.469361883937381 ] ] ] } },
{ "type": "Feature", "properties": { "sensor": "GASA-04", "time": "2025-08-20T13:58:00+02:00", "count_line": 53, "location": "CSriOosterdokskade", "count_area": 98.0, "countline_length": 7, "density": 0.44042370887293109, "flow": 7.5714285714285712, "LoS": "LoS B" }, "geometry": { "type": "Polygon", "coordinates": [ [ [ 122048.376863329031039, 487807.469361883937381 ], [ 122071.01856669143308, 487793.318297282443382 ], [ 122066.505524467182113, 487786.586980066611432 ], [ 122043.86382110476552, 487800.049614498275332 ], [ 122048.376863329031039, 487807.469361883937381 ] ] ] } },
{ "type": "Feature", "properties": { "sensor": "GASA-04", "time": "2025-08-20T14:00:00+02:00", "count_line": 70, "location": "CSriOosterdokskade", "count_area": 138.0, "countline_length": 7, "density": 0.62018848800473969, "flow": 10.0, "LoS": "LoS B" }, "geometry": { "type": "Polygon", "coordinates": [ [ [ 122048.376863329031039, 487807.469361883937381 ], [ 122071.01856669143308, 487793.318297282443382 ], [ 122066.505524467182113, 487786.586980066611432 ], [ 122043.86382110476552, 487800.049614498275332 ], [ 122048.376863329031039, 487807.469361883937381 ] ] ] } },
{ "type": "Feature", "properties": { "sensor": "GASA-04", "time": "2025-08-20T14:01:00+02:00", "count_line": 55, "location": "CSriOosterdokskade", "count_area": 85.0, "countline_length": 7, "density": 0.38200015565509332, "flow": 7.8571428571428568, "LoS": "LoS B" }, "geometry": { "type": "Polygon", "coordinates": [ [ [ 122048.376863329031039, 487807.469361883937381 ], [ 122071.01856669143308, 487793.318297282443382 ], [ 122066.505524467182113, 487786.586980066611432 ], [ 122043.86382110476552, 487800.049614498275332 ], [ 122048.376863329031039, 487807.469361883937381 ] ] ] } },
{ "type": "Feature", "properties": { "sensor": "GASA-04", "time": "2025-08-20T14:02:00+02:00", "count_line": 72, "location": "CSriOosterdokskade", "count_area": 127.0, "countline_length": 7, "density": 0.57075317374349233, "flow": 10.285714285714286, "LoS": "LoS B" }, "geometry": { "type": "Polygon", "coordinates": [ [ [ 122048.376863329031039, 487807.469361883937381 ], [ 122071.01856669143308, 487793.318297282443382 ], [ 122066.505524467182113, 487786.586980066611432 ], [ 122043.86382110476552, 487800.049614498275332 ], [ 122048.376863329031039, 487807.469361883937381 ] ] ] } },
{ "type": "Feature", "properties": { "sensor": "GASA-04", "time": "2025-08-20T14:04:00+02:00", "count_line": 76, "location": "CSriOosterdokskade", "count_area": 151.0, "countline_length": 7, "density": 0.67861204122257746, "flow": 10.857142857142858, "LoS": "LoS B" }, "geometry": { "type": "Polygon", "coordinates": [ [ [ 122048.376863329031039, 487807.469361883937381 ], [ 122071.01856669143308, 487793.318297282443382 ], [ 122066.505524467182113, 487786.586980066611432 ], [ 122043.86382110476552, 487800.049614498275332 ], [ 122048.376863329031039, 487807.469361883937381 ] ] ] } },
{ "type": "Feature", "properties": { "sensor": "GASA-04", "time": "2025-08-20T14:06:00+02:00", "count_line": 50, "location": "CSriOosterdokskade", "count_area": 84.0, "countline_length": 7, "density": 0.37750603617679807, "flow": 7.1428571428571432, "LoS": "LoS B" }, "geometry": { "type": "Polygon", "coordinates": [ [ [ 122048.376863329031039, 487807.469361883937381 ], [ 122071.01856669143308, 487793.318297282443382 ], [ 122066.505524467182113, 487786.586980066611432 ], [ 122043.86382110476552, 487800.049614498275332 ], [ 122048.376863329031039, 487807.469361883937381 ] ] ] } },
{ "type": "Feature", "properties": { "sensor": "GASA-04", "time": "2025-08-20T14:08:00+02:00", "count_line": 62, "location": "CSriOosterdokskade", "count_area": 111.0, "countline_length": 7, "density": 0.49884726209076891, "flow": 8.8571428571428577, "LoS": "LoS B" }, "geometry": { "type": "Polygon", "coordinates": [ [ [ 122048.376863329031039, 487807.469361883937381 ], [ 122071.01856669143308, 487793.318297282443382 ], [ 122066.505524467182113, 487786.586980066611432 ], [ 122043.86382110476552, 487800.049614498275332 ], [ 122048.376863329031039, 487807.469361883937381 ] ] ] } },
{ "type": "Feature", "properties": { "sensor": "GASA-04", "time": "2025-08-20T14:10:00+02:00", "count_line": 63, "location": "CSriOosterdokskade", "count_area": 108.0, "countline_length": 7, "density": 0.48536490365588325, "flow": 9.0, "LoS": "LoS B" }, "geometry": { "type": "Polygon", "coordinates": [ [ [ 122048.376863329031039, 487807.469361883937381 ], [ 122071.01856669143308, 487793.318297282443382 ], [ 122066.505524467182113, 487786.586980066611432 ], [ 122043.86382110476552, 487800.049614498275332 ], [ 122048.376863329031039, 487807.469361883937381 ] ] ] } },
{ "type": "Feature", "properties": { "sensor": "GASA-04", "time": "2025-08-20T14:12:00+02:00", "count_line": 49, "location": "CSriOosterdokskade", "count_area": 95.0, "countline_length": 7, "density": 0.42694135043804543, "flow": 7.0, "LoS": "LoS B" }, "geometry": { "type": "Polygon", "coordinates": [ [ [ 122048.376863329031039, 487807.469361883937381 ], [ 122071.01856669143308, 487793.318297282443382 ], [ 122066.505524467182113, 487786.586980066611432 ], [ 122043.86382110476552, 487800.049614498275332 ], [ 122048.376863329031039, 487807.469361883937381 ] ] ] } },
{ "type": "Feature", "properties": { "sensor": "GASA-04", "time": "2025-08-20T14:14:00+02:00", "count_line": 67, "location": "CSriOosterdokskade", "count_area": 120.0, "countline_length": 7, "density": 0.53929433739542587, "flow": 9.5714285714285712, "LoS": "LoS B" }, "geometry": { "type": "Polygon", "coordinates": [ [ [ 122048.376863329031039, 487807.469361883937381 ], [ 122071.01856669143308, 487793.318297282443382 ], [ 122066.505524467182113, 487786.586980066611432 ], [ 122043.86382110476552, 487800.049614498275332 ], [ 122048.376863329031039, 487807.469361883937381 ] ] ] } },
{ "type": "Feature", "properties": { "sensor": "GASA-04", "time": "2025-08-20T14:16:00+02:00", "count_line": 70, "location": "CSriOosterdokskade", "count_area": 105.0, "countline_length": 7, "density": 0.4718825452209976, "flow": 10.0, "LoS": "LoS B" }, "geometry": { "type": "Polygon", "coordinates": [ [ [ 122048.376863329031039, 487807.469361883937381 ], [ 122071.01856669143308, 487793.318297282443382 ], [ 122066.505524467182113, 487786.586980066611432 ], [ 122043.86382110476552, 487800.049614498275332 ], [ 122048.376863329031039, 487807.469361883937381 ] ] ] } },
{ "type": "Feature", "properties": { "sensor": "GASA-04", "time": "2025-08-20T14:18:00+02:00", "count_line": 36, "location": "CSriOosterdokskade", "count_area": 57.0, "countline_length": 7, "density": 0.25616481026282728, "flow": 5.1428571428571432, "LoS": "LoS A" }, "geometry": { "type": "Polygon", "coordinates": [ [ [ 122048.376863329031039, 487807.469361883937381 ], [ 122071.01856669143308, 487793.318297282443382 ], [ 122066.505524467182113, 487786.586980066611432 ], [ 122043.86382110476552, 487800.049614498275332 ], [ 122048.376863329031039, 487807.469361883937381 ] ] ] } },
{ "type": "Feature", "properties": { "sensor": "GASA-04", "time": "2025-08-20T14:20:00+02:00", "count_line": 42, "location": "CSriOosterdokskade", "count_area": 76.0, "countline_length": 7, "density": 0.34155308035043636, "flow": 6.0, "LoS": "LoS B" }, "geometry": { "type": "Polygon", "coordinates": [ [ [ 122048.376863329031039, 487807.469361883937381 ], [ 122071.01856669143308, 487793.318297282443382 ], [ 122066.505524467182113, 487786.586980066611432 ], [ 122043.86382110476552, 487800.049614498275332 ], [ 122048.376863329031039, 487807.469361883937381 ] ] ] } },
{ "type": "Feature", "properties": { "sensor": "GASA-04", "time": "2025-08-20T14:22:00+02:00", "count_line": 28, "location": "CSriOosterdokskade", "count_area": 42.0, "countline_length": 7, "density": 0.18875301808839903, "flow": 4.0, "LoS": "LoS A" }, "geometry": { "type": "Polygon", "coordinates": [ [ [ 122048.376863329031039, 487807.469361883937381 ], [ 122071.01856669143308, 487793.318297282443382 ], [ 122066.505524467182113, 487786.586980066611432 ], [ 122043.86382110476552, 487800.049614498275332 ], [ 122048.376863329031039, 487807.469361883937381 ] ] ] } },
{ "type": "Feature", "properties": { "sensor": "GASA-04", "time": "2025-08-20T14:23:00+02:00", "count_line": 51, "location": "CSriOosterdokskade", "count_area": 76.0, "countline_length": 7, "density": 0.34155308035043636, "flow": 7.2857142857142856, "LoS": "LoS B" }, "geometry": { "type": "Polygon", "coordinates": [ [ [ 122048.376863329031039, 487807.469361883937381 ], [ 122071.01856669143308, 487793.318297282443382 ], [ 122066.505524467182113, 487786.586980066611432 ], [ 122043.86382110476552, 487800.049614498275332 ], [ 122048.376863329031039, 487807.469361883937381 ] ] ] } },
{ "type": "Feature", "properties": { "sensor": "GASA-04", "time": "2025-08-20T14:24:00+02:00", "count_line": 41, "location": "CSriOosterdokskade", "count_area": 65.0, "countline_length": 7, "density": 0.29211776608918899, "flow": 5.8571428571428568, "LoS": "LoS A" }, "geometry": { "type": "Polygon", "coordinates": [ [ [ 122048.376863329031039, 487807.469361883937381 ], [ 122071.01856669143308, 487793.318297282443382 ], [ 122066.505524467182113, 487786.586980066611432 ], [ 122043.86382110476552, 487800.049614498275332 ], [ 122048.376863329031039, 487807.469361883937381 ] ] ] } },
{ "type": "Feature", "properties": { "sensor": "GASA-04", "time": "2025-08-20T14:26:00+02:00", "count_line": 53, "location": "CSriOosterdokskade", "count_area": 89.0, "countline_length": 7, "density": 0.39997663356827418, "flow": 7.5714285714285712, "LoS": "LoS B" }, "geometry": { "type": "Polygon", "coordinates": [ [ [ 122048.376863329031039, 487807.469361883937381 ], [ 122071.01856669143308, 487793.318297282443382 ], [ 122066.505524467182113, 487786.586980066611432 ], [ 122043.86382110476552, 487800.049614498275332 ], [ 122048.376863329031039, 487807.469361883937381 ] ] ] } },
{ "type": "Feature", "properties": { "sensor": "GASA-04", "time": "2025-08-20T14:28:00+02:00", "count_line": 31, "location": "CSriOosterdokskade", "count_area": 50.0, "countline_length": 7, "density": 0.22470597391476077, "flow": 4.4285714285714288, "LoS": "LoS A" }, "geometry": { "type": "Polygon", "coordinates": [ [ [ 122048.376863329031039, 487807.469361883937381 ], [ 122071.01856669143308, 487793.318297282443382 ], [ 122066.505524467182113, 487786.586980066611432 ], [ 122043.86382110476552, 487800.049614498275332 ], [ 122048.376863329031039, 487807.469361883937381 ] ] ] } },
{ "type": "Feature", "properties": { "sensor": "GASA-04", "time": "2025-08-20T14:30:00+02:00", "count_line": 38, "location": "CSriOosterdokskade", "count_area": 70.0, "countline_length": 7, "density": 0.31458836348066505, "flow": 5.4285714285714288, "LoS": "LoS B" }, "geometry": { "type": "Polygon", "coordinates": [ [ [ 122048.376863329031039, 487807.469361883937381 ], [ 122071.01856669143308, 487793.318297282443382 ], [ 122066.505524467182113, 487786.586980066611432 ], [ 122043.86382110476552, 487800.049614498275332 ], [ 122048.376863329031039, 487807.469361883937381 ] ] ] } },
{ "type": "Feature", "properties": { "sensor": "GASA-04", "time": "2025-08-20T14:32:00+02:00", "count_line": 54, "location": "CSriOosterdokskade", "count_area": 87.0, "countline_length": 7, "density": 0.39098839461168372, "flow": 7.7142857142857144, "LoS": "LoS B" }, "geometry": { "type": "Polygon", "coordinates": [ [ [ 122048.376863329031039, 487807.469361883937381 ], [ 122071.01856669143308, 487793.318297282443382 ], [ 122066.505524467182113, 487786.586980066611432 ], [ 122043.86382110476552, 487800.049614498275332 ], [ 122048.376863329031039, 487807.469361883937381 ] ] ] } },
{ "type": "Feature", "properties": { "sensor": "GASA-04", "time": "2025-08-20T14:34:00+02:00", "count_line": 44, "location": "CSriOosterdokskade", "count_area": 70.0, "countline_length": 7, "density": 0.31458836348066505, "flow": 6.2857142857142856, "LoS": "LoS B" }, "geometry": { "type": "Polygon", "coordinates": [ [ [ 122048.376863329031039, 487807.469361883937381 ], [ 122071.01856669143308, 487793.318297282443382 ], [ 122066.505524467182113, 487786.586980066611432 ], [ 122043.86382110476552, 487800.049614498275332 ], [ 122048.376863329031039, 487807.469361883937381 ] ] ] } },
{ "type": "Feature", "properties": { "sensor": "GASA-04", "time": "2025-08-20T14:36:00+02:00", "count_line": 35, "location": "CSriOosterdokskade", "count_area": 55.0, "countline_length": 7, "density": 0.24717657130623683, "flow": 5.0, "LoS": "LoS A" }, "geometry": { "type": "Polygon", "coordinates": [ [ [ 122048.376863329031039, 487807.469361883937381 ], [ 122071.01856669143308, 487793.318297282443382 ], [ 122066.505524467182113, 487786.586980066611432 ], [ 122043.86382110476552, 487800.049614498275332 ], [ 122048.376863329031039, 487807.469361883937381 ] ] ] } },
{ "type": "Feature", "properties": { "sensor": "GASA-04", "time": "2025-08-20T14:38:00+02:00", "count_line": 82, "location": "CSriOosterdokskade", "count_area": 142.0, "countline_length": 7, "density": 0.6381649659179206, "flow": 11.714285714285714, "LoS": "LoS B" }, "geometry": { "type": "Polygon", "coordinates": [ [ [ 122048.376863329031039, 487807.469361883937381 ], [ 122071.01856669143308, 487793.318297282443382 ], [ 122066.505524467182113, 487786.586980066611432 ], [ 122043.86382110476552, 487800.049614498275332 ], [ 122048.376863329031039, 487807.469361883937381 ] ] ] } },
{ "type": "Feature", "properties": { "sensor": "GASA-04", "time": "2025-08-20T14:40:00+02:00", "count_line": 40, "location": "CSriOosterdokskade", "count_area": 66.0, "countline_length": 7, "density": 0.29661188556748419, "flow": 5.7142857142857144, "LoS": "LoS A" }, "geometry": { "type": "Polygon", "coordinates": [ [ [ 122048.376863329031039, 487807.469361883937381 ], [ 122071.01856669143308, 487793.318297282443382 ], [ 122066.505524467182113, 487786.586980066611432 ], [ 122043.86382110476552, 487800.049614498275332 ], [ 122048.376863329031039, 487807.469361883937381 ] ] ] } },
{ "type": "Feature", "properties": { "sensor": "GASA-04", "time": "2025-08-20T14:42:00+02:00", "count_line": 59, "location": "CSriOosterdokskade", "count_area": 95.0, "countline_length": 7, "density": 0.42694135043804543, "flow": 8.4285714285714288, "LoS": "LoS B" }, "geometry": { "type": "Polygon", "coordinates": [ [ [ 122048.376863329031039, 487807.469361883937381 ], [ 122071.01856669143308, 487793.318297282443382 ], [ 122066.505524467182113, 487786.586980066611432 ], [ 122043.86382110476552, 487800.049614498275332 ], [ 122048.376863329031039, 487807.469361883937381 ] ] ] } },
{ "type": "Feature", "properties": { "sensor": "GASA-04", "time": "2025-08-20T14:44:00+02:00", "count_line": 49, "location": "CSriOosterdokskade", "count_area": 87.0, "countline_length": 7, "density": 0.39098839461168372, "flow": 7.0, "LoS": "LoS B" }, "geometry": { "type": "Polygon", "coordinates": [ [ [ 122048.376863329031039, 487807.469361883937381 ], [ 122071.01856669143308, 487793.318297282443382 ], [ 122066.505524467182113, 487786.586980066611432 ], [ 122043.86382110476552, 487800.049614498275332 ], [ 122048.376863329031039, 487807.469361883937381 ] ] ] } },
{ "type": "Feature", "properties": { "sensor": "GASA-04", "time": "2025-08-20T14:46:00+02:00", "count_line": 59, "location": "CSriOosterdokskade", "count_area": 99.0, "countline_length": 7, "density": 0.44491782835122629, "flow": 8.4285714285714288, "LoS": "LoS B" }, "geometry": { "type": "Polygon", "coordinates": [ [ [ 122048.376863329031039, 487807.469361883937381 ], [ 122071.01856669143308, 487793.318297282443382 ], [ 122066.505524467182113, 487786.586980066611432 ], [ 122043.86382110476552, 487800.049614498275332 ], [ 122048.376863329031039, 487807.469361883937381 ] ] ] } },
{ "type": "Feature", "properties": { "sensor": "GASA-04", "time": "2025-08-20T14:48:00+02:00", "count_line": 50, "location": "CSriOosterdokskade", "count_area": 78.0, "countline_length": 7, "density": 0.35054131930702681, "flow": 7.1428571428571432, "LoS": "LoS B" }, "geometry": { "type": "Polygon", "coordinates": [ [ [ 122048.376863329031039, 487807.469361883937381 ], [ 122071.01856669143308, 487793.318297282443382 ], [ 122066.505524467182113, 487786.586980066611432 ], [ 122043.86382110476552, 487800.049614498275332 ], [ 122048.376863329031039, 487807.469361883937381 ] ] ] } },
{ "type": "Feature", "properties": { "sensor": "GASA-04", "time": "2025-08-20T14:50:00+02:00", "count_line": 58, "location": "CSriOosterdokskade", "count_area": 95.0, "countline_length": 7, "density": 0.42694135043804543, "flow": 8.2857142857142865, "LoS": "LoS B" }, "geometry": { "type": "Polygon", "coordinates": [ [ [ 122048.376863329031039, 487807.469361883937381 ], [ 122071.01856669143308, 487793.318297282443382 ], [ 122066.505524467182113, 487786.586980066611432 ], [ 122043.86382110476552, 487800.049614498275332 ], [ 122048.376863329031039, 487807.469361883937381 ] ] ] } },
{ "type": "Feature", "properties": { "sensor": "GASA-04", "time": "2025-08-20T14:52:00+02:00", "count_line": 47, "location": "CSriOosterdokskade", "count_area": 71.0, "countline_length": 7, "density": 0.3190824829589603, "flow": 6.7142857142857144, "LoS": "LoS B" }, "geometry": { "type": "Polygon", "coordinates": [ [ [ 122048.376863329031039, 487807.469361883937381 ], [ 122071.01856669143308, 487793.318297282443382 ], [ 122066.505524467182113, 487786.586980066611432 ], [ 122043.86382110476552, 487800.049614498275332 ], [ 122048.376863329031039, 487807.469361883937381 ] ] ] } },
{ "type": "Feature", "properties": { "sensor": "GASA-04", "time": "2025-08-20T14:54:00+02:00", "count_line": 44, "location": "CSriOosterdokskade", "count_area": 69.0, "countline_length": 7, "density": 0.31009424400236985, "flow": 6.2857142857142856, "LoS": "LoS B" }, "geometry": { "type": "Polygon", "coordinates": [ [ [ 122048.376863329031039, 487807.469361883937381 ], [ 122071.01856669143308, 487793.318297282443382 ], [ 122066.505524467182113, 487786.586980066611432 ], [ 122043.86382110476552, 487800.049614498275332 ], [ 122048.376863329031039, 487807.469361883937381 ] ] ] } },
{ "type": "Feature", "properties": { "sensor": "GASA-04", "time": "2025-08-20T14:55:00+02:00", "count_line": 57, "location": "CSriOosterdokskade", "count_area": 111.0, "countline_length": 7, "density": 0.49884726209076891, "flow": 8.1428571428571423, "LoS": "LoS B" }, "geometry": { "type": "Polygon", "coordinates": [ [ [ 122048.376863329031039, 487807.469361883937381 ], [ 122071.01856669143308, 487793.318297282443382 ], [ 122066.505524467182113, 487786.586980066611432 ], [ 122043.86382110476552, 487800.049614498275332 ], [ 122048.376863329031039, 487807.469361883937381 ] ] ] } },
{ "type": "Feature", "properties": { "sensor": "GASA-04", "time": "2025-08-20T14:56:00+02:00", "count_line": 62, "location": "CSriOosterdokskade", "count_area": 120.0, "countline_length": 7, "density": 0.53929433739542587, "flow": 8.8571428571428577, "LoS": "LoS B" }, "geometry": { "type": "Polygon", "coordinates": [ [ [ 122048.376863329031039, 487807.469361883937381 ], [ 122071.01856669143308, 487793.318297282443382 ], [ 122066.505524467182113, 487786.586980066611432 ], [ 122043.86382110476552, 487800.049614498275332 ], [ 122048.376863329031039, 487807.469361883937381 ] ] ] } },
{ "type": "Feature", "properties": { "sensor": "GASA-04", "time": "2025-08-20T14:58:00+02:00", "count_line": 52, "location": "CSriOosterdokskade", "count_area": 88.0, "countline_length": 7, "density": 0.39548251408997892, "flow": 7.4285714285714288, "LoS": "LoS B" }, "geometry": { "type": "Polygon", "coordinates": [ [ [ 122048.376863329031039, 487807.469361883937381 ], [ 122071.01856669143308, 487793.318297282443382 ], [ 122066.505524467182113, 487786.586980066611432 ], [ 122043.86382110476552, 487800.049614498275332 ], [ 122048.376863329031039, 487807.469361883937381 ] ] ] } },
{ "type": "Feature", "properties": { "sensor": "GASA-04", "time": "2025-08-20T15:00:00+02:00", "count_line": 72, "location": "CSriOosterdokskade", "count_area": 128.0, "countline_length": 7, "density": 0.57524729322178758, "flow": 10.285714285714286, "LoS": "LoS B" }, "geometry": { "type": "Polygon", "coordinates": [ [ [ 122048.376863329031039, 487807.469361883937381 ], [ 122071.01856669143308, 487793.318297282443382 ], [ 122066.505524467182113, 487786.586980066611432 ], [ 122043.86382110476552, 487800.049614498275332 ], [ 122048.376863329031039, 487807.469361883937381 ] ] ] } },
{ "type": "Feature", "properties": { "sensor": "GASA-04", "time": "2025-08-20T15:02:00+02:00", "count_line": 57, "location": "CSriOosterdokskade", "count_area": 111.0, "countline_length": 7, "density": 0.49884726209076891, "flow": 8.1428571428571423, "LoS": "LoS B" }, "geometry": { "type": "Polygon", "coordinates": [ [ [ 122048.376863329031039, 487807.469361883937381 ], [ 122071.01856669143308, 487793.318297282443382 ], [ 122066.505524467182113, 487786.586980066611432 ], [ 122043.86382110476552, 487800.049614498275332 ], [ 122048.376863329031039, 487807.469361883937381 ] ] ] } },
{ "type": "Feature", "properties": { "sensor": "GASA-04", "time": "2025-08-20T15:04:00+02:00", "count_line": 63, "location": "CSriOosterdokskade", "count_area": 120.0, "countline_length": 7, "density": 0.53929433739542587, "flow": 9.0, "LoS": "LoS B" }, "geometry": { "type": "Polygon", "coordinates": [ [ [ 122048.376863329031039, 487807.469361883937381 ], [ 122071.01856669143308, 487793.318297282443382 ], [ 122066.505524467182113, 487786.586980066611432 ], [ 122043.86382110476552, 487800.049614498275332 ], [ 122048.376863329031039, 487807.469361883937381 ] ] ] } },
{ "type": "Feature", "properties": { "sensor": "GASA-04", "time": "2025-08-20T15:05:00+02:00", "count_line": 50, "location": "CSriOosterdokskade", "count_area": 90.0, "countline_length": 7, "density": 0.40447075304656938, "flow": 7.1428571428571432, "LoS": "LoS B" }, "geometry": { "type": "Polygon", "coordinates": [ [ [ 122048.376863329031039, 487807.469361883937381 ], [ 122071.01856669143308, 487793.318297282443382 ], [ 122066.505524467182113, 487786.586980066611432 ], [ 122043.86382110476552, 487800.049614498275332 ], [ 122048.376863329031039, 487807.469361883937381 ] ] ] } },
{ "type": "Feature", "properties": { "sensor": "GASA-04", "time": "2025-08-20T15:06:00+02:00", "count_line": 83, "location": "CSriOosterdokskade", "count_area": 153.0, "countline_length": 7, "density": 0.68760028017916797, "flow": 11.857142857142858, "LoS": "LoS B" }, "geometry": { "type": "Polygon", "coordinates": [ [ [ 122048.376863329031039, 487807.469361883937381 ], [ 122071.01856669143308, 487793.318297282443382 ], [ 122066.505524467182113, 487786.586980066611432 ], [ 122043.86382110476552, 487800.049614498275332 ], [ 122048.376863329031039, 487807.469361883937381 ] ] ] } },
{ "type": "Feature", "properties": { "sensor": "GASA-04", "time": "2025-08-20T15:08:00+02:00", "count_line": 55, "location": "CSriOosterdokskade", "count_area": 92.0, "countline_length": 7, "density": 0.41345899200315978, "flow": 7.8571428571428568, "LoS": "LoS B" }, "geometry": { "type": "Polygon", "coordinates": [ [ [ 122048.376863329031039, 487807.469361883937381 ], [ 122071.01856669143308, 487793.318297282443382 ], [ 122066.505524467182113, 487786.586980066611432 ], [ 122043.86382110476552, 487800.049614498275332 ], [ 122048.376863329031039, 487807.469361883937381 ] ] ] } },
{ "type": "Feature", "properties": { "sensor": "GASA-04", "time": "2025-08-20T15:10:00+02:00", "count_line": 112, "location": "CSriOosterdokskade", "count_area": 168.0, "countline_length": 7, "density": 0.75501207235359613, "flow": 16.0, "LoS": "LoS C" }, "geometry": { "type": "Polygon", "coordinates": [ [ [ 122048.376863329031039, 487807.469361883937381 ], [ 122071.01856669143308, 487793.318297282443382 ], [ 122066.505524467182113, 487786.586980066611432 ], [ 122043.86382110476552, 487800.049614498275332 ], [ 122048.376863329031039, 487807.469361883937381 ] ] ] } },
{ "type": "Feature", "properties": { "sensor": "GASA-04", "time": "2025-08-20T15:12:00+02:00", "count_line": 35, "location": "CSriOosterdokskade", "count_area": 53.0, "countline_length": 7, "density": 0.2381883323496464, "flow": 5.0, "LoS": "LoS A" }, "geometry": { "type": "Polygon", "coordinates": [ [ [ 122048.376863329031039, 487807.469361883937381 ], [ 122071.01856669143308, 487793.318297282443382 ], [ 122066.505524467182113, 487786.586980066611432 ], [ 122043.86382110476552, 487800.049614498275332 ], [ 122048.376863329031039, 487807.469361883937381 ] ] ] } },
{ "type": "Feature", "properties": { "sensor": "GASA-04", "time": "2025-08-20T15:14:00+02:00", "count_line": 111, "location": "CSriOosterdokskade", "count_area": 171.0, "countline_length": 7, "density": 0.76849443078848179, "flow": 15.857142857142858, "LoS": "LoS C" }, "geometry": { "type": "Polygon", "coordinates": [ [ [ 122048.376863329031039, 487807.469361883937381 ], [ 122071.01856669143308, 487793.318297282443382 ], [ 122066.505524467182113, 487786.586980066611432 ], [ 122043.86382110476552, 487800.049614498275332 ], [ 122048.376863329031039, 487807.469361883937381 ] ] ] } },
{ "type": "Feature", "properties": { "sensor": "GASA-04", "time": "2025-08-20T15:16:00+02:00", "count_line": 34, "location": "CSriOosterdokskade", "count_area": 61.0, "countline_length": 7, "density": 0.27414128817600814, "flow": 4.8571428571428568, "LoS": "LoS A" }, "geometry": { "type": "Polygon", "coordinates": [ [ [ 122048.376863329031039, 487807.469361883937381 ], [ 122071.01856669143308, 487793.318297282443382 ], [ 122066.505524467182113, 487786.586980066611432 ], [ 122043.86382110476552, 487800.049614498275332 ], [ 122048.376863329031039, 487807.469361883937381 ] ] ] } },
{ "type": "Feature", "properties": { "sensor": "GASA-04", "time": "2025-08-20T15:18:00+02:00", "count_line": 41, "location": "CSriOosterdokskade", "count_area": 63.0, "countline_length": 7, "density": 0.28312952713259854, "flow": 5.8571428571428568, "LoS": "LoS A" }, "geometry": { "type": "Polygon", "coordinates": [ [ [ 122048.376863329031039, 487807.469361883937381 ], [ 122071.01856669143308, 487793.318297282443382 ], [ 122066.505524467182113, 487786.586980066611432 ], [ 122043.86382110476552, 487800.049614498275332 ], [ 122048.376863329031039, 487807.469361883937381 ] ] ] } },
{ "type": "Feature", "properties": { "sensor": "GASA-04", "time": "2025-08-20T15:20:00+02:00", "count_line": 66, "location": "CSriOosterdokskade", "count_area": 109.0, "countline_length": 7, "density": 0.48985902313417845, "flow": 9.4285714285714288, "LoS": "LoS B" }, "geometry": { "type": "Polygon", "coordinates": [ [ [ 122048.376863329031039, 487807.469361883937381 ], [ 122071.01856669143308, 487793.318297282443382 ], [ 122066.505524467182113, 487786.586980066611432 ], [ 122043.86382110476552, 487800.049614498275332 ], [ 122048.376863329031039, 487807.469361883937381 ] ] ] } },
{ "type": "Feature", "properties": { "sensor": "GASA-04", "time": "2025-08-20T15:22:00+02:00", "count_line": 50, "location": "CSriOosterdokskade", "count_area": 94.0, "countline_length": 7, "density": 0.42244723095975023, "flow": 7.1428571428571432, "LoS": "LoS B" }, "geometry": { "type": "Polygon", "coordinates": [ [ [ 122048.376863329031039, 487807.469361883937381 ], [ 122071.01856669143308, 487793.318297282443382 ], [ 122066.505524467182113, 487786.586980066611432 ], [ 122043.86382110476552, 487800.049614498275332 ], [ 122048.376863329031039, 487807.469361883937381 ] ] ] } },
{ "type": "Feature", "properties": { "sensor": "GASA-04", "time": "2025-08-20T15:24:00+02:00", "count_line": 85, "location": "CSriOosterdokskade", "count_area": 153.0, "countline_length": 7, "density": 0.68760028017916797, "flow": 12.142857142857142, "LoS": "LoS B" }, "geometry": { "type": "Polygon", "coordinates": [ [ [ 122048.376863329031039, 487807.469361883937381 ], [ 122071.01856669143308, 487793.318297282443382 ], [ 122066.505524467182113, 487786.586980066611432 ], [ 122043.86382110476552, 487800.049614498275332 ], [ 122048.376863329031039, 487807.469361883937381 ] ] ] } },
{ "type": "Feature", "properties": { "sensor": "GASA-04", "time": "2025-08-20T15:26:00+02:00", "count_line": 62, "location": "CSriOosterdokskade", "count_area": 116.0, "countline_length": 7, "density": 0.52131785948224496, "flow": 8.8571428571428577, "LoS": "LoS B" }, "geometry": { "type": "Polygon", "coordinates": [ [ [ 122048.376863329031039, 487807.469361883937381 ], [ 122071.01856669143308, 487793.318297282443382 ], [ 122066.505524467182113, 487786.586980066611432 ], [ 122043.86382110476552, 487800.049614498275332 ], [ 122048.376863329031039, 487807.469361883937381 ] ] ] } },
{ "type": "Feature", "properties": { "sensor": "GASA-04", "time": "2025-08-20T15:27:00+02:00", "count_line": 50, "location": "CSriOosterdokskade", "count_area": 75.0, "countline_length": 7, "density": 0.33705896087214116, "flow": 7.1428571428571432, "LoS": "LoS B" }, "geometry": { "type": "Polygon", "coordinates": [ [ [ 122048.376863329031039, 487807.469361883937381 ], [ 122071.01856669143308, 487793.318297282443382 ], [ 122066.505524467182113, 487786.586980066611432 ], [ 122043.86382110476552, 487800.049614498275332 ], [ 122048.376863329031039, 487807.469361883937381 ] ] ] } },
{ "type": "Feature", "properties": { "sensor": "GASA-04", "time": "2025-08-20T15:28:00+02:00", "count_line": 91, "location": "CSriOosterdokskade", "count_area": 173.0, "countline_length": 7, "density": 0.77748266974507219, "flow": 13.0, "LoS": "LoS C" }, "geometry": { "type": "Polygon", "coordinates": [ [ [ 122048.376863329031039, 487807.469361883937381 ], [ 122071.01856669143308, 487793.318297282443382 ], [ 122066.505524467182113, 487786.586980066611432 ], [ 122043.86382110476552, 487800.049614498275332 ], [ 122048.376863329031039, 487807.469361883937381 ] ] ] } },
{ "type": "Feature", "properties": { "sensor": "GASA-04", "time": "2025-08-20T15:30:00+02:00", "count_line": 74, "location": "CSriOosterdokskade", "count_area": 116.0, "countline_length": 7, "density": 0.52131785948224496, "flow": 10.571428571428571, "LoS": "LoS B" }, "geometry": { "type": "Polygon", "coordinates": [ [ [ 122048.376863329031039, 487807.469361883937381 ], [ 122071.01856669143308, 487793.318297282443382 ], [ 122066.505524467182113, 487786.586980066611432 ], [ 122043.86382110476552, 487800.049614498275332 ], [ 122048.376863329031039, 487807.469361883937381 ] ] ] } },
{ "type": "Feature", "properties": { "sensor": "GASA-04", "time": "2025-08-20T15:32:00+02:00", "count_line": 44, "location": "CSriOosterdokskade", "count_area": 70.0, "countline_length": 7, "density": 0.31458836348066505, "flow": 6.2857142857142856, "LoS": "LoS B" }, "geometry": { "type": "Polygon", "coordinates": [ [ [ 122048.376863329031039, 487807.469361883937381 ], [ 122071.01856669143308, 487793.318297282443382 ], [ 122066.505524467182113, 487786.586980066611432 ], [ 122043.86382110476552, 487800.049614498275332 ], [ 122048.376863329031039, 487807.469361883937381 ] ] ] } },
{ "type": "Feature", "properties": { "sensor": "GASA-04", "time": "2025-08-20T15:34:00+02:00", "count_line": 40, "location": "CSriOosterdokskade", "count_area": 64.0, "countline_length": 7, "density": 0.28762364661089379, "flow": 5.7142857142857144, "LoS": "LoS A" }, "geometry": { "type": "Polygon", "coordinates": [ [ [ 122048.376863329031039, 487807.469361883937381 ], [ 122071.01856669143308, 487793.318297282443382 ], [ 122066.505524467182113, 487786.586980066611432 ], [ 122043.86382110476552, 487800.049614498275332 ], [ 122048.376863329031039, 487807.469361883937381 ] ] ] } },
{ "type": "Feature", "properties": { "sensor": "GASA-04", "time": "2025-08-20T15:36:00+02:00", "count_line": 68, "location": "CSriOosterdokskade", "count_area": 116.0, "countline_length": 7, "density": 0.52131785948224496, "flow": 9.7142857142857135, "LoS": "LoS B" }, "geometry": { "type": "Polygon", "coordinates": [ [ [ 122048.376863329031039, 487807.469361883937381 ], [ 122071.01856669143308, 487793.318297282443382 ], [ 122066.505524467182113, 487786.586980066611432 ], [ 122043.86382110476552, 487800.049614498275332 ], [ 122048.376863329031039, 487807.469361883937381 ] ] ] } },
{ "type": "Feature", "properties": { "sensor": "GASA-04", "time": "2025-08-20T15:37:00+02:00", "count_line": 67, "location": "CSriOosterdokskade", "count_area": 127.0, "countline_length": 7, "density": 0.57075317374349233, "flow": 9.5714285714285712, "LoS": "LoS B" }, "geometry": { "type": "Polygon", "coordinates": [ [ [ 122048.376863329031039, 487807.469361883937381 ], [ 122071.01856669143308, 487793.318297282443382 ], [ 122066.505524467182113, 487786.586980066611432 ], [ 122043.86382110476552, 487800.049614498275332 ], [ 122048.376863329031039, 487807.469361883937381 ] ] ] } },
{ "type": "Feature", "properties": { "sensor": "GASA-04", "time": "2025-08-20T15:38:00+02:00", "count_line": 72, "location": "CSriOosterdokskade", "count_area": 141.0, "countline_length": 7, "density": 0.63367084643962535, "flow": 10.285714285714286, "LoS": "LoS B" }, "geometry": { "type": "Polygon", "coordinates": [ [ [ 122048.376863329031039, 487807.469361883937381 ], [ 122071.01856669143308, 487793.318297282443382 ], [ 122066.505524467182113, 487786.586980066611432 ], [ 122043.86382110476552, 487800.049614498275332 ], [ 122048.376863329031039, 487807.469361883937381 ] ] ] } },
{ "type": "Feature", "properties": { "sensor": "GASA-04", "time": "2025-08-20T15:40:00+02:00", "count_line": 52, "location": "CSriOosterdokskade", "count_area": 103.0, "countline_length": 7, "density": 0.46289430626440714, "flow": 7.4285714285714288, "LoS": "LoS B" }, "geometry": { "type": "Polygon", "coordinates": [ [ [ 122048.376863329031039, 487807.469361883937381 ], [ 122071.01856669143308, 487793.318297282443382 ], [ 122066.505524467182113, 487786.586980066611432 ], [ 122043.86382110476552, 487800.049614498275332 ], [ 122048.376863329031039, 487807.469361883937381 ] ] ] } },
{ "type": "Feature", "properties": { "sensor": "GASA-04", "time": "2025-08-20T15:42:00+02:00", "count_line": 83, "location": "CSriOosterdokskade", "count_area": 141.0, "countline_length": 7, "density": 0.63367084643962535, "flow": 11.857142857142858, "LoS": "LoS B" }, "geometry": { "type": "Polygon", "coordinates": [ [ [ 122048.376863329031039, 487807.469361883937381 ], [ 122071.01856669143308, 487793.318297282443382 ], [ 122066.505524467182113, 487786.586980066611432 ], [ 122043.86382110476552, 487800.049614498275332 ], [ 122048.376863329031039, 487807.469361883937381 ] ] ] } },
{ "type": "Feature", "properties": { "sensor": "GASA-04", "time": "2025-08-20T15:44:00+02:00", "count_line": 61, "location": "CSriOosterdokskade", "count_area": 119.0, "countline_length": 7, "density": 0.53480021791713062, "flow": 8.7142857142857135, "LoS": "LoS B" }, "geometry": { "type": "Polygon", "coordinates": [ [ [ 122048.376863329031039, 487807.469361883937381 ], [ 122071.01856669143308, 487793.318297282443382 ], [ 122066.505524467182113, 487786.586980066611432 ], [ 122043.86382110476552, 487800.049614498275332 ], [ 122048.376863329031039, 487807.469361883937381 ] ] ] } },
{ "type": "Feature", "properties": { "sensor": "GASA-04", "time": "2025-08-20T15:46:00+02:00", "count_line": 71, "location": "CSriOosterdokskade", "count_area": 111.0, "countline_length": 7, "density": 0.49884726209076891, "flow": 10.142857142857142, "LoS": "LoS B" }, "geometry": { "type": "Polygon", "coordinates": [ [ [ 122048.376863329031039, 487807.469361883937381 ], [ 122071.01856669143308, 487793.318297282443382 ], [ 122066.505524467182113, 487786.586980066611432 ], [ 122043.86382110476552, 487800.049614498275332 ], [ 122048.376863329031039, 487807.469361883937381 ] ] ] } },
{ "type": "Feature", "properties": { "sensor": "GASA-04", "time": "2025-08-20T15:48:00+02:00", "count_line": 79, "location": "CSriOosterdokskade", "count_area": 148.0, "countline_length": 7, "density": 0.6651296827876918, "flow": 11.285714285714286, "LoS": "LoS B" }, "geometry": { "type": "Polygon", "coordinates": [ [ [ 122048.376863329031039, 487807.469361883937381 ], [ 122071.01856669143308, 487793.318297282443382 ], [ 122066.505524467182113, 487786.586980066611432 ], [ 122043.86382110476552, 487800.049614498275332 ], [ 122048.376863329031039, 487807.469361883937381 ] ] ] } },
{ "type": "Feature", "properties": { "sensor": "GASA-04", "time": "2025-08-20T15:50:00+02:00", "count_line": 66, "location": "CSriOosterdokskade", "count_area": 124.0, "countline_length": 7, "density": 0.55727081530860667, "flow": 9.4285714285714288, "LoS": "LoS B" }, "geometry": { "type": "Polygon", "coordinates": [ [ [ 122048.376863329031039, 487807.469361883937381 ], [ 122071.01856669143308, 487793.318297282443382 ], [ 122066.505524467182113, 487786.586980066611432 ], [ 122043.86382110476552, 487800.049614498275332 ], [ 122048.376863329031039, 487807.469361883937381 ] ] ] } },
{ "type": "Feature", "properties": { "sensor": "GASA-04", "time": "2025-08-20T15:52:00+02:00", "count_line": 60, "location": "CSriOosterdokskade", "count_area": 90.0, "countline_length": 7, "density": 0.40447075304656938, "flow": 8.5714285714285712, "LoS": "LoS B" }, "geometry": { "type": "Polygon", "coordinates": [ [ [ 122048.376863329031039, 487807.469361883937381 ], [ 122071.01856669143308, 487793.318297282443382 ], [ 122066.505524467182113, 487786.586980066611432 ], [ 122043.86382110476552, 487800.049614498275332 ], [ 122048.376863329031039, 487807.469361883937381 ] ] ] } },
{ "type": "Feature", "properties": { "sensor": "GASA-04", "time": "2025-08-20T15:54:00+02:00", "count_line": 78, "location": "CSriOosterdokskade", "count_area": 139.0, "countline_length": 7, "density": 0.62468260748303495, "flow": 11.142857142857142, "LoS": "LoS B" }, "geometry": { "type": "Polygon", "coordinates": [ [ [ 122048.376863329031039, 487807.469361883937381 ], [ 122071.01856669143308, 487793.318297282443382 ], [ 122066.505524467182113, 487786.586980066611432 ], [ 122043.86382110476552, 487800.049614498275332 ], [ 122048.376863329031039, 487807.469361883937381 ] ] ] } },
{ "type": "Feature", "properties": { "sensor": "GASA-04", "time": "2025-08-20T15:56:00+02:00", "count_line": 188, "location": "CSriOosterdokskade", "count_area": 344.0, "countline_length": 7, "density": 1.5459771005335541, "flow": 26.857142857142858, "LoS": "LoS D" }, "geometry": { "type": "Polygon", "coordinates": [ [ [ 122048.376863329031039, 487807.469361883937381 ], [ 122071.01856669143308, 487793.318297282443382 ], [ 122066.505524467182113, 487786.586980066611432 ], [ 122043.86382110476552, 487800.049614498275332 ], [ 122048.376863329031039, 487807.469361883937381 ] ] ] } },
{ "type": "Feature", "properties": { "sensor": "GASA-04", "time": "2025-08-20T15:58:00+02:00", "count_line": 148, "location": "CSriOosterdokskade", "count_area": 263.0, "countline_length": 7, "density": 1.1819534227916415, "flow": 21.142857142857142, "LoS": "LoS C" }, "geometry": { "type": "Polygon", "coordinates": [ [ [ 122048.376863329031039, 487807.469361883937381 ], [ 122071.01856669143308, 487793.318297282443382 ], [ 122066.505524467182113, 487786.586980066611432 ], [ 122043.86382110476552, 487800.049614498275332 ], [ 122048.376863329031039, 487807.469361883937381 ] ] ] } },
{ "type": "Feature", "properties": { "sensor": "GASA-04", "time": "2025-08-20T15:59:00+02:00", "count_line": 67, "location": "CSriOosterdokskade", "count_area": 109.0, "countline_length": 7, "density": 0.48985902313417845, "flow": 9.5714285714285712, "LoS": "LoS B" }, "geometry": { "type": "Polygon", "coordinates": [ [ [ 122048.376863329031039, 487807.469361883937381 ], [ 122071.01856669143308, 487793.318297282443382 ], [ 122066.505524467182113, 487786.586980066611432 ], [ 122043.86382110476552, 487800.049614498275332 ], [ 122048.376863329031039, 487807.469361883937381 ] ] ] } },
{ "type": "Feature", "properties": { "sensor": "GASA-04", "time": "2025-08-20T16:00:00+02:00", "count_line": 41, "location": "CSriOosterdokskade", "count_area": 63.0, "countline_length": 7, "density": 0.28312952713259854, "flow": 5.8571428571428568, "LoS": "LoS A" }, "geometry": { "type": "Polygon", "coordinates": [ [ [ 122048.376863329031039, 487807.469361883937381 ], [ 122071.01856669143308, 487793.318297282443382 ], [ 122066.505524467182113, 487786.586980066611432 ], [ 122043.86382110476552, 487800.049614498275332 ], [ 122048.376863329031039, 487807.469361883937381 ] ] ] } },
{ "type": "Feature", "properties": { "sensor": "GASA-04", "time": "2025-08-20T16:02:00+02:00", "count_line": 68, "location": "CSriOosterdokskade", "count_area": 116.0, "countline_length": 7, "density": 0.52131785948224496, "flow": 9.7142857142857135, "LoS": "LoS B" }, "geometry": { "type": "Polygon", "coordinates": [ [ [ 122048.376863329031039, 487807.469361883937381 ], [ 122071.01856669143308, 487793.318297282443382 ], [ 122066.505524467182113, 487786.586980066611432 ], [ 122043.86382110476552, 487800.049614498275332 ], [ 122048.376863329031039, 487807.469361883937381 ] ] ] } },
{ "type": "Feature", "properties": { "sensor": "GASA-04", "time": "2025-08-20T16:04:00+02:00", "count_line": 59, "location": "CSriOosterdokskade", "count_area": 106.0, "countline_length": 7, "density": 0.4763766646992928, "flow": 8.4285714285714288, "LoS": "LoS B" }, "geometry": { "type": "Polygon", "coordinates": [ [ [ 122048.376863329031039, 487807.469361883937381 ], [ 122071.01856669143308, 487793.318297282443382 ], [ 122066.505524467182113, 487786.586980066611432 ], [ 122043.86382110476552, 487800.049614498275332 ], [ 122048.376863329031039, 487807.469361883937381 ] ] ] } },
{ "type": "Feature", "properties": { "sensor": "GASA-04", "time": "2025-08-20T16:06:00+02:00", "count_line": 132, "location": "CSriOosterdokskade", "count_area": 252.0, "countline_length": 7, "density": 1.1325181085303941, "flow": 18.857142857142858, "LoS": "LoS C" }, "geometry": { "type": "Polygon", "coordinates": [ [ [ 122048.376863329031039, 487807.469361883937381 ], [ 122071.01856669143308, 487793.318297282443382 ], [ 122066.505524467182113, 487786.586980066611432 ], [ 122043.86382110476552, 487800.049614498275332 ], [ 122048.376863329031039, 487807.469361883937381 ] ] ] } },
{ "type": "Feature", "properties": { "sensor": "GASA-04", "time": "2025-08-20T16:08:00+02:00", "count_line": 138, "location": "CSriOosterdokskade", "count_area": 228.0, "countline_length": 7, "density": 1.0246592410513091, "flow": 19.714285714285715, "LoS": "LoS C" }, "geometry": { "type": "Polygon", "coordinates": [ [ [ 122048.376863329031039, 487807.469361883937381 ], [ 122071.01856669143308, 487793.318297282443382 ], [ 122066.505524467182113, 487786.586980066611432 ], [ 122043.86382110476552, 487800.049614498275332 ], [ 122048.376863329031039, 487807.469361883937381 ] ] ] } },
{ "type": "Feature", "properties": { "sensor": "GASA-04", "time": "2025-08-20T16:10:00+02:00", "count_line": 188, "location": "CSriOosterdokskade", "count_area": 298.0, "countline_length": 7, "density": 1.3392476045319741, "flow": 26.857142857142858, "LoS": "LoS D" }, "geometry": { "type": "Polygon", "coordinates": [ [ [ 122048.376863329031039, 487807.469361883937381 ], [ 122071.01856669143308, 487793.318297282443382 ], [ 122066.505524467182113, 487786.586980066611432 ], [ 122043.86382110476552, 487800.049614498275332 ], [ 122048.376863329031039, 487807.469361883937381 ] ] ] } },
{ "type": "Feature", "properties": { "sensor": "GASA-04", "time": "2025-08-20T16:12:00+02:00", "count_line": 87, "location": "CSriOosterdokskade", "count_area": 151.0, "countline_length": 7, "density": 0.67861204122257746, "flow": 12.428571428571429, "LoS": "LoS B" }, "geometry": { "type": "Polygon", "coordinates": [ [ [ 122048.376863329031039, 487807.469361883937381 ], [ 122071.01856669143308, 487793.318297282443382 ], [ 122066.505524467182113, 487786.586980066611432 ], [ 122043.86382110476552, 487800.049614498275332 ], [ 122048.376863329031039, 487807.469361883937381 ] ] ] } },
{ "type": "Feature", "properties": { "sensor": "GASA-04", "time": "2025-08-20T16:14:00+02:00", "count_line": 79, "location": "CSriOosterdokskade", "count_area": 146.0, "countline_length": 7, "density": 0.6561414438311014, "flow": 11.285714285714286, "LoS": "LoS B" }, "geometry": { "type": "Polygon", "coordinates": [ [ [ 122048.376863329031039, 487807.469361883937381 ], [ 122071.01856669143308, 487793.318297282443382 ], [ 122066.505524467182113, 487786.586980066611432 ], [ 122043.86382110476552, 487800.049614498275332 ], [ 122048.376863329031039, 487807.469361883937381 ] ] ] } },
{ "type": "Feature", "properties": { "sensor": "GASA-04", "time": "2025-08-20T16:16:00+02:00", "count_line": 50, "location": "CSriOosterdokskade", "count_area": 77.0, "countline_length": 7, "density": 0.34604719982873156, "flow": 7.1428571428571432, "LoS": "LoS B" }, "geometry": { "type": "Polygon", "coordinates": [ [ [ 122048.376863329031039, 487807.469361883937381 ], [ 122071.01856669143308, 487793.318297282443382 ], [ 122066.505524467182113, 487786.586980066611432 ], [ 122043.86382110476552, 487800.049614498275332 ], [ 122048.376863329031039, 487807.469361883937381 ] ] ] } },
{ "type": "Feature", "properties": { "sensor": "GASA-04", "time": "2025-08-20T16:18:00+02:00", "count_line": 48, "location": "CSriOosterdokskade", "count_area": 95.0, "countline_length": 7, "density": 0.42694135043804543, "flow": 6.8571428571428568, "LoS": "LoS B" }, "geometry": { "type": "Polygon", "coordinates": [ [ [ 122048.376863329031039, 487807.469361883937381 ], [ 122071.01856669143308, 487793.318297282443382 ], [ 122066.505524467182113, 487786.586980066611432 ], [ 122043.86382110476552, 487800.049614498275332 ], [ 122048.376863329031039, 487807.469361883937381 ] ] ] } },
{ "type": "Feature", "properties": { "sensor": "GASA-04", "time": "2025-08-20T16:20:00+02:00", "count_line": 76, "location": "CSriOosterdokskade", "count_area": 118.0, "countline_length": 7, "density": 0.53030609843883536, "flow": 10.857142857142858, "LoS": "LoS B" }, "geometry": { "type": "Polygon", "coordinates": [ [ [ 122048.376863329031039, 487807.469361883937381 ], [ 122071.01856669143308, 487793.318297282443382 ], [ 122066.505524467182113, 487786.586980066611432 ], [ 122043.86382110476552, 487800.049614498275332 ], [ 122048.376863329031039, 487807.469361883937381 ] ] ] } },
{ "type": "Feature", "properties": { "sensor": "GASA-04", "time": "2025-08-20T16:21:00+02:00", "count_line": 98, "location": "CSriOosterdokskade", "count_area": 153.0, "countline_length": 7, "density": 0.68760028017916797, "flow": 14.0, "LoS": "LoS B" }, "geometry": { "type": "Polygon", "coordinates": [ [ [ 122048.376863329031039, 487807.469361883937381 ], [ 122071.01856669143308, 487793.318297282443382 ], [ 122066.505524467182113, 487786.586980066611432 ], [ 122043.86382110476552, 487800.049614498275332 ], [ 122048.376863329031039, 487807.469361883937381 ] ] ] } },
{ "type": "Feature", "properties": { "sensor": "GASA-04", "time": "2025-08-20T16:22:00+02:00", "count_line": 42, "location": "CSriOosterdokskade", "count_area": 70.0, "countline_length": 7, "density": 0.31458836348066505, "flow": 6.0, "LoS": "LoS B" }, "geometry": { "type": "Polygon", "coordinates": [ [ [ 122048.376863329031039, 487807.469361883937381 ], [ 122071.01856669143308, 487793.318297282443382 ], [ 122066.505524467182113, 487786.586980066611432 ], [ 122043.86382110476552, 487800.049614498275332 ], [ 122048.376863329031039, 487807.469361883937381 ] ] ] } },
{ "type": "Feature", "properties": { "sensor": "GASA-04", "time": "2025-08-20T16:24:00+02:00", "count_line": 132, "location": "CSriOosterdokskade", "count_area": 210.0, "countline_length": 7, "density": 0.94376509044199519, "flow": 18.857142857142858, "LoS": "LoS C" }, "geometry": { "type": "Polygon", "coordinates": [ [ [ 122048.376863329031039, 487807.469361883937381 ], [ 122071.01856669143308, 487793.318297282443382 ], [ 122066.505524467182113, 487786.586980066611432 ], [ 122043.86382110476552, 487800.049614498275332 ], [ 122048.376863329031039, 487807.469361883937381 ] ] ] } },
{ "type": "Feature", "properties": { "sensor": "GASA-04", "time": "2025-08-20T16:26:00+02:00", "count_line": 124, "location": "CSriOosterdokskade", "count_area": 189.0, "countline_length": 7, "density": 0.84938858139779572, "flow": 17.714285714285715, "LoS": "LoS C" }, "geometry": { "type": "Polygon", "coordinates": [ [ [ 122048.376863329031039, 487807.469361883937381 ], [ 122071.01856669143308, 487793.318297282443382 ], [ 122066.505524467182113, 487786.586980066611432 ], [ 122043.86382110476552, 487800.049614498275332 ], [ 122048.376863329031039, 487807.469361883937381 ] ] ] } },
{ "type": "Feature", "properties": { "sensor": "GASA-04", "time": "2025-08-20T16:28:00+02:00", "count_line": 208, "location": "CSriOosterdokskade", "count_area": 390.0, "countline_length": 7, "density": 1.7527065965351338, "flow": 29.714285714285715, "LoS": "LoS D" }, "geometry": { "type": "Polygon", "coordinates": [ [ [ 122048.376863329031039, 487807.469361883937381 ], [ 122071.01856669143308, 487793.318297282443382 ], [ 122066.505524467182113, 487786.586980066611432 ], [ 122043.86382110476552, 487800.049614498275332 ], [ 122048.376863329031039, 487807.469361883937381 ] ] ] } }
]
}
